"node_index","node_id","node_type","node_name","node_description","node_source"
"717","COMP_002e4d370f","Complication","Rối loạn tiêu hóa","Bao gồm viêm dạ dày, rối loạn chức năng gan, rụng răng... | Bao gồm viêm dạ dày, rối loạn chức năng gan, rụng răng. | Bao gồm viêm dạ dày, rối loạn chức năng gan, rụng răng. | Bao gồm viêm dạ dày, rối loạn chức năng gan, rụng răng.","https://bachmai.gov.vn/bai-viet/bien-chung-cua-benh-dai-thao-duong?id=f17ffc43-5abb-5dcb-54d1-d3887440a421 | https://web.archive.org/web/https://bachmai.gov.vn/bai-viet/bien-chung-cua-benh-dai-thao-duong?id=f17ffc43-5abb-5dcb-54d1-d3887440a421 | https://web.archive.org/web/https://bachmai.gov.vn/bai-viet/bien-chung-cua-benh-dai-thao-duong?id=f17ffc43-5abb-5dcb-54d1-d3887440a421 | https://web.archive.org/web/https://bachmai.gov.vn/bai-viet/bien-chung-cua-benh-dai-thao-duong?id=f17ffc43-5abb-5dcb-54d1-d3887440a421"
"718","COMP_02735f457a","Complication","Tổn thương dây thần kinh","Do lượng đường dư thừa tổn thương mao mạch nuôi dưỡng dây thần kinh, gây đau, tê, ngứa. | Do lượng đường dư thừa tổn thương mao mạch nuôi dưỡng dây thần kinh, gây ngứa, tê, rát hoặc đau.","https://benhviennhitrunguong.gov.vn/benh-dai-thao-duong-o-tre-em.html | https://web.archive.org/web/https://benhviennhitrunguong.gov.vn/benh-dai-thao-duong-o-tre-em.html | https://web.archive.org/web/https://benhviennhitrunguong.gov.vn/benh-dai-thao-duong-o-tre-em.html | https://web.archive.org/web/https://benhviennhitrunguong.gov.vn/benh-dai-thao-duong-o-tre-em.html | https://benhviennhitrunguong.gov.vn/benh-dai-thao-duong-o-tre-em.html | https://web.archive.org/web/https://benhviennhitrunguong.gov.vn/benh-dai-thao-duong-o-tre-em.html | https://benhviennhitrunguong.gov.vn/benh-dai-thao-duong-o-tre-em.html | https://benhviennhitrunguong.gov.vn/benh-dai-thao-duong-o-tre-em.html"
"719","COMP_03216f1e75","Complication","Tắc mạch dẫn đến cụt chi","Biến chứng nguy hiểm do tắc nghẽn mạch máu ở chi dưới.","http://soyte.hatinh.gov.vn/tin-tuc-su-kien/thong-tin-y-te/bai-truyen-thong-benh-dai-thao-duong-va-cach-phong-ngua-benh.html"
"720","COMP_037854ef89","Complication","Toan ceton nặng","Trạng thái cấp cứu có thể gây hôn mê, nếu không được xử lý kịp thời có thể dẫn đến tử vong.","https://web.archive.org/web/https://benhviennhitrunguong.gov.vn/hoi-thao-xu-huong-dieu-tri-dai-thao-duong-tip-1-chung-ta-khong-the-dung-ngoai.html"
"721","COMP_039375aa71","Complication","Microalbumin niệu","Biến chứng trung gian của đái tháo đường, xuất hiện sớm ở người trẻ.","https://bachmai.gov.vn/bai-viet/cap-nhat-xu-huong-moi-trong-dieu-tri-dai-thao-duong-tip-2?id=d4ab61a0-919e-0805-1cdd-fe092c98c88e"
"722","COMP_0621fffc0c","Complication","Tăng chi phí điều trị","Chi phí điều trị đau thần kinh ngoại biên cao gấp 5 lần so với chỉ mắc ĐTĐ.","https://web.archive.org/web/https://bachmai.gov.vn/bai-viet/dai-thao-duong-bien-chung-tim-mach-va-than-kinh-ngoai-bien-sat-thu-tham-lang?id=994f4df4-95c1-4760-8aee-8d07a69f9fe1"
"723","COMP_099ef08d1e","Complication","Cơn hen cấp","Tình trạng đường thở bị tắc nghẽn, nguy hiểm đến tính mạng.","https://benhviennhitrunguong.gov.vn/loi-khuyen-cua-cac-chuyen-gia-di-ung-ve-benh-hen-2.html | https://web.archive.org/web/https://benhviennhitrunguong.gov.vn/loi-khuyen-cua-cac-chuyen-gia-di-ung-ve-benh-hen-2.html"
"724","COMP_09c68bdb01","Complication","Suy dinh dưỡng","Do rối loạn chuyển hóa glucose và giảm khẩu phần ăn phù hợp. | Do rối loạn ăn uống hoặc không hấp thu đủ chất dinh dưỡng, thường gặp trong giai đoạn điều trị ban đầu. | Do cơ thể không hấp thu đủ năng lượng từ thức ăn, dẫn đến suy giảm cân nặng và sức khỏe tổng thể. | Do cơ thể không hấp thu đủ năng lượng từ thức ăn, dẫn đến suy giảm cân nặng và sức khỏe tổng thể. | Do chế độ ăn hạn chế và tiêu hao năng lượng cao trong điều trị. | Do rối loạn chuyển hóa glucose và giảm khẩu phần ăn phù hợp.","https://benhviennhitrunguong.gov.vn/hoi-thao-xu-huong-dieu-tri-dai-thao-duong-tip-1-chung-ta-khong-the-dung-ngoai.html | https://web.archive.org/web/https://benhviennhitrunguong.gov.vn/hoi-thao-xu-huong-dieu-tri-dai-thao-duong-tip-1-chung-ta-khong-the-dung-ngoai.html | https://web.archive.org/web/https://benhviennhitrunguong.gov.vn/hoi-thao-xu-huong-dieu-tri-dai-thao-duong-tip-1-chung-ta-khong-the-dung-ngoai.html | https://benhviennhitrunguong.gov.vn/hoi-thao-xu-huong-dieu-tri-dai-thao-duong-tip-1-chung-ta-khong-the-dung-ngoai.html | https://benhviennhitrunguong.gov.vn/hoi-thao-xu-huong-dieu-tri-dai-thao-duong-tip-1-chung-ta-khong-the-dung-ngoai.html"
"725","COMP_0bdc060822","Complication","Suy hô hấp mạn tính","Biến chứng thường gặp ở giai đoạn muộn, biểu hiện bằng tím môi, tím đầu chi, thở co kéo cơ hô hấp phụ.","https://web.archive.org/web/https://vncdc.gov.vn/huong-dan-chan-doan-va-dieu-tri-benh-phoi-tac-nghen-man-tinh-nd14577.html"
"726","COMP_0c1c541af9","Complication","Mắt","Đục thủy tinh thể, trợt loét giác mạc, glaucoma do mạch tân tạo, xuất huyết thể kính, hội chứng Wolfram. | Đục thủy tinh thể, trợt loét giác mạc, glocom, xuất huyết thể kính, hội chứng Wolfram. | Đục thủy tinh thể, trợt loét giác mạc, glocom, xuất huyết thể kính, hội chứng Wolfram. | Đục thủy tinh thể, trợt loét giác mạc, glocom, xuất huyết thể kính, hội chứng Wolfram. | Biến chứng bao gồm đục thủy tinh thể, trợt giác mạc, glaucoma, hội chứng Wolfram. | Đục thủy tinh thể, trợt loét giác mạc, glaucoma do mạch tân tạo, hội chứng Wolfram (đái tháo đường + teo thị giác + điếc + tiểu nhạt). | Đục thủy tinh thể, trợt loét giác mạc, glaucoma do mạch tân tạo, xuất huyết thể kính, hội chứng Wolfram. | Đục thủy tinh thể, trợt loét giác mạc, glocom, xuất huyết thể kính, hội chứng Wolfram. | Đục thủy tinh thể, trợt loét giác mạc, glaucoma do mạch tân tạo, hội chứng Wolfram (đái tháo đường + teo thị giác + điếc + tiểu nhạt). | Đục thủy tinh thể, trợt loét giác mạc, glaucoma do mạch tân tạo, hội chứng Wolfram (đái tháo đường + teo thị giác + điếc + tiểu nhạt). | Đục thủy tinh thể, trợt loét giác mạc, glocom, xuất huyết thể kính, hội chứng Wolfram.","https://bachmai.gov.vn/bai-viet/bien-chung-cua-benh-dai-thao-duong?id=f17ffc43-5abb-5dcb-54d1-d3887440a421 | https://web.archive.org/web/https://bachmai.gov.vn/bai-viet/bien-chung-cua-benh-dai-thao-duong?id=f17ffc43-5abb-5dcb-54d1-d3887440a421 | https://web.archive.org/web/https://bachmai.gov.vn/bai-viet/bien-chung-cua-benh-dai-thao-duong?id=f17ffc43-5abb-5dcb-54d1-d3887440a421 | https://bachmai.gov.vn/bai-viet/bien-chung-cua-benh-dai-thao-duong?id=f17ffc43-5abb-5dcb-54d1-d3887440a421 | https://web.archive.org/web/https://bachmai.gov.vn/bai-viet/bien-chung-cua-benh-dai-thao-duong?id=f17ffc43-5abb-5dcb-54d1-d3887440a421 | https://chanthuongvacotsong.bachmai.gov.vn/bien-chung-cua-benh-dai-thao-duong/ | https://bachmai.gov.vn/bai-viet/bien-chung-cua-benh-dai-thao-duong?id=f17ffc43-5abb-5dcb-54d1-d3887440a421 | https://web.archive.org/web/https://bachmai.gov.vn/bai-viet/bien-chung-cua-benh-dai-thao-duong?id=f17ffc43-5abb-5dcb-54d1-d3887440a421 | https://chanthuongvacotsong.bachmai.gov.vn/bien-chung-cua-benh-dai-thao-duong/ | https://bachmai.gov.vn/bai-viet/bien-chung-cua-benh-dai-thao-duong?id=f17ffc43-5abb-5dcb-54d1-d3887440a421 | https://web.archive.org/web/https://bachmai.gov.vn/bai-viet/bien-chung-cua-benh-dai-thao-duong?id=f17ffc43-5abb-5dcb-54d1-d3887440a421"
"727","COMP_0c7570c1af","Complication","Tổn thương tim","Hậu quả của tăng huyết áp gây tổn thương cơ tim và mạch máu. | Hậu quả của tăng huyết áp gây tổn hại cơ tim và mạch máu. | Hậu quả của tăng huyết áp tác động lên cơ tim.","https://bachmai.gov.vn/tin-chi-tiet/-/bai-viet/tang-huyet-ap-can-benh-tham-lang-nhung-nguy-hiem-8463-146.html"
"728","COMP_0e54e62577","Complication","Viêm phổi","Biến chứng hô hấp do bội nhiễm, thường gặp ở người có đái tháo đường không kiểm soát tốt.","https://bachmai.gov.vn/bai-viet/bien-chung-cua-benh-dai-thao-duong?id=f17ffc43-5abb-5dcb-54d1-d3887440a421"
"729","COMP_0f52387c64","Complication","Tổn thương tiêu hóa","Rụng răng, viêm dạ dày, rối loạn chức năng gan.","https://web.archive.org/web/https://bachmai.gov.vn/bai-viet/bien-chung-cua-benh-dai-thao-duong?id=f17ffc43-5abb-5dcb-54d1-d3887440a421"
"730","COMP_10ffcd8dfe","Complication","Biến chứng mạn tính","Tổn thương lâu dài ở mắt, thận, tim mạch, thần kinh do đường huyết cao.","https://web.archive.org/web/http://bvthanhpho.ytethanhhoa.gov.vn/web/trang-chu/khoa-phong-chuc-nang/khoa-lam-sang/khoa-noi-nhi/benh-dai-thao-duong-va-dau-hieu-nhan-biet-benh-dai-thao-duong.html"
"731","COMP_13f80fac1c","Complication","Cơn hen cấp tính","Cơn hen nặng gây khó thở, khò khè, ho kéo dài, nguy hiểm đến tính mạng nếu không xử lý kịp thời.","https://www.vinmec.com/vie/benh/hen-phe-quan-2949"
"732","COMP_18400a45ab","Complication","Biến chứng bàn chân","Các biến chứng nghiêm trọng ảnh hưởng đến chất lượng cuộc sống và có thể dẫn đến cắt cụt chi.","https://web.archive.org/web/https://bachmai.gov.vn/tin-chi-tiet/-/bai-viet/cap-nhat-chan-doan-dieu-tri-benh-dai-thao-duong-va-bien-chung-8971-144.html"
"733","COMP_190e30a376","Complication","Tổn thương thần kinh thực vật","Ảnh hưởng đến huyết áp, tiêu hóa, tiết niệu, sinh dục. Biểu hiện tụt huyết áp, ngất, rối loạn chức năng. | Ảnh hưởng đến hệ tiêu hóa, tiết niệu, sinh dục: tụt huyết áp, ngất, rối loạn chức năng sinh dục... | Ảnh hưởng đến huyết áp, tiêu hóa, tiết niệu, sinh dục. Biểu hiện tụt huyết áp, ngất, rối loạn chức năng.","https://web.archive.org/web/https://bachmai.gov.vn/bai-viet/bien-chung-cua-benh-dai-thao-duong?id=f17ffc43-5abb-5dcb-54d1-d3887440a421 | https://bachmai.gov.vn/bai-viet/bien-chung-cua-benh-dai-thao-duong?id=f17ffc43-5abb-5dcb-54d1-d3887440a421 | https://web.archive.org/web/https://bachmai.gov.vn/bai-viet/bien-chung-cua-benh-dai-thao-duong?id=f17ffc43-5abb-5dcb-54d1-d3887440a421"
"734","COMP_19503ea678","Complication","Mù","Tổn thương võng mạc do tăng huyết áp gây mất thị lực nghiêm trọng.","http://bvhoanghoa.ytethanhhoa.gov.vn/web/khoa-phong-chuc-nang/khoa-phong-chuc-nang/to-cong-tac-xa-hoi/dieu-can-luu-y-khi-dieu-tri-tang-huyet-ap.html | http://bvhoanghoa.ytethanhhoa.gov.vn/web/khoa-phong-chuc-nang/khoa-phong-chuc-nang/phong-cong-tac-xa-hoi/dieu-can-luu-y-khi-dieu-tri-tang-huyet-ap.html | http://bvhoanghoa.ytethanhhoa.gov.vn/web/khoa-phong-chuc-nang/khoa-phong-chuc-nang/phong-cong-tac-xa-hoi/dieu-can-luu-y-khi-dieu-tri-tang-huyet-ap.html"
"735","COMP_19fe71cd88","Complication","Đột quỵ","Do biến chứng tim mạch, huyết áp cao và rối loạn lưu thông máu. | Do tổn thương mạch máu não do tăng glucose, huyết áp và các yếu tố nguy cơ khác. | Do tổn thương mạch não do rối loạn chuyển hóa và huyết áp cao. | Tình trạng thiếu máu não do tắc nghẽn hoặc vỡ mạch máu. | Do tổn thương mạch máu và tim mạch, dẫn đến tổn thương não. | Do tắc mạch não, là biến chứng nguy hiểm nhất gây tử vong. | Do biến chứng mạch máu não, là một trong những nguyên nhân hàng đầu gây đột quỵ. | Do tắc mạch não, là biến chứng nguy hiểm nhất gây tử vong. | Do tắc mạch não, biến chứng mạch máu lớn nguy hiểm nhất. | Một trong các biến cố tim mạch nghiêm trọng, được statin giúp phòng ngừa tiên phát và thứ phát. | Do tổn thương mạch máu não, thường xảy ra do rối loạn lipid và glucose kéo dài. | Biến chứng do tổn thương mạch não, thường gặp ở bệnh nhân tăng huyết áp độ 3. | Biến chứng nghiêm trọng do tăng huyết áp gây ra, có thể dẫn đến tàn phế vĩnh viễn. | Biến chứng do tổn thương mạch não, thường gặp ở bệnh nhân tăng huyết áp độ 3. | Tình trạng thiếu máu lên não do tắc nghẽn hoặc vỡ mạch máu. | Có thể là nhồi máu não hoặc xuất huyết não - biến chứng phổ biến và nguy hiểm nhất của tăng huyết áp. | Biến chứng do tổn thương mạch não, thường gặp ở bệnh nhân tăng huyết áp độ 3. | Biến chứng do tổn thương mạch não, thường gặp ở người có nguy cơ tim mạch cao. | Có thể là nhồi máu não hoặc xuất huyết não - biến chứng nguy hiểm và phổ biến ở người tăng huyết áp.","https://syt.dongnai.gov.vn/vi/news/Suc-khoe-cong-dong/nhung-bien-chung-nguy-hiem-cua-benh-tieu-duong-2511.html | https://web.archive.org/web/https://www.vinmec.com/vie/bai-viet/tong-quan-ve-benh-dai-thao-duong-vi | https://www.vinmec.com/vie/bai-viet/tong-quan-ve-benh-dai-thao-duong-vi | https://web.archive.org/web/https://syt.dongnai.gov.vn/vi/news/Suc-khoe-cong-dong/nhung-bien-chung-nguy-hiem-cua-benh-tieu-duong-2511.html | https://syt.dongnai.gov.vn/vi/news/Suc-khoe-cong-dong/nhung-bien-chung-nguy-hiem-cua-benh-tieu-duong-2511.html | https://web.archive.org/web/https://bachmai.gov.vn/tin-chi-tiet/-/bai-viet/dai-thao-duong-can-benh-nhieu-bien-chung-nguy-hiem-8-trieu-nguoi-viet-nam-dang-mac-9624-146.html | https://bachmai.gov.vn/tin-chi-tiet/-/bai-viet/dai-thao-duong-can-benh-nhieu-bien-chung-nguy-hiem-8-trieu-nguoi-viet-nam-dang-mac-9624-146.html | https://bachmai.gov.vn/tin-chi-tiet/-/bai-viet/dai-thao-duong-can-benh-nhieu-bien-chung-nguy-hiem-8-trieu-nguoi-viet-nam-dang-mac-9624-146.html | https://web.archive.org/web/https://bachmai.gov.vn/tin-chi-tiet/-/bai-viet/dai-thao-duong-can-benh-nhieu-bien-chung-nguy-hiem-8-trieu-nguoi-viet-nam-dang-mac-9624-146.html | https://bachmai.gov.vn/bai-viet/dai-thao-duong-bien-chung-tim-mach-va-than-kinh-ngoai-bien-sat-thu-tham-lang?id=994f4df4-95c1-4760-8aee-8d07a69f9fe1 | https://www.vinmec.com/vie/bai-viet/tong-quan-ve-benh-dai-thao-duong-vi | https://chanthuongvacotsong.bachmai.gov.vn/huong-dan-chan-doan-va-dieu-tri-tang-huyet-ap/ | http://cdc.hatinh.gov.vn/vi/%1Cbenh-khong-lay-nhiem/topic/6029 | https://web.archive.org/web/http://cdc.hatinh.gov.vn/vi/%1Cbenh-khong-lay-nhiem/topic/6029 | https://chanthuongvacotsong.bachmai.gov.vn/huong-dan-chan-doan-va-dieu-tri-tang-huyet-ap/ | http://bvhoanghoa.ytethanhhoa.gov.vn/web/khoa-phong-chuc-nang/khoa-phong-chuc-nang/phong-cong-tac-xa-hoi/dieu-can-luu-y-khi-dieu-tri-tang-huyet-ap.html | https://web.archive.org/web/http://bvhoanghoa.ytethanhhoa.gov.vn/web/khoa-phong-chuc-nang/khoa-phong-chuc-nang/to-cong-tac-xa-hoi/dieu-can-luu-y-khi-dieu-tri-tang-huyet-ap.html | https://web.archive.org/web/https://chanthuongvacotsong.bachmai.gov.vn/huong-dan-chan-doan-va-dieu-tri-tang-huyet-ap/ | https://chanthuongvacotsong.bachmai.gov.vn/huong-dan-chan-doan-va-dieu-tri-tang-huyet-ap/ | https://web.archive.org/web/http://bvhoanghoa.ytethanhhoa.gov.vn/web/khoa-phong-chuc-nang/khoa-phong-chuc-nang/to-cong-tac-xa-hoi/dieu-can-luu-y-khi-dieu-tri-tang-huyet-ap.html"
"736","COMP_1de11762db","Complication","Bệnh phổi tắc nghẽn mạn tính (COPD)","Triệu chứng tương tự hen nhưng do tổn thương phổi mãn tính, cần loại trừ.","https://www.vinmec.com/vie/benh/hen-phe-quan-2949"
"737","COMP_2138243b08","Complication","Suy thận cấp tính","Do tích tụ chất thải trong máu do chức năng lọc giảm.","https://benhviennhitrunguong.gov.vn/hoi-thao-xu-huong-dieu-tri-dai-thao-duong-tip-1-chung-ta-khong-the-dung-ngoai.html"
"738","COMP_2191e3333f","Complication","Bệnh tim mạch và đột quỵ","Gây tăng huyết áp, nhồi máu cơ tim, tai biến mạch máu não do tổn thương động mạch.","https://cdc.ninhbinh.gov.vn/tin-tuc-su-kien/benh-dai-thao-duong-va-cach-phong-ngua-benh2.html"
"739","COMP_21d2d0bc96","Complication","Tổn thương hệ thần kinh","Hệ thần kinh bị tổn thương do thiếu máu và rối loạn chuyển hóa.","https://web.archive.org/web/https://medlatec.vn/tin-tuc/benh-dai-thao-duong-anh-huong-nhu-the-nao-toi-suc-khoe-s195-n19438"
"740","COMP_23e8fcc60e","Complication","Viêm loét dạ dày","Tổn thương niêm mạc dạ dày do tác dụng phụ của thuốc.","https://www.vinmec.com/vie/bai-viet/bien-chung-lau-dai-cua-benh-hen-phe-quan-vi"
"741","COMP_240414176f","Complication","Mất sức lao động","Hậu quả của các biến chứng do tăng huyết áp gây ra.","https://chanthuongvacotsong.bachmai.gov.vn/cao-huyet-ap-am-tham-ma-rat-hiem/"
"742","COMP_244a82c6eb","Complication","Bệnh võng mạc đái tháo đường chưa tăng sinh","Loại tổn thương võng mạc ở giai đoạn sớm hơn. | Loại tổn thương võng mạc chiếm 22,2% trong nghiên cứu.","https://web.archive.org/web/https://nsti.vista.gov.vn/publication/view/dac-diem-lam-sang-can-lam-sang-va-bien-chung-mat-tren-benh-nhan-dai-thao-duong-type-2-dieu-tri-tai-khoa-noi-3-benh-vien-huu-nghi-viet-tiep-hai-phong-339420.html | https://nsti.vista.gov.vn/publication/view/dac-diem-lam-sang-can-lam-sang-va-bien-chung-mat-tren-benh-nhan-dai-thao-duong-type-2-dieu-tri-tai-khoa-noi-3-benh-vien-huu-nghi-viet-tiep-hai-phong-339420.html"
"743","COMP_24558ad9ec","Complication","Suy hô hấp cấp tính","Biến chứng nguy hiểm trong bệnh dại hoặc các bệnh truyền nhiễm nặng.","https://web.archive.org/web/http://www.tapchiyhocduphong.vn/tap-chi-y-hoc-du-phong/2015/08/kien-thuc-ve-benh-dai-thao-duong-va-mot-so-yeu-to-lien-quan-cua-nguoi-benh-tai-c-o81E20305.html"
"744","COMP_24c4f209b6","Complication","Tăng huyết áp","Gây tổn thương mạch máu và là yếu tố nguy cơ tim mạch trong ĐTĐ. | Huyết áp tâm thu ≥140 mmHg và/hoặc huyết áp tâm trương ≥90 mmHg. | Nguyên nhân chính gây suy thận mạn tính và hậu quả của bệnh thận. | Nguyên nhân gây suy thận mạn tính và hậu quả của bệnh thận.","https://web.archive.org/web/http://bvthanhpho.ytethanhhoa.gov.vn/web/trang-chu/khoa-phong-chuc-nang/khoa-lam-sang/khoa-noi-nhi/benh-dai-thao-duong-va-dau-hieu-nhan-biet-benh-dai-thao-duong.html | https://web.archive.org/web/https://www.benhviendakhoasongma.gov.vn/bai-viet/benh-dai-thao-duong-220 | https://web.archive.org/web/http://soyte.hatinh.gov.vn/tin-tuc-su-kien/pho-bien-kien-thuc/dau-hieu-benh-than-va-suy-than-.html | http://soyte.hatinh.gov.vn/tin-tuc-su-kien/pho-bien-kien-thuc/dau-hieu-benh-than-va-suy-than-.html"
"745","COMP_259e0f20c9","Complication","Biến chứng thận đái tháo đường (BCTĐTĐ)","Tổn thương chức năng thận do đái tháo đường gây ra, có thể dẫn đến suy thận.","https://nsti.vista.gov.vn/publication/view/nghien-cuu-dac-diem-lam-sang-can-lam-sang-va-danh-gia-bien-chung-than-o-benh-nhan-dai-thao-duong-type-2-tai-khoa-noi-3-benh-vien-huu-nghi-viet-tiep-hai-phong-350723.html"
"746","COMP_275cb81cda","Complication","Ung thư phổi","Tăng nguy cơ phát triển ung thư do tổn thương mãn tính.","https://www.vinmec.com/vie/bai-viet/benh-phoi-tac-nghen-man-tinh-copd-vi"
"747","COMP_27e3a907cf","Complication","Loét bàn chân và cắt cụt chân","Tổn thương thần kinh và tuần hoàn dẫn đến loét, nhiễm trùng, phải cắt cụt. | Do tổn thương thần kinh và tuần hoàn, dẫn đến mất cảm giác, nhiễm trùng nặng.","https://web.archive.org/web/https://bachmai.gov.vn/tin-chi-tiet/-/bai-viet/dai-thao-duong-can-benh-nhieu-bien-chung-nguy-hiem-8-trieu-nguoi-viet-nam-dang-mac-9624-146.html | https://bachmai.gov.vn/tin-chi-tiet/-/bai-viet/dai-thao-duong-can-benh-nhieu-bien-chung-nguy-hiem-8-trieu-nguoi-viet-nam-dang-mac-9624-146.html"
"748","COMP_27eb63e13d","Complication","Tử vong sớm","Người bệnh ĐTĐ bị rút ngắn tuổi thọ từ 9 đến 12 năm do biến chứng tim mạch và thần kinh ngoại biên. | Nguyên nhân tử vong do tăng huyết áp trên toàn cầu. | Nguyên nhân tử vong hàng đầu do tăng huyết áp toàn cầu.","https://web.archive.org/web/https://bachmai.gov.vn/bai-viet/dai-thao-duong-bien-chung-tim-mach-va-than-kinh-ngoai-bien-sat-thu-tham-lang?id=994f4df4-95c1-4760-8aee-8d07a69f9fe1 | https://bachmai.gov.vn/tin-chi-tiet/-/bai-viet/tang-huyet-ap-can-benh-tham-lang-nhung-nguy-hiem-8463-146.html"
"749","COMP_285d3d133d","Complication","Bệnh động mạch ngoại biên","Gây đau chân khi đi lại, loét, hoại tử - do xơ vữa động mạch ở chân. | Gây đau chân khi đi lại, loét hoặc hoại tử chi - do xơ vữa động mạch.","https://web.archive.org/web/http://bvhoanghoa.ytethanhhoa.gov.vn/web/khoa-phong-chuc-nang/khoa-phong-chuc-nang/to-cong-tac-xa-hoi/dieu-can-luu-y-khi-dieu-tri-tang-huyet-ap.html"
"750","COMP_28c837c523","Complication","Tổn thương thần kinh ngoại biên","Gây đau, ngứa ran, tê ở bàn chân và tay, rối loạn tiêu hóa, yếu sinh lý. | Gây đau, ngứa ran, tê ở bàn chân và tay, rối loạn tiêu hóa, khó cương cứng. | Gây đau, ngứa ran, tê ở bàn chân và tay, rối loạn tiêu hóa, yếu sinh lý. | Gây yếu chân tay, cảm giác kiến bò, nóng rát, dáng đi thay đổi.","http://ttyt.tamduong.laichau.gov.vn/quan-ly-nha-nuoc/hoat-dong-doan-doi/dai-thao-duong-tuyp-2-nguyen-nhan-trieu-chung-chan-doan-va-d.html | http://ttyt.tamduong.laichau.gov.vn/quan-ly-nha-nuoc/hoat-dong-doan-doi/dai-thao-duong-tuyp-2-nguyen-nhan-trieu-chung-chan-doan-va-d.html | https://web.archive.org/web/http://ttyt.tamduong.laichau.gov.vn/quan-ly-nha-nuoc/hoat-dong-doan-doi/dai-thao-duong-tuyp-2-nguyen-nhan-trieu-chung-chan-doan-va-d.html | https://web.archive.org/web/http://soyte.hatinh.gov.vn/tin-tuc-su-kien/pho-bien-kien-thuc/dau-hieu-benh-than-va-suy-than-.html | http://soyte.hatinh.gov.vn/tin-tuc-su-kien/pho-bien-kien-thuc/dau-hieu-benh-than-va-suy-than-.html"
"751","COMP_293a0a4141","Complication","Suy thận tiến triển nhanh","Biến chứng cấp tính do tăng huyết áp không kiểm soát.","https://web.archive.org/web/https://chanthuongvacotsong.bachmai.gov.vn/huong-dan-chan-doan-va-dieu-tri-tang-huyet-ap/"
"752","COMP_29af8d4172","Complication","Chi phí điều trị cao","Việc thay thận hay điều trị lại vô cùng tốn kém.","https://benhvientinh.caobang.gov.vn/index.php/vi/news/tin-tuc-su-kien/bien-chung-than-do-dai-thao-duong-6-dieu-nguoi-benh-phai-chu-y-710.html"
"753","COMP_2b2a34165f","Complication","Rối loạn mạch máu","Gây xơ vữa động mạch, tăng nguy cơ tim mạch. | Biến chứng do tổn thương mạch máu do tăng đường huyết.","https://xayenmo.ninhbinh.gov.vn/y-te-giao-duc/benh-dai-thao-duong-dau-hieu-nhan-biet-phan-loai-va-dieu-tri-389.html | https://web.archive.org/web/https://xayenmo.ninhbinh.gov.vn/y-te-giao-duc/benh-dai-thao-duong-dau-hieu-nhan-biet-phan-loai-va-dieu-tri-389.html"
"754","COMP_2c20848769","Complication","Rụng răng","Biến chứng tiêu hóa – răng miệng do rối loạn chuyển hóa và viêm nhiễm.","https://bachmai.gov.vn/bai-viet/bien-chung-cua-benh-dai-thao-duong?id=f17ffc43-5abb-5dcb-54d1-d3887440a421"
"755","COMP_2e1075cce4","Complication","Biến chứng thần kinh","Gây tê chân tay do tổn thương dây thần kinh. | Do tổn thương dây thần kinh do glucose cao kéo dài, gây đau, tê bì ở chân. | Gây rối loạn cảm giác, đau, yếu cơ do tổn thương dây thần kinh. | Rối loạn cảm giác hoặc vận động do tổn thương dây thần kinh. | Gây tổn thương dây thần kinh ngoại biên do đường huyết cao kéo dài, dẫn đến mất cảm giác, đau nhức. | Gắn liền với đái tháo đường, bao gồm tổn thương dây thần kinh ngoại biên và trung ương. | Gắn liền với đái tháo đường, bao gồm tổn thương dây thần kinh ngoại biên và trung ương. | Do tổn thương dây thần kinh do rối loạn chuyển hóa. | Biến chứng mạn tính, thường xuất hiện sớm nhưng dễ bỏ sót, có thể dẫn đến loét, hoại tử, cắt cụt chi. | Gắn liền với đái tháo đường, bao gồm tổn thương dây thần kinh ngoại biên và trung ương. | Gắn liền với đái tháo đường, bao gồm tổn thương dây thần kinh ngoại biên và trung ương. | Gây tổn thương dây thần kinh, dẫn đến mất cảm giác và nhiễm trùng bàn chân. | Gắn liền với đái tháo đường, bao gồm tổn thương dây thần kinh ngoại biên và trung ương. | Gắn liền với đái tháo đường, bao gồm tổn thương dây thần kinh ngoại biên và trung ương. | Gắn liền với đái tháo đường, bao gồm tổn thương dây thần kinh ngoại biên và trung ương. | Tổn thương lâu dài do tăng đường huyết mạn tính. | Tổn thương lâu dài do tăng đường huyết mạn tính. | Biến chứng mạn tính thường xuất hiện sớm, dễ bỏ sót, có thể dẫn đến loét, hoại tử và cắt cụt chi. | Tổn thương lâu dài do tăng đường huyết mạn tính.","https://web.archive.org/web/https://vncdc.gov.vn/quan-ly-benh-dai-thao-duong-nd14581.html | https://web.archive.org/web/https://ttytiapa.gialai.gov.vn/van-ban/huong-dan-chan-doan-va-dieu-tri-benh-dai-thao-duong-tip-1-o-.html | http://soyte.hatinh.gov.vn/tin-tuc-su-kien/thong-tin-y-te/luu-y-khi-dieu-tri-dai-thao-duong-type-1.html | https://xayenmo.ninhbinh.gov.vn/y-te-giao-duc/benh-dai-thao-duong-dau-hieu-nhan-biet-phan-loai-va-dieu-tri-389.html | https://bachmai.gov.vn/bai-viet/ca-the-hoa-dieu-tri-dai-thao-duong-tip-2-tai-cac-nuoc-dang-phat-trien-thach-thuc-va-co-hoi?id=4b51fe29-8515-42d1-bff3-85563163f16c | https://web.archive.org/web/https://vncdc.gov.vn/huong-dan-chan-doan-va-dieu-tri-benh-dai-thao-duong-tuyp-2-nd14582.html | https://web.archive.org/web/https://vncdc.gov.vn/huong-dan-chan-doan-va-dieu-tri-benh-dai-thao-duong-tuyp-2-nd14582.html | https://bachmai.gov.vn/bai-viet/kiem-soat-huyet-ap-va-can-nang-o-benh-nhan-dai-thao-duong-tip-2-viet-nam?id=d4b1411f-1da7-74f4-b337-1b88457dd69b | https://bachmai.gov.vn/bai-viet/doi-moi-tu-duy-dieu-tri-dai-thao-duong-typ-2-va-chien-luoc-kiem-soat-toan-dien-bien-chung-than-kinh?id=090463d0-4515-40c8-919c-8bebc41e2c01 | https://web.archive.org/web/https://vncdc.gov.vn/huong-dan-chan-doan-va-dieu-tri-benh-dai-thao-duong-tuyp-2-nd14582.html | https://web.archive.org/web/https://bachmai.gov.vn/bai-viet/doi-moi-tu-duy-dieu-tri-dai-thao-duong-typ-2-va-chien-luoc-kiem-soat-toan-dien-bien-chung-than-kinh?id=090463d0-4515-40c8-919c-8bebc41e2c01 | https://web.archive.org/web/https://vncdc.gov.vn/huong-dan-chan-doan-va-dieu-tri-benh-dai-thao-duong-tuyp-2-nd14582.html | https://web.archive.org/web/https://vncdc.gov.vn/huong-dan-chan-doan-va-dieu-tri-benh-dai-thao-duong-tuyp-2-nd14582.html | https://web.archive.org/web/http://soyte.hatinh.gov.vn/tin-tuc-su-kien/thong-tin-y-te/bai-truyen-thong-benh-dai-thao-duong-va-cach-phong-ngua-benh.html | https://web.archive.org/web/https://vncdc.gov.vn/huong-dan-chan-doan-va-dieu-tri-benh-dai-thao-duong-tuyp-2-nd14582.html | https://web.archive.org/web/https://vncdc.gov.vn/huong-dan-chan-doan-va-dieu-tri-benh-dai-thao-duong-tuyp-2-nd14582.html | https://xayenmo.ninhbinh.gov.vn/y-te-giao-duc/benh-dai-thao-duong-dau-hieu-nhan-biet-phan-loai-va-dieu-tri-389.html | https://xayenmo.ninhbinh.gov.vn/y-te-giao-duc/benh-dai-thao-duong-dau-hieu-nhan-biet-phan-loai-va-dieu-tri-389.html | https://bachmai.gov.vn/bai-viet/doi-moi-tu-duy-dieu-tri-dai-thao-duong-typ-2-va-chien-luoc-kiem-soat-toan-dien-bien-chung-than-kinh?id=090463d0-4515-40c8-919c-8bebc41e2c01 | https://xayenmo.ninhbinh.gov.vn/y-te-giao-duc/benh-dai-thao-duong-dau-hieu-nhan-biet-phan-loai-va-dieu-tri-389.html"
"756","COMP_2e95584519","Complication","Bệnh đái tháo đường do viêm tụy","Một thể bệnh đang gia tăng tại Việt Nam, cần chẩn đoán sớm và điều trị đặc hiệu. | Một thể bệnh đang gia tăng, liên quan đến tổn thương tụy và rối loạn nội tiết.","https://bachmai.gov.vn/tin-chi-tiet/-/bai-viet/cap-nhat-chan-doan-dieu-tri-benh-dai-thao-duong-va-bien-chung-8971-144.html | https://web.archive.org/web/https://bachmai.gov.vn/tin-chi-tiet/-/bai-viet/cap-nhat-chan-doan-dieu-tri-benh-dai-thao-duong-va-bien-chung-8971-144.html"
"757","COMP_2f43d9cbb6","Complication","Loạn nhịp tim","Do nồng độ kali trong máu tăng cao, gây ảnh hưởng đến hệ tim mạch. | Do nồng độ kali trong máu tăng cao do thận không đào thải kịp thời.","https://bachmai.gov.vn/bai-viet/sai-lam-trong-dinh-duong-khien-suy-than-man-them-tram-trong-dau-la-giai-phap?id=1ff0d3d0-62f4-4159-a23b-758572e7f600 | https://web.archive.org/web/https://bachmai.gov.vn/bai-viet/sai-lam-trong-dinh-duong-khien-suy-than-man-them-tram-trong-dau-la-giai-phap?id=1ff0d3d0-62f4-4159-a23b-758572e7f600 | https://bachmai.gov.vn/bai-viet/sai-lam-trong-dinh-duong-khien-suy-than-man-them-tram-trong-dau-la-giai-phap?id=1ff0d3d0-62f4-4159-a23b-758572e7f600"
"758","COMP_3000e62e53","Complication","Rối loạn thần kinh","Tổn thương dây thần kinh dẫn đến cảm giác tê, đau hoặc mất chức năng vận động. | Tổn thương thần kinh ngoại biên dẫn đến cảm giác tê, đau, mất kiểm soát vận động. | Gây tê bì, đau, mất cảm giác ở các chi. | Tổn thương dây thần kinh dẫn đến cảm giác tê, đau hoặc mất chức năng vận động. | Tổn thương dây thần kinh dẫn đến cảm giác tê, đau hoặc mất chức năng vận động. | Tổn thương thần kinh ngoại biên dẫn đến tê, đau, mất cảm giác.","https://syt.dongnai.gov.vn/vi/news/Suc-khoe-cong-dong/nhung-bien-chung-nguy-hiem-cua-benh-tieu-duong-2511.html | https://web.archive.org/web/https://syt.dongnai.gov.vn/vi/news/Suc-khoe-cong-dong/nhung-bien-chung-nguy-hiem-cua-benh-tieu-duong-2511.html"
"759","COMP_302a06f77c","Complication","Bệnh lý thần kinh ngoại vi","Tổn thương dây thần kinh do thiếu máu nuôi, biểu hiện tê bì, kiến bò ở chân và tay. | Tổn thương dây thần kinh do thiếu máu nuôi, biểu hiện kiến bò, tê, bỏng rát ở chân và tay. | Tổn thương dây thần kinh do thiếu máu nuôi dưỡng. Biểu hiện: kiến bò, tê, bỏng rát ở chân và tay. | Tổn thương dây thần kinh do thiếu máu nuôi, biểu hiện kiến bò, tê, bỏng rát ở chân và tay. | Do tổn thương mạch máu nuôi dây thần kinh, biểu hiện tê bì, kiến bò ở chân và tay. | Tổn thương dây thần kinh do thiếu máu nuôi, biểu hiện kiến bò, tê, bỏng rát ở chân và tay. | Tổn thương dây thần kinh do thiếu máu nuôi dưỡng, biểu hiện tê bì, kiến bò ở chân và tay. | Tổn thương dây thần kinh do thiếu máu nuôi, biểu hiện tê bì, kiến bò ở chân và tay. | Tổn thương dây thần kinh do thiếu máu nuôi dưỡng. Biểu hiện: kiến bò, tê, bỏng rát ở chân và tay. | Tổn thương dây thần kinh do thiếu máu nuôi, biểu hiện tê bì, kiến bò ở chân và tay. | Tổn thương dây thần kinh do thiếu máu nuôi, biểu hiện kiến bò, tê, bỏng rát ở chân và tay. | Tổn thương dây thần kinh do thiếu máu nuôi, biểu hiện tê bì, kiến bò ở chân và tay. | Tổn thương dây thần kinh do thiếu máu nuôi dưỡng, biểu hiện tê bì, kiến bò ở chân và tay. | Tổn thương dây thần kinh do thiếu máu nuôi, biểu hiện tê bì, kiến bò ở chân và tay. | Tổn thương dây thần kinh do thiếu máu nuôi dưỡng. Biểu hiện: kiến bò, tê, bỏng rát ở chân và tay. | Tổn thương dây thần kinh do thiếu máu nuôi → cảm giác kiến bò, tê, bỏng rát ở chân và tay. | Tổn thương dây thần kinh do thiếu máu nuôi dưỡng, biểu hiện tê bì, kiến bò ở chân và tay. | Triệu chứng tê, bỏng rát ở chân tay do tổn thương mạch nuôi dây thần kinh. | Tổn thương dây thần kinh do thiếu máu nuôi, biểu hiện tê bì, kiến bò ở chân và tay. | Tổn thương dây thần kinh do thiếu máu nuôi dưỡng, biểu hiện tê bì, kiến bò ở chân và tay. | Tổn thương dây thần kinh do thiếu máu nuôi, biểu hiện kiến bò, tê, bỏng rát ở chân và tay. | Tổn thương dây thần kinh do thiếu máu nuôi, biểu hiện kiến bò, tê, bỏng rát ở chân và tay. | Tổn thương dây thần kinh do thiếu máu nuôi, biểu hiện tê bì, kiến bò ở chân và tay. | Tổn thương dây thần kinh do thiếu máu nuôi. Biểu hiện: kiến bò, tê, bỏng rát ở chân và tay. | Tổn thương dây thần kinh do thiếu máu nuôi, biểu hiện tê bì, kiến bò ở chân và tay.","https://bachmai.gov.vn/bai-viet/bien-chung-cua-benh-dai-thao-duong?id=f17ffc43-5abb-5dcb-54d1-d3887440a421 | https://web.archive.org/web/https://bachmai.gov.vn/bai-viet/bien-chung-cua-benh-dai-thao-duong?id=f17ffc43-5abb-5dcb-54d1-d3887440a421 | https://web.archive.org/web/https://bachmai.gov.vn/bai-viet/bien-chung-cua-benh-dai-thao-duong?id=f17ffc43-5abb-5dcb-54d1-d3887440a421 | https://bachmai.gov.vn/bai-viet/bien-chung-cua-benh-dai-thao-duong?id=f17ffc43-5abb-5dcb-54d1-d3887440a421 | https://web.archive.org/web/https://bachmai.gov.vn/bai-viet/bien-chung-cua-benh-dai-thao-duong?id=f17ffc43-5abb-5dcb-54d1-d3887440a421 | https://chanthuongvacotsong.bachmai.gov.vn/bien-chung-cua-benh-dai-thao-duong/ | https://bachmai.gov.vn/bai-viet/bien-chung-cua-benh-dai-thao-duong?id=f17ffc43-5abb-5dcb-54d1-d3887440a421 | https://web.archive.org/web/https://bachmai.gov.vn/bai-viet/bien-chung-cua-benh-dai-thao-duong?id=f17ffc43-5abb-5dcb-54d1-d3887440a421 | https://web.archive.org/web/https://bachmai.gov.vn/bai-viet/bien-chung-cua-benh-dai-thao-duong?id=f17ffc43-5abb-5dcb-54d1-d3887440a421 | https://chanthuongvacotsong.bachmai.gov.vn/bien-chung-cua-benh-dai-thao-duong/ | https://web.archive.org/web/https://bachmai.gov.vn/bai-viet/bien-chung-cua-benh-dai-thao-duong?id=f17ffc43-5abb-5dcb-54d1-d3887440a421 | https://web.archive.org/web/https://chanthuongvacotsong.bachmai.gov.vn/bien-chung-cua-benh-dai-thao-duong/ | https://chanthuongvacotsong.bachmai.gov.vn/bien-chung-cua-benh-dai-thao-duong/ | https://web.archive.org/web/https://bachmai.gov.vn/bai-viet/bien-chung-cua-benh-dai-thao-duong?id=f17ffc43-5abb-5dcb-54d1-d3887440a421 | https://web.archive.org/web/https://bachmai.gov.vn/bai-viet/bien-chung-cua-benh-dai-thao-duong?id=f17ffc43-5abb-5dcb-54d1-d3887440a421 | https://bachmai.gov.vn/bai-viet/bien-chung-cua-benh-dai-thao-duong?id=f17ffc43-5abb-5dcb-54d1-d3887440a421 | https://web.archive.org/web/https://bachmai.gov.vn/bai-viet/bien-chung-cua-benh-dai-thao-duong?id=f17ffc43-5abb-5dcb-54d1-d3887440a421 | https://web.archive.org/web/https://bachmai.gov.vn/bai-viet/bien-chung-cua-benh-dai-thao-duong?id=f17ffc43-5abb-5dcb-54d1-d3887440a421 | https://web.archive.org/web/https://bachmai.gov.vn/bai-viet/bien-chung-cua-benh-dai-thao-duong?id=f17ffc43-5abb-5dcb-54d1-d3887440a421 | https://bachmai.gov.vn/bai-viet/bien-chung-cua-benh-dai-thao-duong?id=f17ffc43-5abb-5dcb-54d1-d3887440a421"
"760","COMP_303c816758","Complication","Tái cấu trúc đường thở","Hậu quả của viêm mạn tính niêm mạc đường thở dẫn đến tổn thương không hồi phục.","https://bachmai.gov.vn/bai-viet/phong-dot-cap-benh-phoi-tac-nghen-man-tinh?id=28510cbf-b2a4-a5e6-65a7-7b91e89cf5eb"
"761","COMP_307efe31da","Complication","Tử vong do biến chứng tim mạch","Một trong những hậu quả nghiêm trọng nhất của ĐTĐ, đặc biệt ở người bệnh típ 2.","https://bachmai.gov.vn/bai-viet/dai-thao-duong-bien-chung-tim-mach-va-than-kinh-ngoai-bien-sat-thu-tham-lang?id=994f4df4-95c1-4760-8aee-8d07a69f9fe1"
"762","COMP_313ba463cd","Complication","Tăng nhãn áp","Gây tổn thương mắt do tăng áp lực trong mắt, thường gặp ở bệnh nhân đái tháo đường. | Áp lực trong mắt tăng cao do rối loạn tuần hoàn và tổn thương thần kinh thị giác.","https://benhviennhitrunguong.gov.vn/benh-dai-thao-duong-o-tre-em.html | https://web.archive.org/web/https://benhvientinh.caobang.gov.vn/index.php/vi/news/dich-vu/tiep-nhan-dieu-tri-benh-nhan-dai-thao-duong-tuyp-2-co-bien-chung-mo-mat-do-khong-di-kham-va-tam-soat-som-443.html | https://benhvientinh.caobang.gov.vn/index.php/vi/news/dich-vu/tiep-nhan-dieu-tri-benh-nhan-dai-thao-duong-tuyp-2-co-bien-chung-mo-mat-do-khong-di-kham-va-tam-soat-som-443.html"
"763","COMP_32ebef8fce","Complication","Bệnh thận mạn","Suy giảm chức năng thận do tăng huyết áp kéo dài. | Sự tổn thương và suy giảm chức năng thận do tăng huyết áp kéo dài. | Suy giảm chức năng lọc của thận do tăng huyết áp kéo dài. | Tăng huyết áp gây tổn thương thận dẫn đến suy giảm chức năng lọc máu. | Sự tổn thương kéo dài của thận do tăng huyết áp. | Sự tổn thương và suy giảm chức năng thận do tăng huyết áp kéo dài. | Sự tổn thương kéo dài của thận do tăng huyết áp gây ra. | Sự tổn thương và suy giảm chức năng thận do tăng huyết áp kéo dài. | Do mạch máu trong thận yếu đi và hẹp, ảnh hưởng chức năng lọc máu. | Sự tổn thương kéo dài của thận do tăng huyết áp gây ra. | Sự tổn thương và suy giảm chức năng thận do tăng huyết áp kéo dài. | Sự tổn thương và suy giảm chức năng thận do tăng huyết áp kéo dài.","https://web.archive.org/web/http://bvhoanghoa.ytethanhhoa.gov.vn/web/khoa-phong-chuc-nang/khoa-phong-chuc-nang/to-cong-tac-xa-hoi/benh-tang-huyet-ap-ke-giet-nguoi-tham-lang.html | https://web.archive.org/web/http://bvhoanghoa.ytethanhhoa.gov.vn/web/khoa-phong-chuc-nang/khoa-phong-chuc-nang/to-cong-tac-xa-hoi/benh-tang-huyet-ap-ke-giet-nguoi-tham-lang.html | http://bvhoanghoa.ytethanhhoa.gov.vn/web/khoa-phong-chuc-nang/khoa-phong-chuc-nang/to-cong-tac-xa-hoi/benh-tang-huyet-ap-ke-giet-nguoi-tham-lang.html | http://bvhoanghoa.ytethanhhoa.gov.vn/web/khoa-phong-chuc-nang/khoa-phong-chuc-nang/to-cong-tac-xa-hoi/benh-tang-huyet-ap-ke-giet-nguoi-tham-lang.html | https://web.archive.org/web/http://bvhoanghoa.ytethanhhoa.gov.vn/web/khoa-phong-chuc-nang/khoa-phong-chuc-nang/to-cong-tac-xa-hoi/benh-tang-huyet-ap-ke-giet-nguoi-tham-lang.html | http://bvhoanghoa.ytethanhhoa.gov.vn/web/khoa-phong-chuc-nang/khoa-phong-chuc-nang/to-cong-tac-xa-hoi/benh-tang-huyet-ap-ke-giet-nguoi-tham-lang.html | https://web.archive.org/web/http://bvhoanghoa.ytethanhhoa.gov.vn/web/khoa-phong-chuc-nang/khoa-phong-chuc-nang/to-cong-tac-xa-hoi/benh-tang-huyet-ap-ke-giet-nguoi-tham-lang.html | https://tamanhhospital.vn/tang-huyet-ap-thu-phat/ | http://bvhoanghoa.ytethanhhoa.gov.vn/web/khoa-phong-chuc-nang/khoa-phong-chuc-nang/to-cong-tac-xa-hoi/benh-tang-huyet-ap-ke-giet-nguoi-tham-lang.html | https://web.archive.org/web/http://bvhoanghoa.ytethanhhoa.gov.vn/web/khoa-phong-chuc-nang/khoa-phong-chuc-nang/to-cong-tac-xa-hoi/benh-tang-huyet-ap-ke-giet-nguoi-tham-lang.html | http://bvhoanghoa.ytethanhhoa.gov.vn/web/khoa-phong-chuc-nang/khoa-phong-chuc-nang/to-cong-tac-xa-hoi/benh-tang-huyet-ap-ke-giet-nguoi-tham-lang.html"
"764","COMP_344938b6bf","Complication","Hôn mê","Trạng thái nguy kịch do mức đường huyết quá cao hoặc quá thấp. | Tình trạng mất ý thức do thiếu oxy kéo dài, thường xảy ra khi không can thiệp kịp thời. | Dấu hiệu nặng của suy hô hấp do thiếu oxy kéo dài. | Tình trạng mất ý thức do thiếu oxy nghiêm trọng sau cơn hen.","https://benhviennhitrunguong.gov.vn/hoi-thao-xu-huong-dieu-tri-dai-thao-duong-tip-1-chung-ta-khong-the-dung-ngoai.html | https://web.archive.org/web/http://phacdo.soytequangninh.gov.vn/news/tin-tuc-su-kien/hen-phe-quan-hieu-dung-de-song-khoe-dieu-tri-hieu-qua-phong-ngua-chu-dong.html | https://medlatec.vn/tu-dien-benh-ly/con-hen-ac-tinh | http://phacdo.soytequangninh.gov.vn/news/tin-tuc-su-kien/hen-phe-quan-hieu-dung-de-song-khoe-dieu-tri-hieu-qua-phong-ngua-chu-dong.html"
"765","COMP_34c7d5fbbd","Complication","Mù mắt","Tổn thương đáy mắt do biến chứng tiểu đường gây mất thị lực. | Do tổn thương mạch máu võng mạc dẫn đến mất thị lực. | Do tổn thương mạch máu võng mạc dẫn đến mất thị lực.","https://web.archive.org/web/https://syt.dongnai.gov.vn/vi/news/Suc-khoe-cong-dong/nhung-bien-chung-nguy-hiem-cua-benh-tieu-duong-2511.html | http://bvhoanghoa.ytethanhhoa.gov.vn/web/khoa-phong-chuc-nang/khoa-phong-chuc-nang/phong-cong-tac-xa-hoi/dieu-can-luu-y-khi-dieu-tri-tang-huyet-ap.html | http://bvhoanghoa.ytethanhhoa.gov.vn/web/khoa-phong-chuc-nang/khoa-phong-chuc-nang/phong-cong-tac-xa-hoi/dieu-can-luu-y-khi-dieu-tri-tang-huyet-ap.html"
"766","COMP_354b476866","Complication","Mù loà do võng mạc ĐTĐ","Biến chứng tổn thương võng mạc mắt, nguyên nhân hàng đầu gây mù loà.","https://web.archive.org/web/https://bachmai.gov.vn/tin-chi-tiet/-/bai-viet/dai-thao-duong-can-benh-nhieu-bien-chung-nguy-hiem-8-trieu-nguoi-viet-nam-dang-mac-9624-146.html"
"767","COMP_362650f36f","Complication","Cảm lạnh và cúm","Là nguyên nhân làm trầm trọng thêm các triệu chứng hen suyễn. | Nguyên nhân làm trầm trọng thêm triệu chứng hen suyễn.","https://web.archive.org/web/https://vov.gov.vn/day-la-7-loai-thao-moc-dieu-tri-hen-suyen-hieu-qua-dtnew-491435 | https://vov.gov.vn/day-la-7-loai-thao-moc-dieu-tri-hen-suyen-hieu-qua-dtnew-491435"
"768","COMP_3711ccccd2","Complication","Biến chứng tiêu hóa","Rụng răng, viêm dạ dày, rối loạn tiêu hóa, rối loạn chức năng gan.","https://chanthuongvacotsong.bachmai.gov.vn/bien-chung-cua-benh-dai-thao-duong/"
"769","COMP_372d873bcf","Complication","Suy giảm nhận thức","Tình trạng suy giảm chức năng não do thiếu oxy, thường gặp ở giai đoạn rất nặng.","https://tamanhhospital.vn/giai-doan-benh-phoi-tac-nghen-man-tinh/"
"770","COMP_378f5a7238","Complication","Bệnh hô hấp","Viêm phổi, viêm phế quản do bội nhiễm.","https://web.archive.org/web/https://bachmai.gov.vn/bai-viet/bien-chung-cua-benh-dai-thao-duong?id=f17ffc43-5abb-5dcb-54d1-d3887440a421"
"771","COMP_38bb71f482","Complication","Vết thương lâu lành","Do giảm lưu lượng máu và chức năng miễn dịch bị ảnh hưởng. | Biến chứng do tổn thương tuần hoàn và miễn dịch. | Biến chứng do tổn thương tuần hoàn và miễn dịch. | Biến chứng do tổn thương tuần hoàn và miễn dịch. | Triệu chứng do tổn thương thần kinh ngoại biên. | Biến chứng do tổn thương tuần hoàn và miễn dịch. | Triệu chứng do tổn thương thần kinh ngoại biên gây ra. | Triệu chứng do tổn thương thần kinh hoặc tuần hoàn. | Triệu chứng do tổn thương thần kinh hoặc tuần hoàn.","https://web.archive.org/web/https://xayenmo.ninhbinh.gov.vn/y-te-giao-duc/benh-dai-thao-duong-dau-hieu-nhan-biet-phan-loai-va-dieu-tri-389.html | https://xayenmo.ninhbinh.gov.vn/y-te-giao-duc/benh-dai-thao-duong-dau-hieu-nhan-biet-phan-loai-va-dieu-tri-389.html | https://web.archive.org/web/https://xayenmo.ninhbinh.gov.vn/y-te-giao-duc/benh-dai-thao-duong-dau-hieu-nhan-biet-phan-loai-va-dieu-tri-389.html | https://xayenmo.ninhbinh.gov.vn/y-te-giao-duc/benh-dai-thao-duong-dau-hieu-nhan-biet-phan-loai-va-dieu-tri-389.html | https://web.archive.org/web/https://xayenmo.ninhbinh.gov.vn/y-te-giao-duc/benh-dai-thao-duong-dau-hieu-nhan-biet-phan-loai-va-dieu-tri-389.html | https://web.archive.org/web/https://xayenmo.ninhbinh.gov.vn/y-te-giao-duc/benh-dai-thao-duong-dau-hieu-nhan-biet-phan-loai-va-dieu-tri-389.html | https://xayenmo.ninhbinh.gov.vn/y-te-giao-duc/benh-dai-thao-duong-dau-hieu-nhan-biet-phan-loai-va-dieu-tri-389.html | https://xayenmo.ninhbinh.gov.vn/y-te-giao-duc/benh-dai-thao-duong-dau-hieu-nhan-biet-phan-loai-va-dieu-tri-389.html | https://xayenmo.ninhbinh.gov.vn/y-te-giao-duc/benh-dai-thao-duong-dau-hieu-nhan-biet-phan-loai-va-dieu-tri-389.html"
"772","COMP_3a56ffce7e","Complication","Suy thận","Do tổn thương cầu thận do đường huyết cao kéo dài, gây tăng creatinin máu. | Hậu quả của tổn thương mạch máu và tế bào thận do tăng glucose. | Hậu quả của biến chứng thận mãn tính do đái tháo đường. | Do tổn thương hệ thống lọc của thận do đường huyết cao kéo dài. | Hậu quả của biến chứng thận mãn tính do đái tháo đường. | Do tổn thương hệ thống lọc của thận do đường huyết cao kéo dài. | Hậu quả của tổn thương mạch máu và tế bào thận do đường huyết cao. | Hậu quả của tổn thương mạch máu và tế bào thận do tăng glucose. | Biến chứng do tăng đường huyết mạn tính gây tổn thương thận. | Do tổn thương hệ thống lọc của thận do đường huyết cao kéo dài. | Hậu quả của tổn thương thận mãn tính do đường huyết không kiểm soát. | Hậu quả của biến chứng thận mãn tính do đái tháo đường. | Biến chứng do tổn thương mạch máu và tế bào thận. | Do tổn thương thận kéo dài trong thời gian dài điều trị đái tháo đường. | Do tổn thương hệ thống lọc của thận do đường huyết cao kéo dài, dẫn đến suy giảm chức năng. | Do tổn thương hệ thống lọc của thận do đường huyết cao kéo dài, dẫn đến suy giảm chức năng thận. | Biến chứng nguy hiểm do đái tháo đường gây ra, đặc biệt khi không kiểm soát tốt đường huyết. | Tổn thương cầu thận do đường huyết kéo dài cao. | Biến chứng mạn tính do tổn thương hệ thống lọc máu. | Biến chứng mạn tính do đái tháo đường gây ra. | Do tổn thương mạch máu và tế bào thận do đường huyết kéo dài cao. | Tổn thương hệ thống lọc máu do đường huyết cao và tổn thương mạch máu. | Tổn thương hệ thống lọc máu do đường huyết kéo dài gây tổn hại các mạch máu nhỏ. | Biến chứng thường gặp ở người đái tháo đường, cần điều trị tích cực để bảo vệ chức năng thận. | Biến chứng thường gặp trong đái tháo đường, cần điều trị tích cực để bảo tồn chức năng. | Biến chứng mạn tính do tổn thương hệ thống lọc máu. | Do tổn thương mạch máu và tế bào thận do đường huyết kéo dài cao. | Biến chứng mạn tính do tổn thương hệ thống lọc máu. | Do tổn thương mạch máu nhỏ trong thận do đường huyết cao kéo dài. | Do tổn thương mạch máu nhỏ trong thận, làm giảm chức năng lọc máu và dẫn đến suy thận. | Tổn thương mạch máu dẫn đến suy giảm chức năng lọc của thận. | Biến chứng nghiêm trọng do tổn thương mạch máu và tế bào thận do đường huyết cao kéo dài. | Chức năng thận bị suy giảm nghiêm trọng do đái tháo đường. | Một trong những biến chứng nghiêm trọng của bệnh đái tháo đường. | Do tổn thương mạch máu và tế bào thận do đường huyết kéo dài cao. | Do tổn thương hệ thống lọc của thận do đường huyết cao kéo dài. | Tổn thương thận do đường huyết kéo dài cao. | Biến chứng do tổn thương thận do tăng đường huyết. | Do tổn thương mạch máu nhỏ trong thận, làm giảm chức năng lọc và dẫn đến suy thận. | Do tổn thương hệ thống lọc của thận do đường huyết cao kéo dài. | Biến chứng do tăng đường huyết mạn tính gây tổn thương thận. | Biến chứng do tổn thương thận trong thời gian dài. | Biến chứng mạn tính do đái tháo đường, được bảo vệ bằng thuốc SGLT2i. | Biến chứng do tổn thương tế bào thận do đường huyết cao kéo dài. | Do tổn thương hệ thống lọc của thận do đường huyết cao kéo dài, dẫn đến suy giảm chức năng và cần lọc máu hoặc ghép thận. | Do tổn thương cầu thận hoặc giảm lưu lượng máu đến thận. | Tình trạng chức năng thận bị tổn thương do tăng huyết áp. | Do tổn thương cơ quan đích, đặc biệt ở người có đái tháo đường hoặc protein niệu. | Do tổn thương cầu thận hoặc giảm lưu lượng máu đến thận. | Tình trạng chức năng thận suy giảm nghiêm trọng, cần lọc máu hoặc ghép thận. | Tình trạng chức năng thận suy giảm nghiêm trọng, cần lọc máu hoặc ghép thận. | Tổn thương vĩnh viễn của thận do huyết áp cao kéo dài. | Tổn thương chức năng thận do tăng huyết áp kéo dài. | Hậu quả của tổn thương mạch máu ở thận do tăng huyết áp. | Do tổn thương cơ quan đích, đặc biệt ở người có đái tháo đường hoặc protein niệu. | Tổn thương chức năng thận do tăng huyết áp kéo dài. | Hậu quả của tổn thương mạch máu và hệ thống lọc máu. | Tổn thương chức năng thận do tăng huyết áp kéo dài. | Hậu quả của tổn thương mạch máu ở thận do tăng huyết áp. | Do tăng huyết áp gây tổn thương cầu thận hoặc giảm chức năng lọc. | Do tổn thương cầu thận hoặc giảm lưu lượng máu đến thận. | Huyết áp cao sẽ làm tăng nguy cơ đau tim và đột quỵ, có khả năng dẫn đến suy thận nếu không được kiểm soát tốt. | Tình trạng tổn thương chức năng thận do tăng huyết áp. | Tổn thương chức năng thận do tăng huyết áp kéo dài, có thể dẫn đến suy thận mạn tính. | Tổn thương chức năng thận do tăng huyết áp kéo dài, có thể dẫn đến suy thận mạn.","https://web.archive.org/web/https://benhvienquynhon.gov.vn/tin-tuc/hoat-dong-cua-ttyt/dai-thao-duong-va-nhung-dieu-ban-can-biet/ | https://web.archive.org/web/https://ttytiapa.gialai.gov.vn/van-ban/huong-dan-chan-doan-va-dieu-tri-benh-dai-thao-duong-tip-1-o-.html | http://soyte.hatinh.gov.vn/tin-tuc-su-kien/thong-tin-y-te/luu-y-khi-dieu-tri-dai-thao-duong-type-1.html | http://soyte.hatinh.gov.vn/tin-tuc-su-kien/thong-tin-y-te/luu-y-khi-dieu-tri-dai-thao-duong-type-1.html | https://benhviennhitrunguong.gov.vn/benh-dai-thao-duong-o-tre-em.html | https://web.archive.org/web/https://benhviennhitrunguong.gov.vn/benh-dai-thao-duong-o-tre-em.html | https://benhvienquynhon.gov.vn/tin-tuc/hoat-dong-cua-ttyt/dai-thao-duong-va-nhung-dieu-ban-can-biet/ | https://web.archive.org/web/https://benhviennhitrunguong.gov.vn/benh-dai-thao-duong-o-tre-em.html | https://web.archive.org/web/https://benhvienquynhon.gov.vn/tin-tuc/hoat-dong-cua-ttyt/dai-thao-duong-va-nhung-dieu-ban-can-biet/ | https://web.archive.org/web/https://xayenmo.ninhbinh.gov.vn/y-te-giao-duc/benh-dai-thao-duong-dau-hieu-nhan-biet-phan-loai-va-dieu-tri-389.html | http://soyte.hatinh.gov.vn/tin-tuc-su-kien/thong-tin-y-te/luu-y-khi-dieu-tri-dai-thao-duong-type-1.html | https://benhviennhitrunguong.gov.vn/benh-dai-thao-duong-o-tre-em.html | https://web.archive.org/web/https://benhviennhitrunguong.gov.vn/benh-dai-thao-duong-o-tre-em.html | https://web.archive.org/web/http://soyte.hatinh.gov.vn/tin-tuc-su-kien/thong-tin-y-te/luu-y-khi-dieu-tri-dai-thao-duong-type-1.html | https://benhviennhitrunguong.gov.vn/hoi-thao-xu-huong-dieu-tri-dai-thao-duong-tip-1-chung-ta-khong-the-dung-ngoai.html | https://xayenmo.ninhbinh.gov.vn/y-te-giao-duc/benh-dai-thao-duong-dau-hieu-nhan-biet-phan-loai-va-dieu-tri-389.html | https://benhviennhitrunguong.gov.vn/benh-dai-thao-duong-o-tre-em.html | https://web.archive.org/web/https://benhviennhitrunguong.gov.vn/benh-dai-thao-duong-o-tre-em.html | https://web.archive.org/web/https://bachmai.gov.vn/bai-viet/dieu-tri-dai-thao-duong-tip-2-buoc-tien-moi-tu-insulin-nen-the-he-2-va-iglarlixi?id=5cdac324-549d-40aa-b3e6-80214932d112 | https://web.archive.org/web/https://bachmai.gov.vn/bai-viet/chan-doan-som-benh-dai-thao-duong-tip-2?id=59f9c51f-418e-9437-823c-a1a6c23c33e4 | https://web.archive.org/web/https://chanthuongvacotsong.bachmai.gov.vn/huong-dan-chan-doan-va-dieu-tri-dai-thao-duong-type-2/ | https://web.archive.org/web/https://bachmai.gov.vn/bai-viet/chan-doan-som-benh-dai-thao-duong-tip-2?id=59f9c51f-418e-9437-823c-a1a6c23c33e4 | https://web.archive.org/web/https://benhvientinh.caobang.gov.vn/index.php/vi/news/dich-vu/tiep-nhan-dieu-tri-benh-nhan-dai-thao-duong-tuyp-2-co-bien-chung-mo-mat-do-khong-di-kham-va-tam-soat-som-443.html | http://ttyt.tamduong.laichau.gov.vn/quan-ly-nha-nuoc/hoat-dong-doan-doi/dai-thao-duong-tuyp-2-nguyen-nhan-trieu-chung-chan-doan-va-d.html | https://benhvientinh.caobang.gov.vn/index.php/vi/news/dich-vu/tiep-nhan-dieu-tri-benh-nhan-dai-thao-duong-tuyp-2-co-bien-chung-mo-mat-do-khong-di-kham-va-tam-soat-som-443.html | https://bachmai.gov.vn/bai-viet/doi-moi-tu-duy-dieu-tri-dai-thao-duong-typ-2-va-chien-luoc-kiem-soat-toan-dien-bien-chung-than-kinh?id=090463d0-4515-40c8-919c-8bebc41e2c01 | https://web.archive.org/web/https://bachmai.gov.vn/bai-viet/doi-moi-tu-duy-dieu-tri-dai-thao-duong-typ-2-va-chien-luoc-kiem-soat-toan-dien-bien-chung-than-kinh?id=090463d0-4515-40c8-919c-8bebc41e2c01 | https://web.archive.org/web/https://bachmai.gov.vn/bai-viet/chan-doan-som-benh-dai-thao-duong-tip-2?id=59f9c51f-418e-9437-823c-a1a6c23c33e4 | http://ttyt.tamduong.laichau.gov.vn/quan-ly-nha-nuoc/hoat-dong-doan-doi/dai-thao-duong-tuyp-2-nguyen-nhan-trieu-chung-chan-doan-va-d.html | https://web.archive.org/web/http://ttyt.tamduong.laichau.gov.vn/quan-ly-nha-nuoc/hoat-dong-doan-doi/dai-thao-duong-tuyp-2-nguyen-nhan-trieu-chung-chan-doan-va-d.html | https://web.archive.org/web/https://bachmai.gov.vn/bai-viet/chan-doan-som-benh-dai-thao-duong-tip-2?id=59f9c51f-418e-9437-823c-a1a6c23c33e4 | https://web.archive.org/web/https://medlatec.vn/tin-tuc/benh-dai-thao-duong-anh-huong-nhu-the-nao-toi-suc-khoe-s195-n19438 | https://cdc.ninhbinh.gov.vn/tin-tuc-su-kien/benh-dai-thao-duong-va-cach-phong-ngua-benh2.html | https://web.archive.org/web/https://www.vinmec.com/vie/bai-viet/tong-quan-ve-benh-dai-thao-duong-vi | https://www.vinmec.com/vie/bai-viet/tong-quan-ve-benh-dai-thao-duong-vi | http://soyte.hatinh.gov.vn/tin-tuc-su-kien/thong-tin-y-te/bai-truyen-thong-benh-dai-thao-duong-va-cach-phong-ngua-benh.html | https://web.archive.org/web/http://bvthanhpho.ytethanhhoa.gov.vn/web/trang-chu/khoa-phong-chuc-nang/khoa-lam-sang/khoa-noi-nhi/benh-dai-thao-duong-va-dau-hieu-nhan-biet-benh-dai-thao-duong.html | https://web.archive.org/web/http://ttyt.tamduong.laichau.gov.vn/quan-ly-nha-nuoc/hoat-dong-doan-doi/dai-thao-duong-tuyp-2-nguyen-nhan-trieu-chung-chan-doan-va-d.html | https://web.archive.org/web/https://benhviennhitrunguong.gov.vn/benh-dai-thao-duong-o-tre-em.html | https://benhviennhitrunguong.gov.vn/benh-dai-thao-duong-o-tre-em.html | https://web.archive.org/web/https://bachmai.gov.vn/bai-viet/chan-doan-som-benh-dai-thao-duong-tip-2?id=59f9c51f-418e-9437-823c-a1a6c23c33e4 | https://web.archive.org/web/https://xayenmo.ninhbinh.gov.vn/y-te-giao-duc/benh-dai-thao-duong-dau-hieu-nhan-biet-phan-loai-va-dieu-tri-389.html | https://web.archive.org/web/https://benhviennhitrunguong.gov.vn/benh-dai-thao-duong-o-tre-em.html | https://www.vinmec.com/vie/bai-viet/tong-quan-ve-benh-dai-thao-duong-vi | https://benhviennhitrunguong.gov.vn/benh-dai-thao-duong-o-tre-em.html | https://web.archive.org/web/https://bachmai.gov.vn/tin-chi-tiet/-/bai-viet/chan-doan-som-benh-dai-thao-duong-tip-2-9427-146.html | https://web.archive.org/web/https://xayenmo.ninhbinh.gov.vn/y-te-giao-duc/benh-dai-thao-duong-dau-hieu-nhan-biet-phan-loai-va-dieu-tri-389.html | https://bachmai.gov.vn/bai-viet/doi-moi-tu-duy-dieu-tri-dai-thao-duong-typ-2-va-chien-luoc-kiem-soat-toan-dien-bien-chung-than-kinh?id=090463d0-4515-40c8-919c-8bebc41e2c01 | https://xayenmo.ninhbinh.gov.vn/y-te-giao-duc/benh-dai-thao-duong-dau-hieu-nhan-biet-phan-loai-va-dieu-tri-389.html | https://benhviennhitrunguong.gov.vn/benh-dai-thao-duong-o-tre-em.html | https://chanthuongvacotsong.bachmai.gov.vn/huong-dan-chan-doan-va-dieu-tri-tang-huyet-ap/ | https://chanthuongvacotsong.bachmai.gov.vn/cao-huyet-ap-am-tham-ma-rat-hiem/ | https://web.archive.org/web/https://vncdc.gov.vn/huong-dan-chan-doan-va-dieu-tri-tang-huyet-ap-nd14594.html | https://chanthuongvacotsong.bachmai.gov.vn/huong-dan-chan-doan-va-dieu-tri-tang-huyet-ap/ | https://www.vinmec.com/vie/bai-viet/tai-sao-mac-benh-thi-huyet-ap-lai-tang-cao-vi | https://www.vinmec.com/vie/bai-viet/tai-sao-mac-benh-thi-huyet-ap-lai-tang-cao-vi | https://web.archive.org/web/https://tamanhhospital.vn/tang-huyet-ap-trong-benh-than/ | https://web.archive.org/web/https://vncdc.gov.vn/huong-dan-chan-doan-va-dieu-tri-tang-huyet-ap-nd14594.html | https://bachmai.gov.vn/tin-chi-tiet/-/bai-viet/tang-huyet-ap-can-benh-tham-lang-nhung-nguy-hiem-8463-146.html | https://web.archive.org/web/https://bachmai.gov.vn/tin-chi-tiet/-/bai-viet/tang-huyet-ap-can-benh-tham-lang-nhung-nguy-hiem-8463-146.html | https://bachmai.gov.vn/tin-chi-tiet/-/bai-viet/tang-huyet-ap-can-benh-tham-lang-nhung-nguy-hiem-8463-146.html | https://web.archive.org/web/https://bachmai.gov.vn/tin-chi-tiet/-/bai-viet/tang-huyet-ap-can-benh-tham-lang-nhung-nguy-hiem-8463-146.html | https://bachmai.gov.vn/tin-chi-tiet/-/bai-viet/tang-huyet-ap-can-benh-tham-lang-nhung-nguy-hiem-8463-146.html | https://web.archive.org/web/https://bachmai.gov.vn/tin-chi-tiet/-/bai-viet/tang-huyet-ap-can-benh-tham-lang-nhung-nguy-hiem-8463-146.html | https://web.archive.org/web/https://chanthuongvacotsong.bachmai.gov.vn/huong-dan-chan-doan-va-dieu-tri-tang-huyet-ap/ | https://chanthuongvacotsong.bachmai.gov.vn/huong-dan-chan-doan-va-dieu-tri-tang-huyet-ap/ | https://web.archive.org/web/http://soyte.hatinh.gov.vn/tin-tuc-su-kien/pho-bien-kien-thuc/4-bien-phap-chu-yeu-phong-benh-tang-huyet-ap.html | http://soyte.hatinh.gov.vn/tin-tuc-su-kien/pho-bien-kien-thuc/4-bien-phap-chu-yeu-phong-benh-tang-huyet-ap.html | https://web.archive.org/web/https://vncdc.gov.vn/4-bien-phap-chu-yeu-phong-benh-tang-huyet-ap-nd14878.html | https://web.archive.org/web/https://chanthuongvacotsong.bachmai.gov.vn/huong-dan-chan-doan-va-dieu-tri-tang-huyet-ap/ | https://chanthuongvacotsong.bachmai.gov.vn/huong-dan-chan-doan-va-dieu-tri-tang-huyet-ap/ | https://chanthuongvacotsong.bachmai.gov.vn/cao-huyet-ap-am-tham-ma-rat-hiem/"
"773","COMP_3aa8f49a13","Complication","Bệnh võng mạc","Tổn thương mạch máu trong mắt gây mất thị lực. | Tổn thương mạch máu trong mắt gây mất thị lực. | Tổn thương ở mắt do tăng glucose gây tổn hại mạch máu nhỏ.","https://web.archive.org/web/https://benhvienquynhon.gov.vn/tin-tuc/hoat-dong-cua-ttyt/dai-thao-duong-va-nhung-dieu-ban-can-biet/ | https://benhvienquynhon.gov.vn/tin-tuc/hoat-dong-cua-ttyt/dai-thao-duong-va-nhung-dieu-ban-can-biet/ | https://web.archive.org/web/https://benhvienquynhon.gov.vn/tin-tuc/hoat-dong-cua-ttyt/dai-thao-duong-va-nhung-dieu-ban-can-biet/"
"774","COMP_3b3b75ea01","Complication","Bệnh mạch vành","75% bệnh nhân đái tháo đường mắc, biểu hiện không điển hình. Nguy cơ tử vong cao gấp 4 lần so với người không có đái tháo đường. | 75% bệnh nhân đái tháo đường mắc bệnh lý mạch vành, nguy cơ tử vong cao gấp 4 lần so với người không có đái tháo đường. | 75% bệnh nhân đái tháo đường mắc bệnh mạch vành. Nguy cơ tử vong cao gấp 4 lần so với người không có đái tháo đường. | 75% bệnh nhân đái tháo đường mắc. Nguy cơ tử vong cao gấp 4 lần so với người không có đái tháo đường. | Tổn thương động mạch vành dẫn đến thiếu máu cơ tim. | 75% bệnh nhân đái tháo đường mắc, biểu hiện không điển hình, nguy cơ tử vong cao gấp 4 lần so với người không có đái tháo đường. | 75% bệnh nhân đái tháo đường mắc, biểu hiện không điển hình, nguy cơ tử vong cao gấp 4 lần so với người không có đái tháo đường. | 75% bệnh nhân đái tháo đường mắc, biểu hiện không điển hình, nguy cơ tử vong cao gấp 4 lần so với người không có đái tháo đường. | 75% bệnh nhân đái tháo đường mắc, biểu hiện không điển hình, nguy cơ tử vong cao gấp 4 lần so với người không có đái tháo đường. | 75% bệnh nhân đái tháo đường mắc, biểu hiện không điển hình, nguy cơ tử vong cao gấp 4 lần so với người không có đái tháo đường. | 75% bệnh nhân đái tháo đường mắc. Nguy cơ tử vong cao gấp 4 lần so với người không có đái tháo đường. | 75% bệnh nhân đái tháo đường mắc bệnh lý mạch vành, nguy cơ tử vong cao gấp 4 lần so với người không có đái tháo đường. | 75% bệnh nhân đái tháo đường mắc, biểu hiện không điển hình, nguy cơ tử vong cao gấp 4 lần so với người không có đái tháo đường. | 75% bệnh nhân đái tháo đường mắc bệnh lý mạch vành, nguy cơ tử vong cao gấp 4 lần so với người không có đái tháo đường. | 75% bệnh nhân đái tháo đường mắc, biểu hiện không điển hình, nguy cơ tử vong cao gấp 4 lần so với người không có đái tháo đường. | 75% bệnh nhân đái tháo đường mắc, nguy cơ tử vong cao gấp 4 lần người không có đái tháo đường. | 75% bệnh nhân đái tháo đường mắc. Biểu hiện không điển hình, nguy cơ tử vong cao gấp 4 lần so với người không có đái tháo đường. | 75% bệnh nhân đái tháo đường mắc bệnh lý mạch vành, nguy cơ tử vong cao gấp 4 lần so với người không có đái tháo đường. | 75% bệnh nhân đái tháo đường mắc, biểu hiện không điển hình, nguy cơ tử vong cao gấp 4 lần so với người không có đái tháo đường. | Nguy cơ tử vong cao gấp 4 lần so với người không đái tháo đường do xơ vữa động mạch. | 75% bệnh nhân đái tháo đường mắc, biểu hiện không điển hình, nguy cơ tử vong cao gấp 4 lần so với người không có đái tháo đường. | 75% bệnh nhân đái tháo đường mắc, biểu hiện không điển hình, nguy cơ tử vong cao gấp 4 lần so với người không có đái tháo đường. | 75% bệnh nhân đái tháo đường mắc. Nguy cơ tử vong cao gấp 4 lần người bình thường. Gây suy tim, tai biến. | 75% bệnh nhân đái tháo đường mắc, biểu hiện không điển hình, nguy cơ tử vong cao gấp 4 lần so với người không có đái tháo đường. | 75% bệnh nhân đái tháo đường mắc bệnh lý mạch vành, nguy cơ tử vong cao gấp 4 lần so với người không có đái tháo đường. | 75% bệnh nhân đái tháo đường mắc, biểu hiện không điển hình. Nguy cơ tử vong cao gấp 4 lần so với người không có đái tháo đường.","https://web.archive.org/web/https://bachmai.gov.vn/bai-viet/bien-chung-cua-benh-dai-thao-duong?id=f17ffc43-5abb-5dcb-54d1-d3887440a421 | https://bachmai.gov.vn/bai-viet/bien-chung-cua-benh-dai-thao-duong?id=f17ffc43-5abb-5dcb-54d1-d3887440a421 | https://web.archive.org/web/https://bachmai.gov.vn/bai-viet/bien-chung-cua-benh-dai-thao-duong?id=f17ffc43-5abb-5dcb-54d1-d3887440a421 | https://bachmai.gov.vn/bai-viet/bien-chung-cua-benh-dai-thao-duong?id=f17ffc43-5abb-5dcb-54d1-d3887440a421 | https://benhvienquynhon.gov.vn/tin-tuc/hoat-dong-cua-ttyt/dai-thao-duong-va-nhung-dieu-ban-can-biet/ | https://web.archive.org/web/https://bachmai.gov.vn/bai-viet/bien-chung-cua-benh-dai-thao-duong?id=f17ffc43-5abb-5dcb-54d1-d3887440a421 | https://bachmai.gov.vn/bai-viet/bien-chung-cua-benh-dai-thao-duong?id=f17ffc43-5abb-5dcb-54d1-d3887440a421 | https://web.archive.org/web/https://bachmai.gov.vn/bai-viet/bien-chung-cua-benh-dai-thao-duong?id=f17ffc43-5abb-5dcb-54d1-d3887440a421 | https://bachmai.gov.vn/bai-viet/bien-chung-cua-benh-dai-thao-duong?id=f17ffc43-5abb-5dcb-54d1-d3887440a421 | https://web.archive.org/web/https://bachmai.gov.vn/bai-viet/bien-chung-cua-benh-dai-thao-duong?id=f17ffc43-5abb-5dcb-54d1-d3887440a421 | https://bachmai.gov.vn/bai-viet/bien-chung-cua-benh-dai-thao-duong?id=f17ffc43-5abb-5dcb-54d1-d3887440a421 | https://web.archive.org/web/https://bachmai.gov.vn/bai-viet/bien-chung-cua-benh-dai-thao-duong?id=f17ffc43-5abb-5dcb-54d1-d3887440a421 | https://web.archive.org/web/https://bachmai.gov.vn/bai-viet/bien-chung-cua-benh-dai-thao-duong?id=f17ffc43-5abb-5dcb-54d1-d3887440a421 | https://web.archive.org/web/https://bachmai.gov.vn/bai-viet/bien-chung-cua-benh-dai-thao-duong?id=f17ffc43-5abb-5dcb-54d1-d3887440a421 | https://web.archive.org/web/https://bachmai.gov.vn/bai-viet/bien-chung-cua-benh-dai-thao-duong?id=f17ffc43-5abb-5dcb-54d1-d3887440a421 | https://bachmai.gov.vn/bai-viet/bien-chung-cua-benh-dai-thao-duong?id=f17ffc43-5abb-5dcb-54d1-d3887440a421 | https://web.archive.org/web/https://bachmai.gov.vn/bai-viet/bien-chung-cua-benh-dai-thao-duong?id=f17ffc43-5abb-5dcb-54d1-d3887440a421 | https://web.archive.org/web/https://bachmai.gov.vn/bai-viet/bien-chung-cua-benh-dai-thao-duong?id=f17ffc43-5abb-5dcb-54d1-d3887440a421 | https://web.archive.org/web/https://bachmai.gov.vn/bai-viet/bien-chung-cua-benh-dai-thao-duong?id=f17ffc43-5abb-5dcb-54d1-d3887440a421 | https://bachmai.gov.vn/bai-viet/bien-chung-cua-benh-dai-thao-duong?id=f17ffc43-5abb-5dcb-54d1-d3887440a421"
"775","COMP_3cfdc7986c","Complication","Tự tử do đau","Biến cố tâm lý cực kỳ nghiêm trọng xảy ra khi bệnh nhân chịu đựng cơn đau mãn tính không kiểm soát được.","https://bachmai.gov.vn/bai-viet/dai-thao-duong-bien-chung-tim-mach-va-than-kinh-ngoai-bien-sat-thu-tham-lang?id=994f4df4-95c1-4760-8aee-8d07a69f9fe1"
"776","COMP_3e5dc77633","Complication","Tăng nguy cơ nhiễm trùng","Do hệ miễn dịch bị ức chế bởi đường huyết cao, dễ mắc các bệnh nhiễm trùng. | Do hệ miễn dịch bị ảnh hưởng bởi tình trạng đường huyết không ổn định.","https://web.archive.org/web/https://ttytiapa.gialai.gov.vn/van-ban/huong-dan-chan-doan-va-dieu-tri-benh-dai-thao-duong-tip-1-o-.html | https://web.archive.org/web/https://benhviennhitrunguong.gov.vn/hoi-thao-xu-huong-dieu-tri-dai-thao-duong-tip-1-chung-ta-khong-the-dung-ngoai.html"
"777","COMP_3eaa9550eb","Complication","Tổn thương ống thận","Hội chứng tổn thương ở ống thận, thường được phát hiện qua dấu ấn sinh học như NGAL, KIM-1.","https://web.archive.org/web/https://vista.gov.vn/vi/news/cac-linh-vuc-khoa-hoc-va-cong-nghe/dau-an-sinh-hoc-moi-trong-phat-trien-som-bien-chung-than-do-dai-thao-duong-9409.html"
"778","COMP_401f27262f","Complication","Lở loét bàn chân","Do mất cảm giác và giảm tuần hoàn ở chân, dẫn đến nhiễm trùng nặng. | Do tổn thương thần kinh và tuần hoàn, dẫn đến mất cảm giác và nhiễm trùng kéo dài. | Do tổn thương thần kinh và tuần hoàn, dẫn đến mất cảm giác và nhiễm trùng kéo dài. | Do tổn thương thần kinh và giảm tuần hoàn máu, dẫn đến mất cảm giác và nhiễm trùng kéo dài. | Do tổn thương thần kinh và giảm tuần hoàn máu, dẫn đến nhiễm trùng và cắt cụt chi. | Do mất cảm giác và giảm tuần hoàn ở chân, dẫn đến nhiễm trùng nặng. | Do tổn thương thần kinh và tuần hoàn, dẫn đến mất cảm giác và nhiễm trùng kéo dài.","http://ttyt.tamduong.laichau.gov.vn/quan-ly-nha-nuoc/hoat-dong-doan-doi/dai-thao-duong-tuyp-2-nguyen-nhan-trieu-chung-chan-doan-va-d.html | http://ttyt.tamduong.laichau.gov.vn/quan-ly-nha-nuoc/hoat-dong-doan-doi/dai-thao-duong-tuyp-2-nguyen-nhan-trieu-chung-chan-doan-va-d.html | https://web.archive.org/web/http://ttyt.tamduong.laichau.gov.vn/quan-ly-nha-nuoc/hoat-dong-doan-doi/dai-thao-duong-tuyp-2-nguyen-nhan-trieu-chung-chan-doan-va-d.html | http://ttyt.tamduong.laichau.gov.vn/quan-ly-nha-nuoc/hoat-dong-doan-doi/dai-thao-duong-tuyp-2-nguyen-nhan-trieu-chung-chan-doan-va-d.html | https://web.archive.org/web/http://ttyt.tamduong.laichau.gov.vn/quan-ly-nha-nuoc/hoat-dong-doan-doi/dai-thao-duong-tuyp-2-nguyen-nhan-trieu-chung-chan-doan-va-d.html | https://web.archive.org/web/http://ttyt.tamduong.laichau.gov.vn/quan-ly-nha-nuoc/hoat-dong-doan-doi/dai-thao-duong-tuyp-2-nguyen-nhan-trieu-chung-chan-doan-va-d.html"
"779","COMP_409a1561e1","Complication","Teo não","Biến dạng não do tổn thương tuần hoàn. | Giảm thể tích não do tổn thương tế bào thần kinh. | Biến dạng não do tổn thương tuần hoàn.","https://web.archive.org/web/https://bachmai.gov.vn/tin-chi-tiet/-/bai-viet/tang-huyet-ap-can-benh-tham-lang-nhung-nguy-hiem-8463-146.html"
"780","COMP_40d607a131","Complication","Phù hoàng điểm","Biến chứng mắt cấp tính gây suy giảm thị lực nghiêm trọng. | Biến chứng mắt nghiêm trọng, tỷ lệ 10,2% trong nghiên cứu.","https://web.archive.org/web/https://nsti.vista.gov.vn/publication/view/dac-diem-lam-sang-can-lam-sang-va-bien-chung-mat-tren-benh-nhan-dai-thao-duong-type-2-dieu-tri-tai-khoa-noi-3-benh-vien-huu-nghi-viet-tiep-hai-phong-339420.html | https://nsti.vista.gov.vn/publication/view/dac-diem-lam-sang-can-lam-sang-va-bien-chung-mat-tren-benh-nhan-dai-thao-duong-type-2-dieu-tri-tai-khoa-noi-3-benh-vien-huu-nghi-viet-tiep-hai-phong-339420.html"
"781","COMP_420993f0b2","Complication","Phình động mạch","Giãn nở bất thường của thành động mạch do tăng áp lực. | Sự giãn nở bất thường của thành động mạch do áp lực cao kéo dài. | Sự giãn nở bất thường của thành động mạch do tăng áp lực. | Mạch máu bị giãn bất thường do áp lực cao. | Động mạch giãn rộng và yếu do áp lực cao kéo dài. | Sự giãn nở bất thường của thành động mạch do áp lực cao kéo dài. | Sự giãn nở bất thường của thành động mạch do tăng áp lực. | Sự giãn nở bất thường của thành động mạch do áp lực cao kéo dài. | Do áp lực máu cao gây yếu và phình to các mạch máu, có thể vỡ gây nguy kịch. | Sự giãn nở bất thường của thành động mạch do tăng áp lực máu. | Sự giãn nở bất thường của thành động mạch do áp lực cao kéo dài. | Sự giãn nở bất thường của thành động mạch do tăng áp lực máu. | Sự giãn nở bất thường của thành động mạch do áp lực cao kéo dài. | Sự giãn nở bất thường của thành động mạch do tăng áp lực. | Giãn nở bất thường của thành động mạch do tăng áp lực.","https://web.archive.org/web/http://bvhoanghoa.ytethanhhoa.gov.vn/web/khoa-phong-chuc-nang/khoa-phong-chuc-nang/to-cong-tac-xa-hoi/benh-tang-huyet-ap-ke-giet-nguoi-tham-lang.html | https://web.archive.org/web/http://bvhoanghoa.ytethanhhoa.gov.vn/web/khoa-phong-chuc-nang/khoa-phong-chuc-nang/to-cong-tac-xa-hoi/benh-tang-huyet-ap-ke-giet-nguoi-tham-lang.html | http://bvhoanghoa.ytethanhhoa.gov.vn/web/khoa-phong-chuc-nang/khoa-phong-chuc-nang/to-cong-tac-xa-hoi/benh-tang-huyet-ap-ke-giet-nguoi-tham-lang.html | http://bvhoanghoa.ytethanhhoa.gov.vn/web/khoa-phong-chuc-nang/khoa-phong-chuc-nang/to-cong-tac-xa-hoi/benh-tang-huyet-ap-ke-giet-nguoi-tham-lang.html | https://web.archive.org/web/http://bvhoanghoa.ytethanhhoa.gov.vn/web/khoa-phong-chuc-nang/khoa-phong-chuc-nang/to-cong-tac-xa-hoi/benh-tang-huyet-ap-ke-giet-nguoi-tham-lang.html | http://bvhoanghoa.ytethanhhoa.gov.vn/web/khoa-phong-chuc-nang/khoa-phong-chuc-nang/to-cong-tac-xa-hoi/benh-tang-huyet-ap-ke-giet-nguoi-tham-lang.html | https://web.archive.org/web/http://bvhoanghoa.ytethanhhoa.gov.vn/web/khoa-phong-chuc-nang/khoa-phong-chuc-nang/to-cong-tac-xa-hoi/benh-tang-huyet-ap-ke-giet-nguoi-tham-lang.html | https://tamanhhospital.vn/tang-huyet-ap-thu-phat/ | http://bvhoanghoa.ytethanhhoa.gov.vn/web/khoa-phong-chuc-nang/khoa-phong-chuc-nang/to-cong-tac-xa-hoi/benh-tang-huyet-ap-ke-giet-nguoi-tham-lang.html | https://web.archive.org/web/http://bvhoanghoa.ytethanhhoa.gov.vn/web/khoa-phong-chuc-nang/khoa-phong-chuc-nang/to-cong-tac-xa-hoi/benh-tang-huyet-ap-ke-giet-nguoi-tham-lang.html | http://bvhoanghoa.ytethanhhoa.gov.vn/web/khoa-phong-chuc-nang/khoa-phong-chuc-nang/to-cong-tac-xa-hoi/benh-tang-huyet-ap-ke-giet-nguoi-tham-lang.html | https://web.archive.org/web/http://bvhoanghoa.ytethanhhoa.gov.vn/web/khoa-phong-chuc-nang/khoa-phong-chuc-nang/to-cong-tac-xa-hoi/benh-tang-huyet-ap-ke-giet-nguoi-tham-lang.html"
"782","COMP_42f7b964ec","Complication","Cơn hen tim","Khó thở do bệnh tim, không liên quan đến dị nguyên hay thời tiết, kèm ran ẩm và huyết áp cao.","https://www.vinmec.com/vie/bai-viet/lam-nao-de-chan-doan-hen-phe-quan-vi"
"783","COMP_437fc7b3b9","Complication","Biến chứng võng mạc","Tổn thương ở mắt do đái tháo đường, thường đi kèm với tổn thương thận.","https://web.archive.org/web/https://vista.gov.vn/vi/news/cac-linh-vuc-khoa-hoc-va-cong-nghe/dau-an-sinh-hoc-moi-trong-phat-trien-som-bien-chung-than-do-dai-thao-duong-9409.html"
"784","COMP_438689f364","Complication","Tăng nguy cơ nhiễm trùng đường hô hấp","Do viêm mạn tính và dịch nhầy ứ đọng tạo điều kiện cho vi khuẩn phát triển.","https://web.archive.org/web/https://benhviennhitrunguong.gov.vn/tag/hen-phe-quan"
"785","COMP_44f45988a4","Complication","Bệnh mắt","Đục thủy tinh thể, trợt giác mạc, glaucoma do mạch tân tạo, hội chứng Wolfram. | Biến chứng như đục thủy tinh thể, trợt giác mạc, glaucoma, hội chứng Wolfram. | Biến chứng như đục thủy tinh thể, trợt giác mạc, glaucoma, hội chứng Wolfram. | Đục thủy tinh thể, trợt loét giác mạc, hội chứng Wolfram (đái tháo đường + teo thị giác + điếc + tiểu nhạt). | Biến chứng như đục thủy tinh thể, trợt giác mạc, glaucoma, hội chứng Wolfram. | Biến chứng như đục thủy tinh thể, trợt giác mạc, glaucoma, hội chứng Wolfram. | Đục thủy tinh thể, trợt giác mạc, glaucoma do mạch tân tạo, hội chứng Wolfram.","https://web.archive.org/web/https://bachmai.gov.vn/bai-viet/bien-chung-cua-benh-dai-thao-duong?id=f17ffc43-5abb-5dcb-54d1-d3887440a421"
"786","COMP_45aec07263","Complication","Nhồi máu cơ tim","Một biến chứng nguy hiểm có thể xảy ra khi không xử lý kịp thời. | Tình trạng tắc nghẽn mạch máu do xơ vữa động mạch gây ra nguy cơ cao ở người đái tháo đường. | Tổn thương mạch máu lớn do đường huyết cao và rối loạn lipid máu. | Biến chứng do tổn thương động mạch vành. | Biến chứng do tổn thương động mạch vành. | Biến chứng tim mạch nghiêm trọng do tăng glucose, huyết áp và cholesterol. | Do tổn thương mạch vành, tăng nguy cơ tắc nghẽn mạch máu nuôi tim. | Biến chứng tim mạch nghiêm trọng do đái tháo đường gây ra. | Biến chứng mạch vành do đái tháo đường, dẫn đến tử vong. | Biến chứng mạch vành do đái tháo đường, dẫn đến tử vong. | Biến chứng tim mạch nghiêm trọng, statin giúp phòng ngừa tiên phát và thứ phát. | Do tổn thương động mạch vành do đái tháo đường. | Biến chứng tim mạch nghiêm trọng do tổn thương động mạch vành, nguy cơ tăng 2-3 lần ở người đái tháo đường. | Biến chứng do tổn thương động mạch vành. | Biến chứng do tăng huyết áp làm tổn thương động mạch vành. | Biến chứng nguy hiểm do tổn thương mạch vành, thường gặp ở bệnh nhân tăng huyết áp. | Tổn thương cơ tim do thiếu máu nuôi dưỡng. | Tổn thương cơ tim do thiếu máu cục bộ. | Biến chứng nguy hiểm, thường gặp ở người có tăng huyết áp không kiểm soát. | Biến cố tim mạch nghiêm trọng do tăng huyết áp gây ra, thường xảy ra khi bệnh đã tiến triển lâu dài. | Tổn thương cơ tim do thiếu máu cục bộ. | Tổn thương cơ tim do thiếu máu cục bộ. | Sự tắc nghẽn động mạch nuôi tim do tăng huyết áp làm tổn thương mạch vành. | Biến chứng nguy hiểm do tổn thương mạch vành, thường gặp ở bệnh nhân tăng huyết áp. | Sự tổn thương mô tim do thiếu máu cục bộ do tắc nghẽn động mạch. | Biến chứng tim mạch nghiêm trọng do tăng huyết áp gây tổn thương động mạch vành. | Tổn thương cơ tim do tăng huyết áp gây thiếu máu cục bộ. | Biến chứng nguy hiểm, thường gặp ở người có tăng huyết áp không kiểm soát. | Tổn thương cơ tim do thiếu máu nuôi dưỡng. | Tổn thương cơ tim do tăng huyết áp gây thiếu máu cục bộ. | Tổn thương cơ tim do thiếu máu nuôi dưỡng. | Sự tổn thương mô tim do thiếu máu cục bộ do tắc nghẽn động mạch. | Sự cung cấp máu cho cơ tim bị gián đoạn do tăng huyết áp. | Sự tắc nghẽn động mạch nuôi tim do tăng huyết áp làm tổn thương mạch vành. | Biến chứng do tăng huyết áp làm tổn thương động mạch vành. | Do mảng xơ vữa động mạch vành gây tắc nghẽn, dẫn đến thiếu máu cơ tim. | Biến chứng nguy hiểm do tổn thương mạch vành, thường gặp ở bệnh nhân tăng huyết áp. | Sự cung cấp máu cho cơ tim bị gián đoạn do tắc nghẽn động mạch. | Biến chứng nguy hiểm do tổn thương mạch vành, thường gặp ở người có yếu tố nguy cơ cao. | Do tổn thương động mạch do huyết áp cao gây xơ vữa. | Sự tắc nghẽn động mạch nuôi tim do tăng huyết áp làm gia tăng nguy cơ. | Biến chứng tim mạch nghiêm trọng do tăng huyết áp, xảy ra khi dòng máu không đủ cung cấp cho cơ tim. | Biến chứng do xơ vữa mạch toàn thân ảnh hưởng đến động mạch nuôi tim. | Biến chứng tim mạch nghiêm trọng do huyết áp tăng gây ra. | Sự tắc nghẽn động mạch nuôi tim do tăng huyết áp làm gia tăng nguy cơ. | Sự cung cấp máu cho cơ tim bị gián đoạn do tắc nghẽn động mạch. | Biến chứng do tổn thương động mạch và tăng gánh nặng cho tim. | Do mảng xơ vữa trong lòng mạch vành gây tắc nghẽn, dẫn đến thiếu máu cơ tim. | Sự tắc nghẽn động mạch nuôi tim do tăng huyết áp làm tổn thương mạch vành. | Do mảng xơ vữa hình thành trong lòng mạch vành, gây tắc nghẽn mạch vành dẫn đến thiếu máu cơ tim. | Sự tổn thương mô tim do thiếu máu cục bộ do tắc nghẽn động mạch. | Biến cố cấp tính do tổn thương mạch vành, thường gặp ở bệnh nhân có nguy cơ cao. | Biến chứng nguy hiểm do tăng huyết áp làm tổn thương động mạch vành. | Tổn thương cơ tim do thiếu máu cục bộ. | Biến chứng nguy hiểm do tăng huyết áp gây tổn thương mạch vành.","https://web.archive.org/web/https://benhviendakhoasongma.gov.vn/bai-viet/hon-me-tang-ap-luc-tham-thau-do-dai-thao-duong-210 | https://web.archive.org/web/https://benhvientinh.caobang.gov.vn/index.php/vi/news/dich-vu/tiep-nhan-dieu-tri-benh-nhan-dai-thao-duong-tuyp-2-co-bien-chung-mo-mat-do-khong-di-kham-va-tam-soat-som-443.html | https://benhvientinh.caobang.gov.vn/index.php/vi/news/dich-vu/tiep-nhan-dieu-tri-benh-nhan-dai-thao-duong-tuyp-2-co-bien-chung-mo-mat-do-khong-di-kham-va-tam-soat-som-443.html | https://web.archive.org/web/https://bachmai.gov.vn/bai-viet/chan-doan-som-benh-dai-thao-duong-tip-2?id=59f9c51f-418e-9437-823c-a1a6c23c33e4 | https://web.archive.org/web/https://bachmai.gov.vn/bai-viet/chan-doan-som-benh-dai-thao-duong-tip-2?id=59f9c51f-418e-9437-823c-a1a6c23c33e4 | https://web.archive.org/web/https://www.vinmec.com/vie/bai-viet/tong-quan-ve-benh-dai-thao-duong-vi | https://www.vinmec.com/vie/bai-viet/tong-quan-ve-benh-dai-thao-duong-vi | http://soyte.hatinh.gov.vn/tin-tuc-su-kien/thong-tin-y-te/bai-truyen-thong-benh-dai-thao-duong-va-cach-phong-ngua-benh.html | https://web.archive.org/web/https://bachmai.gov.vn/tin-chi-tiet/-/bai-viet/dai-thao-duong-can-benh-nhieu-bien-chung-nguy-hiem-8-trieu-nguoi-viet-nam-dang-mac-9624-146.html | https://web.archive.org/web/https://bachmai.gov.vn/tin-chi-tiet/-/bai-viet/dai-thao-duong-can-benh-nhieu-bien-chung-nguy-hiem-8-trieu-nguoi-viet-nam-dang-mac-9624-146.html | https://bachmai.gov.vn/bai-viet/dai-thao-duong-bien-chung-tim-mach-va-than-kinh-ngoai-bien-sat-thu-tham-lang?id=994f4df4-95c1-4760-8aee-8d07a69f9fe1 | https://web.archive.org/web/https://bachmai.gov.vn/bai-viet/chan-doan-som-benh-dai-thao-duong-tip-2?id=59f9c51f-418e-9437-823c-a1a6c23c33e4 | https://www.vinmec.com/vie/bai-viet/tong-quan-ve-benh-dai-thao-duong-vi | https://web.archive.org/web/https://bachmai.gov.vn/tin-chi-tiet/-/bai-viet/chan-doan-som-benh-dai-thao-duong-tip-2-9427-146.html | https://chanthuongvacotsong.bachmai.gov.vn/huong-dan-chan-doan-va-dieu-tri-tang-huyet-ap/ | https://web.archive.org/web/http://bvhoanghoa.ytethanhhoa.gov.vn/web/khoa-phong-chuc-nang/khoa-phong-chuc-nang/to-cong-tac-xa-hoi/benh-tang-huyet-ap-ke-giet-nguoi-tham-lang.html | https://chanthuongvacotsong.bachmai.gov.vn/cao-huyet-ap-am-tham-ma-rat-hiem/ | http://bvhoanghoa.ytethanhhoa.gov.vn/web/khoa-phong-chuc-nang/khoa-phong-chuc-nang/to-cong-tac-xa-hoi/benh-tang-huyet-ap-ke-giet-nguoi-tham-lang.html | https://web.archive.org/web/http://bvhoanghoa.ytethanhhoa.gov.vn/web/khoa-phong-chuc-nang/khoa-phong-chuc-nang/to-cong-tac-xa-hoi/benh-tang-huyet-ap-ke-giet-nguoi-tham-lang.html | https://web.archive.org/web/https://vncdc.gov.vn/huong-dan-chan-doan-va-dieu-tri-tang-huyet-ap-nd14594.html | http://cdc.hatinh.gov.vn/vi/%1Cbenh-khong-lay-nhiem/topic/6029 | https://web.archive.org/web/http://cdc.hatinh.gov.vn/vi/%1Cbenh-khong-lay-nhiem/topic/6029 | https://web.archive.org/web/http://bvhoanghoa.ytethanhhoa.gov.vn/web/khoa-phong-chuc-nang/khoa-phong-chuc-nang/to-cong-tac-xa-hoi/benh-tang-huyet-ap-ke-giet-nguoi-tham-lang.html | https://chanthuongvacotsong.bachmai.gov.vn/huong-dan-chan-doan-va-dieu-tri-tang-huyet-ap/ | https://web.archive.org/web/http://bvhoanghoa.ytethanhhoa.gov.vn/web/khoa-phong-chuc-nang/khoa-phong-chuc-nang/to-cong-tac-xa-hoi/benh-tang-huyet-ap-ke-giet-nguoi-tham-lang.html | http://bvhoanghoa.ytethanhhoa.gov.vn/web/khoa-phong-chuc-nang/khoa-phong-chuc-nang/to-cong-tac-xa-hoi/benh-tang-huyet-ap-ke-giet-nguoi-tham-lang.html | https://web.archive.org/web/http://bvhoanghoa.ytethanhhoa.gov.vn/web/khoa-phong-chuc-nang/khoa-phong-chuc-nang/to-cong-tac-xa-hoi/dieu-can-luu-y-khi-dieu-tri-tang-huyet-ap.html | https://web.archive.org/web/https://vncdc.gov.vn/huong-dan-chan-doan-va-dieu-tri-tang-huyet-ap-nd14594.html | https://web.archive.org/web/https://bachmai.gov.vn/tin-chi-tiet/-/bai-viet/tang-huyet-ap-can-benh-tham-lang-nhung-nguy-hiem-8463-146.html | https://web.archive.org/web/https://bachmai.gov.vn/tin-chi-tiet/-/bai-viet/tang-huyet-ap-can-benh-tham-lang-nhung-nguy-hiem-8463-146.html | https://web.archive.org/web/https://bachmai.gov.vn/tin-chi-tiet/-/bai-viet/tang-huyet-ap-can-benh-tham-lang-nhung-nguy-hiem-8463-146.html | http://bvhoanghoa.ytethanhhoa.gov.vn/web/khoa-phong-chuc-nang/khoa-phong-chuc-nang/to-cong-tac-xa-hoi/benh-tang-huyet-ap-ke-giet-nguoi-tham-lang.html | https://soyte.tuyenquang.gov.vn/tin-tuc/tang-huyet-ap-va-nhung-bien-chung-nguy-hiem.html | https://web.archive.org/web/http://bvhoanghoa.ytethanhhoa.gov.vn/web/khoa-phong-chuc-nang/khoa-phong-chuc-nang/to-cong-tac-xa-hoi/benh-tang-huyet-ap-ke-giet-nguoi-tham-lang.html | http://bvhoanghoa.ytethanhhoa.gov.vn/web/khoa-phong-chuc-nang/khoa-phong-chuc-nang/to-cong-tac-xa-hoi/benh-tang-huyet-ap-ke-giet-nguoi-tham-lang.html | https://web.archive.org/web/https://chanthuongvacotsong.bachmai.gov.vn/huong-dan-chan-doan-va-dieu-tri-tang-huyet-ap/ | https://chanthuongvacotsong.bachmai.gov.vn/huong-dan-chan-doan-va-dieu-tri-tang-huyet-ap/ | https://tamanhhospital.vn/tang-huyet-ap-thu-phat/ | http://bvhoanghoa.ytethanhhoa.gov.vn/web/khoa-phong-chuc-nang/khoa-phong-chuc-nang/to-cong-tac-xa-hoi/benh-tang-huyet-ap-ke-giet-nguoi-tham-lang.html | https://web.archive.org/web/http://bvhoanghoa.ytethanhhoa.gov.vn/web/khoa-phong-chuc-nang/khoa-phong-chuc-nang/to-cong-tac-xa-hoi/benh-tang-huyet-ap-ke-giet-nguoi-tham-lang.html | https://web.archive.org/web/https://medlatec.vn/tin-tuc/hep-dong-mach-than-la-gi-muc-do-nguy-hiem-va-phuong-phap-dieu-tri | https://web.archive.org/web/http://bvhoanghoa.ytethanhhoa.gov.vn/web/khoa-phong-chuc-nang/khoa-phong-chuc-nang/to-cong-tac-xa-hoi/dieu-can-luu-y-khi-dieu-tri-tang-huyet-ap.html | https://web.archive.org/web/https://vncdc.gov.vn/4-bien-phap-chu-yeu-phong-benh-tang-huyet-ap-nd14878.html | http://soyte.hatinh.gov.vn/tin-tuc-su-kien/pho-bien-kien-thuc/4-bien-phap-chu-yeu-phong-benh-tang-huyet-ap.html | https://web.archive.org/web/http://soyte.hatinh.gov.vn/tin-tuc-su-kien/pho-bien-kien-thuc/4-bien-phap-chu-yeu-phong-benh-tang-huyet-ap.html | http://bvhoanghoa.ytethanhhoa.gov.vn/web/khoa-phong-chuc-nang/khoa-phong-chuc-nang/to-cong-tac-xa-hoi/benh-tang-huyet-ap-ke-giet-nguoi-tham-lang.html | https://web.archive.org/web/http://bvhoanghoa.ytethanhhoa.gov.vn/web/khoa-phong-chuc-nang/khoa-phong-chuc-nang/to-cong-tac-xa-hoi/benh-tang-huyet-ap-ke-giet-nguoi-tham-lang.html | https://soyte.tuyenquang.gov.vn/tin-tuc/tang-huyet-ap-va-nhung-bien-chung-nguy-hiem.html | https://web.archive.org/web/http://bvhoanghoa.ytethanhhoa.gov.vn/web/khoa-phong-chuc-nang/khoa-phong-chuc-nang/to-cong-tac-xa-hoi/benh-tang-huyet-ap-ke-giet-nguoi-tham-lang.html | https://web.archive.org/web/https://soyte.tuyenquang.gov.vn/tin-tuc/tang-huyet-ap-va-nhung-bien-chung-nguy-hiem.html | http://bvhoanghoa.ytethanhhoa.gov.vn/web/khoa-phong-chuc-nang/khoa-phong-chuc-nang/to-cong-tac-xa-hoi/benh-tang-huyet-ap-ke-giet-nguoi-tham-lang.html | https://web.archive.org/web/https://chanthuongvacotsong.bachmai.gov.vn/huong-dan-chan-doan-va-dieu-tri-tang-huyet-ap/ | https://chanthuongvacotsong.bachmai.gov.vn/huong-dan-chan-doan-va-dieu-tri-tang-huyet-ap/ | https://web.archive.org/web/http://bvhoanghoa.ytethanhhoa.gov.vn/web/khoa-phong-chuc-nang/khoa-phong-chuc-nang/to-cong-tac-xa-hoi/benh-tang-huyet-ap-ke-giet-nguoi-tham-lang.html | https://chanthuongvacotsong.bachmai.gov.vn/cao-huyet-ap-am-tham-ma-rat-hiem/"
"787","COMP_46eec2ed05","Complication","Ngừng tim","Hậu quả nguy hiểm của cơn hen cấp không được xử lý kịp thời.","https://benhviennhitrunguong.gov.vn/tag/hen-phe-quan | https://benhviennhitrunguong.gov.vn/tag/hen-phe-quan | https://web.archive.org/web/https://benhviennhitrunguong.gov.vn/tag/hen-phe-quan"
"788","COMP_4836fc1ffc","Complication","Xẹp phổi","Biến chứng thường gặp ở trẻ em, ảnh hưởng đến phát triển thể lực.","https://www.vinmec.com/vie/bai-viet/bien-chung-lau-dai-cua-benh-hen-phe-quan-vi"
"789","COMP_4857846589","Complication","Rối loạn nhịp tim","Do nồng độ kali trong máu tăng cao khi thận suy, gây nguy hiểm cho hệ tim mạch. | Nguy cơ tử vong đột ngột do dùng quá liều thuốc dãn phế quản.","https://www.vinmec.com/vie/bai-viet/dieu-tri-tang-huyet-ap-kem-suy-man-vi | https://www.vinmec.com/vie/bai-viet/bien-chung-lau-dai-cua-benh-hen-phe-quan-vi"
"790","COMP_4bc27e58a2","Complication","Bệnh tim và mạch máu","Tăng nguy cơ mắc bệnh mạch vành, đau thắt ngực, đột quỵ, xơ vữa động mạch, huyết áp cao. | Tăng nguy cơ mắc bệnh mạch vành, đau thắt ngực, đột quỵ, xơ vữa động mạch và huyết áp cao.","https://benhviennhitrunguong.gov.vn/benh-dai-thao-duong-o-tre-em.html | https://web.archive.org/web/https://benhviennhitrunguong.gov.vn/benh-dai-thao-duong-o-tre-em.html | https://web.archive.org/web/https://benhviennhitrunguong.gov.vn/benh-dai-thao-duong-o-tre-em.html | https://web.archive.org/web/https://benhviennhitrunguong.gov.vn/benh-dai-thao-duong-o-tre-em.html | https://benhviennhitrunguong.gov.vn/benh-dai-thao-duong-o-tre-em.html | https://web.archive.org/web/https://benhviennhitrunguong.gov.vn/benh-dai-thao-duong-o-tre-em.html | https://benhviennhitrunguong.gov.vn/benh-dai-thao-duong-o-tre-em.html | https://benhviennhitrunguong.gov.vn/benh-dai-thao-duong-o-tre-em.html"
"791","COMP_4c87380abc","Complication","Giảm tuổi thọ","Tuổi thọ trung bình của bệnh nhân COPD có thể giảm 0.3 - 6 năm, thậm chí 8-9 năm ở giai đoạn nặng.","https://medlatec.vn/tin-tuc/benh-nhan-phoi-tac-nghen-phoi-man-tinh-song-duoc-bao-lau-cai-thien-tuoi-tho-bang-cach-nao"
"792","COMP_4e99cb614c","Complication","Viêm đường hô hấp","Các bệnh lý viêm nhiễm đường hô hấp trên có thể gây khởi phát cơn hen.","https://www.vinmec.com/vie/benh/hen-phe-quan-2949"
"793","COMP_5004f74a29","Complication","Hôn mê nhiễm toan ceton","Trạng thái nguy hiểm do tích tụ axit ceton trong máu, thường gặp ở đái tháo đường típ 1. | Trạng thái cấp tính nguy hiểm do tích tụ axit ceton trong máu. | Trạng thái nguy hiểm do tích tụ axit ceton trong máu, thường gặp ở đái tháo đường típ 1. | Biến chứng cấp tính nguy hiểm do thiếu insulin, gây rối loạn chuyển hóa và tổn thương đa cơ quan. Cần điều trị tích cực tại trung tâm hồi sức. | Biến chứng cấp tính nguy hiểm, do thiếu insulin gây rối loạn chuyển hóa. | Biến chứng cấp tính nguy hiểm do thiếu insulin, gây rối loạn chuyển hóa và tổn thương đa cơ quan. Cần điều trị tích cực tại trung tâm hồi sức. | Biến chứng cấp tính nguy hiểm do thiếu insulin, gây rối loạn chuyển hóa và tổn thương đa cơ quan. Cần điều trị tích cực tại trung tâm hồi sức. | Biến chứng cấp tính nguy hiểm do thiếu insulin, gây rối loạn chuyển hóa và tổn thương đa cơ quan. Cần điều trị tích cực tại trung tâm hồi sức. | Biến chứng cấp tính nguy hiểm, do thiếu insulin gây rối loạn chuyển hóa. | Biến chứng cấp tính nguy hiểm do thiếu insulin, gây rối loạn chuyển hóa và tổn thương đa cơ quan. Cần điều trị tích cực tại trung tâm hồi sức. | Biến chứng cấp tính nguy hiểm do thiếu insulin, gây rối loạn chuyển hóa và tổn thương đa cơ quan. Cần điều trị tích cực tại trung tâm hồi sức. | Biến chứng cấp tính nguy hiểm do thiếu insulin, gây rối loạn chuyển hóa và tổn thương đa cơ quan. Cần điều trị tích cực tại trung tâm hồi sức. | Biến chứng cấp tính nguy hiểm, do thiếu insulin gây rối loạn chuyển hóa.","https://web.archive.org/web/https://benhvienquynhon.gov.vn/tin-tuc/hoat-dong-cua-ttyt/dai-thao-duong-va-nhung-dieu-ban-can-biet/ | https://benhvienquynhon.gov.vn/tin-tuc/hoat-dong-cua-ttyt/dai-thao-duong-va-nhung-dieu-ban-can-biet/ | https://web.archive.org/web/https://benhvienquynhon.gov.vn/tin-tuc/hoat-dong-cua-ttyt/dai-thao-duong-va-nhung-dieu-ban-can-biet/ | https://web.archive.org/web/https://vncdc.gov.vn/huong-dan-chan-doan-va-dieu-tri-benh-dai-thao-duong-tuyp-2-nd14582.html | https://chanthuongvacotsong.bachmai.gov.vn/huong-dan-chan-doan-va-dieu-tri-dai-thao-duong-type-2/ | https://web.archive.org/web/https://chanthuongvacotsong.bachmai.gov.vn/huong-dan-chan-doan-va-dieu-tri-dai-thao-duong-type-2/ | https://web.archive.org/web/https://vncdc.gov.vn/huong-dan-chan-doan-va-dieu-tri-benh-dai-thao-duong-tuyp-2-nd14582.html | https://web.archive.org/web/https://vncdc.gov.vn/huong-dan-chan-doan-va-dieu-tri-benh-dai-thao-duong-tuyp-2-nd14582.html | https://web.archive.org/web/https://vncdc.gov.vn/huong-dan-chan-doan-va-dieu-tri-benh-dai-thao-duong-tuyp-2-nd14582.html | https://web.archive.org/web/https://vncdc.gov.vn/huong-dan-chan-doan-va-dieu-tri-benh-dai-thao-duong-tuyp-2-nd14582.html | https://chanthuongvacotsong.bachmai.gov.vn/huong-dan-chan-doan-va-dieu-tri-dai-thao-duong-type-2/ | https://web.archive.org/web/https://chanthuongvacotsong.bachmai.gov.vn/huong-dan-chan-doan-va-dieu-tri-dai-thao-duong-type-2/ | https://web.archive.org/web/https://vncdc.gov.vn/huong-dan-chan-doan-va-dieu-tri-benh-dai-thao-duong-tuyp-2-nd14582.html | https://web.archive.org/web/https://vncdc.gov.vn/huong-dan-chan-doan-va-dieu-tri-benh-dai-thao-duong-tuyp-2-nd14582.html | https://chanthuongvacotsong.bachmai.gov.vn/huong-dan-chan-doan-va-dieu-tri-dai-thao-duong-type-2/ | https://web.archive.org/web/https://chanthuongvacotsong.bachmai.gov.vn/huong-dan-chan-doan-va-dieu-tri-dai-thao-duong-type-2/"
"794","COMP_522165c9a9","Complication","Đợt cấp do bội nhiễm","Biến chứng thường gặp khi đờm chuyển sang màu mủ, biểu hiện tăng ho, khó thở và có thể sốt.","https://web.archive.org/web/https://vncdc.gov.vn/huong-dan-chan-doan-va-dieu-tri-benh-phoi-tac-nghen-man-tinh-nd14577.html"
"795","COMP_52e2393795","Complication","Khí phế thũng","Do khí ứ lại trong phổi, phá vỡ cấu trúc phế nang dẫn đến khó thở khi gắng sức.","https://www.vinmec.com/vie/bai-viet/bien-chung-lau-dai-cua-benh-hen-phe-quan-vi"
"796","COMP_5453ae817d","Complication","Cụt chi do tắc mạch","Tắc mạch ngoại biên gây hoại tử mô, cần cắt bỏ chi nếu không điều trị kịp thời.","https://cdc.ninhbinh.gov.vn/tin-tuc-su-kien/benh-dai-thao-duong-va-cach-phong-ngua-benh2.html"
"797","COMP_5477100836","Complication","Sốc do thiếu oxy","Biến chứng nguy hiểm khi cơ thể không đáp ứng đủ với tình trạng thiếu oxy.","https://medlatec.vn/tu-dien-benh-ly/con-hen-ac-tinh"
"798","COMP_55d6a0f593","Complication","Rối loạn chức năng thận","Được đánh giá qua tỉ số Albumin/creatinin nước tiểu, creatinin huyết thanh và độ lọc cầu thận.","https://web.archive.org/web/https://www.benhviendakhoasongma.gov.vn/bai-viet/benh-dai-thao-duong-220"
"799","COMP_567dd0548a","Complication","Biến chứng tăng huyết áp","Tăng huyết áp đi kèm làm tăng nguy cơ tổn thương thận và tim mạch.","https://nsti.vista.gov.vn/publication/view/nghien-cuu-dac-diem-lam-sang-can-lam-sang-va-danh-gia-bien-chung-than-o-benh-nhan-dai-thao-duong-type-2-tai-khoa-noi-3-benh-vien-huu-nghi-viet-tiep-hai-phong-350723.html"
"800","COMP_5827116ec1","Complication","Suy tim do ĐTĐ","Biến chứng mạch máu lớn ảnh hưởng đến chức năng tim, dẫn đến suy tim.","https://web.archive.org/web/https://bachmai.gov.vn/tin-chi-tiet/-/bai-viet/dai-thao-duong-can-benh-nhieu-bien-chung-nguy-hiem-8-trieu-nguoi-viet-nam-dang-mac-9624-146.html"
"801","COMP_58589e5976","Complication","Rối loạn tim mạch","Gây đột quỵ, suy tim do tổn thương mạch máu và tăng huyết áp.","https://syt.dongnai.gov.vn/vi/news/Suc-khoe-cong-dong/nhung-bien-chung-nguy-hiem-cua-benh-tieu-duong-2511.html"
"802","COMP_58c78ab191","Complication","Rối loạn cương dương","Hậu quả của tổn thương tuần hoàn và thần kinh do tăng huyết áp. | Tình trạng khó duy trì hoặc đạt được cương cứng do ảnh hưởng của tăng huyết áp và các yếu tố kèm theo. | Tình trạng khó đạt cực khoái do ảnh hưởng của huyết áp cao và các yếu tố kèm theo. | Tăng huyết áp ảnh hưởng đến lưu thông máu, gây rối loạn chức năng sinh lý nam. | Tình trạng rối loạn chức năng cương dương, thường gặp ở nam giới mắc tăng huyết áp. | Hậu quả của tổn thương tuần hoàn và thần kinh do tăng huyết áp. | Tình trạng khó duy trì hoặc đạt được cương cứng do ảnh hưởng của tăng huyết áp và các yếu tố kèm theo. | Hậu quả của tăng huyết áp ảnh hưởng đến lưu thông máu và thần kinh. | Tình trạng khó duy trì cương cứng do ảnh hưởng của tăng huyết áp và các yếu tố kèm theo. | Tăng huyết áp ảnh hưởng đến lưu thông máu, gây rối loạn chức năng sinh lý nam. | Hậu quả của tổn thương tuần hoàn và thần kinh do tăng huyết áp. | Tăng huyết áp ảnh hưởng đến lưu thông máu đến cơ quan sinh dục nam. | Tình trạng rối loạn chức năng cương dương, thường gặp ở nam giới mắc tăng huyết áp. | Tăng huyết áp ảnh hưởng đến lưu thông máu, gây rối loạn chức năng sinh lý nam giới.","https://web.archive.org/web/http://bvhoanghoa.ytethanhhoa.gov.vn/web/khoa-phong-chuc-nang/khoa-phong-chuc-nang/phong-cong-tac-xa-hoi/dieu-can-luu-y-khi-dieu-tri-tang-huyet-ap.html | http://bvhoanghoa.ytethanhhoa.gov.vn/web/khoa-phong-chuc-nang/khoa-phong-chuc-nang/phong-cong-tac-xa-hoi/dieu-can-luu-y-khi-dieu-tri-tang-huyet-ap.html | http://bvhoanghoa.ytethanhhoa.gov.vn/web/khoa-phong-chuc-nang/khoa-phong-chuc-nang/phong-cong-tac-xa-hoi/dieu-can-luu-y-khi-dieu-tri-tang-huyet-ap.html | https://web.archive.org/web/http://bvhoanghoa.ytethanhhoa.gov.vn/web/khoa-phong-chuc-nang/khoa-phong-chuc-nang/phong-cong-tac-xa-hoi/dieu-can-luu-y-khi-dieu-tri-tang-huyet-ap.html | http://bvhoanghoa.ytethanhhoa.gov.vn/web/khoa-phong-chuc-nang/khoa-phong-chuc-nang/to-cong-tac-xa-hoi/dieu-can-luu-y-khi-dieu-tri-tang-huyet-ap.html | http://bvhoanghoa.ytethanhhoa.gov.vn/web/khoa-phong-chuc-nang/khoa-phong-chuc-nang/phong-cong-tac-xa-hoi/dieu-can-luu-y-khi-dieu-tri-tang-huyet-ap.html | https://web.archive.org/web/http://bvhoanghoa.ytethanhhoa.gov.vn/web/khoa-phong-chuc-nang/khoa-phong-chuc-nang/phong-cong-tac-xa-hoi/dieu-can-luu-y-khi-dieu-tri-tang-huyet-ap.html | http://bvhoanghoa.ytethanhhoa.gov.vn/web/khoa-phong-chuc-nang/khoa-phong-chuc-nang/phong-cong-tac-xa-hoi/dieu-can-luu-y-khi-dieu-tri-tang-huyet-ap.html | https://web.archive.org/web/http://bvhoanghoa.ytethanhhoa.gov.vn/web/khoa-phong-chuc-nang/khoa-phong-chuc-nang/phong-cong-tac-xa-hoi/dieu-can-luu-y-khi-dieu-tri-tang-huyet-ap.html | http://bvhoanghoa.ytethanhhoa.gov.vn/web/khoa-phong-chuc-nang/khoa-phong-chuc-nang/phong-cong-tac-xa-hoi/dieu-can-luu-y-khi-dieu-tri-tang-huyet-ap.html | https://web.archive.org/web/http://bvhoanghoa.ytethanhhoa.gov.vn/web/khoa-phong-chuc-nang/khoa-phong-chuc-nang/phong-cong-tac-xa-hoi/dieu-can-luu-y-khi-dieu-tri-tang-huyet-ap.html | http://bvhoanghoa.ytethanhhoa.gov.vn/web/khoa-phong-chuc-nang/khoa-phong-chuc-nang/to-cong-tac-xa-hoi/dieu-can-luu-y-khi-dieu-tri-tang-huyet-ap.html | http://bvhoanghoa.ytethanhhoa.gov.vn/web/khoa-phong-chuc-nang/khoa-phong-chuc-nang/phong-cong-tac-xa-hoi/dieu-can-luu-y-khi-dieu-tri-tang-huyet-ap.html"
"803","COMP_58fefd32de","Complication","Vết loét bàn chân","Biến chứng phổ biến, thường gặp ở người bệnh đái tháo đường không kiểm soát tốt.","https://bachmai.gov.vn/tin-chi-tiet/-/bai-viet/cap-nhat-chan-doan-dieu-tri-benh-dai-thao-duong-va-bien-chung-8971-144.html"
"804","COMP_590eb45f03","Complication","Tàn phế","Hậu quả nghiêm trọng của biến chứng thần kinh và tuần hoàn, có thể ngăn ngừa bằng can thiệp sớm.","https://bachmai.gov.vn/bai-viet/doi-moi-tu-duy-dieu-tri-dai-thao-duong-typ-2-va-chien-luoc-kiem-soat-toan-dien-bien-chung-than-kinh?id=090463d0-4515-40c8-919c-8bebc41e2c01"
"805","COMP_5a6c9c9ba4","Complication","Tăng nguy cơ tái phát","Do không điều trị đầy đủ và không thăm khám định kỳ.","https://benhviennhitrunguong.gov.vn/tag/hen-phe-quan | https://benhviennhitrunguong.gov.vn/tag/hen-phe-quan | https://web.archive.org/web/https://benhviennhitrunguong.gov.vn/tag/hen-phe-quan"
"806","COMP_5c7ef63953","Complication","Tăng nguy cơ nhập viện","Hen phế quản gia tăng trong thời điểm giao mùa dẫn đến nhiều trẻ phải nhập viện.","https://web.archive.org/web/https://benhviennhitrunguong.gov.vn/tag/hen-phe-quan"
"807","COMP_5e0fce0542","Complication","Tử vong do đái tháo đường","Mức độ tử vong cao do không kiểm soát tốt bệnh và thiếu tiếp cận điều trị.","https://web.archive.org/web/https://bachmai.gov.vn/bai-viet/ca-the-hoa-dieu-tri-dai-thao-duong-tip-2-tai-cac-nuoc-dang-phat-trien-thach-thuc-va-co-hoi?id=4b51fe29-8515-42d1-bff3-85563163f16c"
"808","COMP_5e1db0f1e6","Complication","Tử vong do hen","Nguy cơ tử vong cao nếu không phát hiện và điều trị kịp thời. | Nguy cơ cao nếu không điều trị kịp thời trong cơn hen ác tính. | Nguy cơ cao nếu bệnh nhân không tuân thủ điều trị và không được xử trí cấp cứu kịp thời.","https://bachmai.gov.vn/bai-viet/4-dau-hieu-dac-trung-cua-benh-hen?id=cfcfedc5-527d-7f6f-5a9e-002886825b9b | https://web.archive.org/web/http://phacdo.soytequangninh.gov.vn/news/tin-tuc-su-kien/hen-phe-quan-hieu-dung-de-song-khoe-dieu-tri-hieu-qua-phong-ngua-chu-dong.html | http://phacdo.soytequangninh.gov.vn/news/tin-tuc-su-kien/hen-phe-quan-hieu-dung-de-song-khoe-dieu-tri-hieu-qua-phong-ngua-chu-dong.html"
"809","COMP_5ebb0c1192","Complication","Hôn mê tăng áp lực thẩm thấu","Biến chứng cấp tính thường gặp ở người cao tuổi, có tiên lượng xấu, tỷ lệ tử vong lên đến 50%. | Biến chứng cấp tính thường gặp ở người đái tháo đường týp 2 trên 60 tuổi, tiên lượng xấu. | Biến chứng cấp tính thường gặp ở người cao tuổi, có tiên lượng xấu, tỷ lệ tử vong lên đến 50%. | Biến chứng cấp tính thường gặp ở người cao tuổi, có tiên lượng xấu, tỷ lệ tử vong lên đến 50%. | Biến chứng cấp tính thường gặp ở người cao tuổi, có tiên lượng xấu, tỷ lệ tử vong lên đến 50%. | Biến chứng cấp tính thường gặp ở người đái tháo đường týp 2 trên 60 tuổi, tiên lượng xấu. | Biến chứng cấp tính do tăng đường huyết không nhiễm toan ceton, thường gặp ở người cao tuổi. Tiên lượng xấu, tỷ lệ tử vong cao. | Biến chứng cấp tính thường gặp ở người cao tuổi, có tiên lượng xấu, tỷ lệ tử vong lên đến 50%. | Biến chứng cấp tính do tăng đường huyết không nhiễm toan ceton, thường gặp ở người cao tuổi. Tiên lượng xấu, tỷ lệ tử vong cao. | Biến chứng cấp tính thường gặp ở người đái tháo đường týp 2 trên 60 tuổi, tiên lượng xấu.","https://web.archive.org/web/https://vncdc.gov.vn/huong-dan-chan-doan-va-dieu-tri-benh-dai-thao-duong-tuyp-2-nd14582.html | https://chanthuongvacotsong.bachmai.gov.vn/huong-dan-chan-doan-va-dieu-tri-dai-thao-duong-type-2/ | https://web.archive.org/web/https://chanthuongvacotsong.bachmai.gov.vn/huong-dan-chan-doan-va-dieu-tri-dai-thao-duong-type-2/ | https://web.archive.org/web/https://vncdc.gov.vn/huong-dan-chan-doan-va-dieu-tri-benh-dai-thao-duong-tuyp-2-nd14582.html | https://web.archive.org/web/https://vncdc.gov.vn/huong-dan-chan-doan-va-dieu-tri-benh-dai-thao-duong-tuyp-2-nd14582.html | https://web.archive.org/web/https://vncdc.gov.vn/huong-dan-chan-doan-va-dieu-tri-benh-dai-thao-duong-tuyp-2-nd14582.html | https://web.archive.org/web/https://vncdc.gov.vn/huong-dan-chan-doan-va-dieu-tri-benh-dai-thao-duong-tuyp-2-nd14582.html | https://chanthuongvacotsong.bachmai.gov.vn/huong-dan-chan-doan-va-dieu-tri-dai-thao-duong-type-2/ | https://web.archive.org/web/https://chanthuongvacotsong.bachmai.gov.vn/huong-dan-chan-doan-va-dieu-tri-dai-thao-duong-type-2/ | https://web.archive.org/web/https://vncdc.gov.vn/huong-dan-chan-doan-va-dieu-tri-benh-dai-thao-duong-tuyp-2-nd14582.html | https://web.archive.org/web/https://vncdc.gov.vn/huong-dan-chan-doan-va-dieu-tri-benh-dai-thao-duong-tuyp-2-nd14582.html | https://chanthuongvacotsong.bachmai.gov.vn/huong-dan-chan-doan-va-dieu-tri-dai-thao-duong-type-2/ | https://web.archive.org/web/https://chanthuongvacotsong.bachmai.gov.vn/huong-dan-chan-doan-va-dieu-tri-dai-thao-duong-type-2/"
"810","COMP_5f31f125fa","Complication","Viêm phổi nặng","Biến chứng thường gặp trong các ca nhiễm cúm A/H5N1 hoặc A/H7N9.","https://web.archive.org/web/http://www.tapchiyhocduphong.vn/tap-chi-y-hoc-du-phong/2015/08/kien-thuc-ve-benh-dai-thao-duong-va-mot-so-yeu-to-lien-quan-cua-nguoi-benh-tai-c-o81E20305.html"
"811","COMP_5fb9334d11","Complication","Rối loạn Lipid máu","Nguyên nhân gây xơ vữa động mạch, phổ biến hơn ở type 2. | Nguyên nhân gây xơ vữa động mạch, gặp ở cả hai type nhưng phổ biến hơn ở type 2. | Nguyên nhân gây xơ vữa động mạch, phổ biến hơn ở type 2. | Gặp ở cả hai type, phổ biến hơn ở type 2. Gây xơ vữa động mạch và các biến chứng khác. | Nguyên nhân gây xơ vữa động mạch, gặp ở cả hai type nhưng phổ biến hơn ở type 2. | Nguyên nhân gây xơ vữa động mạch. Hay gặp ở type 2. | Nguyên nhân xơ vữa động mạch. Hay gặp ở type 2. | Nguyên nhân gây xơ vữa động mạch. Hay gặp ở type 2. | Nguyên nhân gây xơ vữa động mạch, phổ biến hơn ở type 2. | Tăng cholesterol, triglyceride gây xơ vữa động mạch, phổ biến ở type 2. | Nguyên nhân gây xơ vữa động mạch, phổ biến hơn ở type 2. | Nguyên nhân xơ vữa động mạch. Hay gặp ở type 2. | Nguyên nhân xơ vữa động mạch. Hay gặp ở type 2. | Biến chứng mãn tính do rối loạn chuyển hóa lipid, đặc biệt ở type 2. | Nguyên nhân xơ vữa động mạch. Hay gặp ở type 2. | Nguyên nhân gây xơ vữa động mạch, phổ biến hơn ở type 2. | Nguyên nhân gây xơ vữa động mạch, phổ biến ở type 2. | Nguyên nhân gây xơ vữa động mạch. Hay gặp ở type 2. | Nguyên nhân gây xơ vữa động mạch, gặp ở cả hai type nhưng phổ biến hơn ở type 2. | Nguyên nhân gây xơ vữa động mạch, gặp ở cả hai type nhưng phổ biến hơn ở type 2. | Nguyên nhân xơ vữa động mạch. Hay gặp ở type 2. | Gặp ở cả hai type, phổ biến hơn ở type 2. Là nguyên nhân gây xơ vữa động mạch. | Nguyên nhân gây xơ vữa động mạch, phổ biến hơn ở type 2. | Nguyên nhân gây xơ vữa động mạch, phổ biến ở type 2. | Nguyên nhân gây xơ vữa động mạch, gặp ở cả hai type nhưng phổ biến hơn ở type 2. | Gặp ở cả hai type, nhưng phổ biến hơn ở type 2. Là nguyên nhân gây xơ vữa động mạch. | Gặp ở cả hai type, phổ biến hơn ở type 2 → gây xơ vữa động mạch. | Nguyên nhân gây xơ vữa động mạch, gặp ở cả hai type nhưng phổ biến hơn ở type 2. | Nguyên nhân gây xơ vữa động mạch, phổ biến hơn ở type 2. | Nguyên nhân xơ vữa động mạch. Hay gặp ở type 2. | Nguyên nhân gây xơ vữa động mạch, phổ biến ở type 2. | Nguyên nhân gây xơ vữa động mạch, phổ biến ở type 2. | Nguyên nhân gây xơ vữa động mạch, gặp ở cả hai type nhưng phổ biến hơn ở type 2. | Gặp ở cả hai type, phổ biến hơn ở type 2. Gây xơ vữa động mạch. | Nguyên nhân gây xơ vữa động mạch, gặp ở cả hai type nhưng phổ biến hơn ở type 2. | Nguyên nhân xơ vữa động mạch. Hay gặp ở type 2. | Tăng cholesterol, triglyceride gây xơ vữa động mạch, phổ biến ở type 2. | Nguyên nhân gây xơ vữa động mạch, phổ biến ở type 2. | Nguyên nhân xơ vữa động mạch. Hay gặp ở type 2. | Nguyên nhân xơ vữa động mạch. Hay gặp ở type 2. | Nguyên nhân gây xơ vữa động mạch, gặp ở cả hai type nhưng phổ biến hơn ở type 2. | Nguyên nhân gây xơ vữa động mạch. Hay gặp ở type 2. | Nguyên nhân gây xơ vữa động mạch, gặp ở cả hai type nhưng phổ biến hơn ở type 2.","https://bachmai.gov.vn/bai-viet/bien-chung-cua-benh-dai-thao-duong?id=f17ffc43-5abb-5dcb-54d1-d3887440a421 | https://web.archive.org/web/https://bachmai.gov.vn/bai-viet/bien-chung-cua-benh-dai-thao-duong?id=f17ffc43-5abb-5dcb-54d1-d3887440a421 | https://bachmai.gov.vn/bai-viet/bien-chung-cua-benh-dai-thao-duong?id=f17ffc43-5abb-5dcb-54d1-d3887440a421 | https://bachmai.gov.vn/bai-viet/bien-chung-cua-benh-dai-thao-duong?id=f17ffc43-5abb-5dcb-54d1-d3887440a421 | https://web.archive.org/web/https://bachmai.gov.vn/bai-viet/bien-chung-cua-benh-dai-thao-duong?id=f17ffc43-5abb-5dcb-54d1-d3887440a421 | https://web.archive.org/web/https://bachmai.gov.vn/bai-viet/bien-chung-cua-benh-dai-thao-duong?id=f17ffc43-5abb-5dcb-54d1-d3887440a421 | https://bachmai.gov.vn/bai-viet/bien-chung-cua-benh-dai-thao-duong?id=f17ffc43-5abb-5dcb-54d1-d3887440a421 | https://web.archive.org/web/https://bachmai.gov.vn/bai-viet/bien-chung-cua-benh-dai-thao-duong?id=f17ffc43-5abb-5dcb-54d1-d3887440a421 | https://chanthuongvacotsong.bachmai.gov.vn/bien-chung-cua-benh-dai-thao-duong/ | https://bachmai.gov.vn/bai-viet/bien-chung-cua-benh-dai-thao-duong?id=f17ffc43-5abb-5dcb-54d1-d3887440a421 | https://bachmai.gov.vn/bai-viet/bien-chung-cua-benh-dai-thao-duong?id=f17ffc43-5abb-5dcb-54d1-d3887440a421 | https://web.archive.org/web/https://bachmai.gov.vn/bai-viet/bien-chung-cua-benh-dai-thao-duong?id=f17ffc43-5abb-5dcb-54d1-d3887440a421 | https://web.archive.org/web/https://bachmai.gov.vn/bai-viet/bien-chung-cua-benh-dai-thao-duong?id=f17ffc43-5abb-5dcb-54d1-d3887440a421 | https://chanthuongvacotsong.bachmai.gov.vn/bien-chung-cua-benh-dai-thao-duong/ | https://bachmai.gov.vn/bai-viet/bien-chung-cua-benh-dai-thao-duong?id=f17ffc43-5abb-5dcb-54d1-d3887440a421 | https://web.archive.org/web/https://bachmai.gov.vn/bai-viet/bien-chung-cua-benh-dai-thao-duong?id=f17ffc43-5abb-5dcb-54d1-d3887440a421 | https://web.archive.org/web/https://chanthuongvacotsong.bachmai.gov.vn/bien-chung-cua-benh-dai-thao-duong/ | https://chanthuongvacotsong.bachmai.gov.vn/bien-chung-cua-benh-dai-thao-duong/ | https://web.archive.org/web/https://bachmai.gov.vn/bai-viet/bien-chung-cua-benh-dai-thao-duong?id=f17ffc43-5abb-5dcb-54d1-d3887440a421 | https://chanthuongvacotsong.bachmai.gov.vn/bien-chung-cua-benh-dai-thao-duong/ | https://web.archive.org/web/https://bachmai.gov.vn/bai-viet/bien-chung-cua-benh-dai-thao-duong?id=f17ffc43-5abb-5dcb-54d1-d3887440a421 | https://web.archive.org/web/https://bachmai.gov.vn/bai-viet/bien-chung-cua-benh-dai-thao-duong?id=f17ffc43-5abb-5dcb-54d1-d3887440a421 | https://bachmai.gov.vn/bai-viet/bien-chung-cua-benh-dai-thao-duong?id=f17ffc43-5abb-5dcb-54d1-d3887440a421 | https://web.archive.org/web/https://bachmai.gov.vn/bai-viet/bien-chung-cua-benh-dai-thao-duong?id=f17ffc43-5abb-5dcb-54d1-d3887440a421 | https://web.archive.org/web/https://bachmai.gov.vn/bai-viet/bien-chung-cua-benh-dai-thao-duong?id=f17ffc43-5abb-5dcb-54d1-d3887440a421 | https://bachmai.gov.vn/bai-viet/bien-chung-cua-benh-dai-thao-duong?id=f17ffc43-5abb-5dcb-54d1-d3887440a421"
"812","COMP_5fb9334d11","Complication","Rối loạn lipid máu","Gặp ở cả hai type nhưng phổ biến hơn ở type 2, là nguyên nhân gây xơ vữa động mạch và các biến chứng khác. | Liên quan đến vòng eo cao và tăng nguy cơ chuyển hóa. | Liên quan đến vòng eo cao và tăng nguy cơ chuyển hóa. | Liên quan đến vòng eo cao và tăng nguy cơ chuyển hóa. | Liên quan đến vòng eo cao, tăng nguy cơ chuyển hóa. | Liên quan đến vòng eo cao và tăng nguy cơ chuyển hóa. | Tăng nguy cơ mắc bệnh tim mạch, liên quan đến vòng eo cao. | Liên quan đến vòng eo cao, tăng nguy cơ chuyển hóa. | Liên quan đến vòng eo cao và tăng nguy cơ chuyển hóa. | Gồm tăng LDL cholesterol, giảm HDL cholesterol, tăng triglycerides. | Gặp ở cả hai type, phổ biến hơn ở type 2. Gây xơ vữa động mạch và các biến chứng khác.","https://bachmai.gov.vn/bai-viet/bien-chung-cua-benh-dai-thao-duong?id=f17ffc43-5abb-5dcb-54d1-d3887440a421 | https://sti.vista.gov.vn/publication/view/tinh-trang-dinh-duong-va-mot-so-yeu-to-lien-quan-cua-nguoi-benh-dai-thao-duong-typ-2-dieu-tri-noi-tru-tai-benh-vien-da-khoa-xanh-pon-nam-2023-e7cc38bdc9220841bb8ade1a50eee813-455622.html | https://web.archive.org/web/https://sti.vista.gov.vn/publication/view/tinh-trang-dinh-duong-va-mot-so-yeu-to-lien-quan-cua-nguoi-benh-dai-thao-duong-typ-2-dieu-tri-noi-tru-tai-benh-vien-da-khoa-xanh-pon-nam-2023-e7cc38bdc9220841bb8ade1a50eee813-455622.html | https://sti.vista.gov.vn/publication/view/tinh-trang-dinh-duong-va-mot-so-yeu-to-lien-quan-cua-nguoi-benh-dai-thao-duong-typ-2-dieu-tri-noi-tru-tai-benh-vien-da-khoa-xanh-pon-nam-2023-e7cc38bdc9220841bb8ade1a50eee813-455622.html | https://web.archive.org/web/https://sti.vista.gov.vn/publication/view/tinh-trang-dinh-duong-va-mot-so-yeu-to-lien-quan-cua-nguoi-benh-dai-thao-duong-typ-2-dieu-tri-noi-tru-tai-benh-vien-da-khoa-xanh-pon-nam-2023-e7cc38bdc9220841bb8ade1a50eee813-455622.html | https://sti.vista.gov.vn/publication/view/tinh-trang-dinh-duong-va-mot-so-yeu-to-lien-quan-cua-nguoi-benh-dai-thao-duong-typ-2-dieu-tri-noi-tru-tai-benh-vien-da-khoa-xanh-pon-nam-2023-e7cc38bdc9220841bb8ade1a50eee813-455622.html | https://web.archive.org/web/https://sti.vista.gov.vn/publication/view/tinh-trang-dinh-duong-va-mot-so-yeu-to-lien-quan-cua-nguoi-benh-dai-thao-duong-typ-2-dieu-tri-noi-tru-tai-benh-vien-da-khoa-xanh-pon-nam-2023-e7cc38bdc9220841bb8ade1a50eee813-455622.html | https://web.archive.org/web/https://www.benhviendakhoasongma.gov.vn/bai-viet/benh-dai-thao-duong-220 | https://web.archive.org/web/https://bachmai.gov.vn/bai-viet/bien-chung-cua-benh-dai-thao-duong?id=f17ffc43-5abb-5dcb-54d1-d3887440a421"
"813","COMP_5fe3e0b37a","Complication","Nhiễm trùng bàn chân","Do giảm cảm giác và lưu thông máu kém, dễ bị nhiễm trùng nặng. | Do tổn thương thần kinh và tuần hoàn, dễ gây nhiễm trùng nặng. | Phức tạp, tốn kém và ít khi đem lại hiệu quả toàn diện trong điều trị. | Nguy cơ cao ở người đái tháo đường, cần điều trị kháng sinh hợp lý. | Phức tạp, tốn kém và ít khi đem lại hiệu quả toàn diện trong điều trị.","https://cdc.ninhbinh.gov.vn/tin-tuc-su-kien/benh-dai-thao-duong-va-cach-phong-ngua-benh2.html | http://soyte.hatinh.gov.vn/tin-tuc-su-kien/thong-tin-y-te/bai-truyen-thong-benh-dai-thao-duong-va-cach-phong-ngua-benh.html | https://bachmai.gov.vn/bai-viet/dai-thao-duong-bien-chung-tim-mach-va-than-kinh-ngoai-bien-sat-thu-tham-lang?id=994f4df4-95c1-4760-8aee-8d07a69f9fe1 | https://web.archive.org/web/https://bachmai.gov.vn/tin-chi-tiet/-/bai-viet/cap-nhat-chan-doan-dieu-tri-benh-dai-thao-duong-va-bien-chung-8971-144.html | https://bachmai.gov.vn/bai-viet/dai-thao-duong-bien-chung-tim-mach-va-than-kinh-ngoai-bien-sat-thu-tham-lang?id=994f4df4-95c1-4760-8aee-8d07a69f9fe1"
"814","COMP_611c7ac0fc","Complication","Loét chân","Do tổn thương mạch máu và thần kinh, dễ nhiễm trùng.","https://web.archive.org/web/https://vncdc.gov.vn/quan-ly-benh-dai-thao-duong-nd14581.html"
"815","COMP_63d740ebb1","Complication","Tổn thương phổi","Hậu quả lâu dài của hen nếu không điều trị kịp thời.","https://benhviennhitrunguong.gov.vn/loi-khuyen-cua-cac-chuyen-gia-di-ung-ve-benh-hen-2.html"
"816","COMP_63f50d4cf2","Complication","Rối loạn điện giải","Do thận không đào thải kali, phospho hiệu quả, dẫn đến nguy cơ loạn nhịp tim. | Thận suy không đào thải kali, phospho và các chất chuyển hóa, dẫn đến mất cân bằng. | Thận suy không đào thải kali, phospho và các chất chuyển hóa, dẫn đến mất cân bằng. | Do thận không đào thải kali, phospho hiệu quả, dẫn đến nguy cơ loạn nhịp tim. | Thận suy không đào thải kali, phospho và các chất chuyển hóa, dẫn đến mất cân bằng. | Thận không đào thải kali, phospho và các chất chuyển hóa dẫn đến mất cân bằng ion.","https://bachmai.gov.vn/bai-viet/sai-lam-trong-dinh-duong-khien-suy-than-man-them-tram-trong-dau-la-giai-phap?id=1ff0d3d0-62f4-4159-a23b-758572e7f600 | https://web.archive.org/web/https://bachmai.gov.vn/bai-viet/sai-lam-trong-dinh-duong-khien-suy-than-man-them-tram-trong-dau-la-giai-phap?id=1ff0d3d0-62f4-4159-a23b-758572e7f600 | https://web.archive.org/web/https://bachmai.gov.vn/bai-viet/sai-lam-trong-dinh-duong-khien-suy-than-man-them-tram-trong-dau-la-giai-phap?id=1ff0d3d0-62f4-4159-a23b-758572e7f600 | https://bachmai.gov.vn/bai-viet/sai-lam-trong-dinh-duong-khien-suy-than-man-them-tram-trong-dau-la-giai-phap?id=1ff0d3d0-62f4-4159-a23b-758572e7f600"
"817","COMP_653a428d48","Complication","Rối loạn kinh nguyệt","Do ảnh hưởng của tăng đường huyết lên hệ nội tiết nữ. | Biến chứng phụ nữ do rối loạn nội tiết và ảnh hưởng đến hệ sinh sản.","https://xayenmo.ninhbinh.gov.vn/y-te-giao-duc/benh-dai-thao-duong-dau-hieu-nhan-biet-phan-loai-va-dieu-tri-389.html"
"818","COMP_661253a22b","Complication","Nhiễm trùng phổi","Biến chứng thường gặp ở giai đoạn nặng do chức năng miễn dịch suy giảm và khó thở.","https://tamanhhospital.vn/giai-doan-benh-phoi-tac-nghen-man-tinh/"
"819","COMP_6647ae3e25","Complication","Tổn thương cơ và gan","Tác dụng phụ của statin, cần cân nhắc khi dùng kèm thuốc khác.","https://bachmai.gov.vn/bai-viet/dai-thao-duong-bien-chung-tim-mach-va-than-kinh-ngoai-bien-sat-thu-tham-lang?id=994f4df4-95c1-4760-8aee-8d07a69f9fe1"
"820","COMP_664d3e617f","Complication","Tổn thương mạch máu nhỏ","Do nồng độ glucose cao và dao động gây tổn thương mạch máu nhỏ, nặng hơn nếu kèm tăng huyết áp. | Do nồng độ glucose cao và dao động gây tổn thương, nặng thêm nếu kèm tăng huyết áp. | Do nồng độ glucose cao và dao động gây tổn thương mạch máu nhỏ. Nguy cơ nặng nếu kèm tăng huyết áp. | Do nồng độ glucose cao và dao động, tổn thương nặng nếu kèm tăng huyết áp. | Do nồng độ glucose cao và dao động, tổn thương nặng nếu kèm tăng huyết áp. | Do nồng độ glucose cao và dao động, tổn thương nặng nếu kèm tăng huyết áp. | Do nồng độ glucose cao và dao động gây tổn thương mạch máu nhỏ, nặng hơn nếu kèm tăng huyết áp. | Do tăng glucose và dao động glucose gây tổn thương mạch máu nhỏ, nặng hơn nếu kèm tăng huyết áp. | Do nồng độ glucose cao và dao động gây tổn thương. Nguy cơ nặng nếu kèm tăng huyết áp. | Do nồng độ glucose cao và dao động gây tổn thương, nặng thêm nếu kèm tăng huyết áp. | Do nồng độ glucose cao và dao động gây tổn thương, nặng thêm nếu kèm tăng huyết áp. | Do nồng độ glucose cao và dao động, tổn thương nặng nếu kèm tăng huyết áp. | Do tăng glucose và dao động glucose gây tổn thương mạch máu nhỏ, nặng hơn nếu kèm tăng huyết áp. | Do nồng độ glucose cao và dao động gây tổn thương, nặng thêm nếu kèm tăng huyết áp. | Do nồng độ glucose cao và dao động gây tổn thương. Nặng hơn nếu kèm tăng huyết áp. | Do tăng glucose và dao động glucose → tổn thương mạch máu nhỏ. Nặng thêm nếu kèm tăng huyết áp. | Do nồng độ glucose cao và dao động gây tổn thương, nặng thêm nếu kèm tăng huyết áp. | Do nồng độ glucose cao và dao động, tổn thương nặng nếu kèm tăng huyết áp. | Do tăng glucose và dao động glucose gây tổn thương mạch máu nhỏ, nặng hơn nếu kèm tăng huyết áp. | Do nồng độ glucose cao và dao động, gây tổn thương mạch máu nhỏ. Nguy cơ nặng nếu kèm tăng huyết áp. | Do nồng độ glucose cao và dao động gây tổn thương, nặng thêm nếu kèm tăng huyết áp. | Do nồng độ glucose cao và dao động, tổn thương nặng nếu kèm tăng huyết áp. | Do nồng độ glucose cao và dao động, tổn thương nặng nếu kèm tăng huyết áp. | Do nồng độ glucose cao và dao động gây tổn thương, nặng thêm nếu kèm tăng huyết áp. | Do nồng độ glucose cao và dao động gây tổn thương mạch máu nhỏ. Nặng hơn nếu kèm tăng huyết áp. | Do nồng độ glucose cao và dao động gây tổn thương, nặng thêm nếu kèm tăng huyết áp.","https://bachmai.gov.vn/bai-viet/bien-chung-cua-benh-dai-thao-duong?id=f17ffc43-5abb-5dcb-54d1-d3887440a421 | https://web.archive.org/web/https://bachmai.gov.vn/bai-viet/bien-chung-cua-benh-dai-thao-duong?id=f17ffc43-5abb-5dcb-54d1-d3887440a421 | https://web.archive.org/web/https://bachmai.gov.vn/bai-viet/bien-chung-cua-benh-dai-thao-duong?id=f17ffc43-5abb-5dcb-54d1-d3887440a421 | https://bachmai.gov.vn/bai-viet/bien-chung-cua-benh-dai-thao-duong?id=f17ffc43-5abb-5dcb-54d1-d3887440a421 | https://web.archive.org/web/https://bachmai.gov.vn/bai-viet/bien-chung-cua-benh-dai-thao-duong?id=f17ffc43-5abb-5dcb-54d1-d3887440a421 | https://chanthuongvacotsong.bachmai.gov.vn/bien-chung-cua-benh-dai-thao-duong/ | https://bachmai.gov.vn/bai-viet/bien-chung-cua-benh-dai-thao-duong?id=f17ffc43-5abb-5dcb-54d1-d3887440a421 | https://web.archive.org/web/https://bachmai.gov.vn/bai-viet/bien-chung-cua-benh-dai-thao-duong?id=f17ffc43-5abb-5dcb-54d1-d3887440a421 | https://web.archive.org/web/https://bachmai.gov.vn/bai-viet/bien-chung-cua-benh-dai-thao-duong?id=f17ffc43-5abb-5dcb-54d1-d3887440a421 | https://chanthuongvacotsong.bachmai.gov.vn/bien-chung-cua-benh-dai-thao-duong/ | https://web.archive.org/web/https://bachmai.gov.vn/bai-viet/bien-chung-cua-benh-dai-thao-duong?id=f17ffc43-5abb-5dcb-54d1-d3887440a421 | https://web.archive.org/web/https://chanthuongvacotsong.bachmai.gov.vn/bien-chung-cua-benh-dai-thao-duong/ | https://chanthuongvacotsong.bachmai.gov.vn/bien-chung-cua-benh-dai-thao-duong/ | https://web.archive.org/web/https://bachmai.gov.vn/bai-viet/bien-chung-cua-benh-dai-thao-duong?id=f17ffc43-5abb-5dcb-54d1-d3887440a421 | https://web.archive.org/web/https://bachmai.gov.vn/bai-viet/bien-chung-cua-benh-dai-thao-duong?id=f17ffc43-5abb-5dcb-54d1-d3887440a421 | https://bachmai.gov.vn/bai-viet/bien-chung-cua-benh-dai-thao-duong?id=f17ffc43-5abb-5dcb-54d1-d3887440a421 | https://web.archive.org/web/https://bachmai.gov.vn/bai-viet/bien-chung-cua-benh-dai-thao-duong?id=f17ffc43-5abb-5dcb-54d1-d3887440a421 | https://web.archive.org/web/https://bachmai.gov.vn/bai-viet/bien-chung-cua-benh-dai-thao-duong?id=f17ffc43-5abb-5dcb-54d1-d3887440a421 | https://web.archive.org/web/https://bachmai.gov.vn/bai-viet/bien-chung-cua-benh-dai-thao-duong?id=f17ffc43-5abb-5dcb-54d1-d3887440a421 | https://bachmai.gov.vn/bai-viet/bien-chung-cua-benh-dai-thao-duong?id=f17ffc43-5abb-5dcb-54d1-d3887440a421"
"821","COMP_6660fbe8e0","Complication","Huyết áp báo động","Tình trạng huyết áp không kiểm soát được, thường gặp ở bệnh nhân lọc máu.","https://web.archive.org/web/https://tamanhhospital.vn/tang-huyet-ap-trong-benh-than/"
"822","COMP_67c17c256d","Complication","Cắt cụt chân","Do loét bàn chân không được điều trị kịp thời và tổn thương thần kinh. | Hậu quả nặng nề của loét bàn chân do tổn thương thần kinh và thiếu kiểm soát đường huyết. | Hậu quả nặng nề của loét bàn chân do tổn thương thần kinh và thiếu kiểm soát đường huyết.","https://web.archive.org/web/https://bachmai.gov.vn/tin-chi-tiet/-/bai-viet/dai-thao-duong-can-benh-nhieu-bien-chung-nguy-hiem-8-trieu-nguoi-viet-nam-dang-mac-9624-146.html | https://bachmai.gov.vn/tin-chi-tiet/-/bai-viet/dai-thao-duong-can-benh-nhieu-bien-chung-nguy-hiem-8-trieu-nguoi-viet-nam-dang-mac-9624-146.html | https://web.archive.org/web/https://bachmai.gov.vn/tin-chi-tiet/-/bai-viet/dai-thao-duong-can-benh-nhieu-bien-chung-nguy-hiem-8-trieu-nguoi-viet-nam-dang-mac-9624-146.html"
"823","COMP_6a59e16b5f","Complication","Biến chứng mạch máu","Tổn thương động mạch và tĩnh mạch do đường huyết kéo dài cao, dẫn đến suy tim, xơ vữa động mạch. | Gây tổn thương động mạch và tĩnh mạch, ảnh hưởng đến tuần hoàn. | Gây tổn thương động mạch và tĩnh mạch do tăng đường huyết kéo dài, dẫn đến suy tim, xơ vữa động mạch. | Hậu quả của việc đường huyết kéo dài cao hoặc thấp, gây tổn thương động mạch và tĩnh mạch. | Gây tổn thương mạch máu do đường huyết kéo dài cao hoặc thấp, dẫn đến suy tim, xơ vữa động mạch. | Rối loạn tuần hoàn gây tổn thương tim mạch hoặc não. | Gây tổn thương mạch máu do đường huyết kéo dài cao hoặc thấp, dẫn đến suy tim, xơ vữa động mạch. | Gây tổn thương động mạch và tĩnh mạch do tăng huyết áp hoặc rối loạn lipid. | Tổn thương động mạch và tĩnh mạch do đường huyết kéo dài cao, dẫn đến suy tim, xơ vữa động mạch. | Gây tổn thương động mạch và tĩnh mạch, ảnh hưởng đến tuần hoàn. | Tổn thương lâu dài do tăng đường huyết mạn tính. | Tổn thương lâu dài do tăng đường huyết mạn tính. | Tổn thương lâu dài do tăng đường huyết mạn tính.","https://web.archive.org/web/https://benhviennhitrunguong.gov.vn/hoi-thao-xu-huong-dieu-tri-dai-thao-duong-tip-1-chung-ta-khong-the-dung-ngoai.html | https://benhviennhitrunguong.gov.vn/hoi-thao-xu-huong-dieu-tri-dai-thao-duong-tip-1-chung-ta-khong-the-dung-ngoai.html | https://benhviennhitrunguong.gov.vn/hoi-thao-xu-huong-dieu-tri-dai-thao-duong-tip-1-chung-ta-khong-the-dung-ngoai.html | https://web.archive.org/web/https://benhviennhitrunguong.gov.vn/hoi-thao-xu-huong-dieu-tri-dai-thao-duong-tip-1-chung-ta-khong-the-dung-ngoai.html | https://benhviennhitrunguong.gov.vn/hoi-thao-xu-huong-dieu-tri-dai-thao-duong-tip-1-chung-ta-khong-the-dung-ngoai.html | https://xayenmo.ninhbinh.gov.vn/y-te-giao-duc/benh-dai-thao-duong-dau-hieu-nhan-biet-phan-loai-va-dieu-tri-389.html | https://web.archive.org/web/https://benhviennhitrunguong.gov.vn/hoi-thao-xu-huong-dieu-tri-dai-thao-duong-tip-1-chung-ta-khong-the-dung-ngoai.html | https://benhviennhitrunguong.gov.vn/hoi-thao-xu-huong-dieu-tri-dai-thao-duong-tip-1-chung-ta-khong-the-dung-ngoai.html | https://xayenmo.ninhbinh.gov.vn/y-te-giao-duc/benh-dai-thao-duong-dau-hieu-nhan-biet-phan-loai-va-dieu-tri-389.html | https://xayenmo.ninhbinh.gov.vn/y-te-giao-duc/benh-dai-thao-duong-dau-hieu-nhan-biet-phan-loai-va-dieu-tri-389.html | https://xayenmo.ninhbinh.gov.vn/y-te-giao-duc/benh-dai-thao-duong-dau-hieu-nhan-biet-phan-loai-va-dieu-tri-389.html"
"824","COMP_6bd6eb6c17","Complication","Ngừng thở khi ngủ","Biến chứng thường gặp ở COPD, cần điều trị bằng máy thở CPAP. | Triệu chứng thường gặp ở COPD, chỉ định dùng máy thở CPAP. | Biến chứng thường gặp ở COPD, chỉ định dùng CPAP.","https://bachmai.gov.vn/bai-viet/tho-may-khong-xam-nhap-trong-dieu-tri-benh-phoi-tac-nghen-man-tinh?id=828a5ae0-e152-ef2d-e6b5-48a6c8bafe5b | https://web.archive.org/web/https://bachmai.gov.vn/bai-viet/tho-may-khong-xam-nhap-trong-dieu-tri-benh-phoi-tac-nghen-man-tinh?id=828a5ae0-e152-ef2d-e6b5-48a6c8bafe5b | https://bachmai.gov.vn/bai-viet/tho-may-khong-xam-nhap-trong-dieu-tri-benh-phoi-tac-nghen-man-tinh?id=828a5ae0-e152-ef2d-e6b5-48a6c8bafe5b"
"825","COMP_6c7b26d0ae","Complication","Tăng nguy cơ tử vong","Do biến chứng tim mạch, thận hoặc nhiễm trùng không được kiểm soát kịp thời. | Do biến chứng tim mạch và thần kinh ngoại biên, tăng 2-4 lần so với người bình thường. | Do biến chứng tim mạch và thần kinh ngoại biên, đặc biệt ở người trẻ tuổi. | Khi không được điều trị đúng cách và theo dõi định kỳ. | Nguy cơ tử vong tăng nếu không tuân thủ điều trị và kiểm soát cơn hen. | Khi COPD được phát hiện muộn, tiên lượng xấu và khó điều trị, dẫn đến tử vong cao.","https://bachmai.gov.vn/bai-viet/ca-the-hoa-dieu-tri-dai-thao-duong-tip-2-tai-cac-nuoc-dang-phat-trien-thach-thuc-va-co-hoi?id=4b51fe29-8515-42d1-bff3-85563163f16c | https://web.archive.org/web/https://bachmai.gov.vn/bai-viet/dai-thao-duong-bien-chung-tim-mach-va-than-kinh-ngoai-bien-sat-thu-tham-lang?id=994f4df4-95c1-4760-8aee-8d07a69f9fe1 | https://bachmai.gov.vn/bai-viet/dai-thao-duong-bien-chung-tim-mach-va-than-kinh-ngoai-bien-sat-thu-tham-lang?id=994f4df4-95c1-4760-8aee-8d07a69f9fe1 | https://web.archive.org/web/https://benhviennhitrunguong.gov.vn/tag/hen-phe-quan | https://www.vinmec.com/vie/benh/hen-phe-quan-2949 | https://web.archive.org/web/https://bachmai.gov.vn/bai-viet/benh-phoi-tac-nghen-man-tinh-hieu-dung-phong-ngua-va-phat-hien-som-cung-chuyen-gia-benh-vien-bach-mai?id=bef483aa-6fde-433a-b2e8-b373eb7903a6"
"826","COMP_700757eb0b","Complication","Biến chứng mắt","Gây tổn thương võng mạc, suy giảm thị lực. | Đục thủy tinh thể, trợt loét giác mạc, glaucoma do mạch tân tạo, xuất huyết thể kính, hội chứng Wolfram (đái tháo đường + teo thị giác + điếc + tiểu nhạt).","http://soyte.hatinh.gov.vn/tin-tuc-su-kien/thong-tin-y-te/luu-y-khi-dieu-tri-dai-thao-duong-type-1.html | https://chanthuongvacotsong.bachmai.gov.vn/bien-chung-cua-benh-dai-thao-duong/"
"827","COMP_701a5853da","Complication","Mù loà do võng mạc","Biến chứng đặc hiệu của ĐTĐ, là nguyên nhân hàng đầu gây mù loà.","https://bachmai.gov.vn/tin-chi-tiet/-/bai-viet/dai-thao-duong-can-benh-nhieu-bien-chung-nguy-hiem-8-trieu-nguoi-viet-nam-dang-mac-9624-146.html"
"828","COMP_708d11007e","Complication","Biến chứng mạch máu lớn","Gồm bệnh mạch vành, tai biến mạch não, bệnh mạch máu chi dưới – nguyên nhân chính gây tử vong, tăng tỷ lệ tử vong từ 2 đến 4 lần so với người bình thường. | Bao gồm bệnh tim thiếu máu cục bộ, nhồi máu cơ tim, đột quỵ, bệnh mạch máu ngoại vi. | Gồm bệnh mạch vành, tai biến mạch não, bệnh mạch máu chi dưới – nguyên nhân chính gây tử vong, tăng tỷ lệ tử vong từ 2 đến 4 lần so với người bình thường.","https://web.archive.org/web/https://chanthuongvacotsong.bachmai.gov.vn/dai-thao-duong-bien-chung-tim-mach-va-than-kinh-ngoai-bien-sat-thu-tham-lang/ | https://web.archive.org/web/https://www.benhviendakhoasongma.gov.vn/bai-viet/benh-dai-thao-duong-220 | https://chanthuongvacotsong.bachmai.gov.vn/dai-thao-duong-bien-chung-tim-mach-va-than-kinh-ngoai-bien-sat-thu-tham-lang/"
"829","COMP_70f9bb6e95","Complication","Biến chứng thần kinh ngoại biên","Gây đau đớn mãn tính, suy giảm chất lượng sống, dẫn đến tàn phế nếu không điều trị sớm. | Gây đau đớn mãn tính, suy giảm chất lượng sống, tàn phế nếu không điều trị sớm, chi phí điều trị cao gấp 5 lần so với người chỉ mắc ĐTĐ. | Gây đau mãn tính, suy giảm chất lượng sống, tàn phế nếu không điều trị sớm, chi phí điều trị cao gấp 5 lần. | Gây đau đớn mãn tính, suy giảm chất lượng sống, tàn phế và gánh nặng y tế cao. | Gây đau mãn tính, suy giảm chất lượng sống, tàn phế nếu không điều trị sớm, chi phí điều trị cao gấp 5 lần. | Gây đau đớn mãn tính, suy giảm chất lượng sống, tàn phế và gánh nặng y tế cao gấp 5 lần so với người chỉ mắc ĐTĐ. | Gây đau mãn tính, suy giảm chất lượng sống, tàn phế nếu không điều trị sớm, chi phí điều trị cao gấp 5 lần. | Gây đau đớn mãn tính, suy giảm chất lượng sống, dẫn đến tàn phế và gánh nặng y tế cao gấp 5 lần so với người chỉ mắc ĐTĐ. | Gây đau mãn tính, suy giảm chất lượng sống, tàn phế nếu không điều trị sớm, chi phí điều trị cao gấp 5 lần. | Gây đau đớn mãn tính, suy giảm chất lượng sống, tàn phế nếu không điều trị sớm, chi phí điều trị cao gấp 5 lần so với người chỉ mắc ĐTĐ. | Gây đau đớn mãn tính, suy giảm chất lượng sống, dẫn đến tàn phế nếu không điều trị sớm. | Gây đau đớn mãn tính, suy giảm chất lượng sống, dẫn đến tàn phế nếu không điều trị sớm. | Gây đau đớn mãn tính, suy giảm chất lượng sống, dẫn đến tàn phế nếu không điều trị sớm. | Gây đau mãn tính, suy giảm chất lượng sống, tàn phế nếu không điều trị sớm, chi phí điều trị cao gấp 5 lần. | Gây đau mãn tính, suy giảm chất lượng sống, tàn phế nếu không điều trị sớm, chi phí điều trị cao gấp 5 lần. | Gây đau đớn mãn tính, suy giảm chất lượng sống, tàn phế và gánh nặng y tế cao.","https://bachmai.gov.vn/bai-viet/dai-thao-duong-bien-chung-tim-mach-va-than-kinh-ngoai-bien-sat-thu-tham-lang?id=994f4df4-95c1-4760-8aee-8d07a69f9fe1 | https://web.archive.org/web/https://bachmai.gov.vn/bai-viet/dai-thao-duong-bien-chung-tim-mach-va-than-kinh-ngoai-bien-sat-thu-tham-lang?id=994f4df4-95c1-4760-8aee-8d07a69f9fe1 | https://bachmai.gov.vn/bai-viet/dai-thao-duong-bien-chung-tim-mach-va-than-kinh-ngoai-bien-sat-thu-tham-lang?id=994f4df4-95c1-4760-8aee-8d07a69f9fe1 | https://web.archive.org/web/https://chanthuongvacotsong.bachmai.gov.vn/dai-thao-duong-bien-chung-tim-mach-va-than-kinh-ngoai-bien-sat-thu-tham-lang/ | https://web.archive.org/web/https://bachmai.gov.vn/bai-viet/dai-thao-duong-bien-chung-tim-mach-va-than-kinh-ngoai-bien-sat-thu-tham-lang?id=994f4df4-95c1-4760-8aee-8d07a69f9fe1 | https://bachmai.gov.vn/bai-viet/dai-thao-duong-bien-chung-tim-mach-va-than-kinh-ngoai-bien-sat-thu-tham-lang?id=994f4df4-95c1-4760-8aee-8d07a69f9fe1 | https://web.archive.org/web/https://bachmai.gov.vn/bai-viet/dai-thao-duong-bien-chung-tim-mach-va-than-kinh-ngoai-bien-sat-thu-tham-lang?id=994f4df4-95c1-4760-8aee-8d07a69f9fe1 | https://bachmai.gov.vn/bai-viet/dai-thao-duong-bien-chung-tim-mach-va-than-kinh-ngoai-bien-sat-thu-tham-lang?id=994f4df4-95c1-4760-8aee-8d07a69f9fe1 | https://chanthuongvacotsong.bachmai.gov.vn/dai-thao-duong-bien-chung-tim-mach-va-than-kinh-ngoai-bien-sat-thu-tham-lang/ | https://web.archive.org/web/https://bachmai.gov.vn/bai-viet/dai-thao-duong-bien-chung-tim-mach-va-than-kinh-ngoai-bien-sat-thu-tham-lang?id=994f4df4-95c1-4760-8aee-8d07a69f9fe1 | https://bachmai.gov.vn/bai-viet/dai-thao-duong-bien-chung-tim-mach-va-than-kinh-ngoai-bien-sat-thu-tham-lang?id=994f4df4-95c1-4760-8aee-8d07a69f9fe1 | https://bachmai.gov.vn/bai-viet/dai-thao-duong-bien-chung-tim-mach-va-than-kinh-ngoai-bien-sat-thu-tham-lang?id=994f4df4-95c1-4760-8aee-8d07a69f9fe1 | https://web.archive.org/web/https://bachmai.gov.vn/bai-viet/dai-thao-duong-bien-chung-tim-mach-va-than-kinh-ngoai-bien-sat-thu-tham-lang?id=994f4df4-95c1-4760-8aee-8d07a69f9fe1 | https://bachmai.gov.vn/bai-viet/dai-thao-duong-bien-chung-tim-mach-va-than-kinh-ngoai-bien-sat-thu-tham-lang?id=994f4df4-95c1-4760-8aee-8d07a69f9fe1 | https://web.archive.org/web/https://bachmai.gov.vn/bai-viet/dai-thao-duong-bien-chung-tim-mach-va-than-kinh-ngoai-bien-sat-thu-tham-lang?id=994f4df4-95c1-4760-8aee-8d07a69f9fe1"
"830","COMP_72d12a44c7","Complication","Viêm tiểu phế quản cấp","Kèm sốt, ho đờm, khác với hen phế quản (ho khan).","https://www.vinmec.com/vie/bai-viet/lam-nao-de-chan-doan-hen-phe-quan-vi"
"831","COMP_737ba8479c","Complication","Tràn khí màng phổi","Không liên quan đến dị nguyên, không có ran rít, chỉ có hội chứng tràn khí một bên. | Biến chứng nguy hiểm có thể gây đột tử do bục vỡ phế nang. | Biến chứng nghiêm trọng do tổn thương phổi hoặc phẫu thuật.","https://www.vinmec.com/vie/bai-viet/lam-nao-de-chan-doan-hen-phe-quan-vi | https://www.vinmec.com/vie/bai-viet/bien-chung-lau-dai-cua-benh-hen-phe-quan-vi | https://www.vinmec.com/vie/bai-viet/benh-phoi-tac-nghen-man-tinh-copd-vi"
"832","COMP_73dc67053e","Complication","Suy giảm chất lượng sống","Do đau thần kinh ngoại biên gây ra, ảnh hưởng đến sinh hoạt và khả năng lao động.","https://web.archive.org/web/https://chanthuongvacotsong.bachmai.gov.vn/dai-thao-duong-bien-chung-tim-mach-va-than-kinh-ngoai-bien-sat-thu-tham-lang/ | https://chanthuongvacotsong.bachmai.gov.vn/dai-thao-duong-bien-chung-tim-mach-va-than-kinh-ngoai-bien-sat-thu-tham-lang/"
"833","COMP_7620c87050","Complication","Tổn thương cơ - gan","Tác dụng phụ của statin, cần được cân nhắc khi dùng cho bệnh nhân ĐTĐ có nhiều bệnh lý kèm theo.","https://web.archive.org/web/https://bachmai.gov.vn/bai-viet/dai-thao-duong-bien-chung-tim-mach-va-than-kinh-ngoai-bien-sat-thu-tham-lang?id=994f4df4-95c1-4760-8aee-8d07a69f9fe1"
"834","COMP_7620c87050","Complication","Tổn thương cơ gan","Tác dụng phụ của statin, cần cân nhắc khi dùng kèm thuốc khác.","https://bachmai.gov.vn/bai-viet/dai-thao-duong-bien-chung-tim-mach-va-than-kinh-ngoai-bien-sat-thu-tham-lang?id=994f4df4-95c1-4760-8aee-8d07a69f9fe1"
"835","COMP_76949db1dc","Complication","Tổn thương thần kinh","Do thiếu Insulin kéo dài gây tổn thương dây thần kinh ngoại biên. | Biến chứng do tăng đường huyết mạn tính gây tổn thương hệ thần kinh. | Biến chứng gây rối loạn cảm giác và vận động do tổn thương dây thần kinh. | Gây rối loạn cảm giác, đau, yếu cơ do tổn hại dây thần kinh. | Do thiếu Insulin kéo dài gây tổn thương dây thần kinh ngoại biên. | Gây đau, ngứa ran, tê và rối loạn tiêu hóa do tổn hại dây thần kinh ngoại biên. | Gây đau, ngứa ran, tê và rối loạn tiêu hóa do tổn hại dây thần kinh ngoại biên. | Biến chứng do tổn thương dây thần kinh do tăng đường huyết. | Biến chứng do tăng đường huyết mạn tính gây tổn thương hệ thần kinh. | Biến chứng gây đau, tê bì, mất cảm giác ở các chi do tổn hại dây thần kinh. | Biến chứng do chất thải tích tụ và rối loạn chức năng nội mô. | Biến chứng do chất thải tích tụ và rối loạn chức năng nội mô.","https://benhviennhitrunguong.gov.vn/hoi-thao-xu-huong-dieu-tri-dai-thao-duong-tip-1-chung-ta-khong-the-dung-ngoai.html | https://web.archive.org/web/https://xayenmo.ninhbinh.gov.vn/y-te-giao-duc/benh-dai-thao-duong-dau-hieu-nhan-biet-phan-loai-va-dieu-tri-389.html | https://web.archive.org/web/https://xayenmo.ninhbinh.gov.vn/y-te-giao-duc/benh-dai-thao-duong-dau-hieu-nhan-biet-phan-loai-va-dieu-tri-389.html | https://xayenmo.ninhbinh.gov.vn/y-te-giao-duc/benh-dai-thao-duong-dau-hieu-nhan-biet-phan-loai-va-dieu-tri-389.html | https://benhviennhitrunguong.gov.vn/hoi-thao-xu-huong-dieu-tri-dai-thao-duong-tip-1-chung-ta-khong-the-dung-ngoai.html | http://ttyt.tamduong.laichau.gov.vn/quan-ly-nha-nuoc/hoat-dong-doan-doi/dai-thao-duong-tuyp-2-nguyen-nhan-trieu-chung-chan-doan-va-d.html | http://ttyt.tamduong.laichau.gov.vn/quan-ly-nha-nuoc/hoat-dong-doan-doi/dai-thao-duong-tuyp-2-nguyen-nhan-trieu-chung-chan-doan-va-d.html | https://web.archive.org/web/http://ttyt.tamduong.laichau.gov.vn/quan-ly-nha-nuoc/hoat-dong-doan-doi/dai-thao-duong-tuyp-2-nguyen-nhan-trieu-chung-chan-doan-va-d.html | https://web.archive.org/web/http://ttyt.tamduong.laichau.gov.vn/quan-ly-nha-nuoc/hoat-dong-doan-doi/dai-thao-duong-tuyp-2-nguyen-nhan-trieu-chung-chan-doan-va-d.html | https://web.archive.org/web/https://xayenmo.ninhbinh.gov.vn/y-te-giao-duc/benh-dai-thao-duong-dau-hieu-nhan-biet-phan-loai-va-dieu-tri-389.html | https://web.archive.org/web/https://xayenmo.ninhbinh.gov.vn/y-te-giao-duc/benh-dai-thao-duong-dau-hieu-nhan-biet-phan-loai-va-dieu-tri-389.html | https://xayenmo.ninhbinh.gov.vn/y-te-giao-duc/benh-dai-thao-duong-dau-hieu-nhan-biet-phan-loai-va-dieu-tri-389.html | https://www.vinmec.com/vie/bai-viet/tai-sao-mac-benh-thi-huyet-ap-lai-tang-cao-vi | https://www.vinmec.com/vie/bai-viet/tai-sao-mac-benh-thi-huyet-ap-lai-tang-cao-vi"
"836","COMP_76a927a10c","Complication","Suy kiệt cơ thể","Người bệnh gầy sút, sụt cân do thiếu oxy và không thể thực hiện các hoạt động sinh hoạt. | Người bệnh gầy sút, sụt cân do suy kiệt kéo dài.","http://benhvienphoi.hatinh.gov.vn/chi-tiet-tin-tuc?slug=hay-nhan-biet-som-va-phong-ngua-benh-phoi-tac-nghen-man-tinh-copd | https://web.archive.org/web/http://benhvienphoi.hatinh.gov.vn/chi-tiet-tin-tuc?slug=hay-nhan-biet-som-va-phong-ngua-benh-phoi-tac-nghen-man-tinh-copd"
"837","COMP_77e5e869d3","Complication","Tổn thương mạch máu","Biến chứng do tăng đường huyết mạn tính gây tổn thương mạch máu. | Biến chứng gây xơ vữa động mạch và tăng nguy cơ tim mạch. | Biến chứng do tăng đường huyết mạn tính gây tổn thương mạch máu. | Do tăng huyết áp kéo dài, gây tổn thương và phá hủy các mạch máu trong cơ thể, làm giảm lưu lượng máu đến thận. | Do huyết áp cao kéo dài, dẫn đến phá hủy cấu trúc mạch máu và giảm lưu lượng máu đến các cơ quan. | Do tăng huyết áp kéo dài, gây tổn thương và phá hủy các mạch máu trong cơ thể, làm giảm lưu lượng máu đến thận. | Do huyết áp cao kéo dài, dẫn đến phá hủy cấu trúc mạch máu và giảm lưu lượng máu đến các cơ quan.","https://web.archive.org/web/https://xayenmo.ninhbinh.gov.vn/y-te-giao-duc/benh-dai-thao-duong-dau-hieu-nhan-biet-phan-loai-va-dieu-tri-389.html | https://web.archive.org/web/https://www.vinmec.com/vie/bai-viet/suy-o-nguoi-bi-cao-huyet-ap-nhung-dieu-can-chu-y-vi | https://www.vinmec.com/vie/bai-viet/suy-o-nguoi-bi-cao-huyet-ap-nhung-dieu-can-chu-y-vi | https://web.archive.org/web/https://www.vinmec.com/vie/bai-viet/suy-o-nguoi-bi-cao-huyet-ap-nhung-dieu-can-chu-y-vi | https://www.vinmec.com/vie/bai-viet/suy-o-nguoi-bi-cao-huyet-ap-nhung-dieu-can-chu-y-vi"
"838","COMP_787bc852cc","Complication","Hôn mê tăng đường huyết","Biến chứng cấp tính nguy hiểm do đường huyết cao.","https://web.archive.org/web/https://vncdc.gov.vn/quan-ly-benh-dai-thao-duong-nd14581.html"
"839","COMP_7894e6c965","Complication","Suy hô hấp","Biến chứng hiếm gặp do bù nước quá nhanh, đặc biệt ở người lớn. | Do tắc nghẽn đường thở và thiếu oxy dẫn đến suy giảm chức năng hô hấp. | Do co thắt phế quản và tăng tiết dịch nhầy, trẻ có thể bị suy hô hấp. | Do co thắt phế quản và tăng tiết dịch nhầy, trẻ có thể bị suy hô hấp. | Tình trạng thiếu oxy và tích tụ CO2 do tắc nghẽn đường thở, thường gặp trong cơn hen nặng. | Tình trạng thiếu oxy và tăng CO2 trong máu do tắc nghẽn đường thở. | Do đường thở bị co thắt nghiêm trọng, dẫn đến thiếu oxy và không thể duy trì chức năng hô hấp. | Biến chứng nguy hiểm dẫn đến tử vong do thiếu oxy nghiêm trọng. | Tình trạng thiếu oxy do phế quản co thắt, có thể dẫn đến hôn mê và tử vong nếu không can thiệp kịp thời. | Tình trạng thiếu oxy nghiêm trọng do phế quản co thắt, có thể dẫn đến hôn mê và tử vong. | Biến chứng nguy hiểm do COPD gây ra khi bệnh tiến triển nặng. | Tình trạng thiếu oxy nghiêm trọng do chức năng phổi suy giảm, thường gặp ở giai đoạn rất nặng. | Tình trạng không đủ oxy và tích tụ CO2 trong máu do chức năng phổi bị tổn thương. | Biến chứng nguy hiểm do COPD gây ra khi bệnh tiến triển nặng. | Tình trạng chức năng hô hấp bị tổn thương nghiêm trọng, dẫn đến thiếu oxy và tích tụ CO2 trong cơ thể. | Tình trạng không đáp ứng với oxy liệu pháp trong đợt cấp COPD. | Tình trạng nghiêm trọng trong đợt cấp COPD. | Tình trạng không đủ oxy và tích tụ khí CO2 trong máu do chức năng phổi bị tổn thương. | Tình trạng chức năng hô hấp bị tổn thương nghiêm trọng do COPD. | Biến chứng nguy hiểm do COPD gây ra khi bệnh tiến triển nặng. | Tình trạng chức năng hô hấp bị tổn thương nghiêm trọng do COPD. | Biến chứng nguy hiểm do COPD gây ra khi bệnh tiến triển nặng. | Tình trạng chức năng hô hấp bị tổn thương nghiêm trọng, dẫn đến thiếu oxy và tích tụ CO2 trong cơ thể. | Tình trạng thiếu oxy nghiêm trọng do chức năng phổi suy giảm, thường gặp ở giai đoạn rất nặng. | Tình trạng không đủ oxy và tích tụ CO2 trong máu do chức năng phổi bị tổn thương.","https://web.archive.org/web/https://benhviendakhoasongma.gov.vn/bai-viet/hon-me-tang-ap-luc-tham-thau-do-dai-thao-duong-210 | https://web.archive.org/web/https://benhviennhitrunguong.gov.vn/tag/hen-phe-quan | https://web.archive.org/web/https://benhviennhitrunguong.gov.vn/tag/hen-phe-quan | https://www.vinmec.com/vie/bai-viet/dau-hieu-nhan-biet-con-hen-phe-quan-cap-tinh-vi | https://hohap.bachmai.gov.vn/detail/14225/hen-phe-quan-%C2%A0-cach-nhan-biet-va-chan-doan.html | https://web.archive.org/web/http://phacdo.soytequangninh.gov.vn/news/tin-tuc-su-kien/hen-phe-quan-hieu-dung-de-song-khoe-dieu-tri-hieu-qua-phong-ngua-chu-dong.html | https://www.vinmec.com/vie/bai-viet/bien-chung-lau-dai-cua-benh-hen-phe-quan-vi | https://medlatec.vn/tu-dien-benh-ly/con-hen-ac-tinh | http://phacdo.soytequangninh.gov.vn/news/tin-tuc-su-kien/hen-phe-quan-hieu-dung-de-song-khoe-dieu-tri-hieu-qua-phong-ngua-chu-dong.html | https://tamanhhospital.vn/giai-doan-benh-phoi-tac-nghen-man-tinh/ | https://web.archive.org/web/https://bachmai.gov.vn/bai-viet/benh-phoi-tac-nghen-man-tinh-hieu-dung-phong-ngua-va-phat-hien-som-cung-chuyen-gia-benh-vien-bach-mai?id=bef483aa-6fde-433a-b2e8-b373eb7903a6 | https://bachmai.gov.vn/bai-viet/benh-phoi-tac-nghen-man-tinh-hieu-dung-phong-ngua-va-phat-hien-som-cung-chuyen-gia-benh-vien-bach-mai?id=bef483aa-6fde-433a-b2e8-b373eb7903a6 | https://web.archive.org/web/https://bachmai.gov.vn/bai-viet/benh-phoi-tac-nghen-man-tinh-hieu-dung-phong-ngua-va-phat-hien-som-cung-chuyen-gia-benh-vien-bach-mai?id=bef483aa-6fde-433a-b2e8-b373eb7903a6 | https://web.archive.org/web/https://bachmai.gov.vn/bai-viet/tho-may-khong-xam-nhap-trong-dieu-tri-benh-phoi-tac-nghen-man-tinh?id=828a5ae0-e152-ef2d-e6b5-48a6c8bafe5b | https://bachmai.gov.vn/bai-viet/benh-phoi-tac-nghen-man-tinh-hieu-dung-phong-ngua-va-phat-hien-som-cung-chuyen-gia-benh-vien-bach-mai?id=bef483aa-6fde-433a-b2e8-b373eb7903a6 | https://bachmai.gov.vn/bai-viet/tho-may-khong-xam-nhap-trong-dieu-tri-benh-phoi-tac-nghen-man-tinh?id=828a5ae0-e152-ef2d-e6b5-48a6c8bafe5b | https://web.archive.org/web/https://bachmai.gov.vn/bai-viet/benh-phoi-tac-nghen-man-tinh-hieu-dung-phong-ngua-va-phat-hien-som-cung-chuyen-gia-benh-vien-bach-mai?id=bef483aa-6fde-433a-b2e8-b373eb7903a6 | https://bachmai.gov.vn/bai-viet/benh-phoi-tac-nghen-man-tinh-hieu-dung-phong-ngua-va-phat-hien-som-cung-chuyen-gia-benh-vien-bach-mai?id=bef483aa-6fde-433a-b2e8-b373eb7903a6 | https://web.archive.org/web/https://bachmai.gov.vn/bai-viet/benh-phoi-tac-nghen-man-tinh-hieu-dung-phong-ngua-va-phat-hien-som-cung-chuyen-gia-benh-vien-bach-mai?id=bef483aa-6fde-433a-b2e8-b373eb7903a6 | https://bachmai.gov.vn/bai-viet/benh-phoi-tac-nghen-man-tinh-hieu-dung-phong-ngua-va-phat-hien-som-cung-chuyen-gia-benh-vien-bach-mai?id=bef483aa-6fde-433a-b2e8-b373eb7903a6 | https://tamanhhospital.vn/giai-doan-benh-phoi-tac-nghen-man-tinh/ | https://web.archive.org/web/https://bachmai.gov.vn/bai-viet/benh-phoi-tac-nghen-man-tinh-hieu-dung-phong-ngua-va-phat-hien-som-cung-chuyen-gia-benh-vien-bach-mai?id=bef483aa-6fde-433a-b2e8-b373eb7903a6 | https://bachmai.gov.vn/bai-viet/benh-phoi-tac-nghen-man-tinh-hieu-dung-phong-ngua-va-phat-hien-som-cung-chuyen-gia-benh-vien-bach-mai?id=bef483aa-6fde-433a-b2e8-b373eb7903a6"
"840","COMP_78bfa04f85","Complication","Tăng huyết áp kháng trị","Huyết áp không kiểm soát dù dùng nhiều thuốc, gây tổn thương tim mạch.","https://web.archive.org/web/https://medlatec.vn/tin-tuc/hep-dong-mach-than-la-gi-muc-do-nguy-hiem-va-phuong-phap-dieu-tri"
"841","COMP_7929623aa0","Complication","Biến chứng cấp tính","Gây tổn thương đa cơ quan nếu không kiểm soát tốt đường huyết.","https://web.archive.org/web/http://bvthanhpho.ytethanhhoa.gov.vn/web/trang-chu/khoa-phong-chuc-nang/khoa-lam-sang/khoa-noi-nhi/benh-dai-thao-duong-va-dau-hieu-nhan-biet-benh-dai-thao-duong.html"
"842","COMP_793c0e858a","Complication","Tổn thương thần kinh ngoại vi","Do tổn thương mạch máu nuôi dây thần kinh, biểu hiện tê bì, kiến bò, bỏng rát ở chân và tay. | Do tổn thương mạch máu nuôi dây thần kinh, biểu hiện tê bì, kiến bò, bỏng rát ở chân và tay. | Do tổn thương mạch máu nhỏ nuôi dây thần kinh, biểu hiện tê bì, kiến bò ở chân tay. | Do tổn thương mạch máu nuôi dây thần kinh. Biểu hiện: kiến bò, tê, bỏng rát ở chân và tay. | Do tổn thương mạch máu nuôi dây thần kinh, biểu hiện tê bì, kiến bò, bỏng rát. | Do tổn thương mạch máu nuôi dây thần kinh, biểu hiện tê bì, kiến bò, bỏng rát ở chân và tay.","https://web.archive.org/web/https://bachmai.gov.vn/bai-viet/bien-chung-cua-benh-dai-thao-duong?id=f17ffc43-5abb-5dcb-54d1-d3887440a421 | https://bachmai.gov.vn/bai-viet/bien-chung-cua-benh-dai-thao-duong?id=f17ffc43-5abb-5dcb-54d1-d3887440a421 | https://web.archive.org/web/https://bachmai.gov.vn/bai-viet/bien-chung-cua-benh-dai-thao-duong?id=f17ffc43-5abb-5dcb-54d1-d3887440a421 | https://bachmai.gov.vn/bai-viet/bien-chung-cua-benh-dai-thao-duong?id=f17ffc43-5abb-5dcb-54d1-d3887440a421 | https://bachmai.gov.vn/bai-viet/bien-chung-cua-benh-dai-thao-duong?id=f17ffc43-5abb-5dcb-54d1-d3887440a421 | https://web.archive.org/web/https://bachmai.gov.vn/bai-viet/bien-chung-cua-benh-dai-thao-duong?id=f17ffc43-5abb-5dcb-54d1-d3887440a421"
"843","COMP_79d7c5ec74","Complication","Phù","Dấu hiệu suy thận hoặc rối loạn tuần hoàn. | Do thận không đào thải nước và muối hiệu quả, gây tích tụ dịch trong cơ thể. | Do thận không đào thải nước và muối hiệu quả, gây tích tụ dịch trong cơ thể. | Do tích tụ nước và muối trong cơ thể khi thận không lọc hiệu quả.","https://web.archive.org/web/https://vncdc.gov.vn/quan-ly-benh-dai-thao-duong-nd14581.html | https://bachmai.gov.vn/bai-viet/sai-lam-trong-dinh-duong-khien-suy-than-man-them-tram-trong-dau-la-giai-phap?id=1ff0d3d0-62f4-4159-a23b-758572e7f600 | https://web.archive.org/web/https://bachmai.gov.vn/bai-viet/sai-lam-trong-dinh-duong-khien-suy-than-man-them-tram-trong-dau-la-giai-phap?id=1ff0d3d0-62f4-4159-a23b-758572e7f600 | https://bachmai.gov.vn/bai-viet/sai-lam-trong-dinh-duong-khien-suy-than-man-them-tram-trong-dau-la-giai-phap?id=1ff0d3d0-62f4-4159-a23b-758572e7f600"
"844","COMP_7ab6076217","Complication","Dị vật đường hô hấp","Ho sặc sụa, tím tái, khó thở – không phải do dị nguyên hay viêm.","https://www.vinmec.com/vie/bai-viet/lam-nao-de-chan-doan-hen-phe-quan-vi"
"845","COMP_7cc42d61e2","Complication","Tai biến mạch máu não","Biến chứng cấp tính do rối loạn lưu thông máu trong não. | Biến chứng do rối loạn lưu thông máu lên não. | Biến chứng do rối loạn lưu thông máu lên não. | Biến chứng do rối loạn lưu thông máu trong não. | Biến chứng do tổn thương mạch máu não. | Biến chứng nghiêm trọng do tăng huyết áp gây ra. | Biến chứng dẫn đến liệt hoặc tàn phế do tổn thương mạch máu não. | Biến chứng nghiêm trọng do tổn thương mạch máu não. | Biến chứng nguy hiểm do tổn thương mạch máu não. | Biến chứng nguy hiểm do tổn thương mạch máu não. | Biến chứng dẫn đến liệt, tàn phế do tắc nghẽn hoặc vỡ mạch máu não. | Biến chứng dẫn đến liệt, tàn phế do tăng huyết áp gây tổn thương mạch máu não. | Biến chứng nghiêm trọng do tổn thương mạch máu não. | Biến chứng dẫn đến liệt, tàn phế do tắc nghẽn hoặc vỡ mạch máu não. | Biến chứng nghiêm trọng do tăng huyết áp gây ra, dẫn đến liệt hoặc tàn phế. | Biến chứng nguy hiểm do tổn thương mạch máu não. | Biến chứng dẫn đến liệt, tàn phế do tăng huyết áp gây tổn thương mạch máu não. | Biến chứng dẫn đến liệt, tàn phế do tắc nghẽn hoặc vỡ mạch máu não. | Biến chứng dẫn đến liệt, tàn phế do tăng huyết áp gây tổn thương mạch máu não. | Biến chứng dẫn đến liệt, tàn phế do tắc nghẽn hoặc vỡ mạch máu não. | Biến chứng tim mạch nghiêm trọng do huyết áp tăng gây ra. | Biến chứng nghiêm trọng do huyết áp tăng gây ra. | Biến chứng dẫn đến liệt, tàn phế do tăng huyết áp gây tổn thương mạch máu não. | Biến chứng dẫn đến liệt, tàn phế do tắc nghẽn hoặc vỡ mạch máu não. | Biến chứng dẫn đến liệt, tàn phế do tăng huyết áp gây tổn thương mạch máu não. | Biến chứng nghiêm trọng do tăng huyết áp gây ra. | Biến chứng nguy hiểm do tổn thương mạch máu não.","https://web.archive.org/web/https://bachmai.gov.vn/bai-viet/chan-doan-som-benh-dai-thao-duong-tip-2?id=59f9c51f-418e-9437-823c-a1a6c23c33e4 | https://web.archive.org/web/https://bachmai.gov.vn/tin-chi-tiet/-/bai-viet/chan-doan-som-benh-dai-thao-duong-tip-2-9427-146.html | https://web.archive.org/web/http://bvhoanghoa.ytethanhhoa.gov.vn/web/khoa-phong-chuc-nang/khoa-phong-chuc-nang/to-cong-tac-xa-hoi/benh-tang-huyet-ap-ke-giet-nguoi-tham-lang.html | https://chanthuongvacotsong.bachmai.gov.vn/cao-huyet-ap-am-tham-ma-rat-hiem/ | http://bvhoanghoa.ytethanhhoa.gov.vn/web/khoa-phong-chuc-nang/khoa-phong-chuc-nang/to-cong-tac-xa-hoi/benh-tang-huyet-ap-ke-giet-nguoi-tham-lang.html | https://web.archive.org/web/http://bvhoanghoa.ytethanhhoa.gov.vn/web/khoa-phong-chuc-nang/khoa-phong-chuc-nang/to-cong-tac-xa-hoi/benh-tang-huyet-ap-ke-giet-nguoi-tham-lang.html | https://web.archive.org/web/http://bvhoanghoa.ytethanhhoa.gov.vn/web/khoa-phong-chuc-nang/khoa-phong-chuc-nang/to-cong-tac-xa-hoi/benh-tang-huyet-ap-ke-giet-nguoi-tham-lang.html | http://bvhoanghoa.ytethanhhoa.gov.vn/web/khoa-phong-chuc-nang/khoa-phong-chuc-nang/to-cong-tac-xa-hoi/benh-tang-huyet-ap-ke-giet-nguoi-tham-lang.html | http://bvhoanghoa.ytethanhhoa.gov.vn/web/khoa-phong-chuc-nang/khoa-phong-chuc-nang/to-cong-tac-xa-hoi/benh-tang-huyet-ap-ke-giet-nguoi-tham-lang.html | https://web.archive.org/web/http://bvhoanghoa.ytethanhhoa.gov.vn/web/khoa-phong-chuc-nang/khoa-phong-chuc-nang/to-cong-tac-xa-hoi/benh-tang-huyet-ap-ke-giet-nguoi-tham-lang.html | http://bvhoanghoa.ytethanhhoa.gov.vn/web/khoa-phong-chuc-nang/khoa-phong-chuc-nang/to-cong-tac-xa-hoi/benh-tang-huyet-ap-ke-giet-nguoi-tham-lang.html | https://web.archive.org/web/https://vncdc.gov.vn/4-bien-phap-chu-yeu-phong-benh-tang-huyet-ap-nd14878.html | http://soyte.hatinh.gov.vn/tin-tuc-su-kien/pho-bien-kien-thuc/4-bien-phap-chu-yeu-phong-benh-tang-huyet-ap.html | https://web.archive.org/web/http://soyte.hatinh.gov.vn/tin-tuc-su-kien/pho-bien-kien-thuc/4-bien-phap-chu-yeu-phong-benh-tang-huyet-ap.html | http://bvhoanghoa.ytethanhhoa.gov.vn/web/khoa-phong-chuc-nang/khoa-phong-chuc-nang/to-cong-tac-xa-hoi/benh-tang-huyet-ap-ke-giet-nguoi-tham-lang.html | https://web.archive.org/web/http://bvhoanghoa.ytethanhhoa.gov.vn/web/khoa-phong-chuc-nang/khoa-phong-chuc-nang/to-cong-tac-xa-hoi/benh-tang-huyet-ap-ke-giet-nguoi-tham-lang.html | https://web.archive.org/web/http://bvhoanghoa.ytethanhhoa.gov.vn/web/khoa-phong-chuc-nang/khoa-phong-chuc-nang/to-cong-tac-xa-hoi/benh-tang-huyet-ap-ke-giet-nguoi-tham-lang.html | http://bvhoanghoa.ytethanhhoa.gov.vn/web/khoa-phong-chuc-nang/khoa-phong-chuc-nang/to-cong-tac-xa-hoi/benh-tang-huyet-ap-ke-giet-nguoi-tham-lang.html | https://web.archive.org/web/http://bvhoanghoa.ytethanhhoa.gov.vn/web/khoa-phong-chuc-nang/khoa-phong-chuc-nang/to-cong-tac-xa-hoi/benh-tang-huyet-ap-ke-giet-nguoi-tham-lang.html | https://chanthuongvacotsong.bachmai.gov.vn/cao-huyet-ap-am-tham-ma-rat-hiem/"
"846","COMP_7e54c32a92","Complication","Suy giảm chức năng hô hấp","Chức năng phổi bị suy giảm do viêm mãn tính và co thắt phế quản.","https://www.vinmec.com/vie/benh/hen-phe-quan-2949"
"847","COMP_7ea7972c1b","Complication","Bàn chân đái tháo đường","Tổn thương thần kinh và mạch máu gây loét, nhiễm trùng khó lành ở bàn chân. | Tổn thương thần kinh và mạch máu gây loét, nhiễm trùng khó lành ở bàn chân. | Tổn thương thần kinh và mạch máu ở bàn chân dẫn đến loét, nhiễm trùng.","https://web.archive.org/web/https://benhvienquynhon.gov.vn/tin-tuc/hoat-dong-cua-ttyt/dai-thao-duong-va-nhung-dieu-ban-can-biet/ | https://benhvienquynhon.gov.vn/tin-tuc/hoat-dong-cua-ttyt/dai-thao-duong-va-nhung-dieu-ban-can-biet/ | https://web.archive.org/web/https://benhvienquynhon.gov.vn/tin-tuc/hoat-dong-cua-ttyt/dai-thao-duong-va-nhung-dieu-ban-can-biet/"
"848","COMP_7ffdcaa985","Complication","Phình tách thành động mạch chủ","Biến chứng nguy hiểm do tổn thương thành mạch lớn, thường gặp ở bệnh nhân tăng huyết áp độ 3. | Biến chứng nguy hiểm, thường gặp ở người có tăng huyết áp không kiểm soát. | Biến chứng nguy hiểm do tổn thương thành mạch lớn, thường gặp ở bệnh nhân tăng huyết áp độ 3. | Biến chứng nguy hiểm do tăng huyết áp gây tổn thương thành mạch lớn. | Biến chứng cấp tính nguy hiểm do tăng huyết áp làm tổn thương thành mạch.","https://chanthuongvacotsong.bachmai.gov.vn/huong-dan-chan-doan-va-dieu-tri-tang-huyet-ap/ | https://web.archive.org/web/https://vncdc.gov.vn/huong-dan-chan-doan-va-dieu-tri-tang-huyet-ap-nd14594.html | https://chanthuongvacotsong.bachmai.gov.vn/huong-dan-chan-doan-va-dieu-tri-tang-huyet-ap/ | https://web.archive.org/web/https://chanthuongvacotsong.bachmai.gov.vn/huong-dan-chan-doan-va-dieu-tri-tang-huyet-ap/ | https://chanthuongvacotsong.bachmai.gov.vn/huong-dan-chan-doan-va-dieu-tri-tang-huyet-ap/"
"849","COMP_824c90b98a","Complication","Rung nhĩ","Loại rối loạn nhịp tim thường gặp ở người bị tăng huyết áp kéo dài.","http://cdc.hatinh.gov.vn/vi/%1Cbenh-khong-lay-nhiem/topic/6029 | https://web.archive.org/web/http://cdc.hatinh.gov.vn/vi/%1Cbenh-khong-lay-nhiem/topic/6029"
"850","COMP_833d7103c4","Complication","Bệnh mạch máu ngoại vi","Gây loét và tổn thương mô do thiếu máu nuôi dưỡng.","https://web.archive.org/web/https://bachmai.gov.vn/tin-chi-tiet/-/bai-viet/cap-nhat-chan-doan-dieu-tri-benh-dai-thao-duong-va-bien-chung-8971-144.html"
"851","COMP_83d93bf928","Complication","Biến chứng thần kinh ngoại vi","Hậu quả của đái tháo đường type 2 ảnh hưởng đến hệ thần kinh ngoại vi. | Hậu quả của đái tháo đường type 2 ảnh hưởng đến hệ thần kinh ngoại biên.","https://web.archive.org/web/https://sti.vista.gov.vn/publication/view/nghien-cuu-dac-diem-lam-sang-can-lam-sang-va-chi-so-dien-than-kinh-co-o-nguoi-benh-dai-thao-duong-type-2-co-bien-chung-than-kinh-ngoai-vi-tai-benh-vie-d41b03674c28b600d59c115392319110-455331.html | https://sti.vista.gov.vn/publication/view/nghien-cuu-dac-diem-lam-sang-can-lam-sang-va-chi-so-dien-than-kinh-co-o-nguoi-benh-dai-thao-duong-type-2-co-bien-chung-than-kinh-ngoai-vi-tai-benh-vie-d41b03674c28b600d59c115392319110-455331.html"
"852","COMP_8417203606","Complication","Tổn thương bàn chân","Do tổn thương thần kinh và vi mạch, dẫn đến loét, hoại tử, nguy cơ cắt cụt. | Do tổn thương thần kinh và vi mạch → mất cảm giác đau, lạnh → loét, hoại tử, nguy cơ cắt cụt. | Do tổn thương thần kinh và vi mạch chi dưới, dẫn đến loét, hoại tử, nguy cơ cắt cụt. | Do rối loạn cảm giác và tuần hoàn, dẫn đến loét, hoại tử, nguy cơ cắt cụt. | Do tổn thương thần kinh và vi mạch chi dưới, dẫn đến loét, hoại tử, nguy cơ cắt cụt. | Do tổn thương thần kinh và vi mạch chi dưới, dẫn đến loét, hoại tử, nguy cơ cắt cụt. | Do tổn thương thần kinh và vi mạch, dẫn đến loét, hoại tử, nguy cơ cắt cụt. | Do tổn thương thần kinh và vi mạch → mất cảm giác đau, lạnh, nóng → loét, hoại tử, nguy cơ cắt cụt. | Do rối loạn cảm giác và tuần hoàn, dẫn đến loét, hoại tử, nguy cơ cắt cụt. | Do tổn thương thần kinh và vi mạch chi dưới dẫn đến loét, hoại tử, nguy cơ cắt cụt. | Do rối loạn cảm giác và tuần hoàn, dẫn đến loét, hoại tử, nguy cơ cắt cụt. | Do tổn thương thần kinh và vi mạch chi dưới → mất cảm giác đau, lạnh, dễ bị loét và hoại tử. | Do tổn thương thần kinh và vi mạch chi dưới, dẫn đến loét, hoại tử, nguy cơ cắt cụt. | Do tổn thương thần kinh và vi mạch chi dưới dẫn đến loét, hoại tử, nguy cơ cắt cụt. | Do rối loạn cảm giác và tuần hoàn, dẫn đến loét, hoại tử, nguy cơ cắt cụt. | Do tổn thương thần kinh và vi mạch, dẫn đến loét, hoại tử, nguy cơ cắt cụt. | Do tổn thương thần kinh và vi mạch chi dưới dẫn đến loét, hoại tử, nguy cơ cắt cụt. | Do tổn thương thần kinh và vi mạch chi dưới, dẫn đến loét, hoại tử, nguy cơ cắt cụt. | Do tổn thương thần kinh và vi mạch, dẫn đến loét, hoại tử, nguy cơ cắt cụt. | Do tổn thương thần kinh và vi mạch chi dưới, dẫn đến loét, hoại tử, nguy cơ cắt cụt. | Do tổn thương thần kinh và vi mạch chi dưới, dẫn đến loét, hoại tử, nguy cơ cắt cụt. | Do rối loạn cảm giác và tuần hoàn, dẫn đến loét, hoại tử, nguy cơ cắt cụt. | Do tổn thương thần kinh và vi mạch → mất cảm giác đau, lạnh → loét, hoại tử, nguy cơ cắt cụt. | Do tổn thương thần kinh và vi mạch chi dưới dẫn đến loét, hoại tử, nguy cơ cắt cụt. | Do tổn thương thần kinh và vi mạch, dẫn đến loét, hoại tử, nguy cơ cắt cụt.","https://web.archive.org/web/https://bachmai.gov.vn/bai-viet/bien-chung-cua-benh-dai-thao-duong?id=f17ffc43-5abb-5dcb-54d1-d3887440a421 | https://bachmai.gov.vn/bai-viet/bien-chung-cua-benh-dai-thao-duong?id=f17ffc43-5abb-5dcb-54d1-d3887440a421 | https://web.archive.org/web/https://bachmai.gov.vn/bai-viet/bien-chung-cua-benh-dai-thao-duong?id=f17ffc43-5abb-5dcb-54d1-d3887440a421 | https://bachmai.gov.vn/bai-viet/bien-chung-cua-benh-dai-thao-duong?id=f17ffc43-5abb-5dcb-54d1-d3887440a421 | https://web.archive.org/web/https://bachmai.gov.vn/bai-viet/bien-chung-cua-benh-dai-thao-duong?id=f17ffc43-5abb-5dcb-54d1-d3887440a421 | https://bachmai.gov.vn/bai-viet/bien-chung-cua-benh-dai-thao-duong?id=f17ffc43-5abb-5dcb-54d1-d3887440a421 | https://web.archive.org/web/https://bachmai.gov.vn/bai-viet/bien-chung-cua-benh-dai-thao-duong?id=f17ffc43-5abb-5dcb-54d1-d3887440a421 | https://bachmai.gov.vn/bai-viet/bien-chung-cua-benh-dai-thao-duong?id=f17ffc43-5abb-5dcb-54d1-d3887440a421 | https://web.archive.org/web/https://bachmai.gov.vn/bai-viet/bien-chung-cua-benh-dai-thao-duong?id=f17ffc43-5abb-5dcb-54d1-d3887440a421 | https://web.archive.org/web/https://bachmai.gov.vn/bai-viet/bien-chung-cua-benh-dai-thao-duong?id=f17ffc43-5abb-5dcb-54d1-d3887440a421 | https://web.archive.org/web/https://bachmai.gov.vn/bai-viet/bien-chung-cua-benh-dai-thao-duong?id=f17ffc43-5abb-5dcb-54d1-d3887440a421 | https://web.archive.org/web/https://bachmai.gov.vn/bai-viet/bien-chung-cua-benh-dai-thao-duong?id=f17ffc43-5abb-5dcb-54d1-d3887440a421 | https://web.archive.org/web/https://bachmai.gov.vn/bai-viet/bien-chung-cua-benh-dai-thao-duong?id=f17ffc43-5abb-5dcb-54d1-d3887440a421 | https://bachmai.gov.vn/bai-viet/bien-chung-cua-benh-dai-thao-duong?id=f17ffc43-5abb-5dcb-54d1-d3887440a421 | https://web.archive.org/web/https://bachmai.gov.vn/bai-viet/bien-chung-cua-benh-dai-thao-duong?id=f17ffc43-5abb-5dcb-54d1-d3887440a421 | https://web.archive.org/web/https://bachmai.gov.vn/bai-viet/bien-chung-cua-benh-dai-thao-duong?id=f17ffc43-5abb-5dcb-54d1-d3887440a421 | https://bachmai.gov.vn/bai-viet/bien-chung-cua-benh-dai-thao-duong?id=f17ffc43-5abb-5dcb-54d1-d3887440a421"
"853","COMP_84679d8663","Complication","Chứng thở nông","Do tích tụ chất lỏng trong phổi kết hợp với thiếu máu.","https://web.archive.org/web/http://soyte.hatinh.gov.vn/tin-tuc-su-kien/pho-bien-kien-thuc/dau-hieu-benh-than-va-suy-than-.html | http://soyte.hatinh.gov.vn/tin-tuc-su-kien/pho-bien-kien-thuc/dau-hieu-benh-than-va-suy-than-.html"
"854","COMP_855d12a220","Complication","Tăng nguy cơ suy thận giai đoạn nặng","Nguy cơ cao khi không kiểm soát tốt HbA1c hoặc glucose đói.","https://nsti.vista.gov.vn/publication/view/nghien-cuu-dac-diem-lam-sang-can-lam-sang-va-danh-gia-bien-chung-than-o-benh-nhan-dai-thao-duong-tip-2-tai-khoa-noi-tiet-benh-vien-trung-uong-103-quan-doi-nhan-dan-lao-373086.html"
"855","COMP_858a7a33be","Complication","Rối loạn mỡ máu","Tình trạng bất thường trong thành phần lipid máu, tăng nguy cơ tim mạch và đái tháo đường.","https://sti.vista.gov.vn/publication/view/9adff40ef63a8d1369d3d79d00873f07-31f274dab6ec362c550c75293a9d13cd-448878.html | https://web.archive.org/web/https://sti.vista.gov.vn/publication/view/9adff40ef63a8d1369d3d79d00873f07-31f274dab6ec362c550c75293a9d13cd-448878.html"
"856","COMP_866d395e5a","Complication","Loét bàn chân và hoại tử","Hậu quả của tổn thương thần kinh ngoại biên, có thể dẫn đến cắt cụt chi nếu không can thiệp sớm.","https://bachmai.gov.vn/bai-viet/doi-moi-tu-duy-dieu-tri-dai-thao-duong-typ-2-va-chien-luoc-kiem-soat-toan-dien-bien-chung-than-kinh?id=090463d0-4515-40c8-919c-8bebc41e2c01"
"857","COMP_867a006534","Complication","Loét chân do xơ vữa mạch","Tình trạng tắc nghẽn động mạch ngoại biên dẫn đến hoại tử và cần cắt chi.","https://web.archive.org/web/http://bvhoanghoa.ytethanhhoa.gov.vn/web/khoa-phong-chuc-nang/khoa-phong-chuc-nang/phong-cong-tac-xa-hoi/dieu-can-luu-y-khi-dieu-tri-tang-huyet-ap.html"
"858","COMP_89097afe16","Complication","Bệnh lý thần kinh thực vật","Tổn thương điều khiển huyết áp, tiêu hóa, tiết niệu... biểu hiện tụt huyết áp, ngất, rối loạn chức năng sinh dục. | Tổn thương điều khiển huyết áp, tiêu hóa, tiết niệu, sinh dục. Biểu hiện: tụt huyết áp, ngất, đổ mồ hôi, tiểu không tự chủ… | Tổn thương điều khiển huyết áp, tiêu hóa, tiết niệu... biểu hiện tụt huyết áp, ngất, đổ mồ hôi, rối loạn chức năng sinh dục. | Tổn thương điều khiển huyết áp, tiêu hóa, tiết niệu... biểu hiện tụt huyết áp, ngất, đổ mồ hôi, rối loạn chức năng sinh dục. | Tổn thương điều khiển huyết áp, tiêu hóa, tiết niệu... biểu hiện tụt huyết áp, ngất, đổ mồ hôi, rối loạn chức năng sinh dục. | Tổn thương điều khiển huyết áp, tiêu hóa, tiết niệu, sinh dục. | Tổn thương điều khiển huyết áp, tiêu hóa, tiết niệu... biểu hiện tụt huyết áp, ngất, rối loạn chức năng sinh dục. | Tổn thương điều khiển huyết áp, tiêu hóa, tiết niệu... biểu hiện tụt huyết áp, ngất, rối loạn chức năng sinh dục. | Tổn thương điều khiển huyết áp, tiêu hóa, tiết niệu, sinh dục. Biểu hiện: tụt huyết áp, ngất, đổ mồ hôi, tiểu không tự chủ… | Tổn thương điều khiển huyết áp, tiêu hóa, tiết niệu... biểu hiện tụt huyết áp, ngất, đổ mồ hôi, rối loạn chức năng sinh dục. | Tổn thương điều khiển huyết áp, tiêu hóa, tiết niệu... biểu hiện tụt huyết áp, ngất, rối loạn chức năng sinh dục. | Tổn thương điều khiển huyết áp, tiêu hóa, tiết niệu, sinh dục → tụt huyết áp, ngất, đổ mồ hôi, tiểu không tự chủ… | Tổn thương điều khiển huyết áp, tiêu hóa, tiết niệu... Biểu hiện: tụt huyết áp, ngất, đổ mồ hôi, tiểu không tự chủ... | Tổn thương điều khiển huyết áp, tiêu hóa, tiết niệu... biểu hiện tụt huyết áp, ngất, rối loạn chức năng sinh dục. | Tụt huyết áp, ngất, đổ mồ hôi, rối loạn tiêu hóa, tiểu tiện không tự chủ... | Tổn thương điều khiển huyết áp, tiêu hóa, tiết niệu... biểu hiện tụt huyết áp, ngất, rối loạn chức năng sinh dục. | Tổn thương điều khiển huyết áp, tiêu hóa, tiết niệu... biểu hiện tụt huyết áp, ngất, rối loạn chức năng sinh dục. | Tổn thương điều khiển huyết áp, tiêu hóa, tiết niệu... biểu hiện tụt huyết áp, ngất, đổ mồ hôi, rối loạn chức năng sinh dục. | Tổn thương điều khiển huyết áp, tiêu hóa, tiết niệu... biểu hiện tụt huyết áp, ngất, đổ mồ hôi, rối loạn chức năng sinh dục. | Tổn thương điều khiển huyết áp, tiêu hóa, tiết niệu, sinh dục. Biểu hiện: tụt huyết áp, ngất, đổ mồ hôi, tiểu không tự chủ… | Tổn thương điều khiển huyết áp, tiêu hóa, tiết niệu... biểu hiện tụt huyết áp, ngất, rối loạn chức năng sinh dục. | Tổn thương điều khiển huyết áp, tiêu hóa, tiết niệu... biểu hiện tụt huyết áp, ngất, rối loạn chức năng sinh dục.","https://bachmai.gov.vn/bai-viet/bien-chung-cua-benh-dai-thao-duong?id=f17ffc43-5abb-5dcb-54d1-d3887440a421 | https://web.archive.org/web/https://bachmai.gov.vn/bai-viet/bien-chung-cua-benh-dai-thao-duong?id=f17ffc43-5abb-5dcb-54d1-d3887440a421 | https://web.archive.org/web/https://bachmai.gov.vn/bai-viet/bien-chung-cua-benh-dai-thao-duong?id=f17ffc43-5abb-5dcb-54d1-d3887440a421 | https://bachmai.gov.vn/bai-viet/bien-chung-cua-benh-dai-thao-duong?id=f17ffc43-5abb-5dcb-54d1-d3887440a421 | https://web.archive.org/web/https://bachmai.gov.vn/bai-viet/bien-chung-cua-benh-dai-thao-duong?id=f17ffc43-5abb-5dcb-54d1-d3887440a421 | https://chanthuongvacotsong.bachmai.gov.vn/bien-chung-cua-benh-dai-thao-duong/ | https://bachmai.gov.vn/bai-viet/bien-chung-cua-benh-dai-thao-duong?id=f17ffc43-5abb-5dcb-54d1-d3887440a421 | https://web.archive.org/web/https://bachmai.gov.vn/bai-viet/bien-chung-cua-benh-dai-thao-duong?id=f17ffc43-5abb-5dcb-54d1-d3887440a421 | https://web.archive.org/web/https://bachmai.gov.vn/bai-viet/bien-chung-cua-benh-dai-thao-duong?id=f17ffc43-5abb-5dcb-54d1-d3887440a421 | https://chanthuongvacotsong.bachmai.gov.vn/bien-chung-cua-benh-dai-thao-duong/ | https://web.archive.org/web/https://bachmai.gov.vn/bai-viet/bien-chung-cua-benh-dai-thao-duong?id=f17ffc43-5abb-5dcb-54d1-d3887440a421 | https://web.archive.org/web/https://chanthuongvacotsong.bachmai.gov.vn/bien-chung-cua-benh-dai-thao-duong/ | https://chanthuongvacotsong.bachmai.gov.vn/bien-chung-cua-benh-dai-thao-duong/ | https://web.archive.org/web/https://bachmai.gov.vn/bai-viet/bien-chung-cua-benh-dai-thao-duong?id=f17ffc43-5abb-5dcb-54d1-d3887440a421 | https://web.archive.org/web/https://bachmai.gov.vn/bai-viet/bien-chung-cua-benh-dai-thao-duong?id=f17ffc43-5abb-5dcb-54d1-d3887440a421 | https://bachmai.gov.vn/bai-viet/bien-chung-cua-benh-dai-thao-duong?id=f17ffc43-5abb-5dcb-54d1-d3887440a421 | https://web.archive.org/web/https://bachmai.gov.vn/bai-viet/bien-chung-cua-benh-dai-thao-duong?id=f17ffc43-5abb-5dcb-54d1-d3887440a421 | https://web.archive.org/web/https://bachmai.gov.vn/bai-viet/bien-chung-cua-benh-dai-thao-duong?id=f17ffc43-5abb-5dcb-54d1-d3887440a421 | https://web.archive.org/web/https://bachmai.gov.vn/bai-viet/bien-chung-cua-benh-dai-thao-duong?id=f17ffc43-5abb-5dcb-54d1-d3887440a421 | https://bachmai.gov.vn/bai-viet/bien-chung-cua-benh-dai-thao-duong?id=f17ffc43-5abb-5dcb-54d1-d3887440a421"
"859","COMP_891d5fc0b3","Complication","Tổn thương mạch máu thận","Do co thắt và xơ cứng mạch máu cầu thận, làm giảm lưu lượng máu đến thận.","https://web.archive.org/web/https://tamanhhospital.vn/tang-huyet-ap-trong-benh-than/"
"860","COMP_896333cfb3","Complication","Tăng Glucose máu","Do không kiểm soát đường huyết tốt hoặc dùng corticoid, rượu, nhiễm trùng. | Do không kiểm soát đường huyết tốt, dùng corticoid, rượu hoặc nhiễm trùng. | Do không kiểm soát đường huyết tốt, dùng corticoid, uống rượu hoặc nhiễm trùng. | Do không kiểm soát tốt, ăn nhiều đường bột, hoặc dùng corticoid, rượu. Có thể dẫn đến hôn mê và tử vong. | Do không kiểm soát đường huyết tốt, dùng corticoid, rượu hoặc nhiễm trùng. | Do không kiểm soát đường huyết, dùng corticoid, rượu hoặc nhiễm trùng. Có thể dẫn đến hôn mê và tử vong. | Do không kiểm soát đường huyết tốt hoặc dùng corticoid, rượu. Có thể dẫn đến hôn mê và tử vong. | Do không kiểm soát đường huyết tốt hoặc dùng corticoid, rượu, nhiễm trùng. | Do không kiểm soát đường huyết tốt hoặc dùng corticoid, rượu, nhiễm trùng, dẫn đến hôn mê và tử vong. | Do không kiểm soát đường huyết tốt hoặc dùng corticoid, rượu, nhiễm trùng. | Do không kiểm soát đường huyết, dùng corticoid, rượu hoặc nhiễm trùng. Có thể dẫn đến hôn mê và tử vong. | Do không kiểm soát đường huyết, dùng corticoid, rượu hoặc nhiễm trùng. Có thể dẫn đến hôn mê và tử vong. | Do không kiểm soát đường huyết, dùng corticoid, rượu hoặc nhiễm trùng. Có thể dẫn đến hôn mê và tử vong. | Biến chứng cấp tính do không kiểm soát đường huyết, dùng corticoid hoặc nhiễm trùng. | Do không kiểm soát đường huyết tốt hoặc dùng corticoid, rượu, nhiễm trùng. | Do không kiểm soát đường huyết tốt, dùng corticoid, uống rượu hoặc nhiễm trùng. Có thể dẫn đến hôn mê và tử vong. | Do không kiểm soát đường huyết tốt hoặc dùng corticoid, rượu. Có thể dẫn đến hôn mê và tử vong. | Do không kiểm soát đường huyết tốt, dùng corticoid, rượu hoặc nhiễm trùng. | Do không kiểm soát đường huyết tốt, dùng corticoid, rượu hoặc nhiễm trùng. | Do không kiểm soát đường huyết, dùng corticoid, rượu hoặc nhiễm trùng. Có thể dẫn đến hôn mê và tử vong. | Do không kiểm soát tốt, ăn nhiều đường bột, hoặc dùng corticoid, rượu. Có thể dẫn đến hôn mê và tử vong. | Do không kiểm soát đường huyết tốt hoặc dùng corticoid, rượu, nhiễm trùng. | Do không kiểm soát đường huyết tốt, dùng corticoid, rượu hoặc nhiễm trùng. | Do không kiểm soát đường huyết tốt, dùng corticoid, uống rượu hoặc nhiễm trùng. Có thể dẫn đến hôn mê và tử vong. | Do không kiểm soát tốt, ăn nhiều đường bột, dùng corticoid hoặc nhiễm trùng. Có thể dẫn đến hôn mê và tử vong. | Do không kiểm soát đường huyết tốt, dùng corticoid, rượu hoặc nhiễm trùng. | Do không kiểm soát đường huyết tốt hoặc dùng corticoid, rượu, nhiễm trùng. | Do không kiểm soát đường huyết tốt, dùng corticoid, rượu hoặc nhiễm trùng. Có thể dẫn đến hôn mê và tử vong. | Do không kiểm soát đường huyết tốt, dùng corticoid, uống rượu hoặc nhiễm trùng. Có thể dẫn đến hôn mê và tử vong. | Do không kiểm soát đường huyết tốt, dùng corticoid, uống rượu hoặc nhiễm trùng. Có thể dẫn đến hôn mê và tử vong. | Do không kiểm soát đường huyết tốt, dùng corticoid, rượu hoặc nhiễm trùng. | Do không kiểm soát tốt, ăn nhiều đường bột, dùng corticoid hoặc nhiễm trùng. Có thể gây hôn mê và tử vong. | Do không kiểm soát đường huyết tốt, dùng corticoid, rượu hoặc nhiễm trùng. | Do không kiểm soát đường huyết, dùng corticoid, rượu hoặc nhiễm trùng. Có thể dẫn đến hôn mê và tử vong. | Do không kiểm soát đường huyết tốt hoặc dùng corticoid, rượu, nhiễm trùng, dẫn đến hôn mê và tử vong. | Do không kiểm soát đường huyết, dùng corticoid, rượu hoặc nhiễm trùng. Có thể dẫn đến hôn mê và tử vong. | Do không kiểm soát đường huyết tốt hoặc dùng corticoid, rượu, nhiễm trùng. | Do không kiểm soát đường huyết, dùng corticoid, rượu hoặc nhiễm trùng. Có thể dẫn đến hôn mê và tử vong. | Do không kiểm soát đường huyết tốt hoặc dùng corticoid, rượu. Có thể dẫn đến hôn mê và tử vong. | Do không kiểm soát đường huyết tốt, dùng corticoid, rượu hoặc nhiễm trùng. | Do không kiểm soát đường huyết tốt, dùng corticoid, rượu hoặc nhiễm trùng.","https://bachmai.gov.vn/bai-viet/bien-chung-cua-benh-dai-thao-duong?id=f17ffc43-5abb-5dcb-54d1-d3887440a421 | https://web.archive.org/web/https://bachmai.gov.vn/bai-viet/bien-chung-cua-benh-dai-thao-duong?id=f17ffc43-5abb-5dcb-54d1-d3887440a421 | https://bachmai.gov.vn/bai-viet/bien-chung-cua-benh-dai-thao-duong?id=f17ffc43-5abb-5dcb-54d1-d3887440a421 | https://bachmai.gov.vn/bai-viet/bien-chung-cua-benh-dai-thao-duong?id=f17ffc43-5abb-5dcb-54d1-d3887440a421 | https://web.archive.org/web/https://bachmai.gov.vn/bai-viet/bien-chung-cua-benh-dai-thao-duong?id=f17ffc43-5abb-5dcb-54d1-d3887440a421 | https://web.archive.org/web/https://bachmai.gov.vn/bai-viet/bien-chung-cua-benh-dai-thao-duong?id=f17ffc43-5abb-5dcb-54d1-d3887440a421 | https://bachmai.gov.vn/bai-viet/bien-chung-cua-benh-dai-thao-duong?id=f17ffc43-5abb-5dcb-54d1-d3887440a421 | https://web.archive.org/web/https://bachmai.gov.vn/bai-viet/bien-chung-cua-benh-dai-thao-duong?id=f17ffc43-5abb-5dcb-54d1-d3887440a421 | https://chanthuongvacotsong.bachmai.gov.vn/bien-chung-cua-benh-dai-thao-duong/ | https://bachmai.gov.vn/bai-viet/bien-chung-cua-benh-dai-thao-duong?id=f17ffc43-5abb-5dcb-54d1-d3887440a421 | https://bachmai.gov.vn/bai-viet/bien-chung-cua-benh-dai-thao-duong?id=f17ffc43-5abb-5dcb-54d1-d3887440a421 | https://web.archive.org/web/https://bachmai.gov.vn/bai-viet/bien-chung-cua-benh-dai-thao-duong?id=f17ffc43-5abb-5dcb-54d1-d3887440a421 | https://web.archive.org/web/https://bachmai.gov.vn/bai-viet/bien-chung-cua-benh-dai-thao-duong?id=f17ffc43-5abb-5dcb-54d1-d3887440a421 | https://chanthuongvacotsong.bachmai.gov.vn/bien-chung-cua-benh-dai-thao-duong/ | https://bachmai.gov.vn/bai-viet/bien-chung-cua-benh-dai-thao-duong?id=f17ffc43-5abb-5dcb-54d1-d3887440a421 | https://web.archive.org/web/https://bachmai.gov.vn/bai-viet/bien-chung-cua-benh-dai-thao-duong?id=f17ffc43-5abb-5dcb-54d1-d3887440a421 | https://web.archive.org/web/https://chanthuongvacotsong.bachmai.gov.vn/bien-chung-cua-benh-dai-thao-duong/ | https://chanthuongvacotsong.bachmai.gov.vn/bien-chung-cua-benh-dai-thao-duong/ | https://web.archive.org/web/https://bachmai.gov.vn/bai-viet/bien-chung-cua-benh-dai-thao-duong?id=f17ffc43-5abb-5dcb-54d1-d3887440a421 | https://chanthuongvacotsong.bachmai.gov.vn/bien-chung-cua-benh-dai-thao-duong/ | https://web.archive.org/web/https://bachmai.gov.vn/bai-viet/bien-chung-cua-benh-dai-thao-duong?id=f17ffc43-5abb-5dcb-54d1-d3887440a421 | https://web.archive.org/web/https://bachmai.gov.vn/bai-viet/bien-chung-cua-benh-dai-thao-duong?id=f17ffc43-5abb-5dcb-54d1-d3887440a421 | https://bachmai.gov.vn/bai-viet/bien-chung-cua-benh-dai-thao-duong?id=f17ffc43-5abb-5dcb-54d1-d3887440a421 | https://web.archive.org/web/https://bachmai.gov.vn/bai-viet/bien-chung-cua-benh-dai-thao-duong?id=f17ffc43-5abb-5dcb-54d1-d3887440a421 | https://web.archive.org/web/https://bachmai.gov.vn/bai-viet/bien-chung-cua-benh-dai-thao-duong?id=f17ffc43-5abb-5dcb-54d1-d3887440a421 | https://bachmai.gov.vn/bai-viet/bien-chung-cua-benh-dai-thao-duong?id=f17ffc43-5abb-5dcb-54d1-d3887440a421"
"861","COMP_896333cfb3","Complication","Tăng glucose máu","Do không kiểm soát tốt, ăn nhiều đường bột, hoặc dùng corticoid, rượu, nhiễm trùng. Có thể dẫn đến hôn mê và tử vong.","https://bachmai.gov.vn/bai-viet/bien-chung-cua-benh-dai-thao-duong?id=f17ffc43-5abb-5dcb-54d1-d3887440a421"
"862","COMP_8987e4471c","Complication","Tăng nguy cơ phát triển bệnh mãn tính","Hen phế quản nếu không kiểm soát tốt sẽ tiến triển thành bệnh mạn tính, ảnh hưởng đến chất lượng cuộc sống.","https://web.archive.org/web/https://benhviennhitrunguong.gov.vn/tag/hen-phe-quan"
"863","COMP_89a8192d29","Complication","Suy thận giai đoạn IV, V","Biến chứng giai đoạn cuối của đái tháo đường típ 2, thường phát triển ở tuổi trung niên sau khi khởi phát ở tuổi trẻ.","https://bachmai.gov.vn/bai-viet/cap-nhat-xu-huong-moi-trong-dieu-tri-dai-thao-duong-tip-2?id=d4ab61a0-919e-0805-1cdd-fe092c98c88e"
"864","COMP_89e3f1b7cb","Complication","Tổn thương tim mạch","Biến chứng ảnh hưởng đến hệ tuần hoàn và tim, dẫn đến đột quỵ hoặc suy tim. | Biến chứng mạn tính do đái tháo đường gây ra, bao gồm nhồi máu cơ tim và đột quỵ. | Biến chứng mạn tính do đái tháo đường gây ra. | Biến chứng ảnh hưởng đến hệ tuần hoàn và tim, dẫn đến đột quỵ hoặc suy tim.","https://web.archive.org/web/https://syt.dongnai.gov.vn/vi/news/Suc-khoe-cong-dong/nhung-bien-chung-nguy-hiem-cua-benh-tieu-duong-2511.html | https://chanthuongvacotsong.bachmai.gov.vn/huong-dan-chan-doan-va-dieu-tri-dai-thao-duong-type-2/ | https://web.archive.org/web/https://chanthuongvacotsong.bachmai.gov.vn/huong-dan-chan-doan-va-dieu-tri-dai-thao-duong-type-2/ | https://web.archive.org/web/https://syt.dongnai.gov.vn/vi/news/Suc-khoe-cong-dong/nhung-bien-chung-nguy-hiem-cua-benh-tieu-duong-2511.html"
"865","COMP_8a108f60dc","Complication","Nhũn não","Tổn thương não do thiếu máu hoặc chảy máu. | Tổn thương mô não do thiếu máu hoặc chảy máu. | Tổn thương não do thiếu máu hoặc chảy máu.","https://web.archive.org/web/https://bachmai.gov.vn/tin-chi-tiet/-/bai-viet/tang-huyet-ap-can-benh-tham-lang-nhung-nguy-hiem-8463-146.html"
"866","COMP_8a2af24252","Complication","Mù lòa do tổn thương mắt","Biến chứng nghiêm trọng ảnh hưởng đến thị lực, bao gồm đục thủy tinh thể và suy giảm chức năng võng mạc.","http://ttyt.tamduong.laichau.gov.vn/quan-ly-nha-nuoc/hoat-dong-doan-doi/dai-thao-duong-tuyp-2-nguyen-nhan-trieu-chung-chan-doan-va-d.html"
"867","COMP_8a7e0069df","Complication","Đột quỵ và nhồi máu cơ tim","Do tăng huyết áp, rối loạn lipid máu làm tổn thương mạch máu vành. | Biến chứng tim mạch nghiêm trọng do tăng huyết áp, rối loạn lipid máu và tổn thương động mạch. | Do tăng huyết áp, rối loạn lipid máu làm tổn thương mạch máu vành. | Biến cố tim mạch nghiêm trọng do ĐTĐ, có thể xảy ra ngay cả ở người trẻ tuổi. | Do tăng huyết áp, rối loạn lipid máu làm tổn thương mạch máu vành. | Do tăng huyết áp, rối loạn lipid máu làm tổn thương mạch máu vành tim. | Biến chứng tim mạch nghiêm trọng do tăng huyết áp, rối loạn lipid máu và tổn thương động mạch.","http://ttyt.tamduong.laichau.gov.vn/quan-ly-nha-nuoc/hoat-dong-doan-doi/dai-thao-duong-tuyp-2-nguyen-nhan-trieu-chung-chan-doan-va-d.html | http://ttyt.tamduong.laichau.gov.vn/quan-ly-nha-nuoc/hoat-dong-doan-doi/dai-thao-duong-tuyp-2-nguyen-nhan-trieu-chung-chan-doan-va-d.html | https://bachmai.gov.vn/bai-viet/dai-thao-duong-bien-chung-tim-mach-va-than-kinh-ngoai-bien-sat-thu-tham-lang?id=994f4df4-95c1-4760-8aee-8d07a69f9fe1 | http://ttyt.tamduong.laichau.gov.vn/quan-ly-nha-nuoc/hoat-dong-doan-doi/dai-thao-duong-tuyp-2-nguyen-nhan-trieu-chung-chan-doan-va-d.html | https://web.archive.org/web/http://ttyt.tamduong.laichau.gov.vn/quan-ly-nha-nuoc/hoat-dong-doan-doi/dai-thao-duong-tuyp-2-nguyen-nhan-trieu-chung-chan-doan-va-d.html | http://ttyt.tamduong.laichau.gov.vn/quan-ly-nha-nuoc/hoat-dong-doan-doi/dai-thao-duong-tuyp-2-nguyen-nhan-trieu-chung-chan-doan-va-d.html | https://web.archive.org/web/http://ttyt.tamduong.laichau.gov.vn/quan-ly-nha-nuoc/hoat-dong-doan-doi/dai-thao-duong-tuyp-2-nguyen-nhan-trieu-chung-chan-doan-va-d.html | https://web.archive.org/web/http://ttyt.tamduong.laichau.gov.vn/quan-ly-nha-nuoc/hoat-dong-doan-doi/dai-thao-duong-tuyp-2-nguyen-nhan-trieu-chung-chan-doan-va-d.html"
"868","COMP_8b826e0a01","Complication","Biến chứng ở thận","Suy giảm chức năng lọc của thận do tăng đường huyết. | Tổn thương lâu dài do tăng đường huyết mạn tính. | Tổn thương lâu dài do tăng đường huyết mạn tính. | Tổn thương lâu dài do tăng đường huyết mạn tính.","https://xayenmo.ninhbinh.gov.vn/y-te-giao-duc/benh-dai-thao-duong-dau-hieu-nhan-biet-phan-loai-va-dieu-tri-389.html"
"869","COMP_8bc2018e14","Complication","Mất trí nhớ tạm thời","Triệu chứng thần kinh do thiếu oxy não, thường gặp ở giai đoạn nặng.","https://tamanhhospital.vn/giai-doan-benh-phoi-tac-nghen-man-tinh/"
"870","COMP_8c1f99ab9d","Complication","Biến chứng ở mắt","Tổn thương võng mạc hoặc các bệnh lý liên quan đến thị lực. | Tổn thương lâu dài do tăng đường huyết mạn tính. | Tổn thương lâu dài do tăng đường huyết mạn tính. | Tổn thương lâu dài do tăng đường huyết mạn tính.","https://xayenmo.ninhbinh.gov.vn/y-te-giao-duc/benh-dai-thao-duong-dau-hieu-nhan-biet-phan-loai-va-dieu-tri-389.html"
"871","COMP_8d9212565a","Complication","Suy tổ chức phổi","Tổn thương phổi do viêm mãn tính và không điều trị kịp thời.","https://web.archive.org/web/https://benhviennhitrunguong.gov.vn/loi-khuyen-cua-cac-chuyen-gia-di-ung-ve-benh-hen-2.html"
"872","COMP_8d97f098da","Complication","Tử vong do COPD","Nguyên nhân tử vong thứ tư trên thế giới, sau bệnh mạch vành, ung thư và tai biến.","https://bachmai.gov.vn/bai-viet/phong-dot-cap-benh-phoi-tac-nghen-man-tinh?id=28510cbf-b2a4-a5e6-65a7-7b91e89cf5eb"
"873","COMP_8e2a6cbe33","Complication","Bệnh tim","Nguy cơ mắc bệnh tim do tổn thương phổi kéo theo.","https://www.vinmec.com/vie/bai-viet/benh-phoi-tac-nghen-man-tinh-copd-vi"
"874","COMP_90099ce6c3","Complication","Đột quỵ do ĐTĐ","Biến chứng mạch máu não dẫn đến đột quỵ, nguy hiểm và có thể tử vong.","https://web.archive.org/web/https://bachmai.gov.vn/tin-chi-tiet/-/bai-viet/dai-thao-duong-can-benh-nhieu-bien-chung-nguy-hiem-8-trieu-nguoi-viet-nam-dang-mac-9624-146.html"
"875","COMP_9187b66278","Complication","Nhiễm trùng cấp","Biến chứng thường gặp khi bệnh nhân đái tháo đường bị nhiễm trùng nặng.","https://chanthuongvacotsong.bachmai.gov.vn/huong-dan-chan-doan-va-dieu-tri-dai-thao-duong-type-2/ | https://web.archive.org/web/https://chanthuongvacotsong.bachmai.gov.vn/huong-dan-chan-doan-va-dieu-tri-dai-thao-duong-type-2/ | https://web.archive.org/web/https://chanthuongvacotsong.bachmai.gov.vn/huong-dan-chan-doan-va-dieu-tri-dai-thao-duong-type-2/ | https://chanthuongvacotsong.bachmai.gov.vn/huong-dan-chan-doan-va-dieu-tri-dai-thao-duong-type-2/ | https://chanthuongvacotsong.bachmai.gov.vn/huong-dan-chan-doan-va-dieu-tri-dai-thao-duong-type-2/ | https://web.archive.org/web/https://chanthuongvacotsong.bachmai.gov.vn/huong-dan-chan-doan-va-dieu-tri-dai-thao-duong-type-2/"
"876","COMP_9323321c94","Complication","Liệt","Di chứng sau tổn thương thần kinh do tăng huyết áp.","https://bachmai.gov.vn/tin-chi-tiet/-/bai-viet/tang-huyet-ap-can-benh-tham-lang-nhung-nguy-hiem-8463-146.html"
"877","COMP_93669b880c","Complication","Cholesterol cao","Tình trạng rối loạn lipid máu ảnh hưởng đến sức khỏe tim mạch và thần kinh.","https://web.archive.org/web/https://sti.vista.gov.vn/publication/view/nghien-cuu-dac-diem-lam-sang-can-lam-sang-va-chi-so-dien-than-kinh-co-o-nguoi-benh-dai-thao-duong-type-2-co-bien-chung-than-kinh-ngoai-vi-tai-benh-vie-d41b03674c28b600d59c115392319110-455331.html"
"878","COMP_958df34741","Complication","Kháng insulin","Trạng thái cơ thể không phản ứng hiệu quả với hormone insulin, dẫn đến tăng đường huyết. | Trạng thái cơ thể không phản ứng hiệu quả với insulin, dẫn đến tăng đường huyết.","https://sti.vista.gov.vn/publication/view/9adff40ef63a8d1369d3d79d00873f07-31f274dab6ec362c550c75293a9d13cd-448878.html | https://web.archive.org/web/https://sti.vista.gov.vn/publication/view/9adff40ef63a8d1369d3d79d00873f07-31f274dab6ec362c550c75293a9d13cd-448878.html"
"879","COMP_971e4a129f","Complication","Hô hấp","Viêm phổi, viêm phế quản do bội nhiễm. | Biến chứng bao gồm viêm phổi và phế quản do bội nhiễm. | Viêm phổi, viêm phế quản do bội nhiễm. | Viêm phổi, viêm phế quản do bội nhiễm. | Viêm phổi, viêm phế quản do bội nhiễm. | Viêm phổi, viêm phế quản do bội nhiễm. | Viêm phổi, viêm phế quản do bội nhiễm.","https://bachmai.gov.vn/bai-viet/bien-chung-cua-benh-dai-thao-duong?id=f17ffc43-5abb-5dcb-54d1-d3887440a421 | https://web.archive.org/web/https://bachmai.gov.vn/bai-viet/bien-chung-cua-benh-dai-thao-duong?id=f17ffc43-5abb-5dcb-54d1-d3887440a421 | https://web.archive.org/web/https://bachmai.gov.vn/bai-viet/bien-chung-cua-benh-dai-thao-duong?id=f17ffc43-5abb-5dcb-54d1-d3887440a421 | https://bachmai.gov.vn/bai-viet/bien-chung-cua-benh-dai-thao-duong?id=f17ffc43-5abb-5dcb-54d1-d3887440a421 | https://web.archive.org/web/https://bachmai.gov.vn/bai-viet/bien-chung-cua-benh-dai-thao-duong?id=f17ffc43-5abb-5dcb-54d1-d3887440a421 | https://chanthuongvacotsong.bachmai.gov.vn/bien-chung-cua-benh-dai-thao-duong/ | https://bachmai.gov.vn/bai-viet/bien-chung-cua-benh-dai-thao-duong?id=f17ffc43-5abb-5dcb-54d1-d3887440a421 | https://web.archive.org/web/https://bachmai.gov.vn/bai-viet/bien-chung-cua-benh-dai-thao-duong?id=f17ffc43-5abb-5dcb-54d1-d3887440a421 | https://chanthuongvacotsong.bachmai.gov.vn/bien-chung-cua-benh-dai-thao-duong/ | https://bachmai.gov.vn/bai-viet/bien-chung-cua-benh-dai-thao-duong?id=f17ffc43-5abb-5dcb-54d1-d3887440a421 | https://web.archive.org/web/https://bachmai.gov.vn/bai-viet/bien-chung-cua-benh-dai-thao-duong?id=f17ffc43-5abb-5dcb-54d1-d3887440a421"
"880","COMP_9822a78fb8","Complication","Tăng CO2 máu ban ngày","Biến chứng thường gặp ở giai đoạn muộn của COPD, chỉ định dùng máy thở tại nhà. | Biến chứng tiến triển của COPD, chỉ định dùng BiPAP tại nhà.","https://web.archive.org/web/https://bachmai.gov.vn/bai-viet/tho-may-khong-xam-nhap-trong-dieu-tri-benh-phoi-tac-nghen-man-tinh?id=828a5ae0-e152-ef2d-e6b5-48a6c8bafe5b | https://bachmai.gov.vn/bai-viet/tho-may-khong-xam-nhap-trong-dieu-tri-benh-phoi-tac-nghen-man-tinh?id=828a5ae0-e152-ef2d-e6b5-48a6c8bafe5b"
"881","COMP_9bcbbb58b3","Complication","Tăng nguy cơ đột quỵ","Một biến chứng tim mạch nghiêm trọng, có thể xảy ra ở người ĐTĐ nếu không kiểm soát tốt. | Một biến chứng tim mạch nghiêm trọng, có thể xảy ra ở người ĐTĐ nếu không kiểm soát tốt. | Do rối loạn lipid máu và thiếu kiểm soát tim mạch, statin giúp giảm nguy cơ. | Do xơ vữa động mạch toàn thân ảnh hưởng đến các mạch máu não.","https://web.archive.org/web/https://bachmai.gov.vn/bai-viet/dai-thao-duong-bien-chung-tim-mach-va-than-kinh-ngoai-bien-sat-thu-tham-lang?id=994f4df4-95c1-4760-8aee-8d07a69f9fe1 | https://bachmai.gov.vn/bai-viet/dai-thao-duong-bien-chung-tim-mach-va-than-kinh-ngoai-bien-sat-thu-tham-lang?id=994f4df4-95c1-4760-8aee-8d07a69f9fe1 | https://web.archive.org/web/https://bachmai.gov.vn/bai-viet/dai-thao-duong-bien-chung-tim-mach-va-than-kinh-ngoai-bien-sat-thu-tham-lang?id=994f4df4-95c1-4760-8aee-8d07a69f9fe1 | https://web.archive.org/web/https://medlatec.vn/tin-tuc/hep-dong-mach-than-la-gi-muc-do-nguy-hiem-va-phuong-phap-dieu-tri"
"882","COMP_9bf61ed7f5","Complication","Suy giảm chức năng thận","Hậu quả lâu dài của bệnh đái tháo đường, đặc biệt khi không kiểm soát tốt mức glucose. | Tổn thương ở các cầu thận và ống dẫn nước tiểu do đái tháo đường. | Chức năng lọc máu của thận bị suy giảm do tổn thương tế bào thận. | Biến chứng mạch máu nhỏ, ảnh hưởng đến sức khỏe tổng thể và chất lượng cuộc sống. | Hậu quả của đái tháo đường và hội chứng chuyển hóa, dẫn đến suy thận mãn tính. | Một trong những biến chứng mạch máu nhỏ, ảnh hưởng đến sức khỏe và chất lượng cuộc sống. | Tổn thương cầu thận dẫn đến suy giảm khả năng lọc máu, là biến chứng nghiêm trọng của đái tháo đường. | Một trong những biến chứng mạch máu nhỏ, ảnh hưởng đến sức khỏe và chất lượng cuộc sống. | Do tổn thương mạch máu nhỏ, đặc biệt là động mạch thận, gây xơ cứng và tắc nghẽn. | Do tổn thương mạch máu nhỏ, đặc biệt là động mạch thận, gây xơ cứng và tắc nghẽn. | Do xơ cứng và tắc nghẽn động mạch thận, làm suy giảm lọc máu.","https://benhviennhitrunguong.gov.vn/hoi-thao-xu-huong-dieu-tri-dai-thao-duong-tip-1-chung-ta-khong-the-dung-ngoai.html | https://nsti.vista.gov.vn/publication/view/nghien-cuu-dac-diem-lam-sang-can-lam-sang-va-danh-gia-bien-chung-than-o-benh-nhan-dai-thao-duong-type-2-tai-khoa-noi-3-benh-vien-huu-nghi-viet-tiep-hai-phong-350723.html | https://nsti.vista.gov.vn/publication/view/nghien-cuu-dac-diem-lam-sang-can-lam-sang-va-danh-gia-bien-chung-than-o-benh-nhan-dai-thao-duong-tip-2-tai-khoa-noi-tiet-benh-vien-trung-uong-103-quan-doi-nhan-dan-lao-373086.html | https://bachmai.gov.vn/bai-viet/dai-thao-duong-bien-chung-tim-mach-va-than-kinh-ngoai-bien-sat-thu-tham-lang?id=994f4df4-95c1-4760-8aee-8d07a69f9fe1 | https://web.archive.org/web/https://sti.vista.gov.vn/projects/udnv/nghien-cuu-thuan-tap-5-nam-ve-benh-dai-thao-duong-typ-2-va-hoi-chung-chuyen-hoa-o-nguoi-viet-nam-vai-tro-yeu-to-di-truyen-va-loi-song-4221.html | https://web.archive.org/web/https://bachmai.gov.vn/bai-viet/dai-thao-duong-bien-chung-tim-mach-va-than-kinh-ngoai-bien-sat-thu-tham-lang?id=994f4df4-95c1-4760-8aee-8d07a69f9fe1 | https://web.archive.org/web/https://vista.gov.vn/vi/news/cac-linh-vuc-khoa-hoc-va-cong-nghe/dau-an-sinh-hoc-moi-trong-phat-trien-som-bien-chung-than-do-dai-thao-duong-9409.html | https://web.archive.org/web/https://bachmai.gov.vn/bai-viet/dai-thao-duong-bien-chung-tim-mach-va-than-kinh-ngoai-bien-sat-thu-tham-lang?id=994f4df4-95c1-4760-8aee-8d07a69f9fe1 | https://soyte.tuyenquang.gov.vn/tin-tuc/tang-huyet-ap-va-nhung-bien-chung-nguy-hiem.html | https://soyte.tuyenquang.gov.vn/tin-tuc/tang-huyet-ap-va-nhung-bien-chung-nguy-hiem.html | https://web.archive.org/web/https://soyte.tuyenquang.gov.vn/tin-tuc/tang-huyet-ap-va-nhung-bien-chung-nguy-hiem.html"
"883","COMP_9c59be9369","Complication","Bệnh tiêu hóa","Rụng răng, viêm dạ dày, rối loạn chức năng gan.","https://web.archive.org/web/https://bachmai.gov.vn/bai-viet/bien-chung-cua-benh-dai-thao-duong?id=f17ffc43-5abb-5dcb-54d1-d3887440a421"
"884","COMP_9e4193a69c","Complication","Loét chân và hoại tử chi","Do xơ vữa động mạch ngoại biên gây tắc nghẽn máu nuôi chân. | Do xơ vữa động mạch ngoại biên gây tắc nghẽn lưu thông máu đến chân. | Do xơ vữa động mạch ngoại biên, gây tắc nghẽn lưu thông máu đến chân.","http://bvhoanghoa.ytethanhhoa.gov.vn/web/khoa-phong-chuc-nang/khoa-phong-chuc-nang/phong-cong-tac-xa-hoi/dieu-can-luu-y-khi-dieu-tri-tang-huyet-ap.html | http://bvhoanghoa.ytethanhhoa.gov.vn/web/khoa-phong-chuc-nang/khoa-phong-chuc-nang/to-cong-tac-xa-hoi/dieu-can-luu-y-khi-dieu-tri-tang-huyet-ap.html | http://bvhoanghoa.ytethanhhoa.gov.vn/web/khoa-phong-chuc-nang/khoa-phong-chuc-nang/phong-cong-tac-xa-hoi/dieu-can-luu-y-khi-dieu-tri-tang-huyet-ap.html"
"885","COMP_9e770bcf7e","Complication","Rối loạn chức năng tim mạch","Biến chứng do tổn hại động mạch vành, tăng nguy cơ nhồi máu cơ tim.","https://xayenmo.ninhbinh.gov.vn/y-te-giao-duc/benh-dai-thao-duong-dau-hieu-nhan-biet-phan-loai-va-dieu-tri-389.html"
"886","COMP_9f195cacc8","Complication","Tắc mạch mạc treo","Biến chứng nguy hiểm do không điều trị đúng, có thể dẫn đến tử vong.","https://web.archive.org/web/https://benhviendakhoasongma.gov.vn/bai-viet/hon-me-tang-ap-luc-tham-thau-do-dai-thao-duong-210"
"887","COMP_a04d54aefc","Complication","Viêm tắc tĩnh mạch chân","Biến chứng mạch máu do rối loạn lưu thông.","https://web.archive.org/web/https://vncdc.gov.vn/quan-ly-benh-dai-thao-duong-nd14581.html"
"888","COMP_a0a30630f3","Complication","Suy thất phải","Do tăng gánh tim do thiếu oxy kéo dài, thường thấy trong cơn hen nặng.","https://hohap.bachmai.gov.vn/detail/14225/hen-phe-quan-%C2%A0-cach-nhan-biet-va-chan-doan.html"
"889","COMP_a0cd5efb51","Complication","Suy tim cấp","Biến chứng hiếm gặp nhưng nguy hiểm, biểu hiện bằng khó thở nặng, tím môi, co kéo cơ hô hấp phụ.","https://web.archive.org/web/https://vncdc.gov.vn/huong-dan-chan-doan-va-dieu-tri-benh-phoi-tac-nghen-man-tinh-nd14577.html"
"890","COMP_a24c614003","Complication","Nhiễm khuẩn hô hấp","Do tắc nghẽn đường thở tạo môi trường thuận lợi cho vi khuẩn sinh sôi.","https://www.vinmec.com/vie/bai-viet/bien-chung-lau-dai-cua-benh-hen-phe-quan-vi"
"891","COMP_a2be4cd809","Complication","Bệnh lý võng mạc","Tổn thương mạch máu võng mạc, có thể gây giảm thị lực và mù. | Tổn thương mạch máu võng mạc gây xuất tiết, xuất huyết, giảm thị lực và mù. | Tổn thương mạch máu võng mạc. Biểu hiện: xuất tiết, xuất huyết võng mạc → giảm thị lực → mù. | Tổn thương mạch máu võng mạc, có thể gây giảm thị lực và mù. | Tổn thương mạch máu võng mạc gây xuất tiết, xuất huyết, giảm thị lực và mù. | Tổn thương mạch máu võng mạc, có thể gây giảm thị lực và mù. | Tổn thương mạch máu võng mạc, có thể gây giảm thị lực và mù. | Do tổn thương mạch máu võng mạc gây xuất tiết, xuất huyết và mù. | Tổn thương mạch máu võng mạc gây giảm thị lực và mù. | Tổn thương mạch máu võng mạc. Biểu hiện: xuất tiết, xuất huyết võng mạc → giảm thị lực và mù. | Tổn thương mạch máu võng mạc gây xuất tiết, xuất huyết, giảm thị lực và mù. | Tổn thương mạch máu võng mạc gây xuất tiết, xuất huyết, giảm thị lực và mù. | Tổn thương mạch máu võng mạc, có thể gây giảm thị lực và mù. | Do tổn thương mạch máu võng mạc. Biểu hiện: xuất tiết, xuất huyết võng mạc → giảm thị lực, mù. | Tổn thương mạch máu võng mạc gây giảm thị lực và mù. | Tổn thương mạch máu võng mạc gây xuất tiết, xuất huyết, giảm thị lực và mù. | Tổn thương mạch máu võng mạc gây xuất tiết, xuất huyết... có thể dẫn đến mù. | Tổn thương mạch máu võng mạc → xuất tiết, xuất huyết → giảm thị lực và mù. | Tổn thương mạch máu võng mạc gây xuất tiết, xuất huyết, giảm thị lực và mù. | Tổn thương mạch máu võng mạc dẫn đến giảm thị lực và mù. | Tổn thương mạch máu võng mạc gây giảm thị lực và mù. | Tổn thương mạch máu võng mạc gây xuất tiết, xuất huyết, giảm thị lực và mù. | Tổn thương mạch máu võng mạc, có thể gây giảm thị lực và mù. | Tổn thương mạch máu võng mạc gây giảm thị lực và mù. | Tổn thương mạch máu võng mạc, có thể gây giảm thị lực và mù. | Tổn thương mạch máu võng mạc, có thể gây giảm thị lực và mù. | Tổn thương mạch máu võng mạc gây xuất tiết, xuất huyết, giảm thị lực và mù. | Tổn thương mạch máu võng mạc. Biểu hiện: xuất tiết, xuất huyết võng mạc → giảm thị lực → mù. | Tổn thương mạch máu võng mạc gây xuất tiết, xuất huyết, giảm thị lực và mù.","https://web.archive.org/web/https://bachmai.gov.vn/bai-viet/bien-chung-cua-benh-dai-thao-duong?id=f17ffc43-5abb-5dcb-54d1-d3887440a421 | https://bachmai.gov.vn/bai-viet/bien-chung-cua-benh-dai-thao-duong?id=f17ffc43-5abb-5dcb-54d1-d3887440a421 | https://web.archive.org/web/https://bachmai.gov.vn/bai-viet/bien-chung-cua-benh-dai-thao-duong?id=f17ffc43-5abb-5dcb-54d1-d3887440a421 | https://bachmai.gov.vn/bai-viet/bien-chung-cua-benh-dai-thao-duong?id=f17ffc43-5abb-5dcb-54d1-d3887440a421 | https://web.archive.org/web/https://bachmai.gov.vn/bai-viet/bien-chung-cua-benh-dai-thao-duong?id=f17ffc43-5abb-5dcb-54d1-d3887440a421 | https://bachmai.gov.vn/bai-viet/bien-chung-cua-benh-dai-thao-duong?id=f17ffc43-5abb-5dcb-54d1-d3887440a421 | https://web.archive.org/web/https://bachmai.gov.vn/bai-viet/bien-chung-cua-benh-dai-thao-duong?id=f17ffc43-5abb-5dcb-54d1-d3887440a421 | https://chanthuongvacotsong.bachmai.gov.vn/bien-chung-cua-benh-dai-thao-duong/ | https://bachmai.gov.vn/bai-viet/bien-chung-cua-benh-dai-thao-duong?id=f17ffc43-5abb-5dcb-54d1-d3887440a421 | https://web.archive.org/web/https://bachmai.gov.vn/bai-viet/bien-chung-cua-benh-dai-thao-duong?id=f17ffc43-5abb-5dcb-54d1-d3887440a421 | https://web.archive.org/web/https://bachmai.gov.vn/bai-viet/bien-chung-cua-benh-dai-thao-duong?id=f17ffc43-5abb-5dcb-54d1-d3887440a421 | https://chanthuongvacotsong.bachmai.gov.vn/bien-chung-cua-benh-dai-thao-duong/ | https://web.archive.org/web/https://bachmai.gov.vn/bai-viet/bien-chung-cua-benh-dai-thao-duong?id=f17ffc43-5abb-5dcb-54d1-d3887440a421 | https://web.archive.org/web/https://chanthuongvacotsong.bachmai.gov.vn/bien-chung-cua-benh-dai-thao-duong/ | https://chanthuongvacotsong.bachmai.gov.vn/bien-chung-cua-benh-dai-thao-duong/ | https://web.archive.org/web/https://bachmai.gov.vn/bai-viet/bien-chung-cua-benh-dai-thao-duong?id=f17ffc43-5abb-5dcb-54d1-d3887440a421 | https://web.archive.org/web/https://bachmai.gov.vn/bai-viet/bien-chung-cua-benh-dai-thao-duong?id=f17ffc43-5abb-5dcb-54d1-d3887440a421 | https://bachmai.gov.vn/bai-viet/bien-chung-cua-benh-dai-thao-duong?id=f17ffc43-5abb-5dcb-54d1-d3887440a421 | https://web.archive.org/web/https://bachmai.gov.vn/bai-viet/bien-chung-cua-benh-dai-thao-duong?id=f17ffc43-5abb-5dcb-54d1-d3887440a421 | https://web.archive.org/web/https://bachmai.gov.vn/bai-viet/bien-chung-cua-benh-dai-thao-duong?id=f17ffc43-5abb-5dcb-54d1-d3887440a421 | https://web.archive.org/web/https://bachmai.gov.vn/bai-viet/bien-chung-cua-benh-dai-thao-duong?id=f17ffc43-5abb-5dcb-54d1-d3887440a421 | https://bachmai.gov.vn/bai-viet/bien-chung-cua-benh-dai-thao-duong?id=f17ffc43-5abb-5dcb-54d1-d3887440a421"
"892","COMP_a32fee92ea","Complication","Biến dạng lồng ngực","Lồng ngực căng tròn, xương ức nhô ra do tắc nghẽn đường thở kéo dài.","https://www.vinmec.com/vie/bai-viet/bien-chung-lau-dai-cua-benh-hen-phe-quan-vi"
"893","COMP_a385ae7711","Complication","Loãng xương","Do tích tụ phospho và thiếu canxi do chế độ ăn không kiểm soát. | Do tích tụ phospho và thiếu canxi do chức năng thận suy giảm. | Do tích tụ phospho và thiếu canxi do chế độ ăn không kiểm soát. | Tổn thương xương do sử dụng lâu dài thuốc corticoid.","https://bachmai.gov.vn/bai-viet/sai-lam-trong-dinh-duong-khien-suy-than-man-them-tram-trong-dau-la-giai-phap?id=1ff0d3d0-62f4-4159-a23b-758572e7f600 | https://web.archive.org/web/https://bachmai.gov.vn/bai-viet/sai-lam-trong-dinh-duong-khien-suy-than-man-them-tram-trong-dau-la-giai-phap?id=1ff0d3d0-62f4-4159-a23b-758572e7f600 | https://web.archive.org/web/https://bachmai.gov.vn/bai-viet/sai-lam-trong-dinh-duong-khien-suy-than-man-them-tram-trong-dau-la-giai-phap?id=1ff0d3d0-62f4-4159-a23b-758572e7f600 | https://bachmai.gov.vn/bai-viet/sai-lam-trong-dinh-duong-khien-suy-than-man-them-tram-trong-dau-la-giai-phap?id=1ff0d3d0-62f4-4159-a23b-758572e7f600 | https://www.vinmec.com/vie/bai-viet/bien-chung-lau-dai-cua-benh-hen-phe-quan-vi"
"894","COMP_a435a6d813","Complication","Biến chứng nguy hiểm","Các biến chứng có thể xảy ra do suy kiệt và tắc nghẽn phổi kéo dài.","http://benhvienphoi.hatinh.gov.vn/chi-tiet-tin-tuc?slug=hay-nhan-biet-som-va-phong-ngua-benh-phoi-tac-nghen-man-tinh-copd | https://web.archive.org/web/http://benhvienphoi.hatinh.gov.vn/chi-tiet-tin-tuc?slug=hay-nhan-biet-som-va-phong-ngua-benh-phoi-tac-nghen-man-tinh-copd"
"895","COMP_a47777858f","Complication","Đau chân khi đi lại","Do xơ vữa động mạch ngoại biên gây hẹp tắc mạch máu ở chân.","http://bvhoanghoa.ytethanhhoa.gov.vn/web/khoa-phong-chuc-nang/khoa-phong-chuc-nang/to-cong-tac-xa-hoi/dieu-can-luu-y-khi-dieu-tri-tang-huyet-ap.html | http://bvhoanghoa.ytethanhhoa.gov.vn/web/khoa-phong-chuc-nang/khoa-phong-chuc-nang/phong-cong-tac-xa-hoi/dieu-can-luu-y-khi-dieu-tri-tang-huyet-ap.html | http://bvhoanghoa.ytethanhhoa.gov.vn/web/khoa-phong-chuc-nang/khoa-phong-chuc-nang/phong-cong-tac-xa-hoi/dieu-can-luu-y-khi-dieu-tri-tang-huyet-ap.html"
"896","COMP_a59398cbd0","Complication","Toan ceton","Biến chứng nguy hiểm do thiếu Insulin, dẫn đến tích tụ axit beta-hydroxybutyric. | Trạng thái nguy hiểm do tích tụ axit trong máu khi cơ thể không có đủ insulin để chuyển hóa glucose. | Biến chứng nguy hiểm do thiếu Insulin dẫn đến tích tụ axit beta-hydroxybutyric. | Biến chứng nguy hiểm do thiếu Insulin, dẫn đến tích tụ axit beta-hydroxybutyric.","https://benhviennhitrunguong.gov.vn/hoi-thao-xu-huong-dieu-tri-dai-thao-duong-tip-1-chung-ta-khong-the-dung-ngoai.html"
"897","COMP_a5d7df0ce4","Complication","Suy thận mạn giai đoạn cuối","Do tổn thương cầu thận, dẫn đến lọc máu, chiếm 1/3 số trường hợp ở Việt Nam. | Trạng thái suy giảm chức năng thận không hồi phục, cần chạy thận hoặc ghép thận. | Trạng thái không thể phục hồi của chức năng thận, cần chạy thận hoặc ghép thận. | Trạng thái thận không còn chức năng lọc, cần chạy thận hoặc ghép thận. | Trạng thái nghiêm trọng nhất của suy thận do tăng huyết áp, cần thay thế thận. | Tăng huyết áp gây tổn thương mạch máu thận dẫn đến suy giảm chức năng thận nghiêm trọng. | Trạng thái thận không còn chức năng lọc, cần chạy thận hoặc ghép thận. | Trạng thái thận không còn khả năng lọc máu, cần chạy thận hoặc ghép thận. | Trạng thái suy giảm chức năng thận không hồi phục, cần chạy thận hoặc ghép thận. | Trạng thái không thể phục hồi của chức năng thận, cần chạy thận hoặc ghép thận. | Trạng thái thận không còn chức năng lọc, cần chạy thận hoặc ghép thận. | Trạng thái suy giảm chức năng thận không hồi phục, cần chạy thận hoặc ghép thận. | Trạng thái suy giảm chức năng thận không hồi phục, cần chạy thận hoặc ghép thận. | Trạng thái thận không còn khả năng lọc máu, cần chạy thận hoặc ghép thận. | Trạng thái thận không còn chức năng lọc, cần chạy thận hoặc ghép thận. | Trạng thái thận không còn khả năng lọc máu, cần chạy thận hoặc ghép thận. | Tình trạng thận không còn chức năng lọc máu, cần chạy thận hoặc ghép thận để duy trì sự sống.","https://web.archive.org/web/https://bachmai.gov.vn/tin-chi-tiet/-/bai-viet/dai-thao-duong-can-benh-nhieu-bien-chung-nguy-hiem-8-trieu-nguoi-viet-nam-dang-mac-9624-146.html | https://web.archive.org/web/http://bvhoanghoa.ytethanhhoa.gov.vn/web/khoa-phong-chuc-nang/khoa-phong-chuc-nang/phong-cong-tac-xa-hoi/dieu-can-luu-y-khi-dieu-tri-tang-huyet-ap.html | http://bvhoanghoa.ytethanhhoa.gov.vn/web/khoa-phong-chuc-nang/khoa-phong-chuc-nang/phong-cong-tac-xa-hoi/dieu-can-luu-y-khi-dieu-tri-tang-huyet-ap.html | https://web.archive.org/web/http://bvhoanghoa.ytethanhhoa.gov.vn/web/khoa-phong-chuc-nang/khoa-phong-chuc-nang/phong-cong-tac-xa-hoi/dieu-can-luu-y-khi-dieu-tri-tang-huyet-ap.html | http://bvhoanghoa.ytethanhhoa.gov.vn/web/khoa-phong-chuc-nang/khoa-phong-chuc-nang/to-cong-tac-xa-hoi/dieu-can-luu-y-khi-dieu-tri-tang-huyet-ap.html | https://web.archive.org/web/http://bvhoanghoa.ytethanhhoa.gov.vn/web/khoa-phong-chuc-nang/khoa-phong-chuc-nang/to-cong-tac-xa-hoi/dieu-can-luu-y-khi-dieu-tri-tang-huyet-ap.html | http://bvhoanghoa.ytethanhhoa.gov.vn/web/khoa-phong-chuc-nang/khoa-phong-chuc-nang/phong-cong-tac-xa-hoi/dieu-can-luu-y-khi-dieu-tri-tang-huyet-ap.html | https://web.archive.org/web/http://bvhoanghoa.ytethanhhoa.gov.vn/web/khoa-phong-chuc-nang/khoa-phong-chuc-nang/phong-cong-tac-xa-hoi/dieu-can-luu-y-khi-dieu-tri-tang-huyet-ap.html | http://bvhoanghoa.ytethanhhoa.gov.vn/web/khoa-phong-chuc-nang/khoa-phong-chuc-nang/phong-cong-tac-xa-hoi/dieu-can-luu-y-khi-dieu-tri-tang-huyet-ap.html | https://web.archive.org/web/http://bvhoanghoa.ytethanhhoa.gov.vn/web/khoa-phong-chuc-nang/khoa-phong-chuc-nang/phong-cong-tac-xa-hoi/dieu-can-luu-y-khi-dieu-tri-tang-huyet-ap.html | http://bvhoanghoa.ytethanhhoa.gov.vn/web/khoa-phong-chuc-nang/khoa-phong-chuc-nang/phong-cong-tac-xa-hoi/dieu-can-luu-y-khi-dieu-tri-tang-huyet-ap.html | https://web.archive.org/web/http://bvhoanghoa.ytethanhhoa.gov.vn/web/khoa-phong-chuc-nang/khoa-phong-chuc-nang/phong-cong-tac-xa-hoi/dieu-can-luu-y-khi-dieu-tri-tang-huyet-ap.html | http://bvhoanghoa.ytethanhhoa.gov.vn/web/khoa-phong-chuc-nang/khoa-phong-chuc-nang/to-cong-tac-xa-hoi/dieu-can-luu-y-khi-dieu-tri-tang-huyet-ap.html | https://web.archive.org/web/http://bvhoanghoa.ytethanhhoa.gov.vn/web/khoa-phong-chuc-nang/khoa-phong-chuc-nang/to-cong-tac-xa-hoi/dieu-can-luu-y-khi-dieu-tri-tang-huyet-ap.html | http://bvhoanghoa.ytethanhhoa.gov.vn/web/khoa-phong-chuc-nang/khoa-phong-chuc-nang/phong-cong-tac-xa-hoi/dieu-can-luu-y-khi-dieu-tri-tang-huyet-ap.html"
"898","COMP_a619af0f8d","Complication","Tăng nguy cơ mắc bệnh tim","Do tổn thương mạch máu và rối loạn điều hòa huyết áp.","https://www.vinmec.com/vie/bai-viet/tai-sao-mac-benh-thi-huyet-ap-lai-tang-cao-vi"
"899","COMP_a688e29001","Complication","Rụng răng và viêm dạ dày","Biến chứng tiêu hóa do rối loạn chuyển hóa và ảnh hưởng đến hệ tiêu hóa.","https://bachmai.gov.vn/bai-viet/bien-chung-cua-benh-dai-thao-duong?id=f17ffc43-5abb-5dcb-54d1-d3887440a421"
"900","COMP_a76c7e84ff","Complication","Tổn thương võng mạc","Biến chứng mắt nghiêm trọng do đái tháo đường gây ra. | Biến chứng mắt phổ biến ở bệnh nhân đái tháo đường type 2.","https://web.archive.org/web/https://nsti.vista.gov.vn/publication/view/dac-diem-lam-sang-can-lam-sang-va-bien-chung-mat-tren-benh-nhan-dai-thao-duong-type-2-dieu-tri-tai-khoa-noi-3-benh-vien-huu-nghi-viet-tiep-hai-phong-339420.html | https://nsti.vista.gov.vn/publication/view/dac-diem-lam-sang-can-lam-sang-va-bien-chung-mat-tren-benh-nhan-dai-thao-duong-type-2-dieu-tri-tai-khoa-noi-3-benh-vien-huu-nghi-viet-tiep-hai-phong-339420.html"
"901","COMP_a77bb55e37","Complication","Sốc phản vệ","Phản ứng dị ứng cấp tính nguy hiểm đến tính mạng. | Phản ứng dị ứng nghiêm trọng, có thể tử vong.","https://benhviennhitrunguong.gov.vn/loi-khuyen-cua-cac-chuyen-gia-di-ung-ve-benh-hen-2.html | https://web.archive.org/web/https://benhviennhitrunguong.gov.vn/loi-khuyen-cua-cac-chuyen-gia-di-ung-ve-benh-hen-2.html"
"902","COMP_a861462af7","Complication","Bệnh lý bàn chân","Do tổn thương thần kinh và vi mạch chi dưới, dẫn đến loét, hoại tử, nguy cơ cắt cụt.","https://bachmai.gov.vn/bai-viet/bien-chung-cua-benh-dai-thao-duong?id=f17ffc43-5abb-5dcb-54d1-d3887440a421 | https://chanthuongvacotsong.bachmai.gov.vn/bien-chung-cua-benh-dai-thao-duong/ | https://chanthuongvacotsong.bachmai.gov.vn/bien-chung-cua-benh-dai-thao-duong/ | https://bachmai.gov.vn/bai-viet/bien-chung-cua-benh-dai-thao-duong?id=f17ffc43-5abb-5dcb-54d1-d3887440a421"
"903","COMP_ac456e684b","Complication","Tử vong do suy thận giai đoạn cuối","Tỷ lệ tử vong cao khi không được điều trị kịp thời. | Tỷ lệ tử vong cao khi không được điều trị kịp thời hoặc hiệu quả. | Tỷ lệ tử vong cao khi không được điều trị kịp thời. | Tỷ lệ tử vong cao khi không được điều trị kịp thời hoặc hiệu quả. | Tỷ lệ tử vong cao khi không được điều trị kịp thời.","https://web.archive.org/web/https://benhvientinh.caobang.gov.vn/index.php/vi/news/tin-tuc-su-kien/bien-chung-than-do-dai-thao-duong-6-dieu-nguoi-benh-phai-chu-y-710.html | https://benhvientinh.caobang.gov.vn/index.php/vi/news/tin-tuc-su-kien/bien-chung-than-do-dai-thao-duong-6-dieu-nguoi-benh-phai-chu-y-710.html | https://benhvientinh.caobang.gov.vn/index.php/vi/news/tin-tuc-su-kien/bien-chung-than-do-dai-thao-duong-6-dieu-nguoi-benh-phai-chu-y-710.html | https://benhvientinh.caobang.gov.vn/index.php/vi/news/tin-tuc-su-kien/bien-chung-than-do-dai-thao-duong-6-dieu-nguoi-benh-phai-chu-y-710.html | https://web.archive.org/web/https://benhvientinh.caobang.gov.vn/index.php/vi/news/tin-tuc-su-kien/bien-chung-than-do-dai-thao-duong-6-dieu-nguoi-benh-phai-chu-y-710.html | https://benhvientinh.caobang.gov.vn/index.php/vi/news/tin-tuc-su-kien/bien-chung-than-do-dai-thao-duong-6-dieu-nguoi-benh-phai-chu-y-710.html | https://web.archive.org/web/https://benhvientinh.caobang.gov.vn/index.php/vi/news/tin-tuc-su-kien/bien-chung-than-do-dai-thao-duong-6-dieu-nguoi-benh-phai-chu-y-710.html"
"904","COMP_ac99db3a42","Complication","Suy thận do ĐTĐ","Tổn thương cầu thận dẫn đến suy thận mãn tính, cần lọc máu. | Do tổn thương mạch máu cầu thận, dẫn đến suy thận và lọc máu. | Do tổn thương mạch máu cầu thận, dẫn đến lọc máu.","https://web.archive.org/web/https://bachmai.gov.vn/tin-chi-tiet/-/bai-viet/dai-thao-duong-can-benh-nhieu-bien-chung-nguy-hiem-8-trieu-nguoi-viet-nam-dang-mac-9624-146.html | https://bachmai.gov.vn/tin-chi-tiet/-/bai-viet/dai-thao-duong-can-benh-nhieu-bien-chung-nguy-hiem-8-trieu-nguoi-viet-nam-dang-mac-9624-146.html | https://bachmai.gov.vn/tin-chi-tiet/-/bai-viet/dai-thao-duong-can-benh-nhieu-bien-chung-nguy-hiem-8-trieu-nguoi-viet-nam-dang-mac-9624-146.html"
"905","COMP_acde1ae886","Complication","Tăng nguy cơ tai biến mạch não","Do uống rượu, làm tăng nguy cơ và đề kháng thuốc điều trị tăng huyết áp.","https://www.vinmec.com/vie/bai-viet/dieu-tri-tang-huyet-ap-kem-suy-man-vi"
"906","COMP_ad0375951d","Complication","Cắt cụt chi","Do nhiễm trùng hoặc tổn thương thần kinh ở bàn chân không được điều trị kịp thời. | Biến chứng do tổn thương thần kinh và tuần hoàn ở chân. | Biến chứng do nhiễm trùng hoặc tổn thương thần kinh ở chân. | Biến chứng do nhiễm trùng hoặc tổn thương thần kinh ở chân. | Do tổn thương thần kinh ngoại biên, mất cảm giác dẫn đến chấn thương không phát hiện và nhiễm trùng nặng. | Do tổn thương thần kinh ngoại biên, mất cảm giác dẫn đến chấn thương không phát hiện và nhiễm trùng nghiêm trọng. | Hậu quả nghiêm trọng do loét bàn chân không được điều trị kịp thời. | Do nhiễm trùng hoặc tổn thương thần kinh ở bàn chân. | Do tổn thương thần kinh ngoại biên, mất cảm giác dẫn đến chấn thương không phát hiện và nhiễm trùng nặng. | Biến chứng do nhiễm trùng hoặc tổn thương thần kinh ở bàn chân.","https://web.archive.org/web/https://bachmai.gov.vn/bai-viet/chan-doan-som-benh-dai-thao-duong-tip-2?id=59f9c51f-418e-9437-823c-a1a6c23c33e4 | https://web.archive.org/web/https://www.vinmec.com/vie/bai-viet/tong-quan-ve-benh-dai-thao-duong-vi | https://www.vinmec.com/vie/bai-viet/tong-quan-ve-benh-dai-thao-duong-vi | https://bachmai.gov.vn/tin-chi-tiet/-/bai-viet/cap-nhat-chan-doan-dieu-tri-benh-dai-thao-duong-va-bien-chung-8971-144.html | https://web.archive.org/web/https://bachmai.gov.vn/bai-viet/chan-doan-som-benh-dai-thao-duong-tip-2?id=59f9c51f-418e-9437-823c-a1a6c23c33e4 | https://www.vinmec.com/vie/bai-viet/tong-quan-ve-benh-dai-thao-duong-vi | https://web.archive.org/web/https://bachmai.gov.vn/tin-chi-tiet/-/bai-viet/chan-doan-som-benh-dai-thao-duong-tip-2-9427-146.html"
"907","COMP_ad7963463a","Complication","Tổn thương thận","Biến chứng dẫn đến suy giảm chức năng lọc máu của thận. | Biến chứng mạn tính do đái tháo đường gây ra, bao gồm microalbumin niệu và suy thận.","https://web.archive.org/web/https://xayenmo.ninhbinh.gov.vn/y-te-giao-duc/benh-dai-thao-duong-dau-hieu-nhan-biet-phan-loai-va-dieu-tri-389.html | https://chanthuongvacotsong.bachmai.gov.vn/huong-dan-chan-doan-va-dieu-tri-dai-thao-duong-type-2/"
"908","COMP_aea18aebe6","Complication","Biến cố tim mạch","Tăng nguy cơ đột quỵ, nhồi máu cơ tim do đái tháo đường không kiểm soát.","https://bachmai.gov.vn/bai-viet/doi-moi-tu-duy-dieu-tri-dai-thao-duong-typ-2-va-chien-luoc-kiem-soat-toan-dien-bien-chung-than-kinh?id=090463d0-4515-40c8-919c-8bebc41e2c01"
"909","COMP_aeddb2e02c","Complication","Phổi im lặng","Dấu hiệu cực kỳ nguy hiểm khi đường thở co thắt hoàn toàn, không còn tiếng rít.","https://medlatec.vn/tu-dien-benh-ly/con-hen-ac-tinh"
"910","COMP_b0e4605e4f","Complication","Suy tim","Do tổn thương cơ tim do đường huyết cao kéo dài, gây giảm chức năng bơm máu. | Biến chứng tim mạch nghiêm trọng, có thể xảy ra ở người bệnh đái tháo đường. | Biến chứng tim mạch nghiêm trọng, có thể được ngăn ngừa bằng thuốc điều trị phù hợp. | Biến chứng mạch vành hoặc mạch máu lớn, dẫn đến suy tim và khó thở. | Do đường huyết không kiểm soát ảnh hưởng đến chức năng tim. | Biến chứng nghiêm trọng liên quan đến clopidogrel ở bệnh nhân đái tháo đường. | Biến chứng nghiêm trọng liên quan đến clopidogrel ở bệnh nhân đái tháo đường. | Biến chứng tim mạch nghiêm trọng, có thể được ngăn ngừa bằng thuốc SGLT2i. | Biến chứng nghiêm trọng liên quan đến clopidogrel ở bệnh nhân đái tháo đường. | Biến chứng tim mạch nghiêm trọng, thường gặp ở bệnh nhân đái tháo đường sử dụng clopidogrel. | Chức năng bơm máu của tim bị suy giảm. | Do tổn thương cơ tim, thường gặp ở bệnh nhân tăng huyết áp độ 2 trở lên. | Tình trạng tim không bơm đủ máu cho nhu cầu của cơ thể. | Tim không bơm đủ máu cho nhu cầu của cơ thể. | Tình trạng chức năng tim suy giảm do gánh nặng tăng huyết áp. | Chức năng bơm máu của tim bị suy giảm. | Tình trạng cơ tim không bơm đủ máu cho nhu cầu của cơ thể do tăng huyết áp. | Do tổn thương cơ quan đích, thường gặp ở tăng huyết áp độ 2 trở lên. | Tổn thương cơ tim do tăng huyết áp gây gánh nặng cho tim. | Tình trạng cơ tim không bơm đủ máu cho nhu cầu của cơ thể do tăng huyết áp. | Chức năng bơm máu của tim bị suy giảm. | Do tổn thương cơ tim, thường gặp ở bệnh nhân tăng huyết áp độ 2 trở lên. | Trạng thái chức năng tim bị suy giảm do gánh nặng tăng cao từ huyết áp. | Chức năng bơm máu của tim bị suy giảm do tăng tải và tổn thương. | Tình trạng tim không bơm đủ máu do tổn thương cơ tim hoặc mạch máu. | Biến chứng tim mạch do tăng huyết áp gây ra, có thể dẫn đến suy tim mất bù và rung nhĩ. | Tổn thương cơ tim do tăng huyết áp gây gánh nặng cho tim. | Tình trạng cơ tim không bơm đủ máu cho nhu cầu của cơ thể do tăng huyết áp. | Tình trạng cơ tim không bơm đủ máu, do tăng huyết áp gây gánh nặng cho tim. | Tổn thương cơ tim do tăng huyết áp gây gánh nặng cho tim, dẫn đến suy giảm chức năng. | Tổn thương cơ tim do tăng huyết áp gây gánh nặng cho tim. | Tình trạng cơ tim không bơm đủ máu cho nhu cầu của cơ thể do tăng huyết áp. | Do tổn thương cơ quan đích, thường gặp ở tăng huyết áp độ 2 trở lên. | Tổn thương cơ tim do tăng huyết áp gây gánh nặng cho tim. | Tình trạng tim không bơm đủ máu do tổn thương cơ tim hoặc mạch máu. | Tim không bơm đủ máu cho nhu cầu của cơ thể. | Tổn thương cơ tim do tăng huyết áp gây gánh nặng cho tim. | Tổn thương cơ tim do tăng huyết áp gây gánh nặng cho tim, dẫn đến suy giảm chức năng. | Chức năng bơm máu của tim bị suy giảm. | Tình trạng chức năng tim bị suy giảm do tăng huyết áp lâu dài. | Do cơ tim phải hoạt động quá mức để bù đắp áp lực cao, dần trở nên suy yếu. | Trạng thái chức năng tim bị suy giảm do gánh nặng tăng cao từ huyết áp. | Chức năng bơm máu của tim bị suy giảm do tăng tải và tổn thương. | Do tổn thương cơ tim, thường gặp ở bệnh nhân tăng huyết áp độ 2 trở lên. | Trạng thái chức năng tim bị suy giảm do gánh nặng tăng cao từ huyết áp. | Do tổn thương cơ quan đích, thường gặp ở tăng huyết áp độ 2 và cao hơn. | Chức năng bơm máu của tim bị suy giảm do gánh nặng kéo dài từ tăng huyết áp. | Do cơ tim dày lên để bơm máu chống áp lực cao, sau đó gây khó khăn trong việc bơm đủ máu. | Do tăng huyết áp kéo dài và tổn thương cơ tim. | Tình trạng cơ tim không bơm đủ máu, do tăng huyết áp gây gánh nặng cho tim. | Tổn thương cơ tim do tăng huyết áp gây gánh nặng cho tim, dẫn đến suy giảm chức năng. | Biến chứng tim mạch nghiêm trọng do huyết áp tăng gây ra. | Biến chứng do áp lực tăng lên các mạch máu và tổn thương mô. | Trạng thái chức năng tim bị suy giảm do gánh nặng tăng cao từ huyết áp. | Chức năng bơm máu của tim bị suy giảm do gánh nặng kéo dài từ tăng huyết áp. | Tim phải hoạt động quá mức để bù đắp áp lực cao, dẫn đến suy yếu cơ tim theo thời gian. | Trạng thái chức năng tim bị suy giảm do gánh nặng tăng cao từ huyết áp. | Do cơ tim phải hoạt động liên tục để bù đắp áp lực cao, dần trở nên suy yếu. | Chức năng bơm máu của tim bị suy giảm do tăng tải và tổn thương. | Chức năng bơm máu của tim bị suy giảm. | Tổn thương cơ quan đích do tăng huyết áp, thường gặp ở người có huyết áp độ 2 trở lên. | Tình trạng tim không bơm đủ máu cho nhu cầu của cơ thể. | Tổn thương cơ tim do tăng huyết áp gây ra, có thể dẫn đến suy tim cấp tính hoặc mạn tính. | Biến chứng nguy hiểm do COPD gây ra khi bệnh tiến triển nặng. | Biến chứng nguy hiểm do COPD gây tăng áp lực trong mạch phổi, ảnh hưởng đến chức năng tim. | Biến chứng nguy hiểm do COPD gây ra khi bệnh tiến triển nặng. | Biến chứng nguy hiểm do COPD gây ra khi tình trạng tắc nghẽn đường thở kéo dài ảnh hưởng đến chức năng tim. | Biến chứng nguy hiểm do COPD gây ra khi bệnh tiến triển nặng.","https://web.archive.org/web/https://ttytiapa.gialai.gov.vn/van-ban/huong-dan-chan-doan-va-dieu-tri-benh-dai-thao-duong-tip-1-o-.html | https://bachmai.gov.vn/bai-viet/doi-moi-tu-duy-dieu-tri-dai-thao-duong-typ-2-va-chien-luoc-kiem-soat-toan-dien-bien-chung-than-kinh?id=090463d0-4515-40c8-919c-8bebc41e2c01 | https://web.archive.org/web/https://bachmai.gov.vn/bai-viet/doi-moi-tu-duy-dieu-tri-dai-thao-duong-typ-2-va-chien-luoc-kiem-soat-toan-dien-bien-chung-than-kinh?id=090463d0-4515-40c8-919c-8bebc41e2c01 | https://bachmai.gov.vn/tin-chi-tiet/-/bai-viet/dai-thao-duong-can-benh-nhieu-bien-chung-nguy-hiem-8-trieu-nguoi-viet-nam-dang-mac-9624-146.html | https://bachmai.gov.vn/tin-chi-tiet/-/bai-viet/dai-thao-duong-can-benh-nhieu-bien-chung-nguy-hiem-8-trieu-nguoi-viet-nam-dang-mac-9624-146.html | https://web.archive.org/web/http://www.tapchiyhocduphong.vn/tap-chi-y-hoc-du-phong/2019/09/nguy-co-bien-co-tim-mach-o-benh-nhan-su-dung-clopidogrel-mac-va-khong-mac-dai-th-o81E2084E.html | https://web.archive.org/web/http://www.tapchiyhocduphong.vn/tap-chi-y-hoc-du-phong/2019/09/nguy-co-bien-co-tim-mach-o-benh-nhan-su-dung-clopidogrel-mac-va-khong-mac-dai-th-o81E2084E.html | https://bachmai.gov.vn/bai-viet/doi-moi-tu-duy-dieu-tri-dai-thao-duong-typ-2-va-chien-luoc-kiem-soat-toan-dien-bien-chung-than-kinh?id=090463d0-4515-40c8-919c-8bebc41e2c01 | https://web.archive.org/web/http://www.tapchiyhocduphong.vn/tap-chi-y-hoc-du-phong/2019/09/nguy-co-bien-co-tim-mach-o-benh-nhan-su-dung-clopidogrel-mac-va-khong-mac-dai-th-o81E2084E.html | https://chanthuongvacotsong.bachmai.gov.vn/huong-dan-chan-doan-va-dieu-tri-tang-huyet-ap/ | https://web.archive.org/web/http://bvhoanghoa.ytethanhhoa.gov.vn/web/khoa-phong-chuc-nang/khoa-phong-chuc-nang/to-cong-tac-xa-hoi/benh-tang-huyet-ap-ke-giet-nguoi-tham-lang.html | https://chanthuongvacotsong.bachmai.gov.vn/cao-huyet-ap-am-tham-ma-rat-hiem/ | http://bvhoanghoa.ytethanhhoa.gov.vn/web/khoa-phong-chuc-nang/khoa-phong-chuc-nang/to-cong-tac-xa-hoi/benh-tang-huyet-ap-ke-giet-nguoi-tham-lang.html | https://web.archive.org/web/https://vncdc.gov.vn/huong-dan-chan-doan-va-dieu-tri-tang-huyet-ap-nd14594.html | https://web.archive.org/web/http://bvhoanghoa.ytethanhhoa.gov.vn/web/khoa-phong-chuc-nang/khoa-phong-chuc-nang/to-cong-tac-xa-hoi/benh-tang-huyet-ap-ke-giet-nguoi-tham-lang.html | http://bvhoanghoa.ytethanhhoa.gov.vn/web/khoa-phong-chuc-nang/khoa-phong-chuc-nang/phong-cong-tac-xa-hoi/dieu-can-luu-y-khi-dieu-tri-tang-huyet-ap.html | https://web.archive.org/web/http://bvhoanghoa.ytethanhhoa.gov.vn/web/khoa-phong-chuc-nang/khoa-phong-chuc-nang/phong-cong-tac-xa-hoi/dieu-can-luu-y-khi-dieu-tri-tang-huyet-ap.html | https://web.archive.org/web/http://bvhoanghoa.ytethanhhoa.gov.vn/web/khoa-phong-chuc-nang/khoa-phong-chuc-nang/to-cong-tac-xa-hoi/benh-tang-huyet-ap-ke-giet-nguoi-tham-lang.html | http://bvhoanghoa.ytethanhhoa.gov.vn/web/khoa-phong-chuc-nang/khoa-phong-chuc-nang/phong-cong-tac-xa-hoi/dieu-can-luu-y-khi-dieu-tri-tang-huyet-ap.html | https://chanthuongvacotsong.bachmai.gov.vn/huong-dan-chan-doan-va-dieu-tri-tang-huyet-ap/ | http://bvhoanghoa.ytethanhhoa.gov.vn/web/khoa-phong-chuc-nang/khoa-phong-chuc-nang/to-cong-tac-xa-hoi/benh-tang-huyet-ap-ke-giet-nguoi-tham-lang.html | https://web.archive.org/web/http://bvhoanghoa.ytethanhhoa.gov.vn/web/khoa-phong-chuc-nang/khoa-phong-chuc-nang/phong-cong-tac-xa-hoi/dieu-can-luu-y-khi-dieu-tri-tang-huyet-ap.html | http://bvhoanghoa.ytethanhhoa.gov.vn/web/khoa-phong-chuc-nang/khoa-phong-chuc-nang/phong-cong-tac-xa-hoi/dieu-can-luu-y-khi-dieu-tri-tang-huyet-ap.html | https://web.archive.org/web/http://bvhoanghoa.ytethanhhoa.gov.vn/web/khoa-phong-chuc-nang/khoa-phong-chuc-nang/to-cong-tac-xa-hoi/benh-tang-huyet-ap-ke-giet-nguoi-tham-lang.html | https://web.archive.org/web/http://bvhoanghoa.ytethanhhoa.gov.vn/web/khoa-phong-chuc-nang/khoa-phong-chuc-nang/phong-cong-tac-xa-hoi/dieu-can-luu-y-khi-dieu-tri-tang-huyet-ap.html | http://bvhoanghoa.ytethanhhoa.gov.vn/web/khoa-phong-chuc-nang/khoa-phong-chuc-nang/phong-cong-tac-xa-hoi/dieu-can-luu-y-khi-dieu-tri-tang-huyet-ap.html | https://web.archive.org/web/http://bvhoanghoa.ytethanhhoa.gov.vn/web/khoa-phong-chuc-nang/khoa-phong-chuc-nang/phong-cong-tac-xa-hoi/dieu-can-luu-y-khi-dieu-tri-tang-huyet-ap.html | http://bvhoanghoa.ytethanhhoa.gov.vn/web/khoa-phong-chuc-nang/khoa-phong-chuc-nang/to-cong-tac-xa-hoi/dieu-can-luu-y-khi-dieu-tri-tang-huyet-ap.html | http://bvhoanghoa.ytethanhhoa.gov.vn/web/khoa-phong-chuc-nang/khoa-phong-chuc-nang/phong-cong-tac-xa-hoi/dieu-can-luu-y-khi-dieu-tri-tang-huyet-ap.html | https://web.archive.org/web/https://vncdc.gov.vn/huong-dan-chan-doan-va-dieu-tri-tang-huyet-ap-nd14594.html | https://web.archive.org/web/http://bvhoanghoa.ytethanhhoa.gov.vn/web/khoa-phong-chuc-nang/khoa-phong-chuc-nang/phong-cong-tac-xa-hoi/dieu-can-luu-y-khi-dieu-tri-tang-huyet-ap.html | http://bvhoanghoa.ytethanhhoa.gov.vn/web/khoa-phong-chuc-nang/khoa-phong-chuc-nang/phong-cong-tac-xa-hoi/dieu-can-luu-y-khi-dieu-tri-tang-huyet-ap.html | https://web.archive.org/web/http://bvhoanghoa.ytethanhhoa.gov.vn/web/khoa-phong-chuc-nang/khoa-phong-chuc-nang/phong-cong-tac-xa-hoi/dieu-can-luu-y-khi-dieu-tri-tang-huyet-ap.html | http://bvhoanghoa.ytethanhhoa.gov.vn/web/khoa-phong-chuc-nang/khoa-phong-chuc-nang/phong-cong-tac-xa-hoi/dieu-can-luu-y-khi-dieu-tri-tang-huyet-ap.html | http://bvhoanghoa.ytethanhhoa.gov.vn/web/khoa-phong-chuc-nang/khoa-phong-chuc-nang/to-cong-tac-xa-hoi/benh-tang-huyet-ap-ke-giet-nguoi-tham-lang.html | https://web.archive.org/web/http://bvhoanghoa.ytethanhhoa.gov.vn/web/khoa-phong-chuc-nang/khoa-phong-chuc-nang/phong-cong-tac-xa-hoi/dieu-can-luu-y-khi-dieu-tri-tang-huyet-ap.html | http://bvhoanghoa.ytethanhhoa.gov.vn/web/khoa-phong-chuc-nang/khoa-phong-chuc-nang/phong-cong-tac-xa-hoi/dieu-can-luu-y-khi-dieu-tri-tang-huyet-ap.html | https://soyte.tuyenquang.gov.vn/tin-tuc/tang-huyet-ap-va-nhung-bien-chung-nguy-hiem.html | https://web.archive.org/web/http://bvhoanghoa.ytethanhhoa.gov.vn/web/khoa-phong-chuc-nang/khoa-phong-chuc-nang/to-cong-tac-xa-hoi/benh-tang-huyet-ap-ke-giet-nguoi-tham-lang.html | http://bvhoanghoa.ytethanhhoa.gov.vn/web/khoa-phong-chuc-nang/khoa-phong-chuc-nang/to-cong-tac-xa-hoi/benh-tang-huyet-ap-ke-giet-nguoi-tham-lang.html | https://web.archive.org/web/https://chanthuongvacotsong.bachmai.gov.vn/huong-dan-chan-doan-va-dieu-tri-tang-huyet-ap/ | https://chanthuongvacotsong.bachmai.gov.vn/huong-dan-chan-doan-va-dieu-tri-tang-huyet-ap/ | https://tamanhhospital.vn/tang-huyet-ap-thu-phat/ | http://bvhoanghoa.ytethanhhoa.gov.vn/web/khoa-phong-chuc-nang/khoa-phong-chuc-nang/to-cong-tac-xa-hoi/benh-tang-huyet-ap-ke-giet-nguoi-tham-lang.html | https://web.archive.org/web/http://bvhoanghoa.ytethanhhoa.gov.vn/web/khoa-phong-chuc-nang/khoa-phong-chuc-nang/to-cong-tac-xa-hoi/benh-tang-huyet-ap-ke-giet-nguoi-tham-lang.html | https://web.archive.org/web/https://medlatec.vn/tin-tuc/hep-dong-mach-than-la-gi-muc-do-nguy-hiem-va-phuong-phap-dieu-tri | https://web.archive.org/web/http://bvhoanghoa.ytethanhhoa.gov.vn/web/khoa-phong-chuc-nang/khoa-phong-chuc-nang/phong-cong-tac-xa-hoi/dieu-can-luu-y-khi-dieu-tri-tang-huyet-ap.html | http://bvhoanghoa.ytethanhhoa.gov.vn/web/khoa-phong-chuc-nang/khoa-phong-chuc-nang/to-cong-tac-xa-hoi/dieu-can-luu-y-khi-dieu-tri-tang-huyet-ap.html | http://bvhoanghoa.ytethanhhoa.gov.vn/web/khoa-phong-chuc-nang/khoa-phong-chuc-nang/phong-cong-tac-xa-hoi/dieu-can-luu-y-khi-dieu-tri-tang-huyet-ap.html | https://web.archive.org/web/https://vncdc.gov.vn/4-bien-phap-chu-yeu-phong-benh-tang-huyet-ap-nd14878.html | http://soyte.hatinh.gov.vn/tin-tuc-su-kien/pho-bien-kien-thuc/4-bien-phap-chu-yeu-phong-benh-tang-huyet-ap.html | https://web.archive.org/web/http://soyte.hatinh.gov.vn/tin-tuc-su-kien/pho-bien-kien-thuc/4-bien-phap-chu-yeu-phong-benh-tang-huyet-ap.html | http://bvhoanghoa.ytethanhhoa.gov.vn/web/khoa-phong-chuc-nang/khoa-phong-chuc-nang/to-cong-tac-xa-hoi/benh-tang-huyet-ap-ke-giet-nguoi-tham-lang.html | https://web.archive.org/web/http://bvhoanghoa.ytethanhhoa.gov.vn/web/khoa-phong-chuc-nang/khoa-phong-chuc-nang/to-cong-tac-xa-hoi/benh-tang-huyet-ap-ke-giet-nguoi-tham-lang.html | https://soyte.tuyenquang.gov.vn/tin-tuc/tang-huyet-ap-va-nhung-bien-chung-nguy-hiem.html | https://web.archive.org/web/http://bvhoanghoa.ytethanhhoa.gov.vn/web/khoa-phong-chuc-nang/khoa-phong-chuc-nang/to-cong-tac-xa-hoi/benh-tang-huyet-ap-ke-giet-nguoi-tham-lang.html | https://web.archive.org/web/https://soyte.tuyenquang.gov.vn/tin-tuc/tang-huyet-ap-va-nhung-bien-chung-nguy-hiem.html | http://bvhoanghoa.ytethanhhoa.gov.vn/web/khoa-phong-chuc-nang/khoa-phong-chuc-nang/to-cong-tac-xa-hoi/benh-tang-huyet-ap-ke-giet-nguoi-tham-lang.html | https://web.archive.org/web/https://chanthuongvacotsong.bachmai.gov.vn/huong-dan-chan-doan-va-dieu-tri-tang-huyet-ap/ | https://chanthuongvacotsong.bachmai.gov.vn/huong-dan-chan-doan-va-dieu-tri-tang-huyet-ap/ | https://web.archive.org/web/http://bvhoanghoa.ytethanhhoa.gov.vn/web/khoa-phong-chuc-nang/khoa-phong-chuc-nang/to-cong-tac-xa-hoi/benh-tang-huyet-ap-ke-giet-nguoi-tham-lang.html | https://chanthuongvacotsong.bachmai.gov.vn/cao-huyet-ap-am-tham-ma-rat-hiem/ | https://web.archive.org/web/https://bachmai.gov.vn/bai-viet/benh-phoi-tac-nghen-man-tinh-hieu-dung-phong-ngua-va-phat-hien-som-cung-chuyen-gia-benh-vien-bach-mai?id=bef483aa-6fde-433a-b2e8-b373eb7903a6 | https://bachmai.gov.vn/bai-viet/benh-phoi-tac-nghen-man-tinh-hieu-dung-phong-ngua-va-phat-hien-som-cung-chuyen-gia-benh-vien-bach-mai?id=bef483aa-6fde-433a-b2e8-b373eb7903a6 | https://web.archive.org/web/https://bachmai.gov.vn/bai-viet/benh-phoi-tac-nghen-man-tinh-hieu-dung-phong-ngua-va-phat-hien-som-cung-chuyen-gia-benh-vien-bach-mai?id=bef483aa-6fde-433a-b2e8-b373eb7903a6 | https://bachmai.gov.vn/bai-viet/benh-phoi-tac-nghen-man-tinh-hieu-dung-phong-ngua-va-phat-hien-som-cung-chuyen-gia-benh-vien-bach-mai?id=bef483aa-6fde-433a-b2e8-b373eb7903a6"
"911","COMP_b157e123ac","Complication","Tổn thương gan","Do bổ sung sắt không kiểm soát, có thể gây tổn thương gan ở bệnh nhân suy thận nặng.","https://www.vinmec.com/vie/bai-viet/dieu-tri-tang-huyet-ap-kem-suy-man-vi"
"912","COMP_b184670082","Complication","Tăng áp lực nội sọ","Do tổn thương não do đường huyết cao kéo dài, gây đau đầu, nôn mửa.","https://web.archive.org/web/https://ttytiapa.gialai.gov.vn/van-ban/huong-dan-chan-doan-va-dieu-tri-benh-dai-thao-duong-tip-1-o-.html"
"913","COMP_b1d74dd219","Complication","Tai biến mạch não","Biến chứng nguy hiểm, thường gặp ở người có tăng huyết áp không kiểm soát.","https://web.archive.org/web/https://vncdc.gov.vn/huong-dan-chan-doan-va-dieu-tri-tang-huyet-ap-nd14594.html"
"914","COMP_b1ee9d59c3","Complication","Mù mắt do tổn thương đáy mắt","Biến chứng dẫn đến mất thị lực do tổn thương mạch máu và thần kinh ở đáy mắt.","https://syt.dongnai.gov.vn/vi/news/Suc-khoe-cong-dong/nhung-bien-chung-nguy-hiem-cua-benh-tieu-duong-2511.html"
"915","COMP_b2fe3c1a7d","Complication","Tổn thương mạch máu lớn","Gây bệnh mạch vành, suy tim, tai biến mạch não. Nguy cơ tử vong cao gấp 4 lần so với người không đái tháo đường. | Gây bệnh mạch vành (75% bệnh nhân đái tháo đường mắc), suy tim, tai biến mạch não. Nguy cơ tử vong cao gấp 4 lần so với người không có đái tháo đường.","https://chanthuongvacotsong.bachmai.gov.vn/bien-chung-cua-benh-dai-thao-duong/ | https://chanthuongvacotsong.bachmai.gov.vn/bien-chung-cua-benh-dai-thao-duong/ | https://web.archive.org/web/https://chanthuongvacotsong.bachmai.gov.vn/bien-chung-cua-benh-dai-thao-duong/"
"916","COMP_b48739243c","Complication","Suy giảm chức năng lọc máu","Chức năng thận không còn khả năng loại bỏ chất độc và duy trì cân bằng điện giải. | Gây ra tích tụ chất độc, rối loạn điện giải và dinh dưỡng.","https://benhvientinh.caobang.gov.vn/index.php/vi/news/tin-tuc-su-kien/bien-chung-than-do-dai-thao-duong-6-dieu-nguoi-benh-phai-chu-y-710.html | https://web.archive.org/web/https://benhvientinh.caobang.gov.vn/index.php/vi/news/tin-tuc-su-kien/bien-chung-than-do-dai-thao-duong-6-dieu-nguoi-benh-phai-chu-y-710.html"
"917","COMP_b5599d85b5","Complication","Loét bàn chân","Loét do tổn thương thần kinh và giảm lưu lượng máu tại bàn chân. | Do tổn thương thần kinh và giảm lưu lượng máu, dẫn đến nhiễm trùng và hoại tử. | Nguyên nhân chính khiến bệnh nhân nằm viện lâu, tốn kém và ít hiệu quả trong điều trị. | Biến chứng do tổn thương thần kinh và tuần hoàn, dễ dẫn đến hoại tử và cắt cụt chi. | Biến chứng nghiêm trọng, chiếm 95% bệnh nhân nằm viện trên một tháng tại khoa Nội tiết - Đái tháo đường, điều trị phức tạp và tốn kém. | Do tổn thương thần kinh, gây nhiễm trùng và nằm viện kéo dài. | Biến chứng nghiêm trọng, chiếm 95% bệnh nhân nằm viện trên một tháng tại khoa Nội tiết – Đái tháo đường. | Biến chứng nghiêm trọng do thần kinh ngoại biên, chiếm 95% bệnh nhân nằm viện trên một tháng tại khoa Nội tiết - Đái tháo đường. | Biến chứng nghiêm trọng, chiếm 95% bệnh nhân nằm viện trên một tháng tại khoa Nội tiết - Đái tháo đường. | Do tổn thương thần kinh và giảm tuần hoàn máu ở chân. | Loét do tổn thương thần kinh và giảm lưu lượng máu tại bàn chân. | Do tổn thương thần kinh và tuần hoàn máu, dễ nhiễm trùng. | Loét do tổn thương thần kinh và giảm lưu lượng máu tại bàn chân. | Do tổn thương thần kinh và giảm lưu lượng máu, dễ nhiễm trùng. | Loét do tổn thương thần kinh và giảm lưu lượng máu tại bàn chân. | Biến chứng nghiêm trọng, chiếm 95% bệnh nhân nằm viện trên một tháng tại khoa Nội tiết - Đái tháo đường. | Biến chứng nghiêm trọng do thần kinh ngoại biên, chiếm 95% bệnh nhân nằm viện trên một tháng tại khoa Nội tiết - Đái tháo đường. | Biến chứng thường gặp, chiếm 95% bệnh nhân nằm viện trên một tháng tại khoa Nội tiết - Đái tháo đường. | Biến chứng nghiêm trọng, chiếm 95% bệnh nhân nằm viện trên một tháng tại khoa Nội tiết – Đái tháo đường. | Biến chứng nghiêm trọng, chiếm 95% bệnh nhân nằm viện trên một tháng tại khoa Nội tiết - Đái tháo đường, điều trị phức tạp và tốn kém. | Gây nằm viện kéo dài, tốn kém, ít hiệu quả, thường do thần kinh ngoại biên gây ra. | Loét do đái tháo đường gây ra, cần xử lý cẩn thận để tránh nhiễm trùng và cắt cụt chi. | Gây nằm viện kéo dài, tốn kém, ít hiệu quả, thường do thần kinh ngoại biên gây ra. | Nguyên nhân chính khiến bệnh nhân nằm viện lâu, tốn kém và ít hiệu quả trong điều trị. | Biến chứng nghiêm trọng do thần kinh ngoại biên, chiếm 95% bệnh nhân nằm viện trên một tháng tại khoa Nội tiết - Đái tháo đường. | Nguyên nhân chính khiến bệnh nhân nằm viện lâu, tốn kém và ít hiệu quả trong điều trị. | Biến chứng nghiêm trọng, chiếm 95% bệnh nhân nằm viện trên một tháng tại khoa Nội tiết - Đái tháo đường. | Biến chứng nghiêm trọng do thần kinh ngoại biên, chiếm 95% bệnh nhân nằm viện trên một tháng tại khoa Nội tiết - Đái tháo đường.","https://syt.dongnai.gov.vn/vi/news/Suc-khoe-cong-dong/nhung-bien-chung-nguy-hiem-cua-benh-tieu-duong-2511.html | https://web.archive.org/web/https://syt.dongnai.gov.vn/vi/news/Suc-khoe-cong-dong/nhung-bien-chung-nguy-hiem-cua-benh-tieu-duong-2511.html | https://web.archive.org/web/https://bachmai.gov.vn/bai-viet/doi-moi-tu-duy-dieu-tri-dai-thao-duong-typ-2-va-chien-luoc-kiem-soat-toan-dien-bien-chung-than-kinh?id=090463d0-4515-40c8-919c-8bebc41e2c01 | https://bachmai.gov.vn/bai-viet/doi-moi-tu-duy-dieu-tri-dai-thao-duong-typ-2-va-chien-luoc-kiem-soat-toan-dien-bien-chung-than-kinh?id=090463d0-4515-40c8-919c-8bebc41e2c01 | https://bachmai.gov.vn/bai-viet/dai-thao-duong-bien-chung-tim-mach-va-than-kinh-ngoai-bien-sat-thu-tham-lang?id=994f4df4-95c1-4760-8aee-8d07a69f9fe1 | https://web.archive.org/web/https://bachmai.gov.vn/bai-viet/dai-thao-duong-bien-chung-tim-mach-va-than-kinh-ngoai-bien-sat-thu-tham-lang?id=994f4df4-95c1-4760-8aee-8d07a69f9fe1 | https://bachmai.gov.vn/bai-viet/dai-thao-duong-bien-chung-tim-mach-va-than-kinh-ngoai-bien-sat-thu-tham-lang?id=994f4df4-95c1-4760-8aee-8d07a69f9fe1 | https://web.archive.org/web/https://chanthuongvacotsong.bachmai.gov.vn/dai-thao-duong-bien-chung-tim-mach-va-than-kinh-ngoai-bien-sat-thu-tham-lang/ | https://web.archive.org/web/https://bachmai.gov.vn/bai-viet/dai-thao-duong-bien-chung-tim-mach-va-than-kinh-ngoai-bien-sat-thu-tham-lang?id=994f4df4-95c1-4760-8aee-8d07a69f9fe1 | https://bachmai.gov.vn/bai-viet/dai-thao-duong-bien-chung-tim-mach-va-than-kinh-ngoai-bien-sat-thu-tham-lang?id=994f4df4-95c1-4760-8aee-8d07a69f9fe1 | https://syt.dongnai.gov.vn/vi/news/Suc-khoe-cong-dong/nhung-bien-chung-nguy-hiem-cua-benh-tieu-duong-2511.html | https://web.archive.org/web/https://syt.dongnai.gov.vn/vi/news/Suc-khoe-cong-dong/nhung-bien-chung-nguy-hiem-cua-benh-tieu-duong-2511.html | https://web.archive.org/web/https://bachmai.gov.vn/bai-viet/dai-thao-duong-bien-chung-tim-mach-va-than-kinh-ngoai-bien-sat-thu-tham-lang?id=994f4df4-95c1-4760-8aee-8d07a69f9fe1 | https://bachmai.gov.vn/bai-viet/dai-thao-duong-bien-chung-tim-mach-va-than-kinh-ngoai-bien-sat-thu-tham-lang?id=994f4df4-95c1-4760-8aee-8d07a69f9fe1 | https://bachmai.gov.vn/bai-viet/dai-thao-duong-bien-chung-tim-mach-va-than-kinh-ngoai-bien-sat-thu-tham-lang?id=994f4df4-95c1-4760-8aee-8d07a69f9fe1 | https://chanthuongvacotsong.bachmai.gov.vn/dai-thao-duong-bien-chung-tim-mach-va-than-kinh-ngoai-bien-sat-thu-tham-lang/ | https://web.archive.org/web/https://bachmai.gov.vn/bai-viet/dai-thao-duong-bien-chung-tim-mach-va-than-kinh-ngoai-bien-sat-thu-tham-lang?id=994f4df4-95c1-4760-8aee-8d07a69f9fe1 | https://bachmai.gov.vn/bai-viet/dai-thao-duong-bien-chung-tim-mach-va-than-kinh-ngoai-bien-sat-thu-tham-lang?id=994f4df4-95c1-4760-8aee-8d07a69f9fe1 | https://web.archive.org/web/https://bachmai.gov.vn/tin-chi-tiet/-/bai-viet/cap-nhat-chan-doan-dieu-tri-benh-dai-thao-duong-va-bien-chung-8971-144.html | https://bachmai.gov.vn/bai-viet/dai-thao-duong-bien-chung-tim-mach-va-than-kinh-ngoai-bien-sat-thu-tham-lang?id=994f4df4-95c1-4760-8aee-8d07a69f9fe1 | https://web.archive.org/web/https://bachmai.gov.vn/bai-viet/dai-thao-duong-bien-chung-tim-mach-va-than-kinh-ngoai-bien-sat-thu-tham-lang?id=994f4df4-95c1-4760-8aee-8d07a69f9fe1 | https://bachmai.gov.vn/bai-viet/dai-thao-duong-bien-chung-tim-mach-va-than-kinh-ngoai-bien-sat-thu-tham-lang?id=994f4df4-95c1-4760-8aee-8d07a69f9fe1 | https://web.archive.org/web/https://bachmai.gov.vn/bai-viet/dai-thao-duong-bien-chung-tim-mach-va-than-kinh-ngoai-bien-sat-thu-tham-lang?id=994f4df4-95c1-4760-8aee-8d07a69f9fe1"
"918","COMP_b5b18c6618","Complication","Suy thận cấp","Biến chứng thường gặp trong nhiễm toan ceton do đái tháo đường type 1. | Biến chứng thường gặp trong nhiễm toan ceton, xảy ra ở 30% bệnh nhân. | Biến chứng thường gặp trong nhiễm toan ceton do đái tháo đường type 1. | Biến chứng thường gặp trong nhiễm toan ceton do đái tháo đường type 1. | Biến chứng thường gặp trong nhiễm toan ceton do đái tháo đường type 1, xảy ra ở 30% bệnh nhân. | Biến chứng thường gặp trong nhiễm toan ceton do đái tháo đường type 1. | Một biến chứng nghiêm trọng có thể xảy ra trong bệnh dại. | Một biến chứng nghiêm trọng có thể xảy ra trong bệnh dại.","https://web.archive.org/web/https://sti.vista.gov.vn/publication/view/a89fbc66bf10ab8ca38c2d64abf8f338-4b52a78cc238d65e911a803b4659b844-318299.html | https://sti.vista.gov.vn/publication/view/a89fbc66bf10ab8ca38c2d64abf8f338-4b52a78cc238d65e911a803b4659b844-318299.html | https://sti.vista.gov.vn/publication/view/a89fbc66bf10ab8ca38c2d64abf8f338-4b52a78cc238d65e911a803b4659b844-318299.html | https://web.archive.org/web/https://sti.vista.gov.vn/publication/view/a89fbc66bf10ab8ca38c2d64abf8f338-4b52a78cc238d65e911a803b4659b844-318299.html | https://web.archive.org/web/http://www.tapchiyhocduphong.vn/tap-chi-y-hoc-du-phong/2015/08/kien-thuc-ve-benh-dai-thao-duong-va-mot-so-yeu-to-lien-quan-cua-nguoi-benh-tai-c-o81E20305.html | https://web.archive.org/web/http://www.tapchiyhocduphong.vn/tap-chi-y-hoc-du-phong/2015/08/kien-thuc-ve-benh-dai-thao-duong-va-mot-so-yeu-to-lien-quan-cua-nguoi-benh-tai-c-o81E20305.html"
"919","COMP_b5f62a6d6c","Complication","Bệnh lý cầu thận","Tổn thương mạch máu nhỏ ở cầu thận, biểu hiện đái protein, tăng huyết áp, suy thận. | Tổn thương mạch máu nhỏ ở cầu thận dẫn đến đái protein, tăng huyết áp, suy thận, hội chứng thận hư. | Tổn thương mạch máu nhỏ ở cầu thận, biểu hiện đái protein, tăng huyết áp, suy thận. | Tổn thương mạch máu nhỏ ở cầu thận → đái protein vi thể, tăng huyết áp, suy thận, xơ cầu thận… | Tổn thương mạch máu nhỏ ở cầu thận, biểu hiện đái protein, tăng huyết áp, suy thận. | Tổn thương mạch máu nhỏ ở cầu thận dẫn đến đái protein, tăng huyết áp, suy thận, hội chứng thận hư... | Tổn thương mạch máu nhỏ ở cầu thận, biểu hiện đái protein, tăng huyết áp, suy thận. | Tổn thương mạch máu nhỏ ở cầu thận, biểu hiện đái protein, tăng huyết áp, suy thận. | Do tổn thương mạch máu nhỏ ở cầu thận dẫn đến protein niệu, tăng huyết áp, suy thận. | Tổn thương mạch máu nhỏ ở cầu thận dẫn đến đái protein, tăng huyết áp, suy thận. | Tổn thương mạch máu nhỏ ở cầu thận → đái protein vi thể, tăng huyết áp, suy thận, xơ cầu thận. | Tổn thương mạch máu nhỏ ở cầu thận, biểu hiện đái protein, tăng huyết áp, suy thận. | Tổn thương mạch máu nhỏ ở cầu thận, biểu hiện đái protein, tăng huyết áp, suy thận. | Tổn thương mạch máu nhỏ ở cầu thận, biểu hiện đái protein, tăng huyết áp, suy thận. | Do tổn thương mạch máu nhỏ ở cầu thận. Triệu chứng: đái protein vi thể, tăng huyết áp, suy thận. | Tổn thương mạch máu nhỏ ở cầu thận, biểu hiện đái protein, tăng huyết áp, suy thận. | Tổn thương mạch máu nhỏ ở cầu thận dẫn đến đái protein, tăng huyết áp, suy thận. | Tổn thương mạch máu nhỏ ở cầu thận, biểu hiện đái protein, tăng huyết áp, suy thận. | Tổn thương mạch máu nhỏ ở cầu thận. Triệu chứng: đái protein vi thể, tăng huyết áp, suy thận... | Tổn thương mạch máu nhỏ ở cầu thận → đái protein vi thể, tăng huyết áp, suy thận, hội chứng thận hư... | Tổn thương mạch máu nhỏ ở cầu thận dẫn đến đái protein, tăng huyết áp, suy thận. | Tổn thương mạch máu nhỏ ở cầu thận, biểu hiện đái protein, tăng huyết áp, suy thận. | Tổn thương mạch máu nhỏ ở cầu thận dẫn đến đái protein, tăng huyết áp, suy thận. | Tổn thương mạch máu nhỏ ở cầu thận, biểu hiện đái protein, tăng huyết áp, suy thận. | Tổn thương mạch máu nhỏ ở cầu thận, biểu hiện đái protein, tăng huyết áp, suy thận. | Tổn thương mạch máu nhỏ ở cầu thận → đái protein vi thể, tăng huyết áp, suy thận, hội chứng thận hư… | Tổn thương mạch máu nhỏ ở cầu thận, biểu hiện đái protein, tăng huyết áp, suy thận.","https://web.archive.org/web/https://bachmai.gov.vn/bai-viet/bien-chung-cua-benh-dai-thao-duong?id=f17ffc43-5abb-5dcb-54d1-d3887440a421 | https://bachmai.gov.vn/bai-viet/bien-chung-cua-benh-dai-thao-duong?id=f17ffc43-5abb-5dcb-54d1-d3887440a421 | https://web.archive.org/web/https://bachmai.gov.vn/bai-viet/bien-chung-cua-benh-dai-thao-duong?id=f17ffc43-5abb-5dcb-54d1-d3887440a421 | https://bachmai.gov.vn/bai-viet/bien-chung-cua-benh-dai-thao-duong?id=f17ffc43-5abb-5dcb-54d1-d3887440a421 | https://web.archive.org/web/https://bachmai.gov.vn/bai-viet/bien-chung-cua-benh-dai-thao-duong?id=f17ffc43-5abb-5dcb-54d1-d3887440a421 | https://bachmai.gov.vn/bai-viet/bien-chung-cua-benh-dai-thao-duong?id=f17ffc43-5abb-5dcb-54d1-d3887440a421 | https://web.archive.org/web/https://bachmai.gov.vn/bai-viet/bien-chung-cua-benh-dai-thao-duong?id=f17ffc43-5abb-5dcb-54d1-d3887440a421 | https://chanthuongvacotsong.bachmai.gov.vn/bien-chung-cua-benh-dai-thao-duong/ | https://bachmai.gov.vn/bai-viet/bien-chung-cua-benh-dai-thao-duong?id=f17ffc43-5abb-5dcb-54d1-d3887440a421 | https://web.archive.org/web/https://bachmai.gov.vn/bai-viet/bien-chung-cua-benh-dai-thao-duong?id=f17ffc43-5abb-5dcb-54d1-d3887440a421 | https://web.archive.org/web/https://bachmai.gov.vn/bai-viet/bien-chung-cua-benh-dai-thao-duong?id=f17ffc43-5abb-5dcb-54d1-d3887440a421 | https://chanthuongvacotsong.bachmai.gov.vn/bien-chung-cua-benh-dai-thao-duong/ | https://web.archive.org/web/https://bachmai.gov.vn/bai-viet/bien-chung-cua-benh-dai-thao-duong?id=f17ffc43-5abb-5dcb-54d1-d3887440a421 | https://web.archive.org/web/https://chanthuongvacotsong.bachmai.gov.vn/bien-chung-cua-benh-dai-thao-duong/ | https://chanthuongvacotsong.bachmai.gov.vn/bien-chung-cua-benh-dai-thao-duong/ | https://web.archive.org/web/https://bachmai.gov.vn/bai-viet/bien-chung-cua-benh-dai-thao-duong?id=f17ffc43-5abb-5dcb-54d1-d3887440a421 | https://web.archive.org/web/https://bachmai.gov.vn/bai-viet/bien-chung-cua-benh-dai-thao-duong?id=f17ffc43-5abb-5dcb-54d1-d3887440a421 | https://bachmai.gov.vn/bai-viet/bien-chung-cua-benh-dai-thao-duong?id=f17ffc43-5abb-5dcb-54d1-d3887440a421 | https://web.archive.org/web/https://bachmai.gov.vn/bai-viet/bien-chung-cua-benh-dai-thao-duong?id=f17ffc43-5abb-5dcb-54d1-d3887440a421 | https://web.archive.org/web/https://bachmai.gov.vn/bai-viet/bien-chung-cua-benh-dai-thao-duong?id=f17ffc43-5abb-5dcb-54d1-d3887440a421 | https://web.archive.org/web/https://bachmai.gov.vn/bai-viet/bien-chung-cua-benh-dai-thao-duong?id=f17ffc43-5abb-5dcb-54d1-d3887440a421 | https://bachmai.gov.vn/bai-viet/bien-chung-cua-benh-dai-thao-duong?id=f17ffc43-5abb-5dcb-54d1-d3887440a421"
"920","COMP_b7646f46c9","Complication","Biến chứng thận do đái tháo đường","Giai đoạn tổn thương thận do tăng đường huyết kéo dài, dẫn đến suy giảm chức năng. | Tổn thương thận tiến triển qua các giai đoạn, có thể dẫn đến suy thận.","https://nsti.vista.gov.vn/publication/view/nghien-cuu-dac-diem-lam-sang-can-lam-sang-va-danh-gia-bien-chung-than-o-benh-nhan-dai-thao-duong-tip-2-tai-khoa-noi-tiet-benh-vien-trung-uong-103-quan-doi-nhan-dan-lao-373086.html | https://nsti.vista.gov.vn/publication/view/nghien-cuu-dac-diem-lam-sang-can-lam-sang-va-danh-gia-bien-chung-than-o-benh-nhan-dai-thao-duong-type-2-tai-khoa-noi-3-benh-vien-huu-nghi-viet-tiep-hai-phong-350723.html"
"921","COMP_b7f93998b7","Complication","Suy hô hấp cấp","Biến chứng nguy hiểm do không đủ oxy để duy trì chức năng cơ quan. | Tình trạng nguy hiểm, có thể dẫn đến tử vong nếu không điều trị kịp thời.","https://medlatec.vn/tin-tuc/benh-nhan-phoi-tac-nghen-phoi-man-tinh-song-duoc-bao-lau-cai-thien-tuoi-tho-bang-cach-nao | https://bachmai.gov.vn/bai-viet/tho-may-khong-xam-nhap-trong-dieu-tri-benh-phoi-tac-nghen-man-tinh?id=828a5ae0-e152-ef2d-e6b5-48a6c8bafe5b"
"922","COMP_b874735583","Complication","Tăng huyết áp phổi","Huyết áp cao ảnh hưởng đến động mạch phổi và tim phải, thường gặp ở giai đoạn rất nặng.","https://tamanhhospital.vn/giai-doan-benh-phoi-tac-nghen-man-tinh/"
"923","COMP_b93665d554","Complication","Đục thủy tinh thể","Biến chứng mắt do đái tháo đường ảnh hưởng đến cấu trúc thủy tinh thể. | Biến chứng mắt do bệnh đái tháo đường gây tổn thương cấu trúc mắt. | Biến chứng mắt do bệnh đái tháo đường gây ra. | Biến chứng mắt do bệnh đái tháo đường, làm giảm thị lực. | Biến chứng mắt do đái tháo đường, làm giảm thị lực và ảnh hưởng đến chất lượng nhìn. | Biến chứng mắt phổ biến ở người đái tháo đường do tổn thương cấu trúc mắt. | Biến chứng mắt phổ biến do đái tháo đường gây ra, làm giảm thị lực. | Biến chứng mắt do đái tháo đường gây ra, làm giảm thị lực. | Biến chứng mắt do đái tháo đường gây tổn thương cấu trúc thủy tinh thể. | Biến chứng mắt do đái tháo đường gây ra, làm giảm thị lực. | Biến chứng mắt do đái tháo đường gây tổn thương cấu trúc thủy tinh thể.","https://benhviennhitrunguong.gov.vn/benh-dai-thao-duong-o-tre-em.html | https://web.archive.org/web/https://benhviennhitrunguong.gov.vn/benh-dai-thao-duong-o-tre-em.html | https://web.archive.org/web/https://benhviennhitrunguong.gov.vn/benh-dai-thao-duong-o-tre-em.html | https://benhviennhitrunguong.gov.vn/benh-dai-thao-duong-o-tre-em.html | https://web.archive.org/web/https://benhviennhitrunguong.gov.vn/benh-dai-thao-duong-o-tre-em.html | https://web.archive.org/web/https://benhvientinh.caobang.gov.vn/index.php/vi/news/dich-vu/tiep-nhan-dieu-tri-benh-nhan-dai-thao-duong-tuyp-2-co-bien-chung-mo-mat-do-khong-di-kham-va-tam-soat-som-443.html | https://benhvientinh.caobang.gov.vn/index.php/vi/news/dich-vu/tiep-nhan-dieu-tri-benh-nhan-dai-thao-duong-tuyp-2-co-bien-chung-mo-mat-do-khong-di-kham-va-tam-soat-som-443.html | https://web.archive.org/web/https://benhviennhitrunguong.gov.vn/benh-dai-thao-duong-o-tre-em.html | https://benhviennhitrunguong.gov.vn/benh-dai-thao-duong-o-tre-em.html | https://web.archive.org/web/https://benhviennhitrunguong.gov.vn/benh-dai-thao-duong-o-tre-em.html | https://benhviennhitrunguong.gov.vn/benh-dai-thao-duong-o-tre-em.html"
"924","COMP_babe51fa47","Complication","Thiếu máu","Do suy giảm sản xuất Erythropoietin từ vỏ thận, đặc biệt ở giai đoạn suy thận nặng. | Do thận không sản xuất đủ erythropoietin để tạo hồng cầu. | Do thận không sản xuất đủ erythropoietin dẫn đến giảm tế bào hồng cầu.","https://www.vinmec.com/vie/bai-viet/dieu-tri-tang-huyet-ap-kem-suy-man-vi | https://web.archive.org/web/http://soyte.hatinh.gov.vn/tin-tuc-su-kien/pho-bien-kien-thuc/dau-hieu-benh-than-va-suy-than-.html | http://soyte.hatinh.gov.vn/tin-tuc-su-kien/pho-bien-kien-thuc/dau-hieu-benh-than-va-suy-than-.html"
"925","COMP_bde4e18dd9","Complication","Nguy cơ mắc các bệnh khác","Người bệnh đái tháo đường có nguy cơ cao mắc các bệnh kèm theo như tim mạch, suy thận, võng mạc...","https://web.archive.org/web/http://www.tapchiyhocduphong.vn/tap-chi-y-hoc-du-phong/2015/08/kien-thuc-ve-benh-dai-thao-duong-va-mot-so-yeu-to-lien-quan-cua-nguoi-benh-tai-c-o81E20305.html"
"926","COMP_bee7932e95","Complication","Suy thận mạn","Do tiểu đường gây tổn thương thận, tiến triển thành suy thận mãn tính. | Tình trạng suy giảm chức năng thận kéo dài, cần chạy thận nhân tạo. | Do tiểu đường gây tổn thương thận, tiến triển thành suy thận mãn tính. | Tình trạng suy giảm chức năng thận kéo dài, cần chạy thận nhân tạo. | Biến chứng do tiểu đường gây tổn thương thận, cần chạy thận. | Kết quả của sự tổn thương kéo dài do tăng huyết áp hoặc ngược lại, gây ra bởi huyết áp cao. | Trạng thái suy giảm chức năng thận kéo dài, thường do tăng huyết áp gây ra hoặc là hậu quả của tổn thương cầu thận. | Kết quả của sự tổn thương kéo dài do tăng huyết áp hoặc ngược lại, gây ra bởi huyết áp cao. | Trạng thái suy giảm chức năng thận kéo dài, thường do tăng huyết áp gây ra hoặc là hậu quả của tổn thương cầu thận. | Biến chứng do tổn thương không hồi phục của thận, làm giảm khả năng điều hòa huyết áp và lọc chất độc.","https://syt.dongnai.gov.vn/vi/news/Suc-khoe-cong-dong/nhung-bien-chung-nguy-hiem-cua-benh-tieu-duong-2511.html | https://syt.dongnai.gov.vn/vi/news/Suc-khoe-cong-dong/nhung-bien-chung-nguy-hiem-cua-benh-tieu-duong-2511.html | https://web.archive.org/web/https://syt.dongnai.gov.vn/vi/news/Suc-khoe-cong-dong/nhung-bien-chung-nguy-hiem-cua-benh-tieu-duong-2511.html | https://web.archive.org/web/https://www.vinmec.com/vie/bai-viet/suy-o-nguoi-bi-cao-huyet-ap-nhung-dieu-can-chu-y-vi | https://www.vinmec.com/vie/bai-viet/suy-o-nguoi-bi-cao-huyet-ap-nhung-dieu-can-chu-y-vi | https://www.vinmec.com/vie/bai-viet/dieu-tri-tang-huyet-ap-kem-suy-man-vi | https://web.archive.org/web/https://www.vinmec.com/vie/bai-viet/suy-o-nguoi-bi-cao-huyet-ap-nhung-dieu-can-chu-y-vi | https://www.vinmec.com/vie/bai-viet/suy-o-nguoi-bi-cao-huyet-ap-nhung-dieu-can-chu-y-vi"
"927","COMP_bef6af584e","Complication","Biến chứng mạch máu nhỏ","Bao gồm võng mạc, thận, thần kinh.","https://web.archive.org/web/https://www.benhviendakhoasongma.gov.vn/bai-viet/benh-dai-thao-duong-220"
"928","COMP_c16d6bf754","Complication","Tăng cân","Hiện tượng phổ biến khi sử dụng insulin đơn lẻ, nhưng iGlarLixi giúp giảm tác dụng phụ này.","https://bachmai.gov.vn/bai-viet/dieu-tri-dai-thao-duong-tip-2-buoc-tien-moi-tu-insulin-nen-the-he-2-va-iglarlixi?id=5cdac324-549d-40aa-b3e6-80214932d112"
"929","COMP_c1aaf55505","Complication","Tâm phế mạn","Biến chứng suy tim do tăng áp động mạch phổi và tải trung bình lên tim.","https://www.vinmec.com/vie/bai-viet/bien-chung-lau-dai-cua-benh-hen-phe-quan-vi"
"930","COMP_c25b3a10e2","Complication","Suy giảm thị lực","Do tổn thương mạch máu ở đáy mắt, có thể gây mù nếu không kiểm soát huyết áp.","https://web.archive.org/web/http://bvhoanghoa.ytethanhhoa.gov.vn/web/khoa-phong-chuc-nang/khoa-phong-chuc-nang/to-cong-tac-xa-hoi/dieu-can-luu-y-khi-dieu-tri-tang-huyet-ap.html"
"931","COMP_c2c1d1c440","Complication","Tổn thương não","Hậu quả của tăng huyết áp gây teo não, nhũn não và xuất huyết não. | Gây ra các biến chứng như xuất huyết não, teo não, nhũn não. | Biến chứng do tăng huyết áp ảnh hưởng đến hệ thần kinh trung ương.","https://bachmai.gov.vn/tin-chi-tiet/-/bai-viet/tang-huyet-ap-can-benh-tham-lang-nhung-nguy-hiem-8463-146.html"
"932","COMP_c37ebcbeae","Complication","Hạ Glucose máu","Biến chứng cấp tính do ăn kiêng quá mức hoặc dùng thuốc hạ đường huyết liều cao, đặc biệt nguy hiểm ở người cao tuổi. | Biến chứng cấp tính do ăn kiêng quá mức hoặc dùng thuốc hạ đường huyết liều cao. Có thể dẫn đến hôn mê. | Biến chứng cấp tính do ăn kiêng quá mức hoặc dùng thuốc hạ đường huyết liều cao, đặc biệt nguy hiểm ở người cao tuổi. | Biến chứng cấp tính do ăn kiêng quá mức hoặc dùng thuốc hạ đường huyết liều cao. Có thể dẫn đến hôn mê. | Biến chứng cấp tính do ăn kiêng quá mức hoặc dùng thuốc hạ đường huyết liều cao. Nguy hiểm ở người cao tuổi vì triệu chứng mờ nhạt. | Biến chứng cấp tính do ăn kiêng quá mức hoặc dùng thuốc hạ đường huyết liều cao, đặc biệt nguy hiểm ở người già. | Biến chứng cấp tính do ăn kiêng quá mức hoặc dùng thuốc hạ đường huyết liều cao. Nguy hiểm ở người cao tuổi vì triệu chứng mờ nhạt. | Biến chứng cấp tính do ăn kiêng quá mức hoặc dùng thuốc hạ đường huyết liều cao, đặc biệt nguy hiểm ở người cao tuổi. | Biến chứng cấp tính do ăn kiêng quá mức hoặc dùng thuốc hạ đường huyết liều cao. Nguy hiểm ở người cao tuổi vì triệu chứng mờ nhạt. | Biến chứng cấp tính do ăn kiêng quá mức hoặc dùng thuốc hạ đường huyết liều cao. Nguy hiểm ở người cao tuổi vì triệu chứng mờ nhạt. | Biến chứng cấp tính do dùng thuốc hạ đường huyết liều cao hoặc ăn kiêng quá mức. | Biến chứng cấp tính do ăn kiêng quá mức hoặc dùng thuốc hạ đường huyết liều cao, đặc biệt nguy hiểm ở người già. | Biến chứng cấp tính do ăn kiêng quá mức hoặc dùng thuốc hạ đường huyết liều cao. Có thể dẫn đến hôn mê. | Biến chứng cấp tính do ăn kiêng quá mức hoặc dùng thuốc hạ đường huyết liều cao, đặc biệt nguy hiểm ở người cao tuổi. | Biến chứng cấp tính do ăn kiêng quá mức hoặc dùng thuốc hạ đường huyết liều cao. Có thể dẫn đến hôn mê. | Biến chứng cấp tính do ăn kiêng quá mức hoặc dùng thuốc hạ đường huyết liều cao, đặc biệt nguy hiểm ở người cao tuổi. | Biến chứng cấp tính do ăn kiêng quá mức hoặc dùng thuốc hạ đường huyết liều cao. Nguy hiểm ở người cao tuổi vì triệu chứng mờ nhạt. | Biến chứng cấp tính do ăn kiêng quá mức hoặc dùng thuốc hạ đường huyết liều cao. Có thể dẫn đến hôn mê. | Tình trạng đường huyết thấp gây run rẩy, mệt mỏi, hôn mê. Có thể do tăng bài tiết insulin hoặc giảm tiếp nhận thức ăn. | Biến chứng cấp tính do ăn kiêng quá mức hoặc dùng thuốc hạ đường huyết liều cao, đặc biệt nguy hiểm ở người già. | Biến chứng cấp tính do ăn kiêng quá mức hoặc dùng thuốc hạ đường huyết liều cao, đặc biệt nguy hiểm ở người cao tuổi. | Biến chứng cấp tính do ăn kiêng quá mức hoặc dùng thuốc hạ đường huyết liều cao. Có thể dẫn đến hôn mê. | Tình trạng đường huyết thấp gây run rẩy, mệt mỏi, hôn mê. Có thể do tăng bài tiết insulin hoặc giảm tiếp nhận thức ăn. | Biến chứng cấp tính do ăn kiêng quá mức hoặc dùng thuốc hạ đường huyết liều cao, đặc biệt nguy hiểm ở người cao tuổi. | Biến chứng cấp tính do ăn kiêng quá mức hoặc dùng thuốc hạ đường huyết liều cao. Có thể dẫn đến hôn mê. | Biến chứng cấp tính do ăn kiêng quá mức hoặc dùng thuốc hạ đường huyết liều cao. Nguy hiểm ở người cao tuổi vì triệu chứng mờ nhạt. | Biến chứng cấp tính do ăn kiêng quá mức hoặc dùng thuốc hạ đường huyết liều cao, đặc biệt nguy hiểm ở người cao tuổi. | Biến chứng cấp tính do ăn kiêng quá mức hoặc dùng thuốc hạ đường huyết liều cao. Có thể dẫn đến hôn mê. | Biến chứng cấp tính do ăn kiêng quá mức hoặc dùng thuốc hạ đường huyết liều cao, đặc biệt nguy hiểm ở người cao tuổi. | Biến chứng cấp tính do ăn kiêng quá mức hoặc dùng thuốc hạ đường huyết liều cao. Có thể dẫn đến hôn mê. | Biến chứng cấp tính do ăn kiêng quá mức hoặc dùng thuốc hạ đường huyết liều cao, đặc biệt nguy hiểm ở người cao tuổi. | Do ăn kiêng quá mức hoặc dùng thuốc hạ đường huyết liều cao. Có thể gây hôn mê. | Biến chứng cấp tính do ăn kiêng quá mức hoặc dùng thuốc hạ đường huyết liều cao, đặc biệt nguy hiểm ở người cao tuổi. | Biến chứng cấp tính do ăn kiêng quá mức hoặc dùng thuốc hạ đường huyết liều cao. Nguy hiểm ở người cao tuổi vì triệu chứng mờ nhạt. | Biến chứng cấp tính do ăn kiêng quá mức hoặc dùng thuốc hạ đường huyết liều cao. Nguy hiểm ở người cao tuổi vì triệu chứng mờ nhạt. | Biến chứng cấp tính do ăn kiêng quá mức hoặc dùng thuốc hạ đường huyết liều cao, đặc biệt nguy hiểm ở người cao tuổi. | Biến chứng cấp tính do ăn kiêng quá mức hoặc dùng thuốc hạ đường huyết liều cao. Có thể dẫn đến hôn mê. | Biến chứng cấp tính do ăn kiêng quá mức hoặc dùng thuốc hạ đường huyết liều cao, đặc biệt nguy hiểm ở người cao tuổi.","https://bachmai.gov.vn/bai-viet/bien-chung-cua-benh-dai-thao-duong?id=f17ffc43-5abb-5dcb-54d1-d3887440a421 | https://web.archive.org/web/https://bachmai.gov.vn/bai-viet/bien-chung-cua-benh-dai-thao-duong?id=f17ffc43-5abb-5dcb-54d1-d3887440a421 | https://bachmai.gov.vn/bai-viet/bien-chung-cua-benh-dai-thao-duong?id=f17ffc43-5abb-5dcb-54d1-d3887440a421 | https://bachmai.gov.vn/bai-viet/bien-chung-cua-benh-dai-thao-duong?id=f17ffc43-5abb-5dcb-54d1-d3887440a421 | https://web.archive.org/web/https://bachmai.gov.vn/bai-viet/bien-chung-cua-benh-dai-thao-duong?id=f17ffc43-5abb-5dcb-54d1-d3887440a421 | https://web.archive.org/web/https://bachmai.gov.vn/bai-viet/bien-chung-cua-benh-dai-thao-duong?id=f17ffc43-5abb-5dcb-54d1-d3887440a421 | https://bachmai.gov.vn/bai-viet/bien-chung-cua-benh-dai-thao-duong?id=f17ffc43-5abb-5dcb-54d1-d3887440a421 | https://web.archive.org/web/https://bachmai.gov.vn/bai-viet/bien-chung-cua-benh-dai-thao-duong?id=f17ffc43-5abb-5dcb-54d1-d3887440a421 | https://chanthuongvacotsong.bachmai.gov.vn/bien-chung-cua-benh-dai-thao-duong/ | https://bachmai.gov.vn/bai-viet/bien-chung-cua-benh-dai-thao-duong?id=f17ffc43-5abb-5dcb-54d1-d3887440a421 | https://bachmai.gov.vn/bai-viet/bien-chung-cua-benh-dai-thao-duong?id=f17ffc43-5abb-5dcb-54d1-d3887440a421 | https://web.archive.org/web/https://bachmai.gov.vn/bai-viet/bien-chung-cua-benh-dai-thao-duong?id=f17ffc43-5abb-5dcb-54d1-d3887440a421 | https://web.archive.org/web/https://bachmai.gov.vn/bai-viet/bien-chung-cua-benh-dai-thao-duong?id=f17ffc43-5abb-5dcb-54d1-d3887440a421 | https://web.archive.org/web/https://vncdc.gov.vn/huong-dan-chan-doan-va-dieu-tri-benh-dai-thao-duong-tuyp-2-nd14582.html | https://chanthuongvacotsong.bachmai.gov.vn/bien-chung-cua-benh-dai-thao-duong/ | https://bachmai.gov.vn/bai-viet/bien-chung-cua-benh-dai-thao-duong?id=f17ffc43-5abb-5dcb-54d1-d3887440a421 | https://web.archive.org/web/https://bachmai.gov.vn/bai-viet/bien-chung-cua-benh-dai-thao-duong?id=f17ffc43-5abb-5dcb-54d1-d3887440a421 | https://web.archive.org/web/https://chanthuongvacotsong.bachmai.gov.vn/bien-chung-cua-benh-dai-thao-duong/ | https://web.archive.org/web/https://vncdc.gov.vn/huong-dan-chan-doan-va-dieu-tri-benh-dai-thao-duong-tuyp-2-nd14582.html | https://chanthuongvacotsong.bachmai.gov.vn/bien-chung-cua-benh-dai-thao-duong/ | https://web.archive.org/web/https://bachmai.gov.vn/bai-viet/bien-chung-cua-benh-dai-thao-duong?id=f17ffc43-5abb-5dcb-54d1-d3887440a421 | https://chanthuongvacotsong.bachmai.gov.vn/bien-chung-cua-benh-dai-thao-duong/ | https://bachmai.gov.vn/bai-viet/bien-chung-cua-benh-dai-thao-duong?id=f17ffc43-5abb-5dcb-54d1-d3887440a421 | https://web.archive.org/web/https://bachmai.gov.vn/bai-viet/bien-chung-cua-benh-dai-thao-duong?id=f17ffc43-5abb-5dcb-54d1-d3887440a421 | https://chanthuongvacotsong.bachmai.gov.vn/bien-chung-cua-benh-dai-thao-duong/ | https://web.archive.org/web/https://bachmai.gov.vn/bai-viet/bien-chung-cua-benh-dai-thao-duong?id=f17ffc43-5abb-5dcb-54d1-d3887440a421 | https://web.archive.org/web/https://bachmai.gov.vn/bai-viet/bien-chung-cua-benh-dai-thao-duong?id=f17ffc43-5abb-5dcb-54d1-d3887440a421 | https://bachmai.gov.vn/bai-viet/bien-chung-cua-benh-dai-thao-duong?id=f17ffc43-5abb-5dcb-54d1-d3887440a421 | https://web.archive.org/web/https://bachmai.gov.vn/bai-viet/bien-chung-cua-benh-dai-thao-duong?id=f17ffc43-5abb-5dcb-54d1-d3887440a421 | https://web.archive.org/web/https://bachmai.gov.vn/bai-viet/bien-chung-cua-benh-dai-thao-duong?id=f17ffc43-5abb-5dcb-54d1-d3887440a421 | https://bachmai.gov.vn/bai-viet/bien-chung-cua-benh-dai-thao-duong?id=f17ffc43-5abb-5dcb-54d1-d3887440a421"
"933","COMP_c37ebcbeae","Complication","Hạ glucose máu","Biến chứng do insulin hoặc thuốc hạ đường huyết gây ra, có thể dẫn đến hôn mê nếu không can thiệp kịp thời. | Biến chứng do insulin hoặc thuốc hạ đường huyết gây ra. | Biến chứng do insulin hoặc thuốc hạ đường huyết gây ra, có thể dẫn đến hôn mê nếu không can thiệp kịp thời. | Biến chứng cấp tính do ăn kiêng quá mức hoặc dùng thuốc hạ đường huyết liều cao, đặc biệt nguy hiểm ở người già. | Biến chứng do insulin hoặc thuốc hạ đường huyết gây ra, có thể dẫn đến hôn mê nếu không can thiệp kịp thời. | Biến chứng do insulin hoặc thuốc hạ đường huyết gây ra, có thể dẫn đến hôn mê nếu không can thiệp kịp thời. | Biến chứng do insulin hoặc thuốc hạ đường huyết gây ra, có thể dẫn đến hôn mê nếu không can thiệp kịp thời. | Biến chứng cấp tính do ăn kiêng quá mức hoặc dùng thuốc hạ đường huyết liều cao, đặc biệt nguy hiểm ở người cao tuổi. | Biến chứng do insulin hoặc thuốc hạ đường huyết gây ra.","https://web.archive.org/web/https://vncdc.gov.vn/huong-dan-chan-doan-va-dieu-tri-benh-dai-thao-duong-tuyp-2-nd14582.html | https://chanthuongvacotsong.bachmai.gov.vn/huong-dan-chan-doan-va-dieu-tri-dai-thao-duong-type-2/ | https://web.archive.org/web/https://chanthuongvacotsong.bachmai.gov.vn/huong-dan-chan-doan-va-dieu-tri-dai-thao-duong-type-2/ | https://web.archive.org/web/https://vncdc.gov.vn/huong-dan-chan-doan-va-dieu-tri-benh-dai-thao-duong-tuyp-2-nd14582.html | https://bachmai.gov.vn/bai-viet/bien-chung-cua-benh-dai-thao-duong?id=f17ffc43-5abb-5dcb-54d1-d3887440a421 | https://web.archive.org/web/https://vncdc.gov.vn/huong-dan-chan-doan-va-dieu-tri-benh-dai-thao-duong-tuyp-2-nd14582.html | https://web.archive.org/web/https://vncdc.gov.vn/huong-dan-chan-doan-va-dieu-tri-benh-dai-thao-duong-tuyp-2-nd14582.html | https://web.archive.org/web/https://vncdc.gov.vn/huong-dan-chan-doan-va-dieu-tri-benh-dai-thao-duong-tuyp-2-nd14582.html | https://web.archive.org/web/https://bachmai.gov.vn/bai-viet/bien-chung-cua-benh-dai-thao-duong?id=f17ffc43-5abb-5dcb-54d1-d3887440a421 | https://chanthuongvacotsong.bachmai.gov.vn/huong-dan-chan-doan-va-dieu-tri-dai-thao-duong-type-2/ | https://web.archive.org/web/https://chanthuongvacotsong.bachmai.gov.vn/huong-dan-chan-doan-va-dieu-tri-dai-thao-duong-type-2/"
"934","COMP_c389b67ee8","Complication","Bệnh tim mạch","Tăng nguy cơ bệnh mạch vành, tăng huyết áp, xơ vữa động mạch. | Tăng nguy cơ mắc các bệnh tim mạch do hội chứng chuyển hóa và đái tháo đường. | Tăng nguy cơ thừa cân - béo phì và vòng eo cao, với OR = 2.68 và 3.02. | Liên quan đến thừa cân - béo phì và vòng eo cao. | Tăng nguy cơ thừa cân - béo phì và vòng eo cao, với OR = 2.68 và 3.02. | Tăng nguy cơ thừa cân - béo phì và vòng eo cao, với OR = 2.68 và 3.02. | Tăng nguy cơ thừa cân - béo phì, vòng eo cao. | Tăng nguy cơ liên quan đến thừa cân, béo phì và vòng eo cao. | Tăng nguy cơ thừa cân - béo phì và vòng eo cao, với OR = 2.68 và 3.02. | Tăng nguy cơ thừa cân - béo phì và vòng eo cao, với OR = 2.68 và 3.02. | Tăng nguy cơ mắc bệnh tim mạch, liên quan đến thừa cân - béo phì. | Tăng nguy cơ thừa cân - béo phì, vòng eo cao. | Tăng nguy cơ thừa cân - béo phì và vòng eo cao, với OR = 2.68 và 3.02. | Một trong những biến chứng nguy hiểm của đái tháo đường. | Nguy cơ cao do suy thận và tăng huyết áp cùng tồn tại, làm gia tăng nguy cơ mắc bệnh tim. | Nguy cơ mắc các bệnh về tim mạch tăng cao do tổn thương mạch máu và rối loạn điều hòa huyết áp. | Nguy cơ cao do suy thận và tăng huyết áp cùng tồn tại, làm gia tăng nguy cơ mắc bệnh tim. | Nguy cơ mắc các bệnh về tim mạch tăng cao do tổn thương mạch máu và rối loạn điều hòa huyết áp.","https://web.archive.org/web/https://benhvienquynhon.gov.vn/tin-tuc/hoat-dong-cua-ttyt/dai-thao-duong-va-nhung-dieu-ban-can-biet/ | https://web.archive.org/web/https://sti.vista.gov.vn/projects/udnv/nghien-cuu-thuan-tap-5-nam-ve-benh-dai-thao-duong-typ-2-va-hoi-chung-chuyen-hoa-o-nguoi-viet-nam-vai-tro-yeu-to-di-truyen-va-loi-song-4221.html | https://sti.vista.gov.vn/publication/view/tinh-trang-dinh-duong-va-mot-so-yeu-to-lien-quan-cua-nguoi-benh-dai-thao-duong-typ-2-dieu-tri-noi-tru-tai-benh-vien-da-khoa-xanh-pon-nam-2023-e7cc38bdc9220841bb8ade1a50eee813-455622.html | https://web.archive.org/web/https://sti.vista.gov.vn/publication/view/tinh-trang-dinh-duong-va-mot-so-yeu-to-lien-quan-cua-nguoi-benh-dai-thao-duong-typ-2-dieu-tri-noi-tru-tai-benh-vien-da-khoa-xanh-pon-nam-2023-e7cc38bdc9220841bb8ade1a50eee813-455622.html | https://sti.vista.gov.vn/publication/view/tinh-trang-dinh-duong-va-mot-so-yeu-to-lien-quan-cua-nguoi-benh-dai-thao-duong-typ-2-dieu-tri-noi-tru-tai-benh-vien-da-khoa-xanh-pon-nam-2023-e7cc38bdc9220841bb8ade1a50eee813-455622.html | https://web.archive.org/web/https://sti.vista.gov.vn/publication/view/tinh-trang-dinh-duong-va-mot-so-yeu-to-lien-quan-cua-nguoi-benh-dai-thao-duong-typ-2-dieu-tri-noi-tru-tai-benh-vien-da-khoa-xanh-pon-nam-2023-e7cc38bdc9220841bb8ade1a50eee813-455622.html | https://sti.vista.gov.vn/publication/view/tinh-trang-dinh-duong-va-mot-so-yeu-to-lien-quan-cua-nguoi-benh-dai-thao-duong-typ-2-dieu-tri-noi-tru-tai-benh-vien-da-khoa-xanh-pon-nam-2023-e7cc38bdc9220841bb8ade1a50eee813-455622.html | https://web.archive.org/web/https://sti.vista.gov.vn/publication/view/tinh-trang-dinh-duong-va-mot-so-yeu-to-lien-quan-cua-nguoi-benh-dai-thao-duong-typ-2-dieu-tri-noi-tru-tai-benh-vien-da-khoa-xanh-pon-nam-2023-e7cc38bdc9220841bb8ade1a50eee813-455622.html | https://web.archive.org/web/http://www.tapchiyhocduphong.vn/tap-chi-y-hoc-du-phong/2015/08/kien-thuc-ve-benh-dai-thao-duong-va-mot-so-yeu-to-lien-quan-cua-nguoi-benh-tai-c-o81E20305.html | https://web.archive.org/web/https://www.vinmec.com/vie/bai-viet/suy-o-nguoi-bi-cao-huyet-ap-nhung-dieu-can-chu-y-vi | https://www.vinmec.com/vie/bai-viet/suy-o-nguoi-bi-cao-huyet-ap-nhung-dieu-can-chu-y-vi | https://web.archive.org/web/https://www.vinmec.com/vie/bai-viet/suy-o-nguoi-bi-cao-huyet-ap-nhung-dieu-can-chu-y-vi | https://www.vinmec.com/vie/bai-viet/suy-o-nguoi-bi-cao-huyet-ap-nhung-dieu-can-chu-y-vi"
"935","COMP_c40989aa6e","Complication","Chậm phát triển thể chất","Do suy giảm hormone tăng trưởng và hoạt động thể lực.","https://www.vinmec.com/vie/bai-viet/bien-chung-lau-dai-cua-benh-hen-phe-quan-vi"
"936","COMP_c409e65dda","Complication","Tổn thương mắt","Biến chứng do tăng đường huyết mạn tính gây tổn thương lâu dài ở mắt. | Do tăng đường huyết gây tổn hại mạch máu và thần kinh võng mạc. | Biến chứng do tăng đường huyết mạn tính gây tổn hại đến võng mạc và thị lực. | Biến chứng do tăng đường huyết mạn tính gây tổn hại đến võng mạc. | Biến chứng do tăng đường huyết mạn tính gây tổn thương lâu dài ở mắt. | Biến chứng do tăng đường huyết gây tổn hại mạch máu và thần kinh võng mạc.","https://web.archive.org/web/https://xayenmo.ninhbinh.gov.vn/y-te-giao-duc/benh-dai-thao-duong-dau-hieu-nhan-biet-phan-loai-va-dieu-tri-389.html | https://web.archive.org/web/https://xayenmo.ninhbinh.gov.vn/y-te-giao-duc/benh-dai-thao-duong-dau-hieu-nhan-biet-phan-loai-va-dieu-tri-389.html | https://xayenmo.ninhbinh.gov.vn/y-te-giao-duc/benh-dai-thao-duong-dau-hieu-nhan-biet-phan-loai-va-dieu-tri-389.html | https://web.archive.org/web/https://xayenmo.ninhbinh.gov.vn/y-te-giao-duc/benh-dai-thao-duong-dau-hieu-nhan-biet-phan-loai-va-dieu-tri-389.html | https://web.archive.org/web/https://xayenmo.ninhbinh.gov.vn/y-te-giao-duc/benh-dai-thao-duong-dau-hieu-nhan-biet-phan-loai-va-dieu-tri-389.html | https://xayenmo.ninhbinh.gov.vn/y-te-giao-duc/benh-dai-thao-duong-dau-hieu-nhan-biet-phan-loai-va-dieu-tri-389.html"
"937","COMP_c4e38490e5","Complication","Phẫu thuật ở trẻ em ĐTĐ","Nguy cơ tăng cao do rối loạn đông máu và tổn thương mô liên kết trong quá trình phẫu thuật. | Nguy cơ cao trong phẫu thuật do rối loạn đông máu và tổn thương mô do đường huyết không ổn định. | Nguy cơ tăng cao do rối loạn đông máu và tổn thương mô liên kết trong quá trình phẫu thuật.","https://web.archive.org/web/https://benhviennhitrunguong.gov.vn/hoi-thao-xu-huong-dieu-tri-dai-thao-duong-tip-1-chung-ta-khong-the-dung-ngoai.html | https://benhviennhitrunguong.gov.vn/hoi-thao-xu-huong-dieu-tri-dai-thao-duong-tip-1-chung-ta-khong-the-dung-ngoai.html | https://web.archive.org/web/https://benhviennhitrunguong.gov.vn/hoi-thao-xu-huong-dieu-tri-dai-thao-duong-tip-1-chung-ta-khong-the-dung-ngoai.html"
"938","COMP_c8692e7b8e","Complication","Biến chứng hô hấp","Viêm phổi, viêm phế quản do bội nhiễm.","https://chanthuongvacotsong.bachmai.gov.vn/bien-chung-cua-benh-dai-thao-duong/"
"939","COMP_c8d3cf2f29","Complication","Chẩn đoán nhầm với các bệnh khác","Hen dễ bị nhầm lẫn với viêm tiểu phế quản, hóc dị vật, lao, tim bẩm sinh, hội chứng trào ngược, viêm mũi, viêm dị ứng.","https://bachmai.gov.vn/bai-viet/4-dau-hieu-dac-trung-cua-benh-hen?id=cfcfedc5-527d-7f6f-5a9e-002886825b9b"
"940","COMP_ca750fd96b","Complication","Biến chứng ngoài da","Ngứa, mụn nhọt, vàng da, hoại tử mỡ, viêm da, nấm da.","https://chanthuongvacotsong.bachmai.gov.vn/bien-chung-cua-benh-dai-thao-duong/"
"941","COMP_caec647d7a","Complication","Phù não","Biến chứng hiếm gặp nhưng nguy hiểm ở trẻ em, do bù nước quá nhanh.","https://web.archive.org/web/https://benhviendakhoasongma.gov.vn/bai-viet/hon-me-tang-ap-luc-tham-thau-do-dai-thao-duong-210"
"942","COMP_cba743d174","Complication","Biến chứng thận","Dẫn đến suy thận mãn tính do tổn thương mạch máu ở thận. | Tổn thương thận do đường huyết kéo dài cao gây tổn thương mạch máu. | Dẫn đến suy thận mãn tính do tổn thương mạch máu ở thận. | Một trong những biến chứng nghiêm trọng của đái tháo đường típ 2, dẫn đến suy thận nếu không được kiểm soát. | Do tổn thương hệ thống lọc máu do đường huyết và huyết áp cao. | Gắn liền với bệnh đái tháo đường týp 2, có thể dẫn đến suy thận. Cần kiểm soát HbA1c và huyết áp để phòng ngừa.","http://soyte.hatinh.gov.vn/tin-tuc-su-kien/thong-tin-y-te/luu-y-khi-dieu-tri-dai-thao-duong-type-1.html | http://soyte.hatinh.gov.vn/tin-tuc-su-kien/thong-tin-y-te/luu-y-khi-dieu-tri-dai-thao-duong-type-1.html | https://web.archive.org/web/http://soyte.hatinh.gov.vn/tin-tuc-su-kien/thong-tin-y-te/luu-y-khi-dieu-tri-dai-thao-duong-type-1.html | https://web.archive.org/web/https://bachmai.gov.vn/bai-viet/ca-the-hoa-dieu-tri-dai-thao-duong-tip-2-tai-cac-nuoc-dang-phat-trien-thach-thuc-va-co-hoi?id=4b51fe29-8515-42d1-bff3-85563163f16c | https://bachmai.gov.vn/bai-viet/kiem-soat-huyet-ap-va-can-nang-o-benh-nhan-dai-thao-duong-tip-2-viet-nam?id=d4b1411f-1da7-74f4-b337-1b88457dd69b | https://web.archive.org/web/https://vncdc.gov.vn/huong-dan-chan-doan-va-dieu-tri-benh-dai-thao-duong-tuyp-2-nd14582.html"
"943","COMP_cccc037c63","Complication","Suy thận mạn lọc máu chu kỳ","Hậu quả cuối cùng của biến chứng thận do đái tháo đường. | Hậu quả cuối cùng của biến chứng thận do đái tháo đường, cần điều trị bằng lọc máu. | Hậu quả cuối cùng của biến chứng thận do đái tháo đường. | Hậu quả cuối cùng của biến chứng thận do đái tháo đường, cần điều trị bằng lọc máu. | Hậu quả cuối cùng của biến chứng thận do đái tháo đường.","https://web.archive.org/web/https://benhvientinh.caobang.gov.vn/index.php/vi/news/tin-tuc-su-kien/bien-chung-than-do-dai-thao-duong-6-dieu-nguoi-benh-phai-chu-y-710.html | https://benhvientinh.caobang.gov.vn/index.php/vi/news/tin-tuc-su-kien/bien-chung-than-do-dai-thao-duong-6-dieu-nguoi-benh-phai-chu-y-710.html | https://benhvientinh.caobang.gov.vn/index.php/vi/news/tin-tuc-su-kien/bien-chung-than-do-dai-thao-duong-6-dieu-nguoi-benh-phai-chu-y-710.html | https://benhvientinh.caobang.gov.vn/index.php/vi/news/tin-tuc-su-kien/bien-chung-than-do-dai-thao-duong-6-dieu-nguoi-benh-phai-chu-y-710.html | https://web.archive.org/web/https://benhvientinh.caobang.gov.vn/index.php/vi/news/tin-tuc-su-kien/bien-chung-than-do-dai-thao-duong-6-dieu-nguoi-benh-phai-chu-y-710.html | https://benhvientinh.caobang.gov.vn/index.php/vi/news/tin-tuc-su-kien/bien-chung-than-do-dai-thao-duong-6-dieu-nguoi-benh-phai-chu-y-710.html | https://web.archive.org/web/https://benhvientinh.caobang.gov.vn/index.php/vi/news/tin-tuc-su-kien/bien-chung-than-do-dai-thao-duong-6-dieu-nguoi-benh-phai-chu-y-710.html"
"944","COMP_cec79d09b0","Complication","Chuyển hóa","Nguy cơ cao do dinh dưỡng không hợp lý và các yếu tố liên quan. | Nguy cơ tăng do dinh dưỡng không hợp lý và các yếu tố liên quan. | Nguy cơ cao do dinh dưỡng không hợp lý và các yếu tố liên quan. | Nguy cơ chuyển hóa cao do dinh dưỡng không hợp lý và BMI bất thường. | Nguy cơ tăng do dinh dưỡng không hợp lý và các yếu tố liên quan.","https://sti.vista.gov.vn/publication/view/tinh-trang-dinh-duong-va-mot-so-yeu-to-lien-quan-cua-nguoi-benh-dai-thao-duong-typ-2-dieu-tri-noi-tru-tai-benh-vien-da-khoa-xanh-pon-nam-2023-e7cc38bdc9220841bb8ade1a50eee813-455622.html | https://sti.vista.gov.vn/publication/view/tinh-trang-dinh-duong-va-mot-so-yeu-to-lien-quan-cua-nguoi-benh-dai-thao-duong-typ-2-dieu-tri-noi-tru-tai-benh-vien-da-khoa-xanh-pon-nam-2023-e7cc38bdc9220841bb8ade1a50eee813-455622.html | https://web.archive.org/web/https://sti.vista.gov.vn/publication/view/tinh-trang-dinh-duong-va-mot-so-yeu-to-lien-quan-cua-nguoi-benh-dai-thao-duong-typ-2-dieu-tri-noi-tru-tai-benh-vien-da-khoa-xanh-pon-nam-2023-e7cc38bdc9220841bb8ade1a50eee813-455622.html"
"945","COMP_cf808d8919","Complication","Đợt cấp COPD","Khó thở liên tục, không thành cơn, thường gặp ở nam giới nghiện thuốc lá.","https://www.vinmec.com/vie/bai-viet/lam-nao-de-chan-doan-hen-phe-quan-vi"
"946","COMP_d047cf4525","Complication","Chi phí điều trị tốn kém","Thay thận hay lọc máu là chi phí rất lớn, ảnh hưởng kinh tế người bệnh. | Thay thận hay lọc máu là chi phí rất lớn, ảnh hưởng kinh tế người bệnh. | Việc thay thận hay điều trị lại vô cùng tốn kém, ảnh hưởng kinh tế người bệnh.","https://web.archive.org/web/https://benhvientinh.caobang.gov.vn/index.php/vi/news/tin-tuc-su-kien/bien-chung-than-do-dai-thao-duong-6-dieu-nguoi-benh-phai-chu-y-710.html | https://benhvientinh.caobang.gov.vn/index.php/vi/news/tin-tuc-su-kien/bien-chung-than-do-dai-thao-duong-6-dieu-nguoi-benh-phai-chu-y-710.html | https://web.archive.org/web/https://benhvientinh.caobang.gov.vn/index.php/vi/news/tin-tuc-su-kien/bien-chung-than-do-dai-thao-duong-6-dieu-nguoi-benh-phai-chu-y-710.html"
"947","COMP_d09a04ae03","Complication","Tiêu cơ vân","Biến chứng hiếm gặp nhưng nguy hiểm, xảy ra do không điều trị đúng.","https://web.archive.org/web/https://benhviendakhoasongma.gov.vn/bai-viet/hon-me-tang-ap-luc-tham-thau-do-dai-thao-duong-210"
"948","COMP_d123fc366c","Complication","Tổn thương da","Ngứa, mụn nhọt, vàng da, hoại tử mỡ, viêm nấm. | Ngứa, mụn nhọt, vàng da, hoại tử mỡ, viêm nấm da. | Ngứa, mụn nhọt, vàng da, hoại tử mỡ, viêm nấm.","https://web.archive.org/web/https://bachmai.gov.vn/bai-viet/bien-chung-cua-benh-dai-thao-duong?id=f17ffc43-5abb-5dcb-54d1-d3887440a421"
"949","COMP_d1d5fafbc4","Complication","Loét chân và hoại tử","Do bệnh động mạch ngoại biên hai chân, dẫn đến tàn phế nếu không điều trị kịp thời. | Do xơ vữa động mạch ngoại biên gây tắc nghẽn máu nuôi chân. | Do xơ vữa động mạch ngoại biên gây tắc nghẽn máu đến chân. | Do xơ vữa động mạch ngoại biên gây tắc nghẽn máu đến chân, dẫn đến tổn thương mô. | Do xơ vữa động mạch ngoại biên gây tắc nghẽn máu đến chân.","https://web.archive.org/web/http://bvhoanghoa.ytethanhhoa.gov.vn/web/khoa-phong-chuc-nang/khoa-phong-chuc-nang/phong-cong-tac-xa-hoi/dieu-can-luu-y-khi-dieu-tri-tang-huyet-ap.html | http://bvhoanghoa.ytethanhhoa.gov.vn/web/khoa-phong-chuc-nang/khoa-phong-chuc-nang/phong-cong-tac-xa-hoi/dieu-can-luu-y-khi-dieu-tri-tang-huyet-ap.html | https://web.archive.org/web/http://bvhoanghoa.ytethanhhoa.gov.vn/web/khoa-phong-chuc-nang/khoa-phong-chuc-nang/phong-cong-tac-xa-hoi/dieu-can-luu-y-khi-dieu-tri-tang-huyet-ap.html | https://web.archive.org/web/http://bvhoanghoa.ytethanhhoa.gov.vn/web/khoa-phong-chuc-nang/khoa-phong-chuc-nang/phong-cong-tac-xa-hoi/dieu-can-luu-y-khi-dieu-tri-tang-huyet-ap.html | https://web.archive.org/web/http://bvhoanghoa.ytethanhhoa.gov.vn/web/khoa-phong-chuc-nang/khoa-phong-chuc-nang/phong-cong-tac-xa-hoi/dieu-can-luu-y-khi-dieu-tri-tang-huyet-ap.html"
"950","COMP_d231b08253","Complication","Tiêu hóa","Rụng răng, viêm dạ dày, rối loạn tiêu hóa, rối loạn chức năng gan. | Rụng răng, viêm dạ dày, rối loạn tiêu hóa, rối loạn chức năng gan. | Biến chứng bao gồm rụng răng, viêm dạ dày, rối loạn chức năng gan. | Rụng răng, viêm dạ dày, rối loạn tiêu hóa, rối loạn chức năng gan. | Rụng răng, viêm dạ dày, rối loạn tiêu hóa, rối loạn chức năng gan. | Rụng răng, viêm dạ dày, rối loạn tiêu hóa, rối loạn chức năng gan. | Rụng răng, viêm dạ dày, rối loạn tiêu hóa, rối loạn chức năng gan.","https://bachmai.gov.vn/bai-viet/bien-chung-cua-benh-dai-thao-duong?id=f17ffc43-5abb-5dcb-54d1-d3887440a421 | https://web.archive.org/web/https://bachmai.gov.vn/bai-viet/bien-chung-cua-benh-dai-thao-duong?id=f17ffc43-5abb-5dcb-54d1-d3887440a421 | https://web.archive.org/web/https://bachmai.gov.vn/bai-viet/bien-chung-cua-benh-dai-thao-duong?id=f17ffc43-5abb-5dcb-54d1-d3887440a421 | https://bachmai.gov.vn/bai-viet/bien-chung-cua-benh-dai-thao-duong?id=f17ffc43-5abb-5dcb-54d1-d3887440a421 | https://web.archive.org/web/https://bachmai.gov.vn/bai-viet/bien-chung-cua-benh-dai-thao-duong?id=f17ffc43-5abb-5dcb-54d1-d3887440a421 | https://chanthuongvacotsong.bachmai.gov.vn/bien-chung-cua-benh-dai-thao-duong/ | https://bachmai.gov.vn/bai-viet/bien-chung-cua-benh-dai-thao-duong?id=f17ffc43-5abb-5dcb-54d1-d3887440a421 | https://web.archive.org/web/https://bachmai.gov.vn/bai-viet/bien-chung-cua-benh-dai-thao-duong?id=f17ffc43-5abb-5dcb-54d1-d3887440a421 | https://chanthuongvacotsong.bachmai.gov.vn/bien-chung-cua-benh-dai-thao-duong/ | https://bachmai.gov.vn/bai-viet/bien-chung-cua-benh-dai-thao-duong?id=f17ffc43-5abb-5dcb-54d1-d3887440a421 | https://web.archive.org/web/https://bachmai.gov.vn/bai-viet/bien-chung-cua-benh-dai-thao-duong?id=f17ffc43-5abb-5dcb-54d1-d3887440a421"
"951","COMP_d283db7490","Complication","Nhiễm trùng da và miệng","Do hệ miễn dịch suy yếu và môi trường ẩm ướt do đường huyết cao, dễ bị nhiễm nấm hoặc vi khuẩn.","https://benhviennhitrunguong.gov.vn/benh-dai-thao-duong-o-tre-em.html"
"952","COMP_d3b48f56c9","Complication","Suy giảm trí nhớ","Biến chứng não do tổn thương mạch máu hoặc thiếu máu nuôi não. | Do ảnh hưởng của tăng huyết áp lên não, đặc biệt là liên quan đến Alzheimer. | Do huyết áp cao không kiểm soát ảnh hưởng đến khả năng tư duy và ghi nhớ. | Do ảnh hưởng của tăng huyết áp lên não, dẫn đến nguy cơ mắc Alzheimer.","http://bvhoanghoa.ytethanhhoa.gov.vn/web/khoa-phong-chuc-nang/khoa-phong-chuc-nang/phong-cong-tac-xa-hoi/dieu-can-luu-y-khi-dieu-tri-tang-huyet-ap.html | https://soyte.tuyenquang.gov.vn/tin-tuc/tang-huyet-ap-va-nhung-bien-chung-nguy-hiem.html | https://tamanhhospital.vn/tang-huyet-ap-thu-phat/ | https://soyte.tuyenquang.gov.vn/tin-tuc/tang-huyet-ap-va-nhung-bien-chung-nguy-hiem.html"
"953","COMP_d900bef4b4","Complication","Xuất huyết não","Biến chứng thần kinh nguy hiểm do vỡ mạch máu trong não. | Biến chứng thần kinh nghiêm trọng do tăng huyết áp không kiểm soát. | Biến chứng nguy hiểm do tăng huyết áp làm vỡ mạch máu trong não. | Biến chứng thần kinh nguy hiểm do vỡ mạch máu trong não. | Tổn thương não do tăng huyết áp gây vỡ mạch. | Biến chứng thần kinh nguy hiểm do tăng huyết áp làm vỡ mạch máu trong não. | Tổn thương não do vỡ mạch máu. | Biến chứng thần kinh nguy hiểm do vỡ mạch máu trong não. | Tổn thương não do tăng huyết áp gây vỡ mạch. | Biến chứng nguy hiểm do tăng huyết áp làm vỡ mạch máu trong não.","https://web.archive.org/web/http://bvhoanghoa.ytethanhhoa.gov.vn/web/khoa-phong-chuc-nang/khoa-phong-chuc-nang/phong-cong-tac-xa-hoi/dieu-can-luu-y-khi-dieu-tri-tang-huyet-ap.html | https://web.archive.org/web/http://bvhoanghoa.ytethanhhoa.gov.vn/web/khoa-phong-chuc-nang/khoa-phong-chuc-nang/phong-cong-tac-xa-hoi/dieu-can-luu-y-khi-dieu-tri-tang-huyet-ap.html | https://web.archive.org/web/https://bachmai.gov.vn/tin-chi-tiet/-/bai-viet/tang-huyet-ap-can-benh-tham-lang-nhung-nguy-hiem-8463-146.html | https://web.archive.org/web/http://bvhoanghoa.ytethanhhoa.gov.vn/web/khoa-phong-chuc-nang/khoa-phong-chuc-nang/phong-cong-tac-xa-hoi/dieu-can-luu-y-khi-dieu-tri-tang-huyet-ap.html | https://web.archive.org/web/https://bachmai.gov.vn/tin-chi-tiet/-/bai-viet/tang-huyet-ap-can-benh-tham-lang-nhung-nguy-hiem-8463-146.html | https://web.archive.org/web/http://bvhoanghoa.ytethanhhoa.gov.vn/web/khoa-phong-chuc-nang/khoa-phong-chuc-nang/phong-cong-tac-xa-hoi/dieu-can-luu-y-khi-dieu-tri-tang-huyet-ap.html"
"954","COMP_d921408500","Complication","Mù loà","Do biến chứng võng mạc, nguyên nhân hàng đầu gây mù loà. | Do tổn thương võng mạc do đường huyết cao. | Do biến chứng võng mạc, nguyên nhân hàng đầu gây mù loà.","https://web.archive.org/web/https://bachmai.gov.vn/tin-chi-tiet/-/bai-viet/dai-thao-duong-can-benh-nhieu-bien-chung-nguy-hiem-8-trieu-nguoi-viet-nam-dang-mac-9624-146.html | https://bachmai.gov.vn/tin-chi-tiet/-/bai-viet/dai-thao-duong-can-benh-nhieu-bien-chung-nguy-hiem-8-trieu-nguoi-viet-nam-dang-mac-9624-146.html | https://web.archive.org/web/https://bachmai.gov.vn/tin-chi-tiet/-/bai-viet/dai-thao-duong-can-benh-nhieu-bien-chung-nguy-hiem-8-trieu-nguoi-viet-nam-dang-mac-9624-146.html"
"955","COMP_d921408500","Complication","Mù lòa","Biến chứng mắt do đái tháo đường gây tổn thương võng mạc. | Tổn thương võng mạc do đường huyết cao dẫn đến mất thị lực vĩnh viễn. | Do bệnh võng mạc tiểu đường gây tổn thương mạch máu trong mắt, dẫn đến mất thị lực. | Do tổn thương thần kinh thị giác và mạch máu mắt gây mất thị lực. | Do tổn thương võng mạc do glucose máu cao và huyết áp cao. | Tổn thương đáy mắt dẫn đến mất thị lực hoàn toàn. | Do tổn thương đáy mắt gây mất thị lực vĩnh viễn. | Biến chứng ảnh hưởng đến thị lực, có thể xảy ra khi bệnh tiến triển nặng. | Hậu quả nghiêm trọng nhất của bệnh võng mạc đái tháo đường nếu không được phát hiện và điều trị kịp thời. | Biến chứng mắt do đái tháo đường gây tổn thương võng mạc. | Do bệnh võng mạc tiểu đường gây tổn thương mạch máu nhỏ trong võng mạc, dẫn đến mất thị lực. | Biến chứng mắt do đái tháo đường gây ra. | Biến chứng mắt do tổn thương mạch máu võng mạc do huyết áp cao. | Do tổn thương võng mạc hoặc xuất huyết trong mắt do tăng huyết áp.","https://web.archive.org/web/https://bachmai.gov.vn/bai-viet/chan-doan-som-benh-dai-thao-duong-tip-2?id=59f9c51f-418e-9437-823c-a1a6c23c33e4 | https://web.archive.org/web/https://benhvientinh.caobang.gov.vn/index.php/vi/news/dich-vu/tiep-nhan-dieu-tri-benh-nhan-dai-thao-duong-tuyp-2-co-bien-chung-mo-mat-do-khong-di-kham-va-tam-soat-som-443.html | https://benhvientinh.caobang.gov.vn/index.php/vi/news/dich-vu/tiep-nhan-dieu-tri-benh-nhan-dai-thao-duong-tuyp-2-co-bien-chung-mo-mat-do-khong-di-kham-va-tam-soat-som-443.html | https://cdc.ninhbinh.gov.vn/tin-tuc-su-kien/benh-dai-thao-duong-va-cach-phong-ngua-benh2.html | https://web.archive.org/web/https://www.vinmec.com/vie/bai-viet/tong-quan-ve-benh-dai-thao-duong-vi | https://www.vinmec.com/vie/bai-viet/tong-quan-ve-benh-dai-thao-duong-vi | https://web.archive.org/web/https://syt.dongnai.gov.vn/vi/news/Suc-khoe-cong-dong/nhung-bien-chung-nguy-hiem-cua-benh-tieu-duong-2511.html | https://syt.dongnai.gov.vn/vi/news/Suc-khoe-cong-dong/nhung-bien-chung-nguy-hiem-cua-benh-tieu-duong-2511.html | http://soyte.hatinh.gov.vn/tin-tuc-su-kien/thong-tin-y-te/bai-truyen-thong-benh-dai-thao-duong-va-cach-phong-ngua-benh.html | https://web.archive.org/web/https://benhvienmathanoi.gov.vn/tam-soat-benh-vong-mac-dai-thao-duong/ | https://web.archive.org/web/https://bachmai.gov.vn/bai-viet/chan-doan-som-benh-dai-thao-duong-tip-2?id=59f9c51f-418e-9437-823c-a1a6c23c33e4 | https://www.vinmec.com/vie/bai-viet/tong-quan-ve-benh-dai-thao-duong-vi | https://web.archive.org/web/https://bachmai.gov.vn/tin-chi-tiet/-/bai-viet/chan-doan-som-benh-dai-thao-duong-tip-2-9427-146.html | https://web.archive.org/web/http://bvhoanghoa.ytethanhhoa.gov.vn/web/khoa-phong-chuc-nang/khoa-phong-chuc-nang/phong-cong-tac-xa-hoi/dieu-can-luu-y-khi-dieu-tri-tang-huyet-ap.html | http://bvhoanghoa.ytethanhhoa.gov.vn/web/khoa-phong-chuc-nang/khoa-phong-chuc-nang/to-cong-tac-xa-hoi/dieu-can-luu-y-khi-dieu-tri-tang-huyet-ap.html | http://bvhoanghoa.ytethanhhoa.gov.vn/web/khoa-phong-chuc-nang/khoa-phong-chuc-nang/phong-cong-tac-xa-hoi/dieu-can-luu-y-khi-dieu-tri-tang-huyet-ap.html"
"956","COMP_dbf14fdc47","Complication","Ngừng tim do hen cấp","Tình trạng nguy hiểm nhất của cơn hen, khi cơ thể không đáp ứng kịp thời với thuốc và oxy. | Cơn hen cấp nghiêm trọng có thể dẫn đến ngừng tim, nguy hiểm đến tính mạng. | Cơn hen cấp nghiêm trọng có thể dẫn đến ngừng tim, nguy hiểm đến tính mạng.","https://web.archive.org/web/https://benhviennhitrunguong.gov.vn/tag/hen-phe-quan"
"957","COMP_dcb729084d","Complication","Suy tim do sung huyết","Do tích tụ dịch trong phổi gây khó thở và tăng gánh nặng cho tim. | Do dịch ứ đọng trong phổi gây khó thở và tăng gánh nặng cho tim.","https://web.archive.org/web/http://soyte.hatinh.gov.vn/tin-tuc-su-kien/pho-bien-kien-thuc/dau-hieu-benh-than-va-suy-than-.html | http://soyte.hatinh.gov.vn/tin-tuc-su-kien/pho-bien-kien-thuc/dau-hieu-benh-than-va-suy-than-.html"
"958","COMP_dd4df45460","Complication","Biến chứng tim mạch","Một trong những biến chứng nguy hiểm của đái tháo đường típ 2, gây tăng nguy cơ mắc bệnh tim mạch. | Gắn liền với bệnh đái tháo đường mạn tính, bao gồm nhồi máu cơ tim, đột quỵ, tăng huyết áp. | Nguy cơ cao do chế độ ăn nhiều muối và huyết áp không kiểm soát. | Nguy cơ cao mắc các bệnh tim mạch do đái tháo đường và tăng huyết áp. | Gắn liền với bệnh đái tháo đường mạn tính, bao gồm nhồi máu cơ tim, đột quỵ, tăng huyết áp. | Gây tử vong từ 2 đến 4 lần so với người bình thường, rút ngắn tuổi thọ 9-12 năm. | Gắn liền với bệnh đái tháo đường mạn tính, bao gồm nhồi máu cơ tim, đột quỵ, tăng huyết áp. | Gây tử vong từ 2 đến 4 lần so với người bình thường, rút ngắn tuổi thọ người bệnh ĐTĐ từ 9 đến 12 năm. | Gồm bệnh mạch vành, tai biến mạch não, mạch máu chi dưới – nguyên nhân chính gây tử vong ở người ĐTĐ. | Gây tử vong và biến cố tim mạch như nhồi máu cơ tim, đột quỵ, tử vong do nguyên nhân tim mạch. | Gắn liền với bệnh đái tháo đường mạn tính, bao gồm nhồi máu cơ tim, đột quỵ, tăng huyết áp. | Gây tử vong cao gấp 2-4 lần so với người bình thường, bao gồm nhồi máu cơ tim, đột quỵ và tử vong do tim mạch. | Gây tử vong từ 2 đến 4 lần so với người bình thường, rút ngắn tuổi thọ từ 9 đến 12 năm. | Rối loạn chuyển hóa gây tăng nguy cơ mắc bệnh lý tim mạch và đột quỵ. | Do tích tụ chất độc và rối loạn điện giải ảnh hưởng đến chức năng tim. | Gồm tăng huyết áp, nhồi máu cơ tim, tai biến mạch máu não. | Gắn liền với bệnh đái tháo đường mạn tính, bao gồm nhồi máu cơ tim, đột quỵ, tăng huyết áp. | Gây tử vong từ 2 đến 4 lần so với người bình thường, rút ngắn tuổi thọ từ 9 đến 12 năm. | Gây tử vong cao gấp 2-4 lần so với người bình thường, bao gồm nhồi máu cơ tim, đột quỵ và tử vong do tim mạch. | Gắn liền với bệnh đái tháo đường mạn tính, bao gồm nhồi máu cơ tim, đột quỵ, tăng huyết áp. | Gắn liền với bệnh đái tháo đường mạn tính, bao gồm nhồi máu cơ tim, đột quỵ, tăng huyết áp. | Gây tử vong từ 2 đến 4 lần so với người bình thường, rút ngắn tuổi thọ từ 9 đến 12 năm. | Gây tử vong từ 2 đến 4 lần so với người bình thường, rút ngắn tuổi thọ từ 9 đến 12 năm. | Gây tử vong từ 2 đến 4 lần so với người bình thường và rút ngắn tuổi thọ 9-12 năm. | Gây tử vong và biến cố tim mạch như nhồi máu cơ tim, đột quỵ, tử vong do nguyên nhân tim mạch. | Gắn liền với bệnh đái tháo đường týp 2, bao gồm nhồi máu cơ tim, đột quỵ. Nguy cơ cao ở người có HbA1c cao và huyết áp không kiểm soát. | Gây tử vong từ 2 đến 4 lần so với người bình thường và rút ngắn tuổi thọ 9-12 năm. | Gây tử vong cao, tăng tỷ lệ tử vong từ 2-4 lần, rút ngắn tuổi thọ 9-12 năm. | Gây tử vong cao, tăng tỷ lệ tử vong từ 2-4 lần, rút ngắn tuổi thọ 9-12 năm. | Gây tử vong cao gấp 2-4 lần so với người bình thường, bao gồm nhồi máu cơ tim, đột quỵ và tử vong do tim mạch. | Gây tử vong từ 2 đến 4 lần so với người bình thường, rút ngắn tuổi thọ từ 9 đến 12 năm. | Gây tử vong cao gấp 2-4 lần so với người bình thường, bao gồm nhồi máu cơ tim, đột quỵ và tử vong do tim mạch. | Do tích tụ chất độc và rối loạn điện giải ảnh hưởng đến chức năng tim.","https://web.archive.org/web/https://bachmai.gov.vn/bai-viet/ca-the-hoa-dieu-tri-dai-thao-duong-tip-2-tai-cac-nuoc-dang-phat-trien-thach-thuc-va-co-hoi?id=4b51fe29-8515-42d1-bff3-85563163f16c | https://web.archive.org/web/https://vncdc.gov.vn/huong-dan-chan-doan-va-dieu-tri-benh-dai-thao-duong-tuyp-2-nd14582.html | https://nsti.vista.gov.vn/publication/view/nghien-cuu-dac-diem-lam-sang-can-lam-sang-va-danh-gia-bien-chung-than-o-benh-nhan-dai-thao-duong-type-2-tai-khoa-noi-3-benh-vien-huu-nghi-viet-tiep-hai-phong-350723.html | https://web.archive.org/web/https://vncdc.gov.vn/huong-dan-chan-doan-va-dieu-tri-benh-dai-thao-duong-tuyp-2-nd14582.html | https://bachmai.gov.vn/bai-viet/kiem-soat-huyet-ap-va-can-nang-o-benh-nhan-dai-thao-duong-tip-2-viet-nam?id=d4b1411f-1da7-74f4-b337-1b88457dd69b | https://web.archive.org/web/https://vncdc.gov.vn/huong-dan-chan-doan-va-dieu-tri-benh-dai-thao-duong-tuyp-2-nd14582.html | https://bachmai.gov.vn/bai-viet/dai-thao-duong-bien-chung-tim-mach-va-than-kinh-ngoai-bien-sat-thu-tham-lang?id=994f4df4-95c1-4760-8aee-8d07a69f9fe1 | https://web.archive.org/web/https://bachmai.gov.vn/bai-viet/dai-thao-duong-bien-chung-tim-mach-va-than-kinh-ngoai-bien-sat-thu-tham-lang?id=994f4df4-95c1-4760-8aee-8d07a69f9fe1 | https://bachmai.gov.vn/bai-viet/dai-thao-duong-bien-chung-tim-mach-va-than-kinh-ngoai-bien-sat-thu-tham-lang?id=994f4df4-95c1-4760-8aee-8d07a69f9fe1 | https://web.archive.org/web/https://chanthuongvacotsong.bachmai.gov.vn/dai-thao-duong-bien-chung-tim-mach-va-than-kinh-ngoai-bien-sat-thu-tham-lang/ | https://web.archive.org/web/https://vncdc.gov.vn/huong-dan-chan-doan-va-dieu-tri-benh-dai-thao-duong-tuyp-2-nd14582.html | https://web.archive.org/web/https://bachmai.gov.vn/bai-viet/dai-thao-duong-bien-chung-tim-mach-va-than-kinh-ngoai-bien-sat-thu-tham-lang?id=994f4df4-95c1-4760-8aee-8d07a69f9fe1 | https://bachmai.gov.vn/bai-viet/dai-thao-duong-bien-chung-tim-mach-va-than-kinh-ngoai-bien-sat-thu-tham-lang?id=994f4df4-95c1-4760-8aee-8d07a69f9fe1 | https://web.archive.org/web/https://medlatec.vn/tin-tuc/benh-dai-thao-duong-anh-huong-nhu-the-nao-toi-suc-khoe-s195-n19438 | https://bachmai.gov.vn/bai-viet/sai-lam-trong-dinh-duong-khien-suy-than-man-them-tram-trong-dau-la-giai-phap?id=1ff0d3d0-62f4-4159-a23b-758572e7f600 | https://web.archive.org/web/https://vncdc.gov.vn/huong-dan-chan-doan-va-dieu-tri-benh-dai-thao-duong-tuyp-2-nd14582.html | https://web.archive.org/web/http://soyte.hatinh.gov.vn/tin-tuc-su-kien/thong-tin-y-te/bai-truyen-thong-benh-dai-thao-duong-va-cach-phong-ngua-benh.html | https://web.archive.org/web/https://bachmai.gov.vn/bai-viet/dai-thao-duong-bien-chung-tim-mach-va-than-kinh-ngoai-bien-sat-thu-tham-lang?id=994f4df4-95c1-4760-8aee-8d07a69f9fe1 | https://bachmai.gov.vn/bai-viet/dai-thao-duong-bien-chung-tim-mach-va-than-kinh-ngoai-bien-sat-thu-tham-lang?id=994f4df4-95c1-4760-8aee-8d07a69f9fe1 | https://web.archive.org/web/https://vncdc.gov.vn/huong-dan-chan-doan-va-dieu-tri-benh-dai-thao-duong-tuyp-2-nd14582.html | https://web.archive.org/web/https://vncdc.gov.vn/huong-dan-chan-doan-va-dieu-tri-benh-dai-thao-duong-tuyp-2-nd14582.html | https://bachmai.gov.vn/bai-viet/dai-thao-duong-bien-chung-tim-mach-va-than-kinh-ngoai-bien-sat-thu-tham-lang?id=994f4df4-95c1-4760-8aee-8d07a69f9fe1 | https://chanthuongvacotsong.bachmai.gov.vn/dai-thao-duong-bien-chung-tim-mach-va-than-kinh-ngoai-bien-sat-thu-tham-lang/ | https://web.archive.org/web/https://bachmai.gov.vn/bai-viet/dai-thao-duong-bien-chung-tim-mach-va-than-kinh-ngoai-bien-sat-thu-tham-lang?id=994f4df4-95c1-4760-8aee-8d07a69f9fe1 | https://bachmai.gov.vn/bai-viet/dai-thao-duong-bien-chung-tim-mach-va-than-kinh-ngoai-bien-sat-thu-tham-lang?id=994f4df4-95c1-4760-8aee-8d07a69f9fe1 | https://web.archive.org/web/https://vncdc.gov.vn/huong-dan-chan-doan-va-dieu-tri-benh-dai-thao-duong-tuyp-2-nd14582.html | https://bachmai.gov.vn/bai-viet/dai-thao-duong-bien-chung-tim-mach-va-than-kinh-ngoai-bien-sat-thu-tham-lang?id=994f4df4-95c1-4760-8aee-8d07a69f9fe1 | https://web.archive.org/web/https://bachmai.gov.vn/bai-viet/dai-thao-duong-bien-chung-tim-mach-va-than-kinh-ngoai-bien-sat-thu-tham-lang?id=994f4df4-95c1-4760-8aee-8d07a69f9fe1 | https://bachmai.gov.vn/bai-viet/dai-thao-duong-bien-chung-tim-mach-va-than-kinh-ngoai-bien-sat-thu-tham-lang?id=994f4df4-95c1-4760-8aee-8d07a69f9fe1 | https://web.archive.org/web/https://bachmai.gov.vn/bai-viet/dai-thao-duong-bien-chung-tim-mach-va-than-kinh-ngoai-bien-sat-thu-tham-lang?id=994f4df4-95c1-4760-8aee-8d07a69f9fe1 | https://bachmai.gov.vn/bai-viet/sai-lam-trong-dinh-duong-khien-suy-than-man-them-tram-trong-dau-la-giai-phap?id=1ff0d3d0-62f4-4159-a23b-758572e7f600 | https://web.archive.org/web/https://bachmai.gov.vn/bai-viet/sai-lam-trong-dinh-duong-khien-suy-than-man-them-tram-trong-dau-la-giai-phap?id=1ff0d3d0-62f4-4159-a23b-758572e7f600 | https://bachmai.gov.vn/bai-viet/sai-lam-trong-dinh-duong-khien-suy-than-man-them-tram-trong-dau-la-giai-phap?id=1ff0d3d0-62f4-4159-a23b-758572e7f600"
"959","COMP_dddbe87620","Complication","Tăng tần suất đợt cấp","Không điều trị đúng cách dẫn đến các đợt cấp lặp lại nhiều hơn và kéo dài hơn.","http://benhvienphoi.hatinh.gov.vn/chi-tiet-tin-tuc?slug=hay-nhan-biet-som-va-phong-ngua-benh-phoi-tac-nghen-man-tinh-copd"
"960","COMP_def0a9ae54","Complication","Bệnh võng mạc đái tháo đường","Tổn thương mạch máu võng mạc gây mù lòa nếu không điều trị kịp thời. | Tổn thương mạch máu võng mạc gây mù lòa. | Tổn thương mạch máu võng mạc gây mù lòa. | Tổn thương mạch máu võng mạc gây mất thị lực nghiêm trọng, có thể dẫn đến mù lòa. | Tổn thương mạch máu võng mạc, gây mất thị lực và nguy cơ mù lòa. | Tổn thương mạch máu võng mạc gây mù lòa. | Tổn thương mạch máu võng mạc gây mù lòa. | Tổn thương mạch máu võng mạc, có nguy cơ gây mù lòa.","https://benhviennhitrunguong.gov.vn/benh-dai-thao-duong-o-tre-em.html | https://web.archive.org/web/https://benhviennhitrunguong.gov.vn/benh-dai-thao-duong-o-tre-em.html | https://web.archive.org/web/https://benhviennhitrunguong.gov.vn/benh-dai-thao-duong-o-tre-em.html | https://benhviennhitrunguong.gov.vn/benh-dai-thao-duong-o-tre-em.html | https://web.archive.org/web/https://benhviennhitrunguong.gov.vn/benh-dai-thao-duong-o-tre-em.html | https://web.archive.org/web/https://benhviennhitrunguong.gov.vn/benh-dai-thao-duong-o-tre-em.html | https://benhviennhitrunguong.gov.vn/benh-dai-thao-duong-o-tre-em.html | https://web.archive.org/web/https://benhviennhitrunguong.gov.vn/benh-dai-thao-duong-o-tre-em.html | https://benhviennhitrunguong.gov.vn/benh-dai-thao-duong-o-tre-em.html | https://benhviennhitrunguong.gov.vn/benh-dai-thao-duong-o-tre-em.html"
"961","COMP_e14b7e977c","Complication","Tăng đường huyết cấp tính","Do không kiểm soát tốt, dùng corticoid, rượu hoặc nhiễm trùng. Có thể dẫn đến hôn mê và tử vong.","https://web.archive.org/web/https://bachmai.gov.vn/bai-viet/bien-chung-cua-benh-dai-thao-duong?id=f17ffc43-5abb-5dcb-54d1-d3887440a421"
"962","COMP_e6448b6b12","Complication","Suy thận do đái tháo đường","Do tổn thương mạch máu và tế bào thận, dẫn đến suy giảm chức năng lọc. | Giai đoạn cuối của tổn thương thận, cần điều trị tích cực để ngăn ngừa suy kiệt.","http://ttyt.tamduong.laichau.gov.vn/quan-ly-nha-nuoc/hoat-dong-doan-doi/dai-thao-duong-tuyp-2-nguyen-nhan-trieu-chung-chan-doan-va-d.html | http://ttyt.tamduong.laichau.gov.vn/quan-ly-nha-nuoc/hoat-dong-doan-doi/dai-thao-duong-tuyp-2-nguyen-nhan-trieu-chung-chan-doan-va-d.html | https://web.archive.org/web/http://ttyt.tamduong.laichau.gov.vn/quan-ly-nha-nuoc/hoat-dong-doan-doi/dai-thao-duong-tuyp-2-nguyen-nhan-trieu-chung-chan-doan-va-d.html | https://nsti.vista.gov.vn/publication/view/nghien-cuu-dac-diem-lam-sang-can-lam-sang-va-danh-gia-bien-chung-than-o-benh-nhan-dai-thao-duong-type-2-tai-khoa-noi-3-benh-vien-huu-nghi-viet-tiep-hai-phong-350723.html"
"963","COMP_e6c469b163","Complication","Bệnh thận","Biến chứng thường gặp do tổn thương mạch máu và chức năng thận.","https://web.archive.org/web/http://www.tapchiyhocduphong.vn/tap-chi-y-hoc-du-phong/2015/08/kien-thuc-ve-benh-dai-thao-duong-va-mot-so-yeu-to-lien-quan-cua-nguoi-benh-tai-c-o81E20305.html"
"964","COMP_e7d99629ff","Complication","Nhiễm toan Ceton","Do thiếu insulin, cơ thể chuyển hóa lipid tạo acid ceton gây nhiễm độc, thường gặp ở type 1. | Do thiếu insulin, cơ thể chuyển hóa lipid tạo acid ceton. Thường gặp ở type 1. Có thể dẫn đến hôn mê và tử vong. | Do thiếu insulin, cơ thể chuyển hóa lipid tạo acid ceton gây nhiễm độc, thường gặp ở type 1. | Do thiếu insulin, cơ thể chuyển hóa lipid tạo acid acetic. Thường gặp ở type 1. | Do thiếu insulin, cơ thể chuyển hóa lipid tạo acid ceton. Thường gặp ở type 1. Có thể dẫn đến hôn mê và tử vong. | Do thiếu insulin, cơ thể chuyển hóa lipid tạo acid acetic. Thường gặp ở type 1. | Do thiếu insulin, cơ thể chuyển hóa lipid tạo acid ceton gây nhiễm độc, thường gặp ở type 1. | Do thiếu insulin, cơ thể chuyển hóa lipid tạo acid acetic. Thường gặp ở type 1. | Biến chứng cấp tính do thiếu insulin, dẫn đến tích tụ acid acetic gây nhiễm độc. | Do thiếu insulin, cơ thể chuyển hóa lipid tạo acid acetic. Thường gặp ở type 1. | Do thiếu insulin, cơ thể chuyển hóa lipid tạo acid ceton gây nhiễm độc, thường gặp ở type 1. | Do thiếu insulin, cơ thể chuyển hóa lipid tạo acid ceton gây nhiễm độc. Thường gặp ở type 1. | Do thiếu insulin, cơ thể chuyển hóa lipid tạo acid ceton. Thường gặp ở type 1. Có thể dẫn đến hôn mê và tử vong. | Do thiếu insulin, cơ thể chuyển hóa lipid tạo acid ceton gây nhiễm độc, thường gặp ở type 1. | Do thiếu insulin, cơ thể chuyển hóa lipid tạo acid ceton gây nhiễm độc, thường gặp ở type 1. | Do thiếu insulin, cơ thể chuyển hóa lipid tạo acid acetic. Thường gặp ở type 1. | Do thiếu insulin, cơ thể chuyển hóa lipid tạo acid ceton. Thường gặp ở type 1. Có thể dẫn đến hôn mê và tử vong. | Do thiếu insulin, cơ thể chuyển hóa lipid tạo acid ceton gây nhiễm độc, thường gặp ở type 1. | Do thiếu insulin, cơ thể chuyển hóa lipid tạo acid ceton gây nhiễm độc. Thường gặp ở type 1. | Do thiếu insulin → tăng chuyển hóa lipid → sản sinh acid ceton. Thường gặp ở type 1. Có thể dẫn đến hôn mê và tử vong. | Do thiếu insulin, cơ thể chuyển hóa lipid tạo acid ceton. Thường gặp ở type 1. Có thể dẫn đến hôn mê và tử vong. | Do thiếu insulin, cơ thể chuyển hóa lipid tạo acid ceton gây nhiễm độc, thường gặp ở type 1. | Do thiếu insulin, cơ thể chuyển hóa lipid tạo acid acetic. Thường gặp ở type 1. | Do thiếu insulin, cơ thể chuyển hóa lipid tạo acid ceton gây nhiễm độc, thường gặp ở type 1. | Do thiếu insulin, cơ thể chuyển hóa lipid tạo acid ceton gây nhiễm độc. Thường gặp ở type 1. | Do thiếu insulin, cơ thể chuyển hóa lipid tạo acid ceton. Thường gặp ở type 1. | Do thiếu insulin, cơ thể chuyển hóa lipid tạo acid ceton gây nhiễm độc, thường gặp ở type 1. | Do thiếu insulin, cơ thể chuyển hóa lipid tạo acid acetic. Thường gặp ở type 1. | Do thiếu insulin, cơ thể chuyển hóa lipid tạo acid ceton gây nhiễm độc, thường gặp ở type 1. | Do thiếu insulin, cơ thể chuyển hóa lipid tạo acid acetic. Thường gặp ở type 1. | Do thiếu insulin, cơ thể chuyển hóa lipid tạo acid ceton gây nhiễm độc, thường gặp ở type 1. | Do thiếu insulin, cơ thể chuyển hóa lipid tạo acid ceton. Thường gặp ở type 1. Có thể dẫn đến hôn mê và tử vong. | Do thiếu insulin, cơ thể chuyển hóa lipid tạo acid ceton gây nhiễm độc, thường gặp ở type 1. | Do thiếu insulin, cơ thể chuyển hóa lipid tạo acid ceton. Thường gặp ở type 1.","https://bachmai.gov.vn/bai-viet/bien-chung-cua-benh-dai-thao-duong?id=f17ffc43-5abb-5dcb-54d1-d3887440a421 | https://web.archive.org/web/https://bachmai.gov.vn/bai-viet/bien-chung-cua-benh-dai-thao-duong?id=f17ffc43-5abb-5dcb-54d1-d3887440a421 | https://bachmai.gov.vn/bai-viet/bien-chung-cua-benh-dai-thao-duong?id=f17ffc43-5abb-5dcb-54d1-d3887440a421 | https://bachmai.gov.vn/bai-viet/bien-chung-cua-benh-dai-thao-duong?id=f17ffc43-5abb-5dcb-54d1-d3887440a421 | https://web.archive.org/web/https://bachmai.gov.vn/bai-viet/bien-chung-cua-benh-dai-thao-duong?id=f17ffc43-5abb-5dcb-54d1-d3887440a421 | https://web.archive.org/web/https://bachmai.gov.vn/bai-viet/bien-chung-cua-benh-dai-thao-duong?id=f17ffc43-5abb-5dcb-54d1-d3887440a421 | https://bachmai.gov.vn/bai-viet/bien-chung-cua-benh-dai-thao-duong?id=f17ffc43-5abb-5dcb-54d1-d3887440a421 | https://web.archive.org/web/https://bachmai.gov.vn/bai-viet/bien-chung-cua-benh-dai-thao-duong?id=f17ffc43-5abb-5dcb-54d1-d3887440a421 | https://chanthuongvacotsong.bachmai.gov.vn/bien-chung-cua-benh-dai-thao-duong/ | https://bachmai.gov.vn/bai-viet/bien-chung-cua-benh-dai-thao-duong?id=f17ffc43-5abb-5dcb-54d1-d3887440a421 | https://bachmai.gov.vn/bai-viet/bien-chung-cua-benh-dai-thao-duong?id=f17ffc43-5abb-5dcb-54d1-d3887440a421 | https://web.archive.org/web/https://bachmai.gov.vn/bai-viet/bien-chung-cua-benh-dai-thao-duong?id=f17ffc43-5abb-5dcb-54d1-d3887440a421 | https://web.archive.org/web/https://bachmai.gov.vn/bai-viet/bien-chung-cua-benh-dai-thao-duong?id=f17ffc43-5abb-5dcb-54d1-d3887440a421 | https://chanthuongvacotsong.bachmai.gov.vn/bien-chung-cua-benh-dai-thao-duong/ | https://bachmai.gov.vn/bai-viet/bien-chung-cua-benh-dai-thao-duong?id=f17ffc43-5abb-5dcb-54d1-d3887440a421 | https://web.archive.org/web/https://bachmai.gov.vn/bai-viet/bien-chung-cua-benh-dai-thao-duong?id=f17ffc43-5abb-5dcb-54d1-d3887440a421 | https://web.archive.org/web/https://chanthuongvacotsong.bachmai.gov.vn/bien-chung-cua-benh-dai-thao-duong/ | https://chanthuongvacotsong.bachmai.gov.vn/bien-chung-cua-benh-dai-thao-duong/ | https://web.archive.org/web/https://bachmai.gov.vn/bai-viet/bien-chung-cua-benh-dai-thao-duong?id=f17ffc43-5abb-5dcb-54d1-d3887440a421 | https://chanthuongvacotsong.bachmai.gov.vn/bien-chung-cua-benh-dai-thao-duong/ | https://web.archive.org/web/https://bachmai.gov.vn/bai-viet/bien-chung-cua-benh-dai-thao-duong?id=f17ffc43-5abb-5dcb-54d1-d3887440a421 | https://web.archive.org/web/https://bachmai.gov.vn/bai-viet/bien-chung-cua-benh-dai-thao-duong?id=f17ffc43-5abb-5dcb-54d1-d3887440a421 | https://bachmai.gov.vn/bai-viet/bien-chung-cua-benh-dai-thao-duong?id=f17ffc43-5abb-5dcb-54d1-d3887440a421 | https://web.archive.org/web/https://bachmai.gov.vn/bai-viet/bien-chung-cua-benh-dai-thao-duong?id=f17ffc43-5abb-5dcb-54d1-d3887440a421 | https://web.archive.org/web/https://bachmai.gov.vn/bai-viet/bien-chung-cua-benh-dai-thao-duong?id=f17ffc43-5abb-5dcb-54d1-d3887440a421 | https://bachmai.gov.vn/bai-viet/bien-chung-cua-benh-dai-thao-duong?id=f17ffc43-5abb-5dcb-54d1-d3887440a421"
"965","COMP_e7d99629ff","Complication","Nhiễm toan ceton","Biến chứng nguy hiểm do thiếu insulin, thường xảy ra ở người bệnh type 1. | Do thiếu insulin, cơ thể chuyển hóa lipid tạo acid ceton. Thường gặp ở type 1. | Do thiếu insulin, cơ thể chuyển hóa lipid tạo acid ceton gây nhiễm độc, thường gặp ở type 1. | Biến chứng nguy hiểm do thiếu insulin, thường xảy ra ở người bệnh type 1. | Biến chứng nguy hiểm xảy ra khi thiếu insulin, thường kèm theo nhiễm trùng hoặc stress. | Biến chứng nguy hiểm do thiếu insulin, thường xảy ra ở người bệnh type 1. | Do thiếu insulin, cơ thể chuyển hóa lipid tạo acid acetic, thường gặp ở type 1. Có thể dẫn đến hôn mê và tử vong.","http://soyte.hatinh.gov.vn/tin-tuc-su-kien/thong-tin-y-te/luu-y-khi-dieu-tri-dai-thao-duong-type-1.html | http://soyte.hatinh.gov.vn/tin-tuc-su-kien/thong-tin-y-te/luu-y-khi-dieu-tri-dai-thao-duong-type-1.html | https://web.archive.org/web/https://bachmai.gov.vn/bai-viet/bien-chung-cua-benh-dai-thao-duong?id=f17ffc43-5abb-5dcb-54d1-d3887440a421 | https://bachmai.gov.vn/bai-viet/bien-chung-cua-benh-dai-thao-duong?id=f17ffc43-5abb-5dcb-54d1-d3887440a421 | http://soyte.hatinh.gov.vn/tin-tuc-su-kien/thong-tin-y-te/luu-y-khi-dieu-tri-dai-thao-duong-type-1.html | https://web.archive.org/web/http://soyte.hatinh.gov.vn/tin-tuc-su-kien/thong-tin-y-te/luu-y-khi-dieu-tri-dai-thao-duong-type-1.html | https://bachmai.gov.vn/bai-viet/bien-chung-cua-benh-dai-thao-duong?id=f17ffc43-5abb-5dcb-54d1-d3887440a421"
"966","COMP_e95cce4823","Complication","Tàn phế lâu dài","Hậu quả nghiêm trọng của việc không phát hiện sớm và can thiệp kịp thời các biến chứng.","https://web.archive.org/web/https://bachmai.gov.vn/bai-viet/doi-moi-tu-duy-dieu-tri-dai-thao-duong-typ-2-va-chien-luoc-kiem-soat-toan-dien-bien-chung-than-kinh?id=090463d0-4515-40c8-919c-8bebc41e2c01"
"967","COMP_e969327a3d","Complication","Nhập viện cấp cứu","Do hạ đường huyết nặng hoặc không kiểm soát được, dẫn đến tình trạng khẩn cấp. | Tình trạng khẩn cấp do biến chứng hạ đường huyết hoặc không kiểm soát được đường huyết. | Do hạ đường huyết nặng hoặc không kiểm soát được, dẫn đến tình trạng khẩn cấp.","https://bachmai.gov.vn/bai-viet/dieu-tri-dai-thao-duong-tip-2-buoc-tien-moi-tu-insulin-nen-the-he-2-va-iglarlixi?id=5cdac324-549d-40aa-b3e6-80214932d112 | https://web.archive.org/web/https://bachmai.gov.vn/bai-viet/dieu-tri-dai-thao-duong-tip-2-buoc-tien-moi-tu-insulin-nen-the-he-2-va-iglarlixi?id=5cdac324-549d-40aa-b3e6-80214932d112 | https://bachmai.gov.vn/bai-viet/dieu-tri-dai-thao-duong-tip-2-buoc-tien-moi-tu-insulin-nen-the-he-2-va-iglarlixi?id=5cdac324-549d-40aa-b3e6-80214932d112"
"968","COMP_ea933fd8c1","Complication","Nhiễm trùng hô hấp","Do suy giảm miễn dịch, dễ bị viêm phổi, phế quản do bội nhiễm. | Do suy giảm miễn dịch, dễ bị viêm phổi, phế quản bội nhiễm. | Do suy giảm miễn dịch, dễ bị viêm phổi, phế quản bội nhiễm. | Do suy giảm miễn dịch, dễ bị viêm phổi, phế quản bội nhiễm. | Do suy giảm miễn dịch, dễ bị viêm phổi, phế quản bội nhiễm.","https://bachmai.gov.vn/bai-viet/bien-chung-cua-benh-dai-thao-duong?id=f17ffc43-5abb-5dcb-54d1-d3887440a421 | https://web.archive.org/web/https://bachmai.gov.vn/bai-viet/bien-chung-cua-benh-dai-thao-duong?id=f17ffc43-5abb-5dcb-54d1-d3887440a421 | https://web.archive.org/web/https://bachmai.gov.vn/bai-viet/bien-chung-cua-benh-dai-thao-duong?id=f17ffc43-5abb-5dcb-54d1-d3887440a421 | https://web.archive.org/web/https://bachmai.gov.vn/bai-viet/bien-chung-cua-benh-dai-thao-duong?id=f17ffc43-5abb-5dcb-54d1-d3887440a421"
"969","COMP_eaaa1845da","Complication","Sa sút trí tuệ","Hậu quả lâu dài của tổn thương não do tăng huyết áp.","https://bachmai.gov.vn/tin-chi-tiet/-/bai-viet/tang-huyet-ap-can-benh-tham-lang-nhung-nguy-hiem-8463-146.html"
"970","COMP_ed3aa56ee5","Complication","Bệnh võng mạc đái tháo đường tăng sinh","Loại tổn thương võng mạc tiến triển nặng hơn. | Loại tổn thương võng mạc chiếm 28,7% trong nghiên cứu.","https://web.archive.org/web/https://nsti.vista.gov.vn/publication/view/dac-diem-lam-sang-can-lam-sang-va-bien-chung-mat-tren-benh-nhan-dai-thao-duong-type-2-dieu-tri-tai-khoa-noi-3-benh-vien-huu-nghi-viet-tiep-hai-phong-339420.html | https://nsti.vista.gov.vn/publication/view/dac-diem-lam-sang-can-lam-sang-va-bien-chung-mat-tren-benh-nhan-dai-thao-duong-type-2-dieu-tri-tai-khoa-noi-3-benh-vien-huu-nghi-viet-tiep-hai-phong-339420.html"
"971","COMP_edfa3d158b","Complication","Béo phì","Liên quan đến chế độ ăn gây viêm, làm tăng nguy cơ mắc hen suyễn. | Nguy cơ mắc hen suyễn và bệnh mãn tính do chế độ ăn gây viêm.","https://web.archive.org/web/https://vov.gov.vn/day-la-7-loai-thao-moc-dieu-tri-hen-suyen-hieu-qua-dtnew-491435 | https://vov.gov.vn/day-la-7-loai-thao-moc-dieu-tri-hen-suyen-hieu-qua-dtnew-491435"
"972","COMP_ef2e0440f2","Complication","Tàn phế do thần kinh ngoại biên","Hậu quả lâu dài nếu không chẩn đoán và điều trị sớm, ảnh hưởng đến khả năng lao động và chất lượng cuộc sống. | Hậu quả lâu dài nếu không được chẩn đoán và điều trị sớm, ảnh hưởng đến khả năng lao động và chất lượng cuộc sống.","https://bachmai.gov.vn/bai-viet/dai-thao-duong-bien-chung-tim-mach-va-than-kinh-ngoai-bien-sat-thu-tham-lang?id=994f4df4-95c1-4760-8aee-8d07a69f9fe1"
"973","COMP_effbbc5359","Complication","Ngoài da","Ngứa, mụn nhọt, vàng da, hoại tử mỡ, viêm nấm da. | Ngứa, mụn nhọt, vàng da, hoại tử mỡ, viêm da, nấm da. | Ngứa, mụn nhọt, vàng da, hoại tử mỡ, viêm nấm da. | Ngứa, mụn nhọt, vàng da, hoại tử mỡ, viêm nấm da. | Biến chứng mãn tính gây ngứa, mụn nhọt, vàng da, hoại tử mỡ. | Ngứa, mụn nhọt, vàng da, hoại tử mỡ, viêm nấm da. | Ngứa, mụn nhọt, vàng da, hoại tử mỡ, viêm da, nấm da. | Biến chứng da như ngứa, mụn nhọt, vàng da, hoại tử mỡ, viêm nấm. | Biến chứng da như ngứa, mụn nhọt, vàng da, hoại tử mỡ, viêm nấm. | Ngứa, mụn nhọt, vàng da, hoại tử mỡ, viêm nấm da. | Ngứa, mụn nhọt, vàng da, hoại tử mỡ, viêm nấm da. | Ngứa, mụn nhọt, vàng da, hoại tử mỡ, viêm da, nấm da. | Biến chứng da như ngứa, mụn nhọt, vàng da, hoại tử mỡ, viêm nấm. | Ngứa, mụn nhọt, vàng da, hoại tử mỡ, viêm nấm da. | Biến chứng da như ngứa, mụn nhọt, vàng da, hoại tử mỡ, viêm nấm.","https://bachmai.gov.vn/bai-viet/bien-chung-cua-benh-dai-thao-duong?id=f17ffc43-5abb-5dcb-54d1-d3887440a421 | https://web.archive.org/web/https://bachmai.gov.vn/bai-viet/bien-chung-cua-benh-dai-thao-duong?id=f17ffc43-5abb-5dcb-54d1-d3887440a421 | https://web.archive.org/web/https://bachmai.gov.vn/bai-viet/bien-chung-cua-benh-dai-thao-duong?id=f17ffc43-5abb-5dcb-54d1-d3887440a421 | https://bachmai.gov.vn/bai-viet/bien-chung-cua-benh-dai-thao-duong?id=f17ffc43-5abb-5dcb-54d1-d3887440a421 | https://web.archive.org/web/https://bachmai.gov.vn/bai-viet/bien-chung-cua-benh-dai-thao-duong?id=f17ffc43-5abb-5dcb-54d1-d3887440a421 | https://chanthuongvacotsong.bachmai.gov.vn/bien-chung-cua-benh-dai-thao-duong/ | https://bachmai.gov.vn/bai-viet/bien-chung-cua-benh-dai-thao-duong?id=f17ffc43-5abb-5dcb-54d1-d3887440a421 | https://web.archive.org/web/https://bachmai.gov.vn/bai-viet/bien-chung-cua-benh-dai-thao-duong?id=f17ffc43-5abb-5dcb-54d1-d3887440a421 | https://chanthuongvacotsong.bachmai.gov.vn/bien-chung-cua-benh-dai-thao-duong/ | https://web.archive.org/web/https://bachmai.gov.vn/bai-viet/bien-chung-cua-benh-dai-thao-duong?id=f17ffc43-5abb-5dcb-54d1-d3887440a421 | https://chanthuongvacotsong.bachmai.gov.vn/bien-chung-cua-benh-dai-thao-duong/ | https://web.archive.org/web/https://bachmai.gov.vn/bai-viet/bien-chung-cua-benh-dai-thao-duong?id=f17ffc43-5abb-5dcb-54d1-d3887440a421 | https://bachmai.gov.vn/bai-viet/bien-chung-cua-benh-dai-thao-duong?id=f17ffc43-5abb-5dcb-54d1-d3887440a421 | https://web.archive.org/web/https://bachmai.gov.vn/bai-viet/bien-chung-cua-benh-dai-thao-duong?id=f17ffc43-5abb-5dcb-54d1-d3887440a421"
"974","COMP_f1194a0c16","Complication","Tử vong","Không có trường hợp tử vong được ghi nhận trong nghiên cứu này. | Không có trường hợp tử vong được ghi nhận trong nghiên cứu này. | Không có trường hợp tử vong trong nghiên cứu này. | Kết quả cuối cùng nếu không xử trí cấp cứu kịp thời.","https://web.archive.org/web/https://sti.vista.gov.vn/publication/view/a89fbc66bf10ab8ca38c2d64abf8f338-4b52a78cc238d65e911a803b4659b844-318299.html | https://sti.vista.gov.vn/publication/view/a89fbc66bf10ab8ca38c2d64abf8f338-4b52a78cc238d65e911a803b4659b844-318299.html | https://sti.vista.gov.vn/publication/view/a89fbc66bf10ab8ca38c2d64abf8f338-4b52a78cc238d65e911a803b4659b844-318299.html | https://web.archive.org/web/https://sti.vista.gov.vn/publication/view/a89fbc66bf10ab8ca38c2d64abf8f338-4b52a78cc238d65e911a803b4659b844-318299.html | https://medlatec.vn/tu-dien-benh-ly/con-hen-ac-tinh"
"975","COMP_f32c830a3d","Complication","Biến chứng đái tháo đường","Các biến chứng do kiểm soát đường huyết kém, bao gồm tổn thương thần kinh, thận, mắt.","https://sti.vista.gov.vn/publication/view/khao-sat-kien-thuc-ve-che-do-dinh-duong-o-nguoi-benh-dai-thao-duong-type-ii-den-kham-tai-phong-kham-noi-tiet-benh-vien-dai-hoc-y-ha-noi-cc2d1ac3287d1daec58af981357fec82-456065.html"
"976","COMP_f40cd37bc9","Complication","Viêm mạn tính đường thở","Gây tổn thương kéo dài và làm nặng thêm cơn hen. | Gây tổn thương kéo dài và khó kiểm soát. | Gây tổn thương kéo dài và khó kiểm soát.","https://benhviennhitrunguong.gov.vn/tag/hen-phe-quan"
"977","COMP_f531e7a86e","Complication","Bệnh võng mạc do tăng huyết áp","Tổn thương mạch máu nhỏ ở đáy mắt dẫn đến suy giảm thị lực. | Tổn thương mạch máu nhỏ ở đáy mắt, gây mất thị lực hoặc mù lòa. | Tổn thương các mạch máu nhỏ ở đáy mắt dẫn đến suy giảm thị lực.","https://soyte.tuyenquang.gov.vn/tin-tuc/tang-huyet-ap-va-nhung-bien-chung-nguy-hiem.html | https://soyte.tuyenquang.gov.vn/tin-tuc/tang-huyet-ap-va-nhung-bien-chung-nguy-hiem.html | https://web.archive.org/web/https://soyte.tuyenquang.gov.vn/tin-tuc/tang-huyet-ap-va-nhung-bien-chung-nguy-hiem.html"
"978","COMP_f590a83af4","Complication","Té ngã và gãy xương","Nguy cơ xảy ra do hạ đường huyết, đặc biệt ở người già, làm tăng nguy cơ chấn thương nghiêm trọng. | Nguy cơ xảy ra ở người già khi hạ đường huyết, dẫn đến biến chứng nghiêm trọng. | Nguy cơ xảy ra ở người già khi hạ đường huyết, ảnh hưởng nghiêm trọng đến chất lượng sống.","https://bachmai.gov.vn/bai-viet/dieu-tri-dai-thao-duong-tip-2-buoc-tien-moi-tu-insulin-nen-the-he-2-va-iglarlixi?id=5cdac324-549d-40aa-b3e6-80214932d112 | https://web.archive.org/web/https://bachmai.gov.vn/bai-viet/dieu-tri-dai-thao-duong-tip-2-buoc-tien-moi-tu-insulin-nen-the-he-2-va-iglarlixi?id=5cdac324-549d-40aa-b3e6-80214932d112 | https://bachmai.gov.vn/bai-viet/dieu-tri-dai-thao-duong-tip-2-buoc-tien-moi-tu-insulin-nen-the-he-2-va-iglarlixi?id=5cdac324-549d-40aa-b3e6-80214932d112"
"979","COMP_f5969f1119","Complication","Nhiễm toan Acid Lactic","Do sản xuất quá nhiều acid lactic khi mô thiếu oxy hoặc suy gan thận, thường gặp với thuốc Biguanide thế hệ 1. | Do sản xuất quá mức acid lactic khi mô thiếu oxy hoặc suy gan thận, thường gặp với thuốc Biguanide thế hệ 1. | Do sản xuất quá nhiều acid lactic khi mô thiếu oxy hoặc suy gan thận, thường gặp với thuốc Biguanide thế hệ 1. | Do dùng thuốc Biguanide thế hệ 1, thiếu oxy hoặc suy gan thận. Có thể dẫn đến hôn mê. | Do sản xuất quá nhiều acid lactic khi mô thiếu oxy hoặc suy gan thận, thường gặp với thuốc Biguanide thế hệ 1. | Do sản xuất quá nhiều acid lactic do thiếu oxy hoặc suy gan thận, đặc biệt khi dùng thuốc Biguanide thế hệ 1. | Do sản xuất quá nhiều acid lactic khi mô thiếu oxy hoặc suy gan thận. Thường gặp với thuốc Biguanide thế hệ 1. | Do dùng thuốc Biguanide thế hệ 1, thiếu oxy hoặc suy gan thận. Có thể dẫn đến hôn mê. | Do sản xuất quá nhiều acid lactic khi mô thiếu oxy hoặc suy gan thận, thường gặp với thuốc Biguanide thế hệ 1. | Do sản xuất quá nhiều acid lactic khi mô thiếu oxy hoặc do suy gan thận, thường gặp với thuốc Biguanide thế hệ 1. | Do dùng thuốc Biguanide thế hệ 1, thiếu oxy hoặc suy gan thận. Có thể dẫn đến hôn mê. | Do dùng thuốc Biguanide thế hệ 1, thiếu oxy hoặc suy gan thận. Có thể dẫn đến hôn mê. | Biến chứng cấp tính do sản xuất quá nhiều acid lactic, thường gặp ở bệnh nhân dùng Biguanide thế hệ 1. | Do dùng thuốc Biguanide thế hệ 1, thiếu oxy hoặc suy gan thận. Có thể dẫn đến hôn mê. | Do sản xuất quá nhiều acid lactic khi mô thiếu oxy hoặc suy gan thận, thường gặp với thuốc Biguanide thế hệ 1. | Do sản xuất quá nhiều acid lactic khi mô thiếu oxy hoặc suy gan thận, thường gặp ở bệnh nhân dùng Biguanide thế hệ 1. | Do sản xuất quá nhiều acid lactic khi mô thiếu oxy hoặc suy gan thận, thường gặp với thuốc Biguanide thế hệ 1. | Do sản xuất quá nhiều acid lactic khi mô thiếu oxy hoặc suy gan thận. Thường gặp với thuốc Biguanide thế hệ 1. | Do sản xuất quá nhiều acid lactic khi mô thiếu oxy hoặc suy gan thận, thường gặp với thuốc Biguanide thế hệ 1. | Do sản xuất quá nhiều acid lactic khi mô thiếu oxy hoặc suy gan thận. Thường gặp với thuốc Biguanide thế hệ 1. | Do dùng thuốc Biguanide thế hệ 1, thiếu oxy hoặc suy gan thận. Có thể dẫn đến hôn mê. | Do sản xuất quá nhiều acid lactic khi mô thiếu oxy hoặc suy gan thận, thường gặp với thuốc Biguanide thế hệ 1. | Do sản xuất quá nhiều acid lactic khi mô thiếu oxy hoặc suy gan thận, thường gặp ở bệnh nhân dùng Biguanide thế hệ 1. | Do sản xuất quá nhiều acid lactic khi mô thiếu oxy hoặc suy gan thận, thường gặp với thuốc Biguanide thế hệ 1. | Do dùng thuốc Biguanide thế hệ 1 → tăng sản sinh acid lactic. Có thể dẫn đến hôn mê. | Do sản xuất quá nhiều acid lactic do thiếu oxy hoặc suy gan thận, đặc biệt khi dùng thuốc Biguanide thế hệ 1. | Do sản xuất quá nhiều acid lactic khi mô thiếu oxy hoặc suy gan thận, thường gặp với thuốc Biguanide thế hệ 1. | Do sản xuất quá nhiều acid lactic khi mô thiếu oxy hoặc do suy gan thận, thường gặp với thuốc Biguanide thế hệ 1. | Do sản xuất quá nhiều acid lactic khi mô thiếu oxy hoặc suy gan thận, thường gặp ở bệnh nhân dùng Biguanide thế hệ 1. | Do sản xuất quá nhiều acid lactic do thiếu oxy hoặc suy gan thận, đặc biệt khi dùng thuốc Biguanide thế hệ 1. | Do sản xuất quá nhiều acid lactic khi mô thiếu oxy hoặc suy gan thận, thường gặp với thuốc Biguanide thế hệ 1. | Do sản xuất quá nhiều acid lactic khi mô thiếu oxy hoặc suy gan thận, thường gặp với thuốc Biguanide thế hệ 1. | Do dùng thuốc Biguanide thế hệ 1, thiếu oxy hoặc suy gan thận. Có thể dẫn đến hôn mê. | Do sản xuất quá mức acid lactic khi mô thiếu oxy hoặc suy gan thận, thường gặp với thuốc Biguanide thế hệ 1. | Do dùng thuốc Biguanide thế hệ 1, thiếu oxy hoặc suy gan thận. Có thể dẫn đến hôn mê. | Do dùng thuốc Biguanide thế hệ 1, thiếu oxy hoặc suy gan thận. Có thể dẫn đến hôn mê. | Do sản xuất quá nhiều acid lactic khi mô thiếu oxy hoặc suy gan thận. Thường gặp với thuốc Biguanide thế hệ 1. | Do sản xuất quá nhiều acid lactic khi mô thiếu oxy hoặc suy gan thận, thường gặp với thuốc Biguanide thế hệ 1. | Do sản xuất quá nhiều acid lactic khi mô thiếu oxy hoặc suy gan thận, thường gặp với thuốc Biguanide thế hệ 1.","https://bachmai.gov.vn/bai-viet/bien-chung-cua-benh-dai-thao-duong?id=f17ffc43-5abb-5dcb-54d1-d3887440a421 | https://web.archive.org/web/https://bachmai.gov.vn/bai-viet/bien-chung-cua-benh-dai-thao-duong?id=f17ffc43-5abb-5dcb-54d1-d3887440a421 | https://bachmai.gov.vn/bai-viet/bien-chung-cua-benh-dai-thao-duong?id=f17ffc43-5abb-5dcb-54d1-d3887440a421 | https://bachmai.gov.vn/bai-viet/bien-chung-cua-benh-dai-thao-duong?id=f17ffc43-5abb-5dcb-54d1-d3887440a421 | https://web.archive.org/web/https://bachmai.gov.vn/bai-viet/bien-chung-cua-benh-dai-thao-duong?id=f17ffc43-5abb-5dcb-54d1-d3887440a421 | https://web.archive.org/web/https://bachmai.gov.vn/bai-viet/bien-chung-cua-benh-dai-thao-duong?id=f17ffc43-5abb-5dcb-54d1-d3887440a421 | https://bachmai.gov.vn/bai-viet/bien-chung-cua-benh-dai-thao-duong?id=f17ffc43-5abb-5dcb-54d1-d3887440a421 | https://web.archive.org/web/https://bachmai.gov.vn/bai-viet/bien-chung-cua-benh-dai-thao-duong?id=f17ffc43-5abb-5dcb-54d1-d3887440a421 | https://chanthuongvacotsong.bachmai.gov.vn/bien-chung-cua-benh-dai-thao-duong/ | https://bachmai.gov.vn/bai-viet/bien-chung-cua-benh-dai-thao-duong?id=f17ffc43-5abb-5dcb-54d1-d3887440a421 | https://bachmai.gov.vn/bai-viet/bien-chung-cua-benh-dai-thao-duong?id=f17ffc43-5abb-5dcb-54d1-d3887440a421 | https://web.archive.org/web/https://bachmai.gov.vn/bai-viet/bien-chung-cua-benh-dai-thao-duong?id=f17ffc43-5abb-5dcb-54d1-d3887440a421 | https://web.archive.org/web/https://bachmai.gov.vn/bai-viet/bien-chung-cua-benh-dai-thao-duong?id=f17ffc43-5abb-5dcb-54d1-d3887440a421 | https://chanthuongvacotsong.bachmai.gov.vn/bien-chung-cua-benh-dai-thao-duong/ | https://bachmai.gov.vn/bai-viet/bien-chung-cua-benh-dai-thao-duong?id=f17ffc43-5abb-5dcb-54d1-d3887440a421 | https://web.archive.org/web/https://bachmai.gov.vn/bai-viet/bien-chung-cua-benh-dai-thao-duong?id=f17ffc43-5abb-5dcb-54d1-d3887440a421 | https://web.archive.org/web/https://chanthuongvacotsong.bachmai.gov.vn/bien-chung-cua-benh-dai-thao-duong/ | https://chanthuongvacotsong.bachmai.gov.vn/bien-chung-cua-benh-dai-thao-duong/ | https://web.archive.org/web/https://bachmai.gov.vn/bai-viet/bien-chung-cua-benh-dai-thao-duong?id=f17ffc43-5abb-5dcb-54d1-d3887440a421 | https://chanthuongvacotsong.bachmai.gov.vn/bien-chung-cua-benh-dai-thao-duong/ | https://web.archive.org/web/https://bachmai.gov.vn/bai-viet/bien-chung-cua-benh-dai-thao-duong?id=f17ffc43-5abb-5dcb-54d1-d3887440a421 | https://web.archive.org/web/https://bachmai.gov.vn/bai-viet/bien-chung-cua-benh-dai-thao-duong?id=f17ffc43-5abb-5dcb-54d1-d3887440a421 | https://bachmai.gov.vn/bai-viet/bien-chung-cua-benh-dai-thao-duong?id=f17ffc43-5abb-5dcb-54d1-d3887440a421 | https://web.archive.org/web/https://bachmai.gov.vn/bai-viet/bien-chung-cua-benh-dai-thao-duong?id=f17ffc43-5abb-5dcb-54d1-d3887440a421 | https://web.archive.org/web/https://bachmai.gov.vn/bai-viet/bien-chung-cua-benh-dai-thao-duong?id=f17ffc43-5abb-5dcb-54d1-d3887440a421 | https://bachmai.gov.vn/bai-viet/bien-chung-cua-benh-dai-thao-duong?id=f17ffc43-5abb-5dcb-54d1-d3887440a421"
"980","COMP_f5969f1119","Complication","Nhiễm toan acid lactic","Do sản xuất quá nhiều acid lactic khi mô thiếu oxy hoặc suy gan thận, thường gặp với thuốc Biguanide thế hệ 1.","https://bachmai.gov.vn/bai-viet/bien-chung-cua-benh-dai-thao-duong?id=f17ffc43-5abb-5dcb-54d1-d3887440a421"
"981","COMP_f805bdaf21","Complication","Đợt cấp thường xuyên","Tần suất đợt cấp tăng lên, kéo dài hơn nếu không điều trị đúng cách.","https://web.archive.org/web/http://benhvienphoi.hatinh.gov.vn/chi-tiet-tin-tuc?slug=hay-nhan-biet-som-va-phong-ngua-benh-phoi-tac-nghen-man-tinh-copd"
"982","COMP_f8a376a2ce","Complication","Hội chứng Cushing","Biến chứng do lạm dụng thuốc corticoid trong điều trị.","https://www.vinmec.com/vie/bai-viet/bien-chung-lau-dai-cua-benh-hen-phe-quan-vi"
"983","COMP_f8ec356e01","Complication","Rối loạn cảm giác bàn chân","Biến chứng cụ thể ảnh hưởng đến vùng bàn chân, chiếm 62,9% trường hợp.","https://sti.vista.gov.vn/publication/view/nghien-cuu-dac-diem-lam-sang-can-lam-sang-va-chi-so-dien-than-kinh-co-o-nguoi-benh-dai-thao-duong-type-2-co-bien-chung-than-kinh-ngoai-vi-tai-benh-vie-d41b03674c28b600d59c115392319110-455331.html"
"984","COMP_f9b9f9c9e4","Complication","Xuất huyết võng mạc","Tổn thương mắt do tăng huyết áp gây ra, thường gặp ở người có bệnh lý tim mạch.","https://web.archive.org/web/https://chanthuongvacotsong.bachmai.gov.vn/huong-dan-chan-doan-va-dieu-tri-tang-huyet-ap/ | https://chanthuongvacotsong.bachmai.gov.vn/huong-dan-chan-doan-va-dieu-tri-tang-huyet-ap/"
"985","COMP_f9f9785714","Complication","Giảm phản xạ thần kinh","Biến chứng dẫn đến mất khả năng phản xạ tự nhiên của cơ thể.","https://sti.vista.gov.vn/publication/view/nghien-cuu-dac-diem-lam-sang-can-lam-sang-va-chi-so-dien-than-kinh-co-o-nguoi-benh-dai-thao-duong-type-2-co-bien-chung-than-kinh-ngoai-vi-tai-benh-vie-d41b03674c28b600d59c115392319110-455331.html"
"986","COMP_fbd0f50da5","Complication","Mù do tổn thương võng mạc","Do huyết áp cao gây tổn thương mạch máu ở đáy mắt, dẫn đến phù nề, xuất huyết và mù.","https://web.archive.org/web/http://bvhoanghoa.ytethanhhoa.gov.vn/web/khoa-phong-chuc-nang/khoa-phong-chuc-nang/to-cong-tac-xa-hoi/dieu-can-luu-y-khi-dieu-tri-tang-huyet-ap.html"
"987","COMP_fc3f779f02","Complication","Hạ đường huyết","Do ăn kiêng quá mức hoặc dùng thuốc hạ đường huyết liều cao. Nguy hiểm ở người già do triệu chứng mờ nhạt.","https://web.archive.org/web/https://bachmai.gov.vn/bai-viet/bien-chung-cua-benh-dai-thao-duong?id=f17ffc43-5abb-5dcb-54d1-d3887440a421"
"988","COMP_fc8c7b159e","Complication","Mù lòa do đái tháo đường","Do tổn thương võng mạc và thủy tinh thể, gây mất thị lực nghiêm trọng. | Tổn thương mắt nghiêm trọng, bao gồm đục thủy tinh thể và suy giảm thị lực. | Do tổn thương võng mạc và thủy tinh thể, gây mất thị lực nghiêm trọng. | Tổn thương mắt nghiêm trọng, bao gồm đục thủy tinh thể và suy giảm thị lực.","http://ttyt.tamduong.laichau.gov.vn/quan-ly-nha-nuoc/hoat-dong-doan-doi/dai-thao-duong-tuyp-2-nguyen-nhan-trieu-chung-chan-doan-va-d.html | http://ttyt.tamduong.laichau.gov.vn/quan-ly-nha-nuoc/hoat-dong-doan-doi/dai-thao-duong-tuyp-2-nguyen-nhan-trieu-chung-chan-doan-va-d.html | https://web.archive.org/web/http://ttyt.tamduong.laichau.gov.vn/quan-ly-nha-nuoc/hoat-dong-doan-doi/dai-thao-duong-tuyp-2-nguyen-nhan-trieu-chung-chan-doan-va-d.html | https://web.archive.org/web/http://ttyt.tamduong.laichau.gov.vn/quan-ly-nha-nuoc/hoat-dong-doan-doi/dai-thao-duong-tuyp-2-nguyen-nhan-trieu-chung-chan-doan-va-d.html"
"989","COMP_fcf9872616","Complication","Suy thận mãn tính","Tình trạng tổn thương chức năng thận do đái tháo đường kéo dài, dẫn đến cần lọc máu hoặc ghép thận.","https://bachmai.gov.vn/bai-viet/ca-the-hoa-dieu-tri-dai-thao-duong-tip-2-tai-cac-nuoc-dang-phat-trien-thach-thuc-va-co-hoi?id=4b51fe29-8515-42d1-bff3-85563163f16c"
"990","COMP_fcf9872616","Complication","Suy thận mạn tính","Tế bào thận bị thiếu oxy dẫn đến xơ hóa và teo nhu mô.","https://web.archive.org/web/https://medlatec.vn/tin-tuc/hep-dong-mach-than-la-gi-muc-do-nguy-hiem-va-phuong-phap-dieu-tri"
"991","COMP_fd033e1ce6","Complication","Hôn mê tăng glucose máu không nhiễm toan ceton","Biến chứng cấp tính do tăng glucose máu và mất nước, không có ceton.","https://chanthuongvacotsong.bachmai.gov.vn/huong-dan-chan-doan-va-dieu-tri-dai-thao-duong-type-2/ | https://web.archive.org/web/https://chanthuongvacotsong.bachmai.gov.vn/huong-dan-chan-doan-va-dieu-tri-dai-thao-duong-type-2/ | https://web.archive.org/web/https://chanthuongvacotsong.bachmai.gov.vn/huong-dan-chan-doan-va-dieu-tri-dai-thao-duong-type-2/ | https://chanthuongvacotsong.bachmai.gov.vn/huong-dan-chan-doan-va-dieu-tri-dai-thao-duong-type-2/ | https://chanthuongvacotsong.bachmai.gov.vn/huong-dan-chan-doan-va-dieu-tri-dai-thao-duong-type-2/ | https://web.archive.org/web/https://chanthuongvacotsong.bachmai.gov.vn/huong-dan-chan-doan-va-dieu-tri-dai-thao-duong-type-2/"
"992","COMP_fd8c0f5310","Complication","Bệnh thần kinh ngoại biên","Tổn thương dây thần kinh do thiếu máu nuôi dưỡng, gây đau, tê, rát ở chân và tay.","https://benhviennhitrunguong.gov.vn/benh-dai-thao-duong-o-tre-em.html"
"993","COMP_fe5b9e21f2","Complication","Nhập viện hoặc nằm phòng cấp cứu","Tình huống nguy hiểm khi hen không được kiểm soát.","https://benhviennhitrunguong.gov.vn/loi-khuyen-cua-cac-chuyen-gia-di-ung-ve-benh-hen-2.html"
"994","COMP_fe92bbbeef","Complication","Tử vong do tim mạch","Một trong những biến cố bất lợi lớn nhất của ĐTĐ, được statin giúp phòng ngừa tiên phát và thứ phát. | Một trong những biến cố bất lợi lớn nhất của bệnh ĐTĐ, được statin giúp phòng ngừa. | Một trong những biến cố nghiêm trọng nhất, được phòng ngừa bằng cách kiểm soát lipid máu và sử dụng statin. | Một trong những biến cố nghiêm trọng nhất của bệnh ĐTĐ, được statin giúp phòng ngừa. | Một trong những biến cố nghiêm trọng được nghiên cứu liên quan đến clopidogrel. | Một trong những biến cố nghiêm trọng được nghiên cứu liên quan đến clopidogrel.","https://bachmai.gov.vn/bai-viet/dai-thao-duong-bien-chung-tim-mach-va-than-kinh-ngoai-bien-sat-thu-tham-lang?id=994f4df4-95c1-4760-8aee-8d07a69f9fe1 | https://web.archive.org/web/http://www.tapchiyhocduphong.vn/tap-chi-y-hoc-du-phong/2019/09/nguy-co-bien-co-tim-mach-o-benh-nhan-su-dung-clopidogrel-mac-va-khong-mac-dai-th-o81E2084E.html | https://web.archive.org/web/http://www.tapchiyhocduphong.vn/tap-chi-y-hoc-du-phong/2019/09/nguy-co-bien-co-tim-mach-o-benh-nhan-su-dung-clopidogrel-mac-va-khong-mac-dai-th-o81E2084E.html"
"995","COMP_ffb4e0be4b","Complication","Tăng nguy cơ đợt cấp","Đợt cấp xảy ra thường xuyên hơn ở người có tiền sử đợt cấp và bệnh lý đồng mắc.","https://medlatec.vn/tin-tuc/benh-nhan-phoi-tac-nghen-phoi-man-tinh-song-duoc-bao-lau-cai-thien-tuoi-tho-bang-cach-nao"
