"node_index","node_id","node_type","node_name","node_description","node_source"
"1344","DEMO_0180d484ab","Demographic","Người bệnh đái tháo đường type 2","Có nguy cơ cao gặp biến chứng thận từ sớm. | Có nguy cơ cao gặp biến chứng thận từ sớm, thậm chí ngay khi phát hiện bệnh. | Có nguy cơ cao gặp biến chứng thận từ sớm. | Có nguy cơ cao gặp biến chứng thận từ sớm, thậm chí ngay khi phát hiện bệnh. | Có nguy cơ cao gặp biến chứng thận từ sớm.","https://web.archive.org/web/https://benhvientinh.caobang.gov.vn/index.php/vi/news/tin-tuc-su-kien/bien-chung-than-do-dai-thao-duong-6-dieu-nguoi-benh-phai-chu-y-710.html | https://benhvientinh.caobang.gov.vn/index.php/vi/news/tin-tuc-su-kien/bien-chung-than-do-dai-thao-duong-6-dieu-nguoi-benh-phai-chu-y-710.html | https://benhvientinh.caobang.gov.vn/index.php/vi/news/tin-tuc-su-kien/bien-chung-than-do-dai-thao-duong-6-dieu-nguoi-benh-phai-chu-y-710.html | https://benhvientinh.caobang.gov.vn/index.php/vi/news/tin-tuc-su-kien/bien-chung-than-do-dai-thao-duong-6-dieu-nguoi-benh-phai-chu-y-710.html | https://web.archive.org/web/https://benhvientinh.caobang.gov.vn/index.php/vi/news/tin-tuc-su-kien/bien-chung-than-do-dai-thao-duong-6-dieu-nguoi-benh-phai-chu-y-710.html | https://benhvientinh.caobang.gov.vn/index.php/vi/news/tin-tuc-su-kien/bien-chung-than-do-dai-thao-duong-6-dieu-nguoi-benh-phai-chu-y-710.html | https://web.archive.org/web/https://benhvientinh.caobang.gov.vn/index.php/vi/news/tin-tuc-su-kien/bien-chung-than-do-dai-thao-duong-6-dieu-nguoi-benh-phai-chu-y-710.html"
"1345","DEMO_021c28ea07","Demographic","Người lớn có BMI ≥23 kg/m²","Nhóm nguy cơ cao để phát triển đái tháo đường.","https://web.archive.org/web/https://www.benhviendakhoasongma.gov.vn/bai-viet/benh-dai-thao-duong-220"
"1346","DEMO_04d2f43c8d","Demographic","Người mắc bệnh mãn tính","Nhóm cần theo dõi chặt chẽ để ngăn ngừa biến chứng do bệnh lý nền.","https://benhvientinh.caobang.gov.vn/index.php/vi/news/dich-vu/tiep-nhan-dieu-tri-benh-nhan-dai-thao-duong-tuyp-2-co-bien-chung-mo-mat-do-khong-di-kham-va-tam-soat-som-443.html"
"1347","DEMO_0547357556","Demographic","Người bệnh đái tháo đường sau 20 năm","Tỷ lệ suy thận giai đoạn cuối lên tới 75%.","https://web.archive.org/web/https://benhvientinh.caobang.gov.vn/index.php/vi/news/tin-tuc-su-kien/bien-chung-than-do-dai-thao-duong-6-dieu-nguoi-benh-phai-chu-y-710.html"
"1348","DEMO_083afcc9fe","Demographic","Người có khối u chèn ép","Khối u có thể gây hẹp do chèn ép lên động mạch thận.","https://web.archive.org/web/https://medlatec.vn/tin-tuc/hep-dong-mach-than-la-gi-muc-do-nguy-hiem-va-phuong-phap-dieu-tri"
"1349","DEMO_0884b9b5c6","Demographic","Người bệnh đái tháo đường tại Bình Dương","Đối tượng nghiên cứu là người bệnh đang điều trị tại các cơ sở y tế tư nhân ở tỉnh Bình Dương. | Nhóm đối tượng nghiên cứu là người bệnh đái tháo đường đang điều trị tại các cơ sở y tế tư nhân ở tỉnh Bình Dương. | Nhóm đối tượng nghiên cứu là người bệnh đái tháo đường điều trị tại các cơ sở y tế tư nhân tỉnh Bình Dương.","https://web.archive.org/web/http://www.tapchiyhocduphong.vn/tap-chi-y-hoc-du-phong/2015/08/kien-thuc-ve-benh-dai-thao-duong-va-mot-so-yeu-to-lien-quan-cua-nguoi-benh-tai-c-o81E20305.html"
"1350","DEMO_095fa49652","Demographic","Người ngưng thuốc đột ngột","Không dùng thuốc kiểm soát nền, dẫn đến tiến triển viêm đường thở và bùng phát cơn hen.","https://medlatec.vn/tu-dien-benh-ly/con-hen-ac-tinh"
"1351","DEMO_09e93dcbb4","Demographic","Người bệnh ĐTĐ típ 2","Nhóm có nguy cơ cao bị biến chứng tim mạch và thần kinh ngoại biên, cần quản lý đa yếu tố. | Nhóm đối tượng dễ bị biến chứng tim mạch và thần kinh ngoại biên, cần quản lý đa yếu tố nguy cơ. | Nhóm đối tượng có nguy cơ cao bị biến chứng tim mạch và thần kinh ngoại biên, cần được phân tầng nguy cơ để điều trị cá thể hóa. | Nhóm đối tượng có nguy cơ cao mắc biến chứng tim mạch, thần kinh ngoại biên, loét bàn chân, và tử vong sớm. | Nhóm đối tượng có nguy cơ cao bị biến chứng tim mạch và thần kinh ngoại biên, cần quản lý đa yếu tố nguy cơ. | Nhóm đối tượng có nguy cơ cao bị biến chứng tim mạch và thần kinh ngoại biên, cần được phân tầng nguy cơ để điều trị cá thể hóa. | Nhóm đối tượng có nguy cơ cao mắc biến chứng tim mạch và thần kinh ngoại biên, cần được phân tầng nguy cơ để điều trị cá thể hóa. | Nhóm đối tượng có nguy cơ cao bị biến chứng tim mạch và thần kinh ngoại biên, cần quản lý đa yếu tố nguy cơ. | Nhóm có nguy cơ cao bị biến chứng tim mạch và thần kinh ngoại biên, cần được phân tầng nguy cơ để điều trị cá thể hóa. | Nhóm đối tượng có nguy cơ cao bị biến chứng tim mạch và thần kinh ngoại biên, cần được phân tầng nguy cơ để điều trị cá thể hóa. | Nhóm đối tượng có nguy cơ cao mắc biến chứng tim mạch, thần kinh ngoại biên, loét bàn chân, và tử vong sớm. | Nhóm có nguy cơ cao bị biến chứng tim mạch và thần kinh ngoại biên, cần quản lý đa yếu tố. | Nhóm có nguy cơ cao bị biến chứng tim mạch và thần kinh ngoại biên, cần quản lý đa yếu tố. | Nhóm đối tượng có nguy cơ cao bị biến chứng tim mạch và thần kinh ngoại biên, cần quản lý đa yếu tố nguy cơ. | Nhóm có nguy cơ cao bị biến chứng tim mạch và thần kinh ngoại biên, cần quản lý đa yếu tố. | Nhóm đối tượng có nguy cơ cao bị biến chứng tim mạch và thần kinh ngoại biên, cần quản lý đa yếu tố nguy cơ. | Nhóm có nguy cơ cao mắc biến chứng tim mạch và thần kinh ngoại biên, cần được quản lý đa yếu tố.","https://bachmai.gov.vn/bai-viet/dai-thao-duong-bien-chung-tim-mach-va-than-kinh-ngoai-bien-sat-thu-tham-lang?id=994f4df4-95c1-4760-8aee-8d07a69f9fe1 | https://web.archive.org/web/https://bachmai.gov.vn/bai-viet/dai-thao-duong-bien-chung-tim-mach-va-than-kinh-ngoai-bien-sat-thu-tham-lang?id=994f4df4-95c1-4760-8aee-8d07a69f9fe1 | https://bachmai.gov.vn/bai-viet/dai-thao-duong-bien-chung-tim-mach-va-than-kinh-ngoai-bien-sat-thu-tham-lang?id=994f4df4-95c1-4760-8aee-8d07a69f9fe1 | https://web.archive.org/web/https://chanthuongvacotsong.bachmai.gov.vn/dai-thao-duong-bien-chung-tim-mach-va-than-kinh-ngoai-bien-sat-thu-tham-lang/ | https://web.archive.org/web/https://bachmai.gov.vn/bai-viet/dai-thao-duong-bien-chung-tim-mach-va-than-kinh-ngoai-bien-sat-thu-tham-lang?id=994f4df4-95c1-4760-8aee-8d07a69f9fe1 | https://bachmai.gov.vn/bai-viet/dai-thao-duong-bien-chung-tim-mach-va-than-kinh-ngoai-bien-sat-thu-tham-lang?id=994f4df4-95c1-4760-8aee-8d07a69f9fe1 | https://web.archive.org/web/https://bachmai.gov.vn/bai-viet/dai-thao-duong-bien-chung-tim-mach-va-than-kinh-ngoai-bien-sat-thu-tham-lang?id=994f4df4-95c1-4760-8aee-8d07a69f9fe1 | https://bachmai.gov.vn/bai-viet/dai-thao-duong-bien-chung-tim-mach-va-than-kinh-ngoai-bien-sat-thu-tham-lang?id=994f4df4-95c1-4760-8aee-8d07a69f9fe1 | https://bachmai.gov.vn/bai-viet/dai-thao-duong-bien-chung-tim-mach-va-than-kinh-ngoai-bien-sat-thu-tham-lang?id=994f4df4-95c1-4760-8aee-8d07a69f9fe1 | https://chanthuongvacotsong.bachmai.gov.vn/dai-thao-duong-bien-chung-tim-mach-va-than-kinh-ngoai-bien-sat-thu-tham-lang/ | https://web.archive.org/web/https://bachmai.gov.vn/bai-viet/dai-thao-duong-bien-chung-tim-mach-va-than-kinh-ngoai-bien-sat-thu-tham-lang?id=994f4df4-95c1-4760-8aee-8d07a69f9fe1 | https://bachmai.gov.vn/bai-viet/dai-thao-duong-bien-chung-tim-mach-va-than-kinh-ngoai-bien-sat-thu-tham-lang?id=994f4df4-95c1-4760-8aee-8d07a69f9fe1 | https://bachmai.gov.vn/bai-viet/dai-thao-duong-bien-chung-tim-mach-va-than-kinh-ngoai-bien-sat-thu-tham-lang?id=994f4df4-95c1-4760-8aee-8d07a69f9fe1 | https://web.archive.org/web/https://bachmai.gov.vn/bai-viet/dai-thao-duong-bien-chung-tim-mach-va-than-kinh-ngoai-bien-sat-thu-tham-lang?id=994f4df4-95c1-4760-8aee-8d07a69f9fe1 | https://bachmai.gov.vn/bai-viet/dai-thao-duong-bien-chung-tim-mach-va-than-kinh-ngoai-bien-sat-thu-tham-lang?id=994f4df4-95c1-4760-8aee-8d07a69f9fe1 | https://web.archive.org/web/https://bachmai.gov.vn/bai-viet/dai-thao-duong-bien-chung-tim-mach-va-than-kinh-ngoai-bien-sat-thu-tham-lang?id=994f4df4-95c1-4760-8aee-8d07a69f9fe1"
"1352","DEMO_0b95eed0a0","Demographic","Người có hội chứng ngừng thở khi ngủ","Nhóm cần điều trị bằng máy thở CPAP để tránh nguy cơ tử vong.","https://bachmai.gov.vn/bai-viet/tho-may-khong-xam-nhap-trong-dieu-tri-benh-phoi-tac-nghen-man-tinh?id=828a5ae0-e152-ef2d-e6b5-48a6c8bafe5b"
"1353","DEMO_0c648f32bc","Demographic","Người bị chấn thương nặng hoặc phẫu thuật lớn","Tăng nguy cơ phát triển đái tháo đường típ 1 do stress sinh lý và viêm nhiễm.","https://web.archive.org/web/https://ttytiapa.gialai.gov.vn/van-ban/huong-dan-chan-doan-va-dieu-tri-benh-dai-thao-duong-tip-1-o-.html"
"1354","DEMO_0ff154594c","Demographic","Trẻ trong gia đình có bố mẹ dị ứng","Nhóm trẻ có nguy cơ cao phát triển hen và dị ứng khi lớn lên. | Nhóm nguy cơ cao phát triển bệnh hen và dị ứng.","https://benhviennhitrunguong.gov.vn/tag/hen-phe-quan | https://web.archive.org/web/https://benhviennhitrunguong.gov.vn/tag/hen-phe-quan"
"1355","DEMO_1105710e03","Demographic","Người lớn tuổi từ 20-69","Đối tượng nghiên cứu là người bệnh đái tháo đường týp 2 trong độ tuổi này.","https://web.archive.org/web/https://sti.vista.gov.vn/publication/view/tinh-trang-dinh-duong-va-mot-so-yeu-to-lien-quan-cua-nguoi-benh-dai-thao-duong-typ-2-dieu-tri-noi-tru-tai-benh-vien-da-khoa-xanh-pon-nam-2023-e7cc38bdc9220841bb8ade1a50eee813-455622.html"
"1356","DEMO_12cec059e6","Demographic","Người hút thuốc","Hút thuốc làm tăng kháng insulin và ảnh hưởng đến chức năng tuyến tụy, gia tăng nguy cơ bệnh. | Hút thuốc làm tăng kháng insulin và ảnh hưởng đến chức năng tuyến tụy, gia tăng nguy cơ bệnh. | Hút thuốc làm giảm độ nhạy insulin và tăng nguy cơ biến chứng tim mạch, góp phần vào bệnh đái tháo đường tuýp 2. | Hút thuốc làm tăng kháng insulin và ảnh hưởng đến chức năng tuyến tụy, gia tăng nguy cơ bệnh. | Tăng nguy cơ tổn thương thận và tăng huyết áp do tác động của nicotine. | Hút thuốc gây tổn thương mạch máu và làm nặng thêm tình trạng huyết áp cao. | Nhóm có nguy cơ cao mắc COPD do tiếp xúc lâu dài với khói.","http://ttyt.tamduong.laichau.gov.vn/quan-ly-nha-nuoc/hoat-dong-doan-doi/dai-thao-duong-tuyp-2-nguyen-nhan-trieu-chung-chan-doan-va-d.html | http://ttyt.tamduong.laichau.gov.vn/quan-ly-nha-nuoc/hoat-dong-doan-doi/dai-thao-duong-tuyp-2-nguyen-nhan-trieu-chung-chan-doan-va-d.html | https://web.archive.org/web/http://ttyt.tamduong.laichau.gov.vn/quan-ly-nha-nuoc/hoat-dong-doan-doi/dai-thao-duong-tuyp-2-nguyen-nhan-trieu-chung-chan-doan-va-d.html | https://web.archive.org/web/http://ttyt.tamduong.laichau.gov.vn/quan-ly-nha-nuoc/hoat-dong-doan-doi/dai-thao-duong-tuyp-2-nguyen-nhan-trieu-chung-chan-doan-va-d.html | https://www.vinmec.com/vie/bai-viet/dieu-tri-tang-huyet-ap-kem-suy-man-vi | https://tamanhhospital.vn/tang-huyet-ap-thu-phat/ | https://www.vinmec.com/vie/bai-viet/benh-phoi-tac-nghen-man-tinh-copd-vi"
"1357","DEMO_1347fa8167","Demographic","Không tuân thủ chế độ ăn và luyện tập","Chỉ 23,7% bệnh nhân tuân thủ, dẫn đến kiểm soát đường huyết kém.","https://nsti.vista.gov.vn/publication/view/nghien-cuu-dac-diem-lam-sang-can-lam-sang-va-danh-gia-bien-chung-than-o-benh-nhan-dai-thao-duong-type-2-tai-khoa-noi-3-benh-vien-huu-nghi-viet-tiep-hai-phong-350723.html"
"1358","DEMO_13fa4381c2","Demographic","Người có bệnh lý nền","Người mắc bệnh nền đồng thời với COPD có tiên lượng sống thấp hơn.","https://medlatec.vn/tin-tuc/benh-nhan-phoi-tac-nghen-phoi-man-tinh-song-duoc-bao-lau-cai-thien-tuoi-tho-bang-cach-nao"
"1359","DEMO_147e95b14e","Demographic","Người bị bệnh lý kèm theo","Nhóm có nguy cơ cao do các bệnh lý như tai biến mạch não, nhồi máu cơ tim.","https://web.archive.org/web/https://benhviendakhoasongma.gov.vn/bai-viet/hon-me-tang-ap-luc-tham-thau-do-dai-thao-duong-210"
"1360","DEMO_14d5d10542","Demographic","Người có tiền sử gia đình mắc đái tháo đường","Tăng nguy cơ mắc bệnh do yếu tố di truyền, cần theo dõi chặt chẽ. | Nhóm có nguy cơ di truyền cao, đặc biệt với type 2. | Nhóm có nguy cơ cao do di truyền và yếu tố môi trường.","https://web.archive.org/web/https://ttytiapa.gialai.gov.vn/van-ban/huong-dan-chan-doan-va-dieu-tri-benh-dai-thao-duong-tip-1-o-.html | https://web.archive.org/web/https://benhviennhitrunguong.gov.vn/benh-dai-thao-duong-o-tre-em.html | https://web.archive.org/web/https://xayenmo.ninhbinh.gov.vn/y-te-giao-duc/benh-dai-thao-duong-dau-hieu-nhan-biet-phan-loai-va-dieu-tri-389.html"
"1361","DEMO_1544ba62c6","Demographic","Người mang thai","Có nguy cơ mắc tiểu đường thai kỳ, ảnh hưởng đến sức khỏe mẹ và thai nhi. | Nhóm có nguy cơ do tình trạng nhiễm độc thai nghén ảnh hưởng đến huyết áp. | Nhiễm độc thai nghén làm tăng nguy cơ huyết áp. | Nhóm có nguy cơ do nhiễm độc thai nghén ảnh hưởng đến huyết áp. | Cần thận trọng khi dùng thảo mộc do nguy cơ phản ứng dị ứng hoặc tương tác thuốc. | Cần thận trọng khi sử dụng thảo mộc do nguy cơ phản ứng dị ứng và ảnh hưởng đến thai nhi.","https://web.archive.org/web/https://medlatec.vn/tin-tuc/benh-dai-thao-duong-anh-huong-nhu-the-nao-toi-suc-khoe-s195-n19438 | https://bachmai.gov.vn/tin-chi-tiet/-/bai-viet/tang-huyet-ap-can-benh-tham-lang-nhung-nguy-hiem-8463-146.html | https://web.archive.org/web/https://bachmai.gov.vn/tin-chi-tiet/-/bai-viet/tang-huyet-ap-can-benh-tham-lang-nhung-nguy-hiem-8463-146.html | https://bachmai.gov.vn/tin-chi-tiet/-/bai-viet/tang-huyet-ap-can-benh-tham-lang-nhung-nguy-hiem-8463-146.html | https://web.archive.org/web/https://vov.gov.vn/day-la-7-loai-thao-moc-dieu-tri-hen-suyen-hieu-qua-dtnew-491435 | https://vov.gov.vn/day-la-7-loai-thao-moc-dieu-tri-hen-suyen-hieu-qua-dtnew-491435"
"1362","DEMO_160fb4d2c2","Demographic","Trẻ em dưới 5 tuổi","Khó phối hợp động tác tay và thở, cần sử dụng buồng đệm hoặc mặt nạ với bình hít.","https://web.archive.org/web/https://bachmai.gov.vn/tin-chi-tiet/-/bai-viet/huong-dan-su-dung-thuoc-hit-xit-o-nguoi-mac-benh-phoi-man-tinh-8626-146.html"
"1363","DEMO_169384500f","Demographic","Người mắc bệnh lý tim mạch","Có nguy cơ cao do đái tháo đường và tim mạch thường đi kèm nhau.","http://soyte.hatinh.gov.vn/tin-tuc-su-kien/thong-tin-y-te/bai-truyen-thong-benh-dai-thao-duong-va-cach-phong-ngua-benh.html"
"1364","DEMO_1715695bfe","Demographic","Trẻ em thừa cân/béo phì","Nhóm đang gia tăng nguy cơ mắc đái tháo đường type 2 do lối sống hiện đại.","https://web.archive.org/web/https://benhviennhitrunguong.gov.vn/benh-dai-thao-duong-o-tre-em.html"
"1365","DEMO_18f25d36ac","Demographic","Người bệnh đái tháo đường týp 2 điều trị nội trú","Đối tượng nghiên cứu là người lớn từ 20-69 tuổi tại Bệnh viện Đa khoa Xanh Pôn.","https://sti.vista.gov.vn/publication/view/tinh-trang-dinh-duong-va-mot-so-yeu-to-lien-quan-cua-nguoi-benh-dai-thao-duong-typ-2-dieu-tri-noi-tru-tai-benh-vien-da-khoa-xanh-pon-nam-2023-e7cc38bdc9220841bb8ade1a50eee813-455622.html | https://web.archive.org/web/https://sti.vista.gov.vn/publication/view/tinh-trang-dinh-duong-va-mot-so-yeu-to-lien-quan-cua-nguoi-benh-dai-thao-duong-typ-2-dieu-tri-noi-tru-tai-benh-vien-da-khoa-xanh-pon-nam-2023-e7cc38bdc9220841bb8ade1a50eee813-455622.html"
"1366","DEMO_1ad551ca62","Demographic","Trẻ em tại Bệnh viện Nhi Trung ương","Nhóm bệnh nhân được theo dõi và điều trị chuyên sâu, chiếm tỷ lệ cao trong tổng số trẻ ĐTĐ típ 1. | Nhóm bệnh nhân được theo dõi và điều trị chuyên sâu, chiếm tỷ lệ cao trong tổng số trẻ mắc ĐTĐ típ 1. | Nhóm bệnh nhân được theo dõi và điều trị chuyên sâu, chiếm tỷ lệ cao trong tổng số trẻ ĐTĐ típ 1.","https://web.archive.org/web/https://benhviennhitrunguong.gov.vn/hoi-thao-xu-huong-dieu-tri-dai-thao-duong-tip-1-chung-ta-khong-the-dung-ngoai.html"
"1367","DEMO_1adfe79bca","Demographic","Người bị đau thần kinh ngoại biên kéo dài","Gây mất ngủ, trầm cảm, thậm chí có ý định tự tử, cần can thiệp sớm.","https://bachmai.gov.vn/bai-viet/dai-thao-duong-bien-chung-tim-mach-va-than-kinh-ngoai-bien-sat-thu-tham-lang?id=994f4df4-95c1-4760-8aee-8d07a69f9fe1"
"1368","DEMO_1b86d583f3","Demographic","Người lớn tại Việt Nam","Tỷ lệ mắc tăng huyết áp cao (28,3% năm 2021), đặc biệt ở nhóm tuổi trẻ hóa. | Tỷ lệ mắc tăng huyết áp cao (28,3% năm 2021), đặc biệt ở người trung niên và trẻ hóa độ tuổi mắc bệnh.","https://web.archive.org/web/http://bvhoanghoa.ytethanhhoa.gov.vn/web/khoa-phong-chuc-nang/khoa-phong-chuc-nang/phong-cong-tac-xa-hoi/dieu-can-luu-y-khi-dieu-tri-tang-huyet-ap.html | https://web.archive.org/web/http://bvhoanghoa.ytethanhhoa.gov.vn/web/khoa-phong-chuc-nang/khoa-phong-chuc-nang/to-cong-tac-xa-hoi/dieu-can-luu-y-khi-dieu-tri-tang-huyet-ap.html"
"1369","DEMO_1bc596771f","Demographic","Bệnh nhân không đái tháo đường","Nhóm đối chiếu để so sánh nguy cơ và hiệu quả của clopidogrel. | Nhóm đối chứng để so sánh nguy cơ tim mạch khi dùng clopidogrel.","https://web.archive.org/web/http://www.tapchiyhocduphong.vn/tap-chi-y-hoc-du-phong/2019/09/nguy-co-bien-co-tim-mach-o-benh-nhan-su-dung-clopidogrel-mac-va-khong-mac-dai-th-o81E2084E.html"
"1370","DEMO_1bd508c01b","Demographic","Người không hút thuốc","Nhóm có thể mắc COPD do yếu tố di truyền, tiếp xúc khói bụi hoặc môi trường.","https://tamanhhospital.vn/giai-doan-benh-phoi-tac-nghen-man-tinh/"
"1371","DEMO_1bf21a9d13","Demographic","Người chưa kiểm soát huyết áp","Nhóm bệnh nhân đã dùng thuốc nhưng vẫn không đạt mục tiêu huyết áp 'ĐÍCH'.","http://bvhoanghoa.ytethanhhoa.gov.vn/web/khoa-phong-chuc-nang/khoa-phong-chuc-nang/phong-cong-tac-xa-hoi/dieu-can-luu-y-khi-dieu-tri-tang-huyet-ap.html"
"1372","DEMO_1c29475395","Demographic","Trẻ em và thanh thiếu niên","Nhóm đối tượng dễ mắc ĐTĐ típ 1 do hệ miễn dịch chưa trưởng thành. | Nhóm đối tượng dễ bị ảnh hưởng bởi ĐTĐ típ 1 do hệ miễn dịch chưa hoàn thiện. | Nhóm đối tượng dễ bị ảnh hưởng bởi đái tháo đường típ 1 do hệ miễn dịch chưa trưởng thành. | Nguy cơ cao mắc đái tháo đường típ 1, thường khởi phát sớm. | Nhóm đối tượng dễ mắc ĐTĐ típ 1 do hệ miễn dịch tấn công tế bào beta tụy. | Nhóm đối tượng dễ mắc ĐTĐ típ 1 do hệ miễn dịch chưa trưởng thành. | Nhóm đối tượng dễ bị ảnh hưởng bởi ĐTĐ típ 1 do hệ miễn dịch chưa hoàn thiện. | Nhóm tuổi dễ mắc đái tháo đường type 1, đặc biệt là ở độ tuổi từ nhỏ đến vị thành niên. | Nhóm tuổi dễ mắc đái tháo đường type 1 do hệ miễn dịch tấn công tế bào beta tụy. | Nguy cơ cao mắc đái tháo đường típ 1, thường khởi phát sớm. | Nhóm tuổi dễ mắc đái tháo đường típ 1 do cơ chế tự miễn. | Nhóm tuổi dễ mắc bệnh đái tháo đường type 1, do hệ miễn dịch tấn công tế bào beta tụy. | Nhóm đối tượng dễ bị ảnh hưởng bởi ĐTĐ típ 1 do cơ thể đang trong giai đoạn phát triển. | Nhóm đối tượng dễ bị ảnh hưởng bởi đái tháo đường típ 1, chiếm đa số trong các ca bệnh. | Nhóm đối tượng dễ bị ảnh hưởng bởi ĐTĐ típ 1 do cơ thể đang trong giai đoạn phát triển. | Nhóm đối tượng dễ mắc ĐTĐ típ 1 do hệ miễn dịch chưa trưởng thành. | Nhóm đối tượng dễ bị ảnh hưởng bởi ĐTĐ típ 1 do hệ miễn dịch chưa hoàn thiện. | Nhóm tuổi dễ mắc đái tháo đường type 1, do hệ miễn dịch tấn công tế bào beta tụy. | Nhóm tuổi dễ mắc đái tháo đường type 1, do hệ miễn dịch tấn công tế bào beta tụy. | Nhóm tuổi dễ mắc đái tháo đường type 1, do hệ miễn dịch tấn công tế bào beta tụy. | Nhóm tuổi thường gặp bệnh đái tháo đường type 1, do hệ miễn dịch tấn công tế bào beta tụy.","https://web.archive.org/web/https://benhvienquynhon.gov.vn/tin-tuc/hoat-dong-cua-ttyt/dai-thao-duong-va-nhung-dieu-ban-can-biet/ | https://web.archive.org/web/https://benhviennhitrunguong.gov.vn/hoi-thao-xu-huong-dieu-tri-dai-thao-duong-tip-1-chung-ta-khong-the-dung-ngoai.html | https://benhviennhitrunguong.gov.vn/hoi-thao-xu-huong-dieu-tri-dai-thao-duong-tip-1-chung-ta-khong-the-dung-ngoai.html | https://web.archive.org/web/https://ttytiapa.gialai.gov.vn/van-ban/huong-dan-chan-doan-va-dieu-tri-benh-dai-thao-duong-tip-1-o-.html | https://benhviennhitrunguong.gov.vn/hoi-thao-xu-huong-dieu-tri-dai-thao-duong-tip-1-chung-ta-khong-the-dung-ngoai.html | https://web.archive.org/web/https://benhviennhitrunguong.gov.vn/hoi-thao-xu-huong-dieu-tri-dai-thao-duong-tip-1-chung-ta-khong-the-dung-ngoai.html | https://benhviennhitrunguong.gov.vn/hoi-thao-xu-huong-dieu-tri-dai-thao-duong-tip-1-chung-ta-khong-the-dung-ngoai.html | https://benhviennhitrunguong.gov.vn/benh-dai-thao-duong-o-tre-em.html | https://web.archive.org/web/https://benhviennhitrunguong.gov.vn/benh-dai-thao-duong-o-tre-em.html | https://benhvienquynhon.gov.vn/tin-tuc/hoat-dong-cua-ttyt/dai-thao-duong-va-nhung-dieu-ban-can-biet/ | https://web.archive.org/web/https://benhviennhitrunguong.gov.vn/benh-dai-thao-duong-o-tre-em.html | https://web.archive.org/web/https://benhvienquynhon.gov.vn/tin-tuc/hoat-dong-cua-ttyt/dai-thao-duong-va-nhung-dieu-ban-can-biet/ | https://web.archive.org/web/https://benhviennhitrunguong.gov.vn/hoi-thao-xu-huong-dieu-tri-dai-thao-duong-tip-1-chung-ta-khong-the-dung-ngoai.html | https://benhviennhitrunguong.gov.vn/benh-dai-thao-duong-o-tre-em.html | https://web.archive.org/web/https://benhviennhitrunguong.gov.vn/hoi-thao-xu-huong-dieu-tri-dai-thao-duong-tip-1-chung-ta-khong-the-dung-ngoai.html | https://web.archive.org/web/https://benhviennhitrunguong.gov.vn/benh-dai-thao-duong-o-tre-em.html | https://benhviennhitrunguong.gov.vn/hoi-thao-xu-huong-dieu-tri-dai-thao-duong-tip-1-chung-ta-khong-the-dung-ngoai.html | https://web.archive.org/web/https://benhviennhitrunguong.gov.vn/benh-dai-thao-duong-o-tre-em.html | https://benhviennhitrunguong.gov.vn/benh-dai-thao-duong-o-tre-em.html | https://web.archive.org/web/https://benhviennhitrunguong.gov.vn/benh-dai-thao-duong-o-tre-em.html | https://benhviennhitrunguong.gov.vn/benh-dai-thao-duong-o-tre-em.html | https://benhviennhitrunguong.gov.vn/benh-dai-thao-duong-o-tre-em.html"
"1373","DEMO_1e09c73171","Demographic","Người hút thuốc lá lâu năm","Nhóm đối tượng có nguy cơ cao mắc COPD do tiếp xúc trực tiếp với khói thuốc. | Nhóm đối tượng có nguy cơ cao nhất mắc COPD do tiếp xúc trực tiếp với khói thuốc. | Nhóm đối tượng có nguy cơ cao mắc COPD do tiếp xúc trực tiếp với khói thuốc.","https://bachmai.gov.vn/bai-viet/benh-phoi-tac-nghen-man-tinh-hieu-dung-phong-ngua-va-phat-hien-som-cung-chuyen-gia-benh-vien-bach-mai?id=bef483aa-6fde-433a-b2e8-b373eb7903a6 | https://web.archive.org/web/https://bachmai.gov.vn/bai-viet/benh-phoi-tac-nghen-man-tinh-hieu-dung-phong-ngua-va-phat-hien-som-cung-chuyen-gia-benh-vien-bach-mai?id=bef483aa-6fde-433a-b2e8-b373eb7903a6 | https://bachmai.gov.vn/bai-viet/benh-phoi-tac-nghen-man-tinh-hieu-dung-phong-ngua-va-phat-hien-som-cung-chuyen-gia-benh-vien-bach-mai?id=bef483aa-6fde-433a-b2e8-b373eb7903a6"
"1374","DEMO_1e1fca927a","Demographic","Người lớn","Độ tuổi nghiên cứu từ 20 đến 69 tuổi, không phân biệt giới tính.","https://sti.vista.gov.vn/publication/view/tinh-trang-dinh-duong-va-mot-so-yeu-to-lien-quan-cua-nguoi-benh-dai-thao-duong-typ-2-dieu-tri-noi-tru-tai-benh-vien-da-khoa-xanh-pon-nam-2023-e7cc38bdc9220841bb8ade1a50eee813-455622.html | https://web.archive.org/web/https://sti.vista.gov.vn/publication/view/tinh-trang-dinh-duong-va-mot-so-yeu-to-lien-quan-cua-nguoi-benh-dai-thao-duong-typ-2-dieu-tri-noi-tru-tai-benh-vien-da-khoa-xanh-pon-nam-2023-e7cc38bdc9220841bb8ade1a50eee813-455622.html | https://web.archive.org/web/https://sti.vista.gov.vn/publication/view/tinh-trang-dinh-duong-va-mot-so-yeu-to-lien-quan-cua-nguoi-benh-dai-thao-duong-typ-2-dieu-tri-noi-tru-tai-benh-vien-da-khoa-xanh-pon-nam-2023-e7cc38bdc9220841bb8ade1a50eee813-455622.html"
"1375","DEMO_1e81a8f3db","Demographic","Người có rối loạn lipid máu","Tăng nguy cơ biến chứng tim mạch và tổn thương mạch máu do tăng LDL-c và giảm HDL-c. | Tăng nguy cơ mắc đái tháo đường týp 2 và biến chứng tim mạch. Đặc biệt khi HDL-c dưới 0,9 mmol/l.","https://web.archive.org/web/https://vncdc.gov.vn/huong-dan-chan-doan-va-dieu-tri-benh-dai-thao-duong-tuyp-2-nd14582.html"
"1376","DEMO_1f5c8fea95","Demographic","Người có tiền sử gia đình mắc THA","Yếu tố tiền sử gia đình cũng là nguyên nhân mắc bệnh THA. | Yếu tố di truyền làm tăng nguy cơ mắc bệnh.","https://web.archive.org/web/http://soyte.hatinh.gov.vn/tin-tuc-su-kien/pho-bien-kien-thuc/4-bien-phap-chu-yeu-phong-benh-tang-huyet-ap.html | http://soyte.hatinh.gov.vn/tin-tuc-su-kien/pho-bien-kien-thuc/4-bien-phap-chu-yeu-phong-benh-tang-huyet-ap.html | https://web.archive.org/web/https://vncdc.gov.vn/4-bien-phap-chu-yeu-phong-benh-tang-huyet-ap-nd14878.html"
"1377","DEMO_1fa3ca358f","Demographic","Người mắc COPD giai đoạn muộn","Chức năng hô hấp suy giảm nghiêm trọng, cần hỗ trợ máy thở tại nhà.","https://bachmai.gov.vn/bai-viet/tho-may-khong-xam-nhap-trong-dieu-tri-benh-phoi-tac-nghen-man-tinh?id=828a5ae0-e152-ef2d-e6b5-48a6c8bafe5b | https://web.archive.org/web/https://bachmai.gov.vn/bai-viet/tho-may-khong-xam-nhap-trong-dieu-tri-benh-phoi-tac-nghen-man-tinh?id=828a5ae0-e152-ef2d-e6b5-48a6c8bafe5b"
"1378","DEMO_2229965ccb","Demographic","Người có tiền sử hen","Nhóm có nguy cơ cao tái phát cơn hen do cơ địa dị ứng và yếu tố môi trường. | Nhóm có nguy cơ cao tái phát cơn hen nếu không tuân thủ điều trị và phòng ngừa.","https://web.archive.org/web/http://phacdo.soytequangninh.gov.vn/news/tin-tuc-su-kien/hen-phe-quan-hieu-dung-de-song-khoe-dieu-tri-hieu-qua-phong-ngua-chu-dong.html | http://phacdo.soytequangninh.gov.vn/news/tin-tuc-su-kien/hen-phe-quan-hieu-dung-de-song-khoe-dieu-tri-hieu-qua-phong-ngua-chu-dong.html"
"1379","DEMO_23cdf10ef0","Demographic","Người bị béo trung tâm","Nhóm có nguy cơ cao mắc đái tháo đường type 2 do mỡ tập trung ở vùng bụng.","https://web.archive.org/web/https://benhviennhitrunguong.gov.vn/benh-dai-thao-duong-o-tre-em.html"
"1380","DEMO_24cf916e48","Demographic","Người bị xơ vữa động mạch","Nhóm có nguy cơ cao biến chứng tim mạch, cần điều trị thuốc bảo vệ tim và thận.","https://bachmai.gov.vn/bai-viet/doi-moi-tu-duy-dieu-tri-dai-thao-duong-typ-2-va-chien-luoc-kiem-soat-toan-dien-bien-chung-than-kinh?id=090463d0-4515-40c8-919c-8bebc41e2c01"
"1381","DEMO_2599ca5a63","Demographic","Người mắc viêm cầu thận","Bệnh lý tự miễn ảnh hưởng trực tiếp đến chức năng thận.","https://web.archive.org/web/http://soyte.hatinh.gov.vn/tin-tuc-su-kien/pho-bien-kien-thuc/dau-hieu-benh-than-va-suy-than-.html | http://soyte.hatinh.gov.vn/tin-tuc-su-kien/pho-bien-kien-thuc/dau-hieu-benh-than-va-suy-than-.html"
"1382","DEMO_25c6048b91","Demographic","Trẻ có tiền sử gia đình mắc đái tháo đường","Nguy cơ cao do yếu tố di truyền ảnh hưởng đến chức năng tuyến tụy. | Nguy cơ cao mắc bệnh do yếu tố di truyền, đặc biệt với type 2. | Nguy cơ cao do yếu tố di truyền ảnh hưởng đến sự phát triển bệnh.","https://benhviennhitrunguong.gov.vn/benh-dai-thao-duong-o-tre-em.html | https://benhviennhitrunguong.gov.vn/benh-dai-thao-duong-o-tre-em.html | https://web.archive.org/web/https://benhviennhitrunguong.gov.vn/benh-dai-thao-duong-o-tre-em.html"
"1383","DEMO_26f49c5fb2","Demographic","Người chưa được điều trị","Hơn 80% người mắc tăng huyết áp không được điều trị, nguy cơ biến chứng cao.","https://soyte.tuyenquang.gov.vn/tin-tuc/tang-huyet-ap-va-nhung-bien-chung-nguy-hiem.html"
"1384","DEMO_2758cb2324","Demographic","Bệnh nhân đái tháo đường type 2","Có nguy cơ tăng glucose máu, rối loạn lipid và biến chứng mãn tính nặng hơn.","https://bachmai.gov.vn/bai-viet/bien-chung-cua-benh-dai-thao-duong?id=f17ffc43-5abb-5dcb-54d1-d3887440a421"
"1385","DEMO_27737ead7a","Demographic","Người hút thuốc hoặc uống rượu","Hành vi sinh hoạt nguy cơ làm tăng nguy cơ bệnh.","https://web.archive.org/web/https://vncdc.gov.vn/quan-ly-benh-dai-thao-duong-nd14581.html"
"1386","DEMO_2aa7cfb765","Demographic","Người bệnh đái tháo đường","Nhóm đối tượng chính cần được sàng lọc và điều trị biến chứng thần kinh, đặc biệt là ở giai đoạn sớm. | Nhóm đối tượng có nguy cơ cao mắc biến chứng, đặc biệt là loét và nhiễm trùng bàn chân.","https://bachmai.gov.vn/bai-viet/doi-moi-tu-duy-dieu-tri-dai-thao-duong-typ-2-va-chien-luoc-kiem-soat-toan-dien-bien-chung-than-kinh?id=090463d0-4515-40c8-919c-8bebc41e2c01 | https://bachmai.gov.vn/tin-chi-tiet/-/bai-viet/cap-nhat-chan-doan-dieu-tri-benh-dai-thao-duong-va-bien-chung-8971-144.html"
"1387","DEMO_2ba0ec8f18","Demographic","Người bị tăng huyết áp nguyên phát","Nhóm chiếm 90-95% các trường hợp, không xác định được nguyên nhân rõ ràng. | Nhóm chiếm đa số (90-95%) không xác định được nguyên nhân rõ ràng. | Nhóm chiếm 90-95% các trường hợp, không xác định được nguyên nhân rõ ràng.","https://web.archive.org/web/http://bvhoanghoa.ytethanhhoa.gov.vn/web/khoa-phong-chuc-nang/khoa-phong-chuc-nang/to-cong-tac-xa-hoi/benh-tang-huyet-ap-ke-giet-nguoi-tham-lang.html | http://bvhoanghoa.ytethanhhoa.gov.vn/web/khoa-phong-chuc-nang/khoa-phong-chuc-nang/to-cong-tac-xa-hoi/benh-tang-huyet-ap-ke-giet-nguoi-tham-lang.html | http://bvhoanghoa.ytethanhhoa.gov.vn/web/khoa-phong-chuc-nang/khoa-phong-chuc-nang/to-cong-tac-xa-hoi/benh-tang-huyet-ap-ke-giet-nguoi-tham-lang.html | http://bvhoanghoa.ytethanhhoa.gov.vn/web/khoa-phong-chuc-nang/khoa-phong-chuc-nang/to-cong-tac-xa-hoi/benh-tang-huyet-ap-ke-giet-nguoi-tham-lang.html | https://web.archive.org/web/http://bvhoanghoa.ytethanhhoa.gov.vn/web/khoa-phong-chuc-nang/khoa-phong-chuc-nang/to-cong-tac-xa-hoi/benh-tang-huyet-ap-ke-giet-nguoi-tham-lang.html | http://bvhoanghoa.ytethanhhoa.gov.vn/web/khoa-phong-chuc-nang/khoa-phong-chuc-nang/to-cong-tac-xa-hoi/benh-tang-huyet-ap-ke-giet-nguoi-tham-lang.html"
"1388","DEMO_2bfbda8429","Demographic","Người bị rối loạn tuyến giáp","Có nguy cơ tăng huyết áp do thay đổi nồng độ hormone tuyến giáp.","https://tamanhhospital.vn/tang-huyet-ap-thu-phat/"
"1389","DEMO_2c347b7695","Demographic","Trẻ em tại Việt Nam","Nhóm chiếm tỷ lệ cao trong tổng số bệnh nhân ĐTĐ, đặc biệt là ở các bệnh viện tuyến cuối.","https://web.archive.org/web/https://benhviennhitrunguong.gov.vn/hoi-thao-xu-huong-dieu-tri-dai-thao-duong-tip-1-chung-ta-khong-the-dung-ngoai.html"
"1390","DEMO_2d169d7883","Demographic","Nam giới trên 40 tuổi","Bệnh hay gặp ở nam giới trong độ tuổi này do thói quen hút thuốc lá và yếu tố nghề nghiệp.","https://web.archive.org/web/https://vncdc.gov.vn/huong-dan-chan-doan-va-dieu-tri-benh-phoi-tac-nghen-man-tinh-nd14577.html"
"1391","DEMO_2d1b7991bb","Demographic","Người trẻ tuổi","Đa số bệnh nhân type 1 là người trẻ, nhiều trường hợp chưa thành niên. | Đa số bệnh nhân đái tháo đường type 1 là người trẻ, nhiều trường hợp chưa thành niên. | Đa số bệnh nhân type 1 là người trẻ, nhiều trường hợp chưa thành niên. | Có thể mắc biến chứng tim mạch, thận, chuyển hoá sớm nếu không được phân tầng nguy cơ. | Có thể bị biến chứng tim mạch, thận, chuyển hoá ngay cả khi chưa có triệu chứng rõ ràng. | Có thể bị biến chứng tim mạch, thận, chuyển hoá ngay cả khi chưa có triệu chứng rõ ràng. | Có nguy cơ mắc biến chứng tim mạch và thận sớm nếu không được phân tầng nguy cơ. | Có nguy cơ mắc biến chứng tim mạch và thần kinh ngoại biên sớm nếu không được phân tầng nguy cơ. | Có thể bị biến chứng tim mạch, thận, chuyển hoá ngay cả khi chưa có triệu chứng rõ ràng. | Tuổi mắc bệnh tăng huyết áp đang ngày càng trẻ hóa.","http://soyte.hatinh.gov.vn/tin-tuc-su-kien/thong-tin-y-te/luu-y-khi-dieu-tri-dai-thao-duong-type-1.html | http://soyte.hatinh.gov.vn/tin-tuc-su-kien/thong-tin-y-te/luu-y-khi-dieu-tri-dai-thao-duong-type-1.html | https://web.archive.org/web/http://soyte.hatinh.gov.vn/tin-tuc-su-kien/thong-tin-y-te/luu-y-khi-dieu-tri-dai-thao-duong-type-1.html | https://web.archive.org/web/https://bachmai.gov.vn/bai-viet/dai-thao-duong-bien-chung-tim-mach-va-than-kinh-ngoai-bien-sat-thu-tham-lang?id=994f4df4-95c1-4760-8aee-8d07a69f9fe1 | https://web.archive.org/web/https://bachmai.gov.vn/bai-viet/dai-thao-duong-bien-chung-tim-mach-va-than-kinh-ngoai-bien-sat-thu-tham-lang?id=994f4df4-95c1-4760-8aee-8d07a69f9fe1 | https://bachmai.gov.vn/bai-viet/dai-thao-duong-bien-chung-tim-mach-va-than-kinh-ngoai-bien-sat-thu-tham-lang?id=994f4df4-95c1-4760-8aee-8d07a69f9fe1 | https://bachmai.gov.vn/bai-viet/dai-thao-duong-bien-chung-tim-mach-va-than-kinh-ngoai-bien-sat-thu-tham-lang?id=994f4df4-95c1-4760-8aee-8d07a69f9fe1 | https://web.archive.org/web/https://bachmai.gov.vn/bai-viet/dai-thao-duong-bien-chung-tim-mach-va-than-kinh-ngoai-bien-sat-thu-tham-lang?id=994f4df4-95c1-4760-8aee-8d07a69f9fe1 | http://bvhoanghoa.ytethanhhoa.gov.vn/web/khoa-phong-chuc-nang/khoa-phong-chuc-nang/to-cong-tac-xa-hoi/dieu-can-luu-y-khi-dieu-tri-tang-huyet-ap.html"
"1392","DEMO_2de30f4f18","Demographic","Người có bệnh tim mạch","Có nguy cơ cao bị biến chứng do tăng huyết áp, cần điều trị tích cực.","https://www.vinmec.com/vie/bai-viet/dieu-tri-tang-huyet-ap-kem-suy-man-vi"
"1393","DEMO_3144a279dc","Demographic","Người nghèo","Không đủ khả năng chi trả thuốc điều trị hoặc thiết bị hỗ trợ, dẫn đến không tuân thủ điều trị.","https://bachmai.gov.vn/bai-viet/ca-the-hoa-dieu-tri-dai-thao-duong-tip-2-tai-cac-nuoc-dang-phat-trien-thach-thuc-va-co-hoi?id=4b51fe29-8515-42d1-bff3-85563163f16c"
"1394","DEMO_3243586490","Demographic","Người có tiền sử gia đình mắc bệnh","Tăng nguy cơ do yếu tố di truyền. | Tăng nguy cơ di truyền và miễn dịch. | Yếu tố di truyền làm tăng nguy cơ mắc đái tháo đường type 1 và type 2. | Nhóm có nguy cơ cao do di truyền. | Yếu tố di truyền làm tăng nguy cơ mắc đái tháo đường type 1 và type 2. | Yếu tố di truyền làm tăng nguy cơ mắc đái tháo đường type 1 hoặc type 2. | Yếu tố di truyền làm tăng nguy cơ mắc đái tháo đường type 1 và type 2. | Nhóm có nguy cơ cao do di truyền và yếu tố môi trường.","https://xayenmo.ninhbinh.gov.vn/y-te-giao-duc/benh-dai-thao-duong-dau-hieu-nhan-biet-phan-loai-va-dieu-tri-389.html | https://xayenmo.ninhbinh.gov.vn/y-te-giao-duc/benh-dai-thao-duong-dau-hieu-nhan-biet-phan-loai-va-dieu-tri-389.html | https://web.archive.org/web/https://xayenmo.ninhbinh.gov.vn/y-te-giao-duc/benh-dai-thao-duong-dau-hieu-nhan-biet-phan-loai-va-dieu-tri-389.html | https://xayenmo.ninhbinh.gov.vn/y-te-giao-duc/benh-dai-thao-duong-dau-hieu-nhan-biet-phan-loai-va-dieu-tri-389.html | https://xayenmo.ninhbinh.gov.vn/y-te-giao-duc/benh-dai-thao-duong-dau-hieu-nhan-biet-phan-loai-va-dieu-tri-389.html"
"1395","DEMO_33feec48b8","Demographic","Phụ nữ mang thai hoặc tiền sử đái tháo đường thai kỳ","Người phụ nữ có nguy cơ đặc biệt do yếu tố sinh sản và nội tiết.","https://web.archive.org/web/https://vncdc.gov.vn/quan-ly-benh-dai-thao-duong-nd14581.html"
"1396","DEMO_357daf959a","Demographic","Trẻ dưới 1 tuổi","Nhóm có thể mắc đái tháo đường sơ sinh – một dạng hiếm gặp. | Nhóm có nguy cơ mắc đái tháo đường sơ sinh. | Nhóm có nguy cơ mắc đái tháo đường sơ sinh.","https://web.archive.org/web/https://benhviennhitrunguong.gov.vn/benh-dai-thao-duong-o-tre-em.html"
"1397","DEMO_36205c4ae1","Demographic","Người bị nhiễm virus gây tổn thương tụy","Tăng nguy cơ phát triển đái tháo đường típ 1 do tổn thương tế bào beta tụy.","https://web.archive.org/web/https://ttytiapa.gialai.gov.vn/van-ban/huong-dan-chan-doan-va-dieu-tri-benh-dai-thao-duong-tip-1-o-.html"
"1398","DEMO_3683064634","Demographic","Trẻ ở vùng giao mùa","Độ ẩm cao và thời tiết thay đổi làm tăng nguy cơ. | Thời tiết thay đổi thất thường làm tăng nguy cơ cơn hen cấp.","https://benhviennhitrunguong.gov.vn/tag/hen-phe-quan | https://web.archive.org/web/https://benhviennhitrunguong.gov.vn/tag/hen-phe-quan"
"1399","DEMO_37666edcdc","Demographic","Người có đợt cấp tái phát","Nhóm cần điều trị tích cực để tránh suy hô hấp.","https://bachmai.gov.vn/bai-viet/tho-may-khong-xam-nhap-trong-dieu-tri-benh-phoi-tac-nghen-man-tinh?id=828a5ae0-e152-ef2d-e6b5-48a6c8bafe5b"
"1400","DEMO_38a1344c63","Demographic","Người có tiền sử gia đình","Nhóm có nguy cơ cao mắc đái tháo đường type 1 hoặc type 2. | Tình trạng di truyền làm tăng nguy cơ mắc bệnh. | Tăng nguy cơ do di truyền từ cha mẹ hoặc anh chị em.","https://web.archive.org/web/https://xayenmo.ninhbinh.gov.vn/y-te-giao-duc/benh-dai-thao-duong-dau-hieu-nhan-biet-phan-loai-va-dieu-tri-389.html | https://chanthuongvacotsong.bachmai.gov.vn/cao-huyet-ap-am-tham-ma-rat-hiem/ | https://chanthuongvacotsong.bachmai.gov.vn/cao-huyet-ap-am-tham-ma-rat-hiem/"
"1401","DEMO_399a564695","Demographic","Người mắc đái tháo đường","Tất cả bệnh nhân đái tháo đường đều có nguy cơ cao bị tổn thương võng mạc, do sự phá hủy mạch máu võng mạc bởi đường huyết cao. | Tăng nguy cơ tổn thương cơ quan đích và cần điều trị tích cực. | Tăng nguy cơ tổn thương cơ quan đích và cần điều trị tích cực. | Đái tháo đường làm tăng nguy cơ biến chứng do tăng huyết áp.","https://web.archive.org/web/https://benhvienmathanoi.gov.vn/tam-soat-benh-vong-mac-dai-thao-duong/ | https://chanthuongvacotsong.bachmai.gov.vn/huong-dan-chan-doan-va-dieu-tri-tang-huyet-ap/ | https://chanthuongvacotsong.bachmai.gov.vn/huong-dan-chan-doan-va-dieu-tri-tang-huyet-ap/ | http://bvhoanghoa.ytethanhhoa.gov.vn/web/khoa-phong-chuc-nang/khoa-phong-chuc-nang/phong-cong-tac-xa-hoi/dieu-can-luu-y-khi-dieu-tri-tang-huyet-ap.html"
"1402","DEMO_3bb72cd08a","Demographic","Người trẻ","Nhóm đối tượng đang có tỷ lệ mắc đái tháo đường típ 2 gia tăng, với diễn biến bệnh nghiêm trọng hơn so với người lớn. | Tỷ lệ mắc đái tháo đường típ 2 đang gia tăng ở nhóm tuổi này, với diễn biến bệnh nghiêm trọng hơn so với người lớn. | Tỷ lệ mắc cao huyết áp đang tăng ở nhóm tuổi trẻ. | Tỷ lệ mắc bệnh đang tăng ở nhóm tuổi trẻ do lối sống và chế độ ăn uống.","https://bachmai.gov.vn/bai-viet/cap-nhat-xu-huong-moi-trong-dieu-tri-dai-thao-duong-tip-2?id=d4ab61a0-919e-0805-1cdd-fe092c98c88e | https://web.archive.org/web/https://bachmai.gov.vn/bai-viet/cap-nhat-xu-huong-moi-trong-dieu-tri-dai-thao-duong-tip-2?id=d4ab61a0-919e-0805-1cdd-fe092c98c88e | https://chanthuongvacotsong.bachmai.gov.vn/cao-huyet-ap-am-tham-ma-rat-hiem/ | https://chanthuongvacotsong.bachmai.gov.vn/cao-huyet-ap-am-tham-ma-rat-hiem/"
"1403","DEMO_3cf5310ad2","Demographic","Người già","Nhóm có nguy cơ cao bị hạ đường huyết, té ngã và gãy xương do biến động đường huyết. | Nhóm dễ gặp rào cản trong tiếp cận công nghệ y tế và tuân thủ điều trị. | Nhóm dễ bị ảnh hưởng bởi hạ đường huyết và biến chứng do đái tháo đường, cần điều trị cẩn trọng. | Nhóm dễ bị ảnh hưởng bởi biến chứng thần kinh do đái tháo đường và có nguy cơ cao suy tim, suy thận. | Nhóm có nguy cơ cao mắc biến chứng thần kinh do đái tháo đường, cần can thiệp sớm. | Nhóm dễ bị biến chứng thần kinh ngoại biên, loét bàn chân và tử vong do tim mạch. | Nhóm dễ gặp biến chứng tim mạch, thận và thần kinh do đái tháo đường. | Nhóm dễ mắc và biến chứng nặng do tăng huyết áp. | Nhóm dễ bị ảnh hưởng bởi tăng huyết áp do tuổi tác và yếu tố nguy cơ tích lũy. | Nhóm dễ bị tổn thương do chức năng thận suy giảm tự nhiên và khó kiểm soát huyết áp. | Hệ thống thận suy yếu tự nhiên, dễ bị tổn thương và tiến triển bệnh nhanh. | Nhóm dễ bị ảnh hưởng bởi tăng huyết áp và suy thận mạn do chức năng cơ thể suy giảm. | Nhóm dễ bị ảnh hưởng bởi tăng huyết áp và suy thận mạn do chức năng cơ thể suy giảm. | Tăng nguy cơ do sự suy giảm chức năng mạch máu và hệ miễn dịch. | Dễ bị ảnh hưởng bởi thời tiết thay đổi và các yếu tố môi trường. | Dễ bị ảnh hưởng bởi thời tiết thay đổi và các yếu tố môi trường. | Nhóm có nguy cơ cao mắc biến chứng do chức năng phổi suy giảm. | Nhóm dễ bị ảnh hưởng bởi hen phế quản do chức năng phổi suy giảm và khả năng đáp ứng thuốc kém hơn. | Nhóm dễ bị ảnh hưởng bởi hen do chức năng phổi suy giảm và khả năng đáp ứng thuốc kém hơn. | Nhóm dễ bị ảnh hưởng bởi COPD do chức năng hô hấp suy giảm tự nhiên. | Nhóm có nguy cơ cao nhất do tiến triển nặng dần theo thời gian. | Nhóm đối tượng dễ mắc COPD do hệ hô hấp suy giảm và thời gian tiếp xúc lâu dài với yếu tố nguy cơ. | Nhóm có nguy cơ cao mắc COPD do hệ hô hấp suy giảm và thời gian tiếp xúc lâu dài với yếu tố nguy cơ.","https://bachmai.gov.vn/bai-viet/dieu-tri-dai-thao-duong-tip-2-buoc-tien-moi-tu-insulin-nen-the-he-2-va-iglarlixi?id=5cdac324-549d-40aa-b3e6-80214932d112 | https://web.archive.org/web/https://bachmai.gov.vn/bai-viet/ca-the-hoa-dieu-tri-dai-thao-duong-tip-2-tai-cac-nuoc-dang-phat-trien-thach-thuc-va-co-hoi?id=4b51fe29-8515-42d1-bff3-85563163f16c | https://web.archive.org/web/https://bachmai.gov.vn/bai-viet/dieu-tri-dai-thao-duong-tip-2-buoc-tien-moi-tu-insulin-nen-the-he-2-va-iglarlixi?id=5cdac324-549d-40aa-b3e6-80214932d112 | https://bachmai.gov.vn/bai-viet/doi-moi-tu-duy-dieu-tri-dai-thao-duong-typ-2-va-chien-luoc-kiem-soat-toan-dien-bien-chung-than-kinh?id=090463d0-4515-40c8-919c-8bebc41e2c01 | https://web.archive.org/web/https://bachmai.gov.vn/bai-viet/doi-moi-tu-duy-dieu-tri-dai-thao-duong-typ-2-va-chien-luoc-kiem-soat-toan-dien-bien-chung-than-kinh?id=090463d0-4515-40c8-919c-8bebc41e2c01 | https://bachmai.gov.vn/bai-viet/dai-thao-duong-bien-chung-tim-mach-va-than-kinh-ngoai-bien-sat-thu-tham-lang?id=994f4df4-95c1-4760-8aee-8d07a69f9fe1 | https://bachmai.gov.vn/bai-viet/doi-moi-tu-duy-dieu-tri-dai-thao-duong-typ-2-va-chien-luoc-kiem-soat-toan-dien-bien-chung-than-kinh?id=090463d0-4515-40c8-919c-8bebc41e2c01 | https://web.archive.org/web/http://bvhoanghoa.ytethanhhoa.gov.vn/web/khoa-phong-chuc-nang/khoa-phong-chuc-nang/phong-cong-tac-xa-hoi/dieu-can-luu-y-khi-dieu-tri-tang-huyet-ap.html | http://bvhoanghoa.ytethanhhoa.gov.vn/web/khoa-phong-chuc-nang/khoa-phong-chuc-nang/phong-cong-tac-xa-hoi/dieu-can-luu-y-khi-dieu-tri-tang-huyet-ap.html | https://www.vinmec.com/vie/bai-viet/dieu-tri-tang-huyet-ap-kem-suy-man-vi | https://web.archive.org/web/https://bachmai.gov.vn/bai-viet/sai-lam-trong-dinh-duong-khien-suy-than-man-them-tram-trong-dau-la-giai-phap?id=1ff0d3d0-62f4-4159-a23b-758572e7f600 | https://www.vinmec.com/vie/bai-viet/suy-o-nguoi-bi-cao-huyet-ap-nhung-dieu-can-chu-y-vi | https://www.vinmec.com/vie/bai-viet/dieu-tri-tang-huyet-ap-kem-suy-man-vi | https://web.archive.org/web/https://medlatec.vn/tin-tuc/hep-dong-mach-than-la-gi-muc-do-nguy-hiem-va-phuong-phap-dieu-tri | http://phacdo.soytequangninh.gov.vn/news/chuyen-khoa-sau/phong-benh-hen-phe-quan-khi-thoi-tiet-thay-doi.html | https://web.archive.org/web/http://phacdo.soytequangninh.gov.vn/news/chuyen-khoa-sau/phong-benh-hen-phe-quan-khi-thoi-tiet-thay-doi.html | http://phacdo.soytequangninh.gov.vn/news/chuyen-khoa-sau/phong-benh-hen-phe-quan-khi-thoi-tiet-thay-doi.html | https://web.archive.org/web/http://phacdo.soytequangninh.gov.vn/news/tin-tuc-su-kien/hen-phe-quan-hieu-dung-de-song-khoe-dieu-tri-hieu-qua-phong-ngua-chu-dong.html | https://www.vinmec.com/vie/bai-viet/bien-chung-lau-dai-cua-benh-hen-phe-quan-vi | http://phacdo.soytequangninh.gov.vn/news/tin-tuc-su-kien/hen-phe-quan-hieu-dung-de-song-khoe-dieu-tri-hieu-qua-phong-ngua-chu-dong.html | https://medlatec.vn/tin-tuc/benh-nhan-phoi-tac-nghen-phoi-man-tinh-song-duoc-bao-lau-cai-thien-tuoi-tho-bang-cach-nao | https://bachmai.gov.vn/bai-viet/phong-dot-cap-benh-phoi-tac-nghen-man-tinh?id=28510cbf-b2a4-a5e6-65a7-7b91e89cf5eb | http://benhvienphoi.hatinh.gov.vn/chi-tiet-tin-tuc?slug=hay-nhan-biet-som-va-phong-ngua-benh-phoi-tac-nghen-man-tinh-copd | https://web.archive.org/web/http://benhvienphoi.hatinh.gov.vn/chi-tiet-tin-tuc?slug=hay-nhan-biet-som-va-phong-ngua-benh-phoi-tac-nghen-man-tinh-copd"
"1404","DEMO_3e32b7591e","Demographic","Bệnh nhân không biểu hiện albumin niệu","Nhóm bệnh nhân có tổn thương thận nhưng không có dấu hiệu albumin niệu, cần xét nghiệm sinh học mới.","https://web.archive.org/web/https://vista.gov.vn/vi/news/cac-linh-vuc-khoa-hoc-va-cong-nghe/dau-an-sinh-hoc-moi-trong-phat-trien-som-bien-chung-than-do-dai-thao-duong-9409.html"
"1405","DEMO_3e7c3b78e4","Demographic","Người trẻ hóa","Tuổi mắc bệnh tăng huyết áp đang ngày càng trẻ hóa, báo động cho sức khỏe cộng đồng.","https://web.archive.org/web/http://bvhoanghoa.ytethanhhoa.gov.vn/web/khoa-phong-chuc-nang/khoa-phong-chuc-nang/phong-cong-tac-xa-hoi/dieu-can-luu-y-khi-dieu-tri-tang-huyet-ap.html"
"1406","DEMO_3ee91d734e","Demographic","Người Việt Nam","Nhóm dân số có tỷ lệ ĐTĐ típ 1 cao nhất trong khu vực châu Á. | Nhóm dân số chủ yếu bị ảnh hưởng bởi ĐTĐ típ 1, với tỷ lệ cao nhất trong khu vực châu Á. | Nhóm dân số có tỷ lệ ĐTĐ típ 1 cao nhất trong khu vực châu Á. | Đái tháo đường típ 2 đang gia tăng nhanh chóng tại Việt Nam. | Quần thể nghiên cứu, được phân tích đặc điểm di truyền và lối sống để xác định yếu tố nguy cơ. | Quần thể nghiên cứu, được phân tích đặc điểm di truyền và lối sống để xác định yếu tố nguy cơ. | Quần thể nghiên cứu, được phân tích đa hình gen và tương tác gen-môi trường. | Quần thể nghiên cứu chính, nhằm đánh giá vai trò di truyền và lối sống đặc thù của dân tộc này. | Quần thể nghiên cứu, được phân tích đặc điểm di truyền và lối sống để xác định yếu tố nguy cơ. | Hen ảnh hưởng đến trên 5% dân số Việt Nam, rất phổ biến. | Hen ảnh hưởng đến trên 5% dân số Việt Nam.","https://benhviennhitrunguong.gov.vn/hoi-thao-xu-huong-dieu-tri-dai-thao-duong-tip-1-chung-ta-khong-the-dung-ngoai.html | https://bachmai.gov.vn/bai-viet/kiem-soat-huyet-ap-va-can-nang-o-benh-nhan-dai-thao-duong-tip-2-viet-nam?id=d4b1411f-1da7-74f4-b337-1b88457dd69b | https://vista.gov.vn/vi/news/ket-qua-nghien-cuu-trien-khai/nghien-cuu-thuan-tap-5-nam-ve-benh-dai-thao-duong-typ-2-va-hoi-chung-chuyen-hoa-o-nguoi-viet-nam-vai-tro-yeu-to-di-truyen-va-loi-song-8330.html | https://web.archive.org/web/https://vista.gov.vn/vi/news/ket-qua-nghien-cuu-trien-khai/nghien-cuu-thuan-tap-5-nam-ve-benh-dai-thao-duong-typ-2-va-hoi-chung-chuyen-hoa-o-nguoi-viet-nam-vai-tro-yeu-to-di-truyen-va-loi-song-8330.html | https://web.archive.org/web/https://vista.gov.vn/vi/news/ket-qua-nghien-cuu-trien-khai/nghien-cuu-thuan-tap-5-nam-ve-benh-dai-thao-duong-typ-2-va-hoi-chung-chuyen-hoa-o-nguoi-viet-nam-vai-tro-yeu-to-di-truyen-va-loi-song-8330.html | https://web.archive.org/web/https://vista.gov.vn/vi/news/ket-qua-nghien-cuu-trien-khai/nghien-cuu-thuan-tap-5-nam-ve-benh-dai-thao-duong-typ-2-va-hoi-chung-chuyen-hoa-o-nguoi-viet-nam-vai-tro-yeu-to-di-truyen-va-loi-song-8330.html | https://vista.gov.vn/vi/news/ket-qua-nghien-cuu-trien-khai/nghien-cuu-thuan-tap-5-nam-ve-benh-dai-thao-duong-typ-2-va-hoi-chung-chuyen-hoa-o-nguoi-viet-nam-vai-tro-yeu-to-di-truyen-va-loi-song-8330.html | https://benhviennhitrunguong.gov.vn/loi-khuyen-cua-cac-chuyen-gia-di-ung-ve-benh-hen-2.html | https://web.archive.org/web/https://benhviennhitrunguong.gov.vn/loi-khuyen-cua-cac-chuyen-gia-di-ung-ve-benh-hen-2.html"
"1407","DEMO_3f2c56cd0b","Demographic","Người có tiền căn gia đình","Người có người thân bị tiểu đường dễ mắc bệnh hơn. | Người có người thân mắc bệnh tiểu đường dễ bị ảnh hưởng.","https://web.archive.org/web/https://syt.dongnai.gov.vn/vi/news/Suc-khoe-cong-dong/nhung-bien-chung-nguy-hiem-cua-benh-tieu-duong-2511.html"
"1408","DEMO_425a39f30a","Demographic","Người có tiền sử kháng insulin","Cơ thể đã bắt đầu phản ứng bất thường với insulin, dễ tiến triển sang đái tháo đường.","http://ttyt.tamduong.laichau.gov.vn/quan-ly-nha-nuoc/hoat-dong-doan-doi/dai-thao-duong-tuyp-2-nguyen-nhan-trieu-chung-chan-doan-va-d.html | https://web.archive.org/web/http://ttyt.tamduong.laichau.gov.vn/quan-ly-nha-nuoc/hoat-dong-doan-doi/dai-thao-duong-tuyp-2-nguyen-nhan-trieu-chung-chan-doan-va-d.html"
"1409","DEMO_427d8915cc","Demographic","Trẻ sơ sinh","Nhóm có thể mắc đái tháo đường sơ sinh (trước 1 tuổi) do bất thường di truyền hoặc bệnh lý. | Có thể mắc đái tháo đường sơ sinh do bất thường bẩm sinh hoặc bệnh lý khác. | Nhóm có thể mắc đái tháo đường sơ sinh do rối loạn nội tiết từ khi sinh. | Nhóm có thể mắc đái tháo đường sơ sinh do rối loạn nội tiết bẩm sinh.","https://web.archive.org/web/https://benhviennhitrunguong.gov.vn/benh-dai-thao-duong-o-tre-em.html | https://benhviennhitrunguong.gov.vn/benh-dai-thao-duong-o-tre-em.html | https://web.archive.org/web/https://benhviennhitrunguong.gov.vn/benh-dai-thao-duong-o-tre-em.html | https://benhviennhitrunguong.gov.vn/benh-dai-thao-duong-o-tre-em.html"
"1410","DEMO_42a3d3de70","Demographic","Trẻ dưới 3 tuổi","Khò khè thường do nhiễm virus, ít liên quan đến hen.","https://bachmai.gov.vn/bai-viet/4-dau-hieu-dac-trung-cua-benh-hen?id=cfcfedc5-527d-7f6f-5a9e-002886825b9b"
"1411","DEMO_48a3b2649c","Demographic","Người bệnh đái tháo đường type II","Nhóm đối tượng nghiên cứu là người mắc bệnh đái tháo đường loại 2 đến khám tại phòng nội tiết.","https://sti.vista.gov.vn/publication/view/khao-sat-kien-thuc-ve-che-do-dinh-duong-o-nguoi-benh-dai-thao-duong-type-ii-den-kham-tai-phong-kham-noi-tiet-benh-vien-dai-hoc-y-ha-noi-cc2d1ac3287d1daec58af981357fec82-456065.html"
"1412","DEMO_48b896d228","Demographic","Người bị cao huyết áp","Là yếu tố nguy cơ chính dẫn đến suy thận mạn, cần điều trị tích cực. | Cao huyết áp là yếu tố nguy cơ chính dẫn đến suy giảm chức năng thận. | Nhóm có nguy cơ cao mắc suy thận mạn do sự tương tác hai chiều giữa tăng huyết áp và suy thận. | Cao huyết áp là yếu tố nguy cơ chính dẫn đến suy giảm chức năng thận.","https://bachmai.gov.vn/bai-viet/sai-lam-trong-dinh-duong-khien-suy-than-man-them-tram-trong-dau-la-giai-phap?id=1ff0d3d0-62f4-4159-a23b-758572e7f600 | https://web.archive.org/web/https://bachmai.gov.vn/bai-viet/sai-lam-trong-dinh-duong-khien-suy-than-man-them-tram-trong-dau-la-giai-phap?id=1ff0d3d0-62f4-4159-a23b-758572e7f600 | https://web.archive.org/web/https://bachmai.gov.vn/bai-viet/sai-lam-trong-dinh-duong-khien-suy-than-man-them-tram-trong-dau-la-giai-phap?id=1ff0d3d0-62f4-4159-a23b-758572e7f600 | https://www.vinmec.com/vie/bai-viet/suy-o-nguoi-bi-cao-huyet-ap-nhung-dieu-can-chu-y-vi"
"1413","DEMO_4a72816f64","Demographic","Người bị hen phế quản không kiểm soát tốt","Tình trạng viêm mãn tính và thiếu tuân thủ điều trị làm tăng nguy cơ bùng phát cơn hen ác tính.","https://medlatec.vn/tu-dien-benh-ly/con-hen-ac-tinh"
"1414","DEMO_4a8ff93b80","Demographic","Bệnh nhân nam và nữ","Không phân biệt giới tính trong nghiên cứu, chỉ tập trung vào nhóm tuổi. | Không phân biệt giới tính trong nghiên cứu, chỉ ghi nhận độ tuổi. | Không phân biệt giới tính trong nhóm nghiên cứu, nhưng có thể liên quan đến yếu tố sinh học. | Không phân biệt giới tính trong nghiên cứu, chỉ tập trung vào nhóm tuổi.","https://sti.vista.gov.vn/publication/view/tinh-trang-dinh-duong-va-mot-so-yeu-to-lien-quan-cua-nguoi-benh-dai-thao-duong-typ-2-dieu-tri-noi-tru-tai-benh-vien-da-khoa-xanh-pon-nam-2023-e7cc38bdc9220841bb8ade1a50eee813-455622.html"
"1415","DEMO_4b346ded85","Demographic","Người không có kiến thức về bệnh","Không biết cách quản lý đường huyết và chế độ ăn uống.","http://soyte.hatinh.gov.vn/tin-tuc-su-kien/thong-tin-y-te/luu-y-khi-dieu-tri-dai-thao-duong-type-1.html"
"1416","DEMO_4c347c5043","Demographic","Nữ giới trưởng thành","Người phụ nữ trưởng thành có tỷ lệ mắc hen phế quản cao hơn nam giới.","https://www.vinmec.com/vie/bai-viet/lam-nao-de-chan-doan-hen-phe-quan-vi"
"1417","DEMO_4c61f13ff7","Demographic","Bệnh nhân có thời gian mắc bệnh >5 năm","Nhóm có nguy cơ cao phát triển biến chứng mắt.","https://nsti.vista.gov.vn/publication/view/dac-diem-lam-sang-can-lam-sang-va-bien-chung-mat-tren-benh-nhan-dai-thao-duong-type-2-dieu-tri-tai-khoa-noi-3-benh-vien-huu-nghi-viet-tiep-hai-phong-339420.html"
"1418","DEMO_4c6a8eb4c7","Demographic","Bệnh nhân suy thận mạn","Nhóm bệnh nhân có chức năng thận giảm sút kéo dài, dễ bị biến chứng tăng huyết áp và tổn thương cơ quan.","https://web.archive.org/web/https://www.vinmec.com/vie/bai-viet/suy-o-nguoi-bi-cao-huyet-ap-nhung-dieu-can-chu-y-vi"
"1419","DEMO_4d64cc8d2f","Demographic","Người nghiện thuốc lá","Nguyên nhân hàng đầu gây COPD, đặc biệt ở nam giới hút thuốc lâu dài.","http://benhvienphoi.hatinh.gov.vn/chi-tiet-tin-tuc?slug=hay-nhan-biet-som-va-phong-ngua-benh-phoi-tac-nghen-man-tinh-copd | https://web.archive.org/web/http://benhvienphoi.hatinh.gov.vn/chi-tiet-tin-tuc?slug=hay-nhan-biet-som-va-phong-ngua-benh-phoi-tac-nghen-man-tinh-copd"
"1420","DEMO_4e63878aa2","Demographic","Người từng bị rối loạn đường huyết","Có tiền sử bệnh lý đường máu, dễ tiến triển sang đái tháo đường. | Có tiền sử bệnh lý, dễ tiến triển sang đái tháo đường.","https://web.archive.org/web/http://soyte.hatinh.gov.vn/tin-tuc-su-kien/thong-tin-y-te/bai-truyen-thong-benh-dai-thao-duong-va-cach-phong-ngua-benh.html | http://soyte.hatinh.gov.vn/tin-tuc-su-kien/thong-tin-y-te/bai-truyen-thong-benh-dai-thao-duong-va-cach-phong-ngua-benh.html"
"1421","DEMO_4edc7ec582","Demographic","Người bị tăng huyết áp kéo dài","Nhóm có nguy cơ cao mắc hẹp động mạch thận do tổn thương mạch máu.","https://web.archive.org/web/https://medlatec.vn/tin-tuc/hep-dong-mach-than-la-gi-muc-do-nguy-hiem-va-phuong-phap-dieu-tri"
"1422","DEMO_535891d2eb","Demographic","Người bệnh chạy thận","43,8% các ca chạy thận do biến chứng thận từ đái tháo đường.","https://benhvientinh.caobang.gov.vn/index.php/vi/news/tin-tuc-su-kien/bien-chung-than-do-dai-thao-duong-6-dieu-nguoi-benh-phai-chu-y-710.html"
"1423","DEMO_53bbc4bb16","Demographic","Người có tiền sử xơ vữa động mạch","Là yếu tố nguy cơ tim mạch, tăng nguy cơ nhồi máu cơ tim và đột quỵ do ĐTĐ. | Là yếu tố nguy cơ cao cho biến chứng tim mạch do ĐTĐ. | Tăng nguy cơ hẹp do mảng bám cholesterol tích tụ trong lòng mạch.","https://web.archive.org/web/https://www.vinmec.com/vie/bai-viet/tong-quan-ve-benh-dai-thao-duong-vi | https://www.vinmec.com/vie/bai-viet/tong-quan-ve-benh-dai-thao-duong-vi | https://web.archive.org/web/https://medlatec.vn/tin-tuc/hep-dong-mach-than-la-gi-muc-do-nguy-hiem-va-phuong-phap-dieu-tri"
"1424","DEMO_5522763a4d","Demographic","Người bị hội chứng Alport","Bệnh di truyền gây tổn thương thận từ nhỏ.","https://web.archive.org/web/http://soyte.hatinh.gov.vn/tin-tuc-su-kien/pho-bien-kien-thuc/dau-hieu-benh-than-va-suy-than-.html | http://soyte.hatinh.gov.vn/tin-tuc-su-kien/pho-bien-kien-thuc/dau-hieu-benh-than-va-suy-than-.html"
"1425","DEMO_55e86ea236","Demographic","Người có biến chứng thần kinh ngoại biên không được chẩn đoán","60% số ca bị bỏ qua, dẫn đến hậu quả nặng nề về sức khỏe và tinh thần.","https://bachmai.gov.vn/bai-viet/dai-thao-duong-bien-chung-tim-mach-va-than-kinh-ngoai-bien-sat-thu-tham-lang?id=994f4df4-95c1-4760-8aee-8d07a69f9fe1"
"1426","DEMO_5646b0739e","Demographic","Bệnh nhân type 2","Có nguy cơ cao rối loạn lipid máu và tổn thương mạch máu nhỏ, giảm cân chậm. | Tụy vẫn sản xuất insulin nhưng không đáp ứng, dẫn đến giảm cân chậm và khó phát hiện. | Có nguy cơ tăng glucose máu, rối loạn lipid và biến chứng mãn tính nặng hơn nếu không kiểm soát. | Có nguy cơ tăng đường huyết, rối loạn lipid và tổn thương thần kinh thực vật. Biến chứng mãn tính phổ biến hơn. | Có nguy cơ cao rối loạn lipid máu và tổn thương mạch máu nhỏ do kiểm soát kém. | Thường không gầy, giảm cân từ từ và khó nhận thấy. Khởi phát muộn hơn, thường ở người trung niên trở lên. | Có nguy cơ tăng glucose máu, rối loạn lipid và tổn thương mạch máu nhỏ. | Tụy vẫn sản xuất insulin nhưng không đáp ứng, giảm cân chậm và khó nhận thấy. | Thường không gầy, giảm cân từ từ, dễ bị tăng glucose máu và biến chứng mãn tính. | Có nguy cơ tăng glucose máu, rối loạn lipid và tổn thương mạch máu nhỏ. | Dễ gặp tăng glucose máu và tổn thương mạch máu nhỏ do kháng insulin, giảm cân chậm. | Có nguy cơ cao rối loạn lipid máu và tổn thương mạch máu nhỏ, thường phát triển chậm hơn. | Có nguy cơ tăng glucose máu, rối loạn lipid và tổn thương mạch máu nhỏ. | Thường không gầy, khởi phát muộn, liên quan đến tuổi tác và lối sống. | Có nguy cơ tăng glucose máu, rối loạn lipid và tổn thương mạch máu nhỏ. | Thường không gầy, giảm cân từ từ, khó nhận thấy, dễ bị tăng glucose máu. | Tụy vẫn sản xuất insulin nhưng không đáp ứng, dẫn đến tăng đường chậm và khó nhận thấy. | Có nguy cơ tăng glucose máu, rối loạn lipid và tổn thương mạch máu nhỏ. | Có nguy cơ cao rối loạn lipid máu và tổn thương mạch máu nhỏ, giảm cân chậm. | Có nguy cơ cao rối loạn lipid máu và tổn thương mạch máu nhỏ do kiểm soát kém. | Có nguy cơ cao rối loạn lipid máu và tổn thương mạch máu nhỏ, giảm cân chậm. | Có nguy cơ tăng glucose máu, rối loạn lipid và tổn thương mạch máu nhỏ. | Tụy vẫn sản xuất insulin nhưng không đáp ứng → giảm cân chậm, khó phát hiện. | Tụy vẫn sản xuất insulin nhưng không đáp ứng, giảm cân chậm và khó nhận thấy. | Có nguy cơ cao rối loạn lipid máu và tổn thương mạch máu nhỏ do kiểm soát kém. | Tụy vẫn sản xuất insulin nhưng không đáp ứng, dẫn đến tăng đường chậm và khó nhận thấy. | Tụy vẫn sản xuất insulin nhưng không đáp ứng, dẫn đến giảm cân từ từ và khó phát hiện. | Tụy vẫn sản xuất insulin nhưng không đáp ứng → giảm cân từ từ, khó nhận thấy. | Có nguy cơ cao rối loạn lipid máu và tổn thương mạch máu nhỏ, giảm cân chậm. | Tụy vẫn sản xuất insulin nhưng không đáp ứng, dẫn đến tăng nguy cơ biến chứng mãn tính và giảm cân chậm. | Có nguy cơ rối loạn lipid máu và tổn thương mạch máu nhỏ cao hơn, giảm cân chậm. | Tụy vẫn sản xuất insulin nhưng không đáp ứng, dẫn đến tăng đường chậm và khó nhận thấy. | Có nguy cơ cao rối loạn lipid máu và tổn thương mạch máu nhỏ do kiểm soát kém. | Tụy vẫn sản xuất insulin nhưng không đáp ứng, dẫn đến tăng đường chậm và khó nhận thấy. | Có nguy cơ cao rối loạn lipid máu và tổn thương mạch máu nhỏ do kiểm soát kém. | Có nguy cơ tăng glucose máu và rối loạn lipid cao, giảm cân chậm. | Tụy vẫn sản xuất insulin nhưng không đáp ứng, giảm cân chậm và khó nhận thấy. | Có nguy cơ tăng glucose máu, rối loạn lipid và tổn thương mạch máu nhỏ. | Có nguy cơ rối loạn lipid máu và tổn thương mạch máu nhỏ, thường tiến triển chậm. | Có nguy cơ tăng glucose máu, rối loạn lipid và tổn thương mạch máu nhỏ. | Có nguy cơ tăng glucose máu, rối loạn lipid và tổn thương mạch máu nhỏ. | Có nguy cơ biến chứng mãn tính cao hơn, đặc biệt là tổn thương mạch máu nhỏ và rối loạn lipid. | Có nguy cơ cao rối loạn lipid máu và tổn thương mạch máu nhỏ, giảm cân chậm. | Có nguy cơ cao rối loạn lipid máu và tổn thương mạch máu nhỏ do kiểm soát kém. | Có nguy cơ tăng đường huyết, rối loạn lipid và tổn thương thần kinh thực vật. Biến chứng mãn tính phổ biến hơn.","https://bachmai.gov.vn/bai-viet/bien-chung-cua-benh-dai-thao-duong?id=f17ffc43-5abb-5dcb-54d1-d3887440a421 | https://web.archive.org/web/https://bachmai.gov.vn/bai-viet/bien-chung-cua-benh-dai-thao-duong?id=f17ffc43-5abb-5dcb-54d1-d3887440a421 | https://web.archive.org/web/https://bachmai.gov.vn/bai-viet/bien-chung-cua-benh-dai-thao-duong?id=f17ffc43-5abb-5dcb-54d1-d3887440a421 | https://bachmai.gov.vn/bai-viet/bien-chung-cua-benh-dai-thao-duong?id=f17ffc43-5abb-5dcb-54d1-d3887440a421 | https://bachmai.gov.vn/bai-viet/bien-chung-cua-benh-dai-thao-duong?id=f17ffc43-5abb-5dcb-54d1-d3887440a421 | https://web.archive.org/web/https://bachmai.gov.vn/bai-viet/bien-chung-cua-benh-dai-thao-duong?id=f17ffc43-5abb-5dcb-54d1-d3887440a421 | https://bachmai.gov.vn/bai-viet/bien-chung-cua-benh-dai-thao-duong?id=f17ffc43-5abb-5dcb-54d1-d3887440a421 | https://web.archive.org/web/https://bachmai.gov.vn/bai-viet/bien-chung-cua-benh-dai-thao-duong?id=f17ffc43-5abb-5dcb-54d1-d3887440a421 | https://web.archive.org/web/https://bachmai.gov.vn/bai-viet/bien-chung-cua-benh-dai-thao-duong?id=f17ffc43-5abb-5dcb-54d1-d3887440a421 | https://bachmai.gov.vn/bai-viet/bien-chung-cua-benh-dai-thao-duong?id=f17ffc43-5abb-5dcb-54d1-d3887440a421 | https://web.archive.org/web/https://bachmai.gov.vn/bai-viet/bien-chung-cua-benh-dai-thao-duong?id=f17ffc43-5abb-5dcb-54d1-d3887440a421 | https://chanthuongvacotsong.bachmai.gov.vn/bien-chung-cua-benh-dai-thao-duong/ | https://bachmai.gov.vn/bai-viet/bien-chung-cua-benh-dai-thao-duong?id=f17ffc43-5abb-5dcb-54d1-d3887440a421 | https://bachmai.gov.vn/bai-viet/bien-chung-cua-benh-dai-thao-duong?id=f17ffc43-5abb-5dcb-54d1-d3887440a421 | https://web.archive.org/web/https://bachmai.gov.vn/bai-viet/bien-chung-cua-benh-dai-thao-duong?id=f17ffc43-5abb-5dcb-54d1-d3887440a421 | https://web.archive.org/web/https://bachmai.gov.vn/bai-viet/bien-chung-cua-benh-dai-thao-duong?id=f17ffc43-5abb-5dcb-54d1-d3887440a421 | https://chanthuongvacotsong.bachmai.gov.vn/bien-chung-cua-benh-dai-thao-duong/ | https://bachmai.gov.vn/bai-viet/bien-chung-cua-benh-dai-thao-duong?id=f17ffc43-5abb-5dcb-54d1-d3887440a421 | https://web.archive.org/web/https://bachmai.gov.vn/bai-viet/bien-chung-cua-benh-dai-thao-duong?id=f17ffc43-5abb-5dcb-54d1-d3887440a421 | https://web.archive.org/web/https://chanthuongvacotsong.bachmai.gov.vn/bien-chung-cua-benh-dai-thao-duong/ | https://chanthuongvacotsong.bachmai.gov.vn/bien-chung-cua-benh-dai-thao-duong/ | https://web.archive.org/web/https://bachmai.gov.vn/bai-viet/bien-chung-cua-benh-dai-thao-duong?id=f17ffc43-5abb-5dcb-54d1-d3887440a421 | https://chanthuongvacotsong.bachmai.gov.vn/bien-chung-cua-benh-dai-thao-duong/ | https://web.archive.org/web/https://bachmai.gov.vn/bai-viet/bien-chung-cua-benh-dai-thao-duong?id=f17ffc43-5abb-5dcb-54d1-d3887440a421 | https://web.archive.org/web/https://bachmai.gov.vn/bai-viet/bien-chung-cua-benh-dai-thao-duong?id=f17ffc43-5abb-5dcb-54d1-d3887440a421 | https://bachmai.gov.vn/bai-viet/bien-chung-cua-benh-dai-thao-duong?id=f17ffc43-5abb-5dcb-54d1-d3887440a421 | https://web.archive.org/web/https://bachmai.gov.vn/bai-viet/bien-chung-cua-benh-dai-thao-duong?id=f17ffc43-5abb-5dcb-54d1-d3887440a421 | https://web.archive.org/web/https://bachmai.gov.vn/bai-viet/bien-chung-cua-benh-dai-thao-duong?id=f17ffc43-5abb-5dcb-54d1-d3887440a421 | https://bachmai.gov.vn/bai-viet/bien-chung-cua-benh-dai-thao-duong?id=f17ffc43-5abb-5dcb-54d1-d3887440a421"
"1427","DEMO_56b1fa572a","Demographic","Người bị bệnh nội tiết","Rối loạn hormone ảnh hưởng đến huyết áp.","https://web.archive.org/web/https://bachmai.gov.vn/tin-chi-tiet/-/bai-viet/tang-huyet-ap-can-benh-tham-lang-nhung-nguy-hiem-8463-146.html"
"1428","DEMO_56b4bc842c","Demographic","Người có rối loạn tâm lý","Lo âu, căng thẳng, sang chấn tâm lý có thể làm khởi phát cơn hen.","https://www.vinmec.com/vie/benh/hen-phe-quan-2949"
"1429","DEMO_5728fe2895","Demographic","Người có tiền sử thai sản đặc biệt","Nhóm có nguy cơ cao mắc đái tháo đường týp 2 do yếu tố di truyền và sinh lý. | Nhóm có nguy cơ cao mắc đái tháo đường týp 2 do yếu tố di truyền và sinh lý. | Nhóm có nguy cơ cao mắc đái tháo đường týp 2. | Nhóm có nguy cơ cao mắc đái tháo đường týp 2 do yếu tố di truyền và sinh lý. | Nhóm có nguy cơ cao mắc đái tháo đường týp 2 do yếu tố di truyền và sinh lý.","https://chanthuongvacotsong.bachmai.gov.vn/huong-dan-chan-doan-va-dieu-tri-dai-thao-duong-type-2/ | https://web.archive.org/web/https://chanthuongvacotsong.bachmai.gov.vn/huong-dan-chan-doan-va-dieu-tri-dai-thao-duong-type-2/ | https://web.archive.org/web/https://chanthuongvacotsong.bachmai.gov.vn/huong-dan-chan-doan-va-dieu-tri-dai-thao-duong-type-2/ | https://chanthuongvacotsong.bachmai.gov.vn/huong-dan-chan-doan-va-dieu-tri-dai-thao-duong-type-2/ | https://chanthuongvacotsong.bachmai.gov.vn/huong-dan-chan-doan-va-dieu-tri-dai-thao-duong-type-2/ | https://web.archive.org/web/https://chanthuongvacotsong.bachmai.gov.vn/huong-dan-chan-doan-va-dieu-tri-dai-thao-duong-type-2/"
"1430","DEMO_5b72fe6d62","Demographic","Người ≥45 tuổi không có triệu chứng ĐTĐ","Nhóm cần được tầm soát định kỳ để phát hiện sớm đái tháo đường.","https://web.archive.org/web/https://www.benhviendakhoasongma.gov.vn/bai-viet/benh-dai-thao-duong-220"
"1431","DEMO_5cf2c9b186","Demographic","Phụ nữ chiếm đa số","Tỷ lệ mắc bệnh ở nữ giới cao hơn nam giới, đạt 65,7%. | Tỷ lệ mắc ở nữ giới là 65,7%, tập trung chủ yếu trong độ tuổi 60-69.","https://web.archive.org/web/https://sti.vista.gov.vn/publication/view/nghien-cuu-dac-diem-lam-sang-can-lam-sang-va-chi-so-dien-than-kinh-co-o-nguoi-benh-dai-thao-duong-type-2-co-bien-chung-than-kinh-ngoai-vi-tai-benh-vie-d41b03674c28b600d59c115392319110-455331.html | https://sti.vista.gov.vn/publication/view/nghien-cuu-dac-diem-lam-sang-can-lam-sang-va-chi-so-dien-than-kinh-co-o-nguoi-benh-dai-thao-duong-type-2-co-bien-chung-than-kinh-ngoai-vi-tai-benh-vie-d41b03674c28b600d59c115392319110-455331.html"
"1432","DEMO_5d2cf60753","Demographic","Người trẻ em","Hệ hô hấp chưa phát triển đầy đủ, dễ bị kích thích bởi dị nguyên.","https://www.vinmec.com/vie/benh/hen-phe-quan-2949"
"1433","DEMO_5e7e50bcf6","Demographic","Bệnh nhân ĐTĐ type 2","Nhóm bệnh nhân được sàng lọc ngay khi chẩn đoán và hàng năm sau đó.","https://web.archive.org/web/https://vista.gov.vn/vi/news/cac-linh-vuc-khoa-hoc-va-cong-nghe/dau-an-sinh-hoc-moi-trong-phat-trien-som-bien-chung-than-do-dai-thao-duong-9409.html"
"1434","DEMO_62bb4bdae0","Demographic","Người dùng thuốc Biguanide thế hệ 1","Nguy cơ nhiễm toan acid lactic do giảm khả năng đào thải acid lactic.","https://bachmai.gov.vn/bai-viet/bien-chung-cua-benh-dai-thao-duong?id=f17ffc43-5abb-5dcb-54d1-d3887440a421"
"1435","DEMO_642d298862","Demographic","Trẻ em Việt Nam","Chiếm tỷ lệ cao trong tổng số bệnh nhân ĐTĐ, đặc biệt là ĐTĐ típ 1.","https://benhviennhitrunguong.gov.vn/hoi-thao-xu-huong-dieu-tri-dai-thao-duong-tip-1-chung-ta-khong-the-dung-ngoai.html"
"1436","DEMO_65b578e494","Demographic","Người có kỳ vọng sống thấp","Nhóm cần điều trị cá thể hóa theo mục tiêu sinh tồn và chất lượng cuộc sống.","https://web.archive.org/web/https://bachmai.gov.vn/bai-viet/doi-moi-tu-duy-dieu-tri-dai-thao-duong-typ-2-va-chien-luoc-kiem-soat-toan-dien-bien-chung-than-kinh?id=090463d0-4515-40c8-919c-8bebc41e2c01"
"1437","DEMO_65d34b9694","Demographic","Người bị suy tim","Nhóm cần được điều trị SGLT2i để giảm nguy cơ nhập viện do suy tim và bảo tồn chức năng thận.","https://bachmai.gov.vn/bai-viet/doi-moi-tu-duy-dieu-tri-dai-thao-duong-typ-2-va-chien-luoc-kiem-soat-toan-dien-bien-chung-than-kinh?id=090463d0-4515-40c8-919c-8bebc41e2c01"
"1438","DEMO_65f785693c","Demographic","Trẻ em dưới 20 tuổi tại châu Á","Nhóm có nguy cơ cao do yếu tố di truyền và môi trường sống.","https://web.archive.org/web/https://benhviennhitrunguong.gov.vn/hoi-thao-xu-huong-dieu-tri-dai-thao-duong-tip-1-chung-ta-khong-the-dung-ngoai.html"
"1439","DEMO_665dd837e8","Demographic","Người thừa cân - béo phì","Những người béo phì thừa cân thường có nguy cơ mắc THA cao hơn những người có cân nặng bình thường.","https://web.archive.org/web/http://soyte.hatinh.gov.vn/tin-tuc-su-kien/pho-bien-kien-thuc/4-bien-phap-chu-yeu-phong-benh-tang-huyet-ap.html | http://soyte.hatinh.gov.vn/tin-tuc-su-kien/pho-bien-kien-thuc/4-bien-phap-chu-yeu-phong-benh-tang-huyet-ap.html | https://web.archive.org/web/https://vncdc.gov.vn/4-bien-phap-chu-yeu-phong-benh-tang-huyet-ap-nd14878.html"
"1440","DEMO_665dd837e8","Demographic","Người thừa cân, béo phì","Nhóm nguy cơ cao do ảnh hưởng của trọng lượng cơ thể. | Tăng nguy cơ mắc bệnh do tải trọng cơ thể và rối loạn chuyển hóa. | Nhóm nguy cơ cao do ảnh hưởng của trọng lượng cơ thể.","https://web.archive.org/web/https://bachmai.gov.vn/tin-chi-tiet/-/bai-viet/tang-huyet-ap-can-benh-tham-lang-nhung-nguy-hiem-8463-146.html"
"1441","DEMO_669cd7bcc9","Demographic","Bệnh nhân type 1","Có nguy cơ cao nhiễm toan ceton do thiếu insulin hoàn toàn. | Thiếu insulin hoàn toàn, dễ bị nhiễm toan ceton, gầy nhiều do dị hóa lipid và protein. | Có nguy cơ nhiễm toan ceton do thiếu insulin hoàn toàn. | Có nguy cơ nhiễm toan ceton do thiếu insulin. Thường gặp biến chứng cấp tính. | Thường biểu hiện gầy nhiều, sút cân nhanh do thiếu insulin. Khởi phát sớm, thường ở trẻ em hoặc thanh niên. | Có nguy cơ cao nhiễm toan ceton do thiếu insulin hoàn toàn. | Có nguy cơ nhiễm toan ceton do thiếu insulin hoàn toàn. | Thiếu insulin hoàn toàn, thường gầy nhiều, dễ bị nhiễm toan ceton. | Thiếu insulin hoàn toàn, dễ bị nhiễm toan ceton, gầy nhiều do dị hóa protein-lipid. | Có nguy cơ nhiễm toan ceton do thiếu insulin hoàn toàn. | Thường biểu hiện gầy nhiều, thiếu insulin hoàn toàn, dễ bị nhiễm toan ceton. | Có nguy cơ cao nhiễm toan ceton do thiếu insulin hoàn toàn. | Dễ gặp nhiễm toan ceton do thiếu insulin hoàn toàn, thường biểu hiện gầy nhiều. | Có nguy cơ nhiễm toan ceton do thiếu insulin hoàn toàn. | Có nguy cơ nhiễm toan ceton do thiếu insulin hoàn toàn. | Thường biểu hiện gầy nhiều, khởi phát sớm, thường ở trẻ em hoặc thanh thiếu niên. | Thiếu insulin hoàn toàn, dẫn đến gầy nhiều, nhiễm toan ceton, và dễ bị hạ đường huyết. | Thường biểu hiện gầy nhiều, thiếu insulin hoàn toàn, dễ bị nhiễm toan ceton. | Có nguy cơ cao nhiễm toan ceton do thiếu insulin hoàn toàn. | Có nguy cơ nhiễm toan ceton do thiếu insulin hoàn toàn. | Có nguy cơ cao nhiễm toan ceton do thiếu insulin hoàn toàn. | Có nguy cơ nhiễm toan ceton do thiếu insulin hoàn toàn. | Thiếu insulin hoàn toàn → dễ bị nhiễm toan ceton, gầy nhiều nhanh. | Có nguy cơ cao nhiễm toan ceton do thiếu insulin hoàn toàn. | Thiếu insulin hoàn toàn, dẫn đến gầy nhiều, nhiễm toan ceton, và dễ bị hạ đường huyết. | Thiếu insulin hoàn toàn, dễ bị nhiễm toan ceton, gầy nhiều do dị hóa lipid-protein. | Có nguy cơ cao nhiễm toan ceton do thiếu insulin hoàn toàn. | Thiếu insulin hoàn toàn, dẫn đến gầy nhiều, nhiễm toan ceton, dễ bị hạ đường huyết. | Thiếu insulin → cơ thể dị hóa protein/lipid → gầy nhiều nhanh (5–10kg trong vài tháng). | Thiếu insulin hoàn toàn, dễ bị nhiễm toan ceton, gầy nhiều do dị hóa lipid và protein. | Thiếu insulin hoàn toàn, dẫn đến gầy nhiều, nhiễm toan ceton, và dễ bị hạ đường huyết. | Có nguy cơ nhiễm toan ceton cao do thiếu insulin hoàn toàn. | Có nguy cơ cao nhiễm toan ceton do thiếu insulin hoàn toàn. | Thiếu insulin hoàn toàn, dẫn đến gầy nhiều, nhiễm toan ceton, và dễ bị hạ đường huyết. | Có nguy cơ cao nhiễm toan ceton do thiếu insulin hoàn toàn. | Có nguy cơ nhiễm toan ceton cao do thiếu insulin hoàn toàn. | Có nguy cơ nhiễm toan ceton do thiếu insulin hoàn toàn. | Thiếu insulin hoàn toàn, dễ bị nhiễm toan ceton, gầy nhiều do dị hóa lipid và protein. | Có nguy cơ nhiễm toan ceton do thiếu insulin hoàn toàn. | Có nguy cơ nhiễm toan ceton do thiếu insulin hoàn toàn. | Có nguy cơ cao nhiễm toan ceton do thiếu insulin hoàn toàn. | Có nguy cơ nhiễm toan ceton do thiếu insulin. Thường gặp biến chứng cấp tính. | Có nguy cơ cao nhiễm toan ceton do thiếu insulin hoàn toàn. | Có nguy cơ nhiễm toan ceton do thiếu insulin. Thường gặp biến chứng cấp tính.","https://bachmai.gov.vn/bai-viet/bien-chung-cua-benh-dai-thao-duong?id=f17ffc43-5abb-5dcb-54d1-d3887440a421 | https://web.archive.org/web/https://bachmai.gov.vn/bai-viet/bien-chung-cua-benh-dai-thao-duong?id=f17ffc43-5abb-5dcb-54d1-d3887440a421 | https://web.archive.org/web/https://bachmai.gov.vn/bai-viet/bien-chung-cua-benh-dai-thao-duong?id=f17ffc43-5abb-5dcb-54d1-d3887440a421 | https://bachmai.gov.vn/bai-viet/bien-chung-cua-benh-dai-thao-duong?id=f17ffc43-5abb-5dcb-54d1-d3887440a421 | https://bachmai.gov.vn/bai-viet/bien-chung-cua-benh-dai-thao-duong?id=f17ffc43-5abb-5dcb-54d1-d3887440a421 | https://web.archive.org/web/https://bachmai.gov.vn/bai-viet/bien-chung-cua-benh-dai-thao-duong?id=f17ffc43-5abb-5dcb-54d1-d3887440a421 | https://bachmai.gov.vn/bai-viet/bien-chung-cua-benh-dai-thao-duong?id=f17ffc43-5abb-5dcb-54d1-d3887440a421 | https://web.archive.org/web/https://bachmai.gov.vn/bai-viet/bien-chung-cua-benh-dai-thao-duong?id=f17ffc43-5abb-5dcb-54d1-d3887440a421 | https://web.archive.org/web/https://bachmai.gov.vn/bai-viet/bien-chung-cua-benh-dai-thao-duong?id=f17ffc43-5abb-5dcb-54d1-d3887440a421 | https://bachmai.gov.vn/bai-viet/bien-chung-cua-benh-dai-thao-duong?id=f17ffc43-5abb-5dcb-54d1-d3887440a421 | https://web.archive.org/web/https://bachmai.gov.vn/bai-viet/bien-chung-cua-benh-dai-thao-duong?id=f17ffc43-5abb-5dcb-54d1-d3887440a421 | https://chanthuongvacotsong.bachmai.gov.vn/bien-chung-cua-benh-dai-thao-duong/ | https://bachmai.gov.vn/bai-viet/bien-chung-cua-benh-dai-thao-duong?id=f17ffc43-5abb-5dcb-54d1-d3887440a421 | https://bachmai.gov.vn/bai-viet/bien-chung-cua-benh-dai-thao-duong?id=f17ffc43-5abb-5dcb-54d1-d3887440a421 | https://web.archive.org/web/https://bachmai.gov.vn/bai-viet/bien-chung-cua-benh-dai-thao-duong?id=f17ffc43-5abb-5dcb-54d1-d3887440a421 | https://web.archive.org/web/https://bachmai.gov.vn/bai-viet/bien-chung-cua-benh-dai-thao-duong?id=f17ffc43-5abb-5dcb-54d1-d3887440a421 | https://chanthuongvacotsong.bachmai.gov.vn/bien-chung-cua-benh-dai-thao-duong/ | https://bachmai.gov.vn/bai-viet/bien-chung-cua-benh-dai-thao-duong?id=f17ffc43-5abb-5dcb-54d1-d3887440a421 | https://web.archive.org/web/https://bachmai.gov.vn/bai-viet/bien-chung-cua-benh-dai-thao-duong?id=f17ffc43-5abb-5dcb-54d1-d3887440a421 | https://web.archive.org/web/https://chanthuongvacotsong.bachmai.gov.vn/bien-chung-cua-benh-dai-thao-duong/ | https://chanthuongvacotsong.bachmai.gov.vn/bien-chung-cua-benh-dai-thao-duong/ | https://web.archive.org/web/https://bachmai.gov.vn/bai-viet/bien-chung-cua-benh-dai-thao-duong?id=f17ffc43-5abb-5dcb-54d1-d3887440a421 | https://chanthuongvacotsong.bachmai.gov.vn/bien-chung-cua-benh-dai-thao-duong/ | https://web.archive.org/web/https://bachmai.gov.vn/bai-viet/bien-chung-cua-benh-dai-thao-duong?id=f17ffc43-5abb-5dcb-54d1-d3887440a421 | https://web.archive.org/web/https://bachmai.gov.vn/bai-viet/bien-chung-cua-benh-dai-thao-duong?id=f17ffc43-5abb-5dcb-54d1-d3887440a421 | https://bachmai.gov.vn/bai-viet/bien-chung-cua-benh-dai-thao-duong?id=f17ffc43-5abb-5dcb-54d1-d3887440a421 | https://web.archive.org/web/https://bachmai.gov.vn/bai-viet/bien-chung-cua-benh-dai-thao-duong?id=f17ffc43-5abb-5dcb-54d1-d3887440a421 | https://web.archive.org/web/https://bachmai.gov.vn/bai-viet/bien-chung-cua-benh-dai-thao-duong?id=f17ffc43-5abb-5dcb-54d1-d3887440a421 | https://bachmai.gov.vn/bai-viet/bien-chung-cua-benh-dai-thao-duong?id=f17ffc43-5abb-5dcb-54d1-d3887440a421"
"1442","DEMO_67facb402e","Demographic","Người tiếp xúc nghề nghiệp khói bụi","Những người làm việc trong môi trường có hóa chất, khói bụi dễ mắc COPD do tổn thương phổi.","http://benhvienphoi.hatinh.gov.vn/chi-tiet-tin-tuc?slug=hay-nhan-biet-som-va-phong-ngua-benh-phoi-tac-nghen-man-tinh-copd | https://web.archive.org/web/http://benhvienphoi.hatinh.gov.vn/chi-tiet-tin-tuc?slug=hay-nhan-biet-som-va-phong-ngua-benh-phoi-tac-nghen-man-tinh-copd"
"1443","DEMO_69b771872a","Demographic","Những người có tạng Atopy","Trên 50% bệnh nhân hen phế quản có cơ địa dị ứng (tạng Atopy).","https://www.vinmec.com/vie/bai-viet/lam-nao-de-chan-doan-hen-phe-quan-vi"
"1444","DEMO_6ce8af09fa","Demographic","Người có dị ứng lông chó mèo","Nhóm dễ bị kích thích bởi yếu tố môi trường.","https://www.vinmec.com/vie/bai-viet/bien-chung-lau-dai-cua-benh-hen-phe-quan-vi"
"1445","DEMO_6d28c6a6b8","Demographic","Người có bệnh thận mạn","Có nguy cơ rất cao và cần điều trị tích cực để tránh biến chứng. | Nhóm có nguy cơ rất cao do tổn thương cơ quan đích và biến chứng tim mạch.","https://web.archive.org/web/https://chanthuongvacotsong.bachmai.gov.vn/huong-dan-chan-doan-va-dieu-tri-tang-huyet-ap/ | https://web.archive.org/web/https://chanthuongvacotsong.bachmai.gov.vn/huong-dan-chan-doan-va-dieu-tri-tang-huyet-ap/ | https://chanthuongvacotsong.bachmai.gov.vn/huong-dan-chan-doan-va-dieu-tri-tang-huyet-ap/"
"1446","DEMO_6e024d4003","Demographic","Phụ nữ nhiều hơn nam","Tỷ lệ giới tính không cân bằng, có thể ảnh hưởng đến kết quả nghiên cứu.","https://nsti.vista.gov.vn/publication/view/nghien-cuu-dac-diem-lam-sang-can-lam-sang-va-danh-gia-bien-chung-than-o-benh-nhan-dai-thao-duong-tip-2-tai-khoa-noi-tiet-benh-vien-trung-uong-103-quan-doi-nhan-dan-lao-373086.html"
"1447","DEMO_6f30abeb35","Demographic","Người bị béo phì","Nhóm dễ mắc đái tháo đường và có nguy cơ cao biến chứng tim mạch, cần điều trị GLP-1 RA. | Béo phì là yếu tố kích thích hen và làm nặng thêm bệnh. | Là một yếu tố kích thích hen, ảnh hưởng đến chức năng hô hấp. | Nhóm có nguy cơ cao do tải trọng cơ thể ảnh hưởng đến chức năng hô hấp. | Nhóm có nguy cơ cao do tải trọng cơ thể ảnh hưởng đến chức năng hô hấp.","https://bachmai.gov.vn/bai-viet/doi-moi-tu-duy-dieu-tri-dai-thao-duong-typ-2-va-chien-luoc-kiem-soat-toan-dien-bien-chung-than-kinh?id=090463d0-4515-40c8-919c-8bebc41e2c01 | https://benhviennhitrunguong.gov.vn/loi-khuyen-cua-cac-chuyen-gia-di-ung-ve-benh-hen-2.html | https://web.archive.org/web/https://benhviennhitrunguong.gov.vn/loi-khuyen-cua-cac-chuyen-gia-di-ung-ve-benh-hen-2.html | https://tamanhhospital.vn/giai-doan-benh-phoi-tac-nghen-man-tinh/ | https://tamanhhospital.vn/giai-doan-benh-phoi-tac-nghen-man-tinh/"
"1448","DEMO_7090fe3918","Demographic","Trẻ em dưới 20 tuổi tại các nước đang phát triển","Nhóm có nguy cơ cao mắc ĐTĐ típ 1 do yếu tố di truyền, môi trường và điều kiện chăm sóc sức khỏe.","https://web.archive.org/web/https://benhviennhitrunguong.gov.vn/hoi-thao-xu-huong-dieu-tri-dai-thao-duong-tip-1-chung-ta-khong-the-dung-ngoai.html"
"1449","DEMO_70e28f38e8","Demographic","Người bệnh ĐTĐ không được chẩn đoán thần kinh ngoại biên","Có đến 60% bệnh nhân ĐTĐ mắc biến chứng này nhưng chưa được phát hiện, dẫn đến hậu quả nghiêm trọng. | 60% số bệnh nhân ĐTĐ mắc biến chứng này nhưng chưa được phát hiện, dẫn đến hậu quả nghiêm trọng. | 60% số bệnh nhân mắc biến chứng này nhưng chưa được phát hiện, dẫn đến hậu quả nghiêm trọng. | 60% số bệnh nhân mắc biến chứng này nhưng chưa được phát hiện, dẫn đến hậu quả nặng nề.","https://bachmai.gov.vn/bai-viet/dai-thao-duong-bien-chung-tim-mach-va-than-kinh-ngoai-bien-sat-thu-tham-lang?id=994f4df4-95c1-4760-8aee-8d07a69f9fe1"
"1450","DEMO_710482a9e1","Demographic","Người không tầm soát định kỳ","Không khám định kỳ dẫn đến không điều chỉnh phác đồ kịp thời.","https://bachmai.gov.vn/tin-chi-tiet/-/bai-viet/dai-thao-duong-can-benh-nhieu-bien-chung-nguy-hiem-8-trieu-nguoi-viet-nam-dang-mac-9624-146.html"
"1451","DEMO_7569fd7dfb","Demographic","Người lao động nữ công nghiệp","Nhóm có nguy cơ cao mắc bệnh do điều kiện làm việc và thiếu chăm sóc sức khỏe.","https://web.archive.org/web/http://www.tapchiyhocduphong.vn/tap-chi-y-hoc-du-phong/2015/08/kien-thuc-ve-benh-dai-thao-duong-va-mot-so-yeu-to-lien-quan-cua-nguoi-benh-tai-c-o81E20305.html"
"1452","DEMO_75c310bf08","Demographic","Người bị tăng huyết áp không được điều trị","Nhóm có nguy cơ cao biến chứng do không tuân thủ điều trị.","http://bvhoanghoa.ytethanhhoa.gov.vn/web/khoa-phong-chuc-nang/khoa-phong-chuc-nang/phong-cong-tac-xa-hoi/dieu-can-luu-y-khi-dieu-tri-tang-huyet-ap.html"
"1453","DEMO_7619b87a8f","Demographic","Người ít hoạt động thể lực","Tăng nguy cơ do giảm khả năng sử dụng glucose và tăng mỡ nội tạng. | Tăng nguy cơ mắc bệnh do lối sống ít vận động.","https://cdc.ninhbinh.gov.vn/tin-tuc-su-kien/benh-dai-thao-duong-va-cach-phong-ngua-benh2.html | https://web.archive.org/web/https://bachmai.gov.vn/tin-chi-tiet/-/bai-viet/chan-doan-som-benh-dai-thao-duong-tip-2-9427-146.html"
"1454","DEMO_76e64b19ae","Demographic","Người có chức năng thận suy giảm","Nhóm cần điều trị thuốc bảo vệ thận và lựa chọn thuốc an toàn cho chức năng thận.","https://bachmai.gov.vn/bai-viet/doi-moi-tu-duy-dieu-tri-dai-thao-duong-typ-2-va-chien-luoc-kiem-soat-toan-dien-bien-chung-than-kinh?id=090463d0-4515-40c8-919c-8bebc41e2c01"
"1455","DEMO_778644c490","Demographic","Người bệnh không tuân thủ","Nhóm khó chấp nhận phác đồ tiêm phức tạp, dẫn đến kiểm soát kém và biến chứng. | Nhóm khó chấp nhận phác đồ tiêm phức tạp, cần giải pháp đơn giản hóa điều trị.","https://bachmai.gov.vn/bai-viet/dieu-tri-dai-thao-duong-tip-2-buoc-tien-moi-tu-insulin-nen-the-he-2-va-iglarlixi?id=5cdac324-549d-40aa-b3e6-80214932d112"
"1456","DEMO_79c5ca4e86","Demographic","Trẻ em","Nhóm dễ mắc tiểu đường tuýp 1 do hệ miễn dịch tấn công tế bào beta. | Dễ mắc tiểu đường tuýp 1, cần chế độ dinh dưỡng và vận động hợp lý. | Nhóm dễ mắc tiểu đường tuýp 1 do hệ miễn dịch tấn công tế bào beta. | Đối tượng chính mắc bệnh hen phế quản và cần được điều trị dự phòng. | Nhóm đối tượng dễ mắc và bị ảnh hưởng nặng nề nhất. | Nhóm đối tượng dễ bị ảnh hưởng bởi hen phế quản do hệ hô hấp chưa phát triển đầy đủ. | Nhóm đối tượng dễ mắc và bị ảnh hưởng nặng nề nhất. | Nhóm đối tượng dễ mắc bệnh hen phế quản và có nguy cơ cao lên cơn hen cấp. | Nhóm đối tượng dễ mắc và bị ảnh hưởng nặng nề nhất. | Đối tượng chính mắc bệnh hen phế quản và cần được điều trị dự phòng. | Nhóm đối tượng dễ mắc và bị ảnh hưởng nặng nề nhất. | Triệu chứng ho thường gặp nhất ở trẻ em, có thể là triệu chứng duy nhất. | Bé trai có nguy cơ mắc hen phế quản cao hơn bé gái trong độ tuổi nhỏ. | Nhóm dễ bị ảnh hưởng bởi hen, biểu hiện sớm và biến chứng nặng. | Nhóm dễ bị ảnh hưởng bởi hen do hệ hô hấp chưa phát triển đầy đủ và thường gặp khó khăn trong sử dụng thiết bị hít. | Dễ bị hen do hệ miễn dịch chưa trưởng thành và thường gặp khó khăn trong việc sử dụng thuốc dạng hít.","https://syt.dongnai.gov.vn/vi/news/Suc-khoe-cong-dong/nhung-bien-chung-nguy-hiem-cua-benh-tieu-duong-2511.html | https://web.archive.org/web/https://syt.dongnai.gov.vn/vi/news/Suc-khoe-cong-dong/nhung-bien-chung-nguy-hiem-cua-benh-tieu-duong-2511.html | https://web.archive.org/web/https://syt.dongnai.gov.vn/vi/news/Suc-khoe-cong-dong/nhung-bien-chung-nguy-hiem-cua-benh-tieu-duong-2511.html | https://web.archive.org/web/https://benhviennhitrunguong.gov.vn/tag/hen-phe-quan | https://benhviennhitrunguong.gov.vn/tag/hen-phe-quan | https://benhviennhitrunguong.gov.vn/tag/hen-phe-quan | https://web.archive.org/web/https://benhviennhitrunguong.gov.vn/tag/hen-phe-quan | https://benhviennhitrunguong.gov.vn/tag/hen-phe-quan | https://bachmai.gov.vn/bai-viet/4-dau-hieu-dac-trung-cua-benh-hen?id=cfcfedc5-527d-7f6f-5a9e-002886825b9b | https://www.vinmec.com/vie/bai-viet/lam-nao-de-chan-doan-hen-phe-quan-vi | https://web.archive.org/web/http://phacdo.soytequangninh.gov.vn/news/tin-tuc-su-kien/hen-phe-quan-hieu-dung-de-song-khoe-dieu-tri-hieu-qua-phong-ngua-chu-dong.html | https://www.vinmec.com/vie/bai-viet/bien-chung-lau-dai-cua-benh-hen-phe-quan-vi | http://phacdo.soytequangninh.gov.vn/news/tin-tuc-su-kien/hen-phe-quan-hieu-dung-de-song-khoe-dieu-tri-hieu-qua-phong-ngua-chu-dong.html"
"1457","DEMO_7aaef74568","Demographic","Người có chấn thương vùng bụng","Có thể gây tổn thương trực tiếp đến động mạch thận.","https://web.archive.org/web/https://medlatec.vn/tin-tuc/hep-dong-mach-than-la-gi-muc-do-nguy-hiem-va-phuong-phap-dieu-tri"
"1458","DEMO_7bb6f68594","Demographic","Trẻ vị thành niên","Nhóm dễ mắc đái tháo đường type 2 do tăng cân, ít vận động và chế độ ăn không lành mạnh. | Nhóm có nguy cơ cao mắc ĐTĐ típ 1 do sự thay đổi nội tiết.","https://web.archive.org/web/https://benhviennhitrunguong.gov.vn/benh-dai-thao-duong-o-tre-em.html | https://benhviennhitrunguong.gov.vn/hoi-thao-xu-huong-dieu-tri-dai-thao-duong-tip-1-chung-ta-khong-the-dung-ngoai.html"
"1459","DEMO_819155190e","Demographic","Người làm việc trong môi trường ô nhiễm","Nhóm đối tượng có nguy cơ cao do tiếp xúc khói bụi, hóa chất độc hại tại nơi làm việc. | Công nhân tiếp xúc với khói bụi, hóa chất độc hại có nguy cơ cao. | Nhóm đối tượng có nguy cơ cao do tiếp xúc khói bụi, hóa chất độc hại tại nơi làm việc. | Những người tiếp xúc thường xuyên với khói bụi, hóa chất độc hại tại nơi làm việc.","https://web.archive.org/web/https://bachmai.gov.vn/bai-viet/benh-phoi-tac-nghen-man-tinh-hieu-dung-phong-ngua-va-phat-hien-som-cung-chuyen-gia-benh-vien-bach-mai?id=bef483aa-6fde-433a-b2e8-b373eb7903a6 | https://bachmai.gov.vn/bai-viet/benh-phoi-tac-nghen-man-tinh-hieu-dung-phong-ngua-va-phat-hien-som-cung-chuyen-gia-benh-vien-bach-mai?id=bef483aa-6fde-433a-b2e8-b373eb7903a6"
"1460","DEMO_82abf0621f","Demographic","Phụ nữ trong lứa tuổi sinh sản","Nhóm cần được hỏi về kế hoạch sinh con và phương pháp ngừa thai.","https://web.archive.org/web/https://www.benhviendakhoasongma.gov.vn/bai-viet/benh-dai-thao-duong-220"
"1461","DEMO_82ebbfbc08","Demographic","Người ít vận động","Thiếu hoạt động thể chất làm giảm khả năng sử dụng insulin và tăng nguy cơ béo phì, từ đó thúc đẩy bệnh đái tháo đường.","http://ttyt.tamduong.laichau.gov.vn/quan-ly-nha-nuoc/hoat-dong-doan-doi/dai-thao-duong-tuyp-2-nguyen-nhan-trieu-chung-chan-doan-va-d.html"
"1462","DEMO_82ece6131c","Demographic","Bệnh nhân đái tháo đường type 1","Có nguy cơ nhiễm toan ceton do thiếu insulin. Thường gặp biến chứng cấp tính.","https://bachmai.gov.vn/bai-viet/bien-chung-cua-benh-dai-thao-duong?id=f17ffc43-5abb-5dcb-54d1-d3887440a421"
"1463","DEMO_8340860093","Demographic","Người trẻ tuổi với tiền cao huyết áp","Nhóm có thể mắc tăng huyết áp ngoại biên do cung lượng tim cao, nhịp tim cao. | Nhóm có nguy cơ do rối loạn chức năng tim mạch sớm. | Nhóm có thể mắc tăng huyết áp ngoại biên do cung lượng tim cao, nhịp tim cao.","https://web.archive.org/web/http://bvhoanghoa.ytethanhhoa.gov.vn/web/khoa-phong-chuc-nang/khoa-phong-chuc-nang/to-cong-tac-xa-hoi/benh-tang-huyet-ap-ke-giet-nguoi-tham-lang.html | http://bvhoanghoa.ytethanhhoa.gov.vn/web/khoa-phong-chuc-nang/khoa-phong-chuc-nang/to-cong-tac-xa-hoi/benh-tang-huyet-ap-ke-giet-nguoi-tham-lang.html | https://web.archive.org/web/http://bvhoanghoa.ytethanhhoa.gov.vn/web/khoa-phong-chuc-nang/khoa-phong-chuc-nang/to-cong-tac-xa-hoi/benh-tang-huyet-ap-ke-giet-nguoi-tham-lang.html"
"1464","DEMO_83f5bdfc96","Demographic","Người bệnh ở vùng sâu vùng xa","Khó tiếp cận bác sĩ chuyên khoa và thuốc điều trị hiện đại.","https://web.archive.org/web/https://bachmai.gov.vn/bai-viet/ca-the-hoa-dieu-tri-dai-thao-duong-tip-2-tai-cac-nuoc-dang-phat-trien-thach-thuc-va-co-hoi?id=4b51fe29-8515-42d1-bff3-85563163f16c"
"1465","DEMO_85822458f6","Demographic","Người trẻ tuổi có tiền cao huyết áp","Nhóm có thể mắc tăng huyết áp ngoại biên tăng động. | Nhóm có thể mắc tăng huyết áp ngoại biên với cung lượng tim và nhịp tim cao. | Nhóm có thể mắc tăng huyết áp ngoại biên với cung lượng tim và nhịp tim cao. | Nhóm có thể mắc tăng huyết áp ngoại biên tăng động.","https://web.archive.org/web/http://bvhoanghoa.ytethanhhoa.gov.vn/web/khoa-phong-chuc-nang/khoa-phong-chuc-nang/to-cong-tac-xa-hoi/benh-tang-huyet-ap-ke-giet-nguoi-tham-lang.html | http://bvhoanghoa.ytethanhhoa.gov.vn/web/khoa-phong-chuc-nang/khoa-phong-chuc-nang/to-cong-tac-xa-hoi/benh-tang-huyet-ap-ke-giet-nguoi-tham-lang.html | https://web.archive.org/web/http://bvhoanghoa.ytethanhhoa.gov.vn/web/khoa-phong-chuc-nang/khoa-phong-chuc-nang/to-cong-tac-xa-hoi/benh-tang-huyet-ap-ke-giet-nguoi-tham-lang.html | http://bvhoanghoa.ytethanhhoa.gov.vn/web/khoa-phong-chuc-nang/khoa-phong-chuc-nang/to-cong-tac-xa-hoi/benh-tang-huyet-ap-ke-giet-nguoi-tham-lang.html | https://web.archive.org/web/http://bvhoanghoa.ytethanhhoa.gov.vn/web/khoa-phong-chuc-nang/khoa-phong-chuc-nang/to-cong-tac-xa-hoi/benh-tang-huyet-ap-ke-giet-nguoi-tham-lang.html | http://bvhoanghoa.ytethanhhoa.gov.vn/web/khoa-phong-chuc-nang/khoa-phong-chuc-nang/to-cong-tac-xa-hoi/benh-tang-huyet-ap-ke-giet-nguoi-tham-lang.html | http://bvhoanghoa.ytethanhhoa.gov.vn/web/khoa-phong-chuc-nang/khoa-phong-chuc-nang/to-cong-tac-xa-hoi/benh-tang-huyet-ap-ke-giet-nguoi-tham-lang.html | https://web.archive.org/web/http://bvhoanghoa.ytethanhhoa.gov.vn/web/khoa-phong-chuc-nang/khoa-phong-chuc-nang/to-cong-tac-xa-hoi/benh-tang-huyet-ap-ke-giet-nguoi-tham-lang.html"
"1466","DEMO_85ac0f3060","Demographic","Người bị loét bàn chân","Gây nhiễm trùng kéo dài, nằm viện nhiều tháng, gánh nặng y tế cao. | Nhóm dễ bị tàn phế do biến chứng thần kinh ngoại biên, chiếm 95% bệnh nhân nằm viện trên một tháng. | Nhóm dễ bị tàn phế do biến chứng thần kinh ngoại biên, chiếm 95% bệnh nhân nằm viện trên một tháng. | Gây nằm viện kéo dài, tốn kém, thường do thần kinh ngoại biên gây ra. | Gây nằm viện kéo dài, tốn kém, thường do thần kinh ngoại biên gây ra. | Gây gánh nặng y tế lớn, chiếm 95% thời gian nằm viện tại khoa nội tiết. | Nhóm dễ bị tàn phế do biến chứng thần kinh ngoại biên, chiếm 95% bệnh nhân nằm viện trên một tháng.","https://web.archive.org/web/https://bachmai.gov.vn/bai-viet/dai-thao-duong-bien-chung-tim-mach-va-than-kinh-ngoai-bien-sat-thu-tham-lang?id=994f4df4-95c1-4760-8aee-8d07a69f9fe1 | https://bachmai.gov.vn/bai-viet/dai-thao-duong-bien-chung-tim-mach-va-than-kinh-ngoai-bien-sat-thu-tham-lang?id=994f4df4-95c1-4760-8aee-8d07a69f9fe1 | https://web.archive.org/web/https://bachmai.gov.vn/bai-viet/dai-thao-duong-bien-chung-tim-mach-va-than-kinh-ngoai-bien-sat-thu-tham-lang?id=994f4df4-95c1-4760-8aee-8d07a69f9fe1"
"1467","DEMO_867cd633e1","Demographic","Trẻ trong gia đình có bố mẹ bị dị ứng","Nhóm trẻ có nguy cơ cao phát triển hen phế quản do di truyền và môi trường.","https://web.archive.org/web/https://benhviennhitrunguong.gov.vn/tag/hen-phe-quan"
"1468","DEMO_878b268e16","Demographic","Người bệnh không tuân thủ phác đồ","Nhóm khó chấp nhận hoặc không tuân thủ các liệu pháp tiêm phức tạp, cần giải pháp đơn giản hóa.","https://web.archive.org/web/https://bachmai.gov.vn/bai-viet/dieu-tri-dai-thao-duong-tip-2-buoc-tien-moi-tu-insulin-nen-the-he-2-va-iglarlixi?id=5cdac324-549d-40aa-b3e6-80214932d112"
"1469","DEMO_87f2d050ee","Demographic","Người không tuân thủ điều trị","Nhóm có nguy cơ cao do không kiểm soát đường huyết, dễ dẫn đến hôn mê. | Nhóm dễ gặp biến chứng do thiếu kiến thức và không tuân thủ phác đồ. | Nhóm có nguy cơ cao biến chứng do không dùng thuốc đúng liều và chế độ ăn uống. | Chỉ uống thuốc khi đường huyết cao, dẫn đến biến chứng nặng.","https://web.archive.org/web/https://benhviendakhoasongma.gov.vn/bai-viet/hon-me-tang-ap-luc-tham-thau-do-dai-thao-duong-210 | http://soyte.hatinh.gov.vn/tin-tuc-su-kien/thong-tin-y-te/luu-y-khi-dieu-tri-dai-thao-duong-type-1.html | https://web.archive.org/web/https://bachmai.gov.vn/tin-chi-tiet/-/bai-viet/dai-thao-duong-can-benh-nhieu-bien-chung-nguy-hiem-8-trieu-nguoi-viet-nam-dang-mac-9624-146.html | https://bachmai.gov.vn/tin-chi-tiet/-/bai-viet/dai-thao-duong-can-benh-nhieu-bien-chung-nguy-hiem-8-trieu-nguoi-viet-nam-dang-mac-9624-146.html"
"1470","DEMO_8845852db4","Demographic","Người trưởng thành","Nhóm dễ mắc tiểu đường tuýp 2 do lối sống ít vận động và béo phì. | Tất cả người trưởng thành không có triệu chứng cần xét nghiệm đường huyết để sàng lọc. | Tất cả người trưởng thành không có triệu chứng cần tầm soát. | Tất cả người trưởng thành không có triệu chứng cần tầm soát. | Tất cả người trưởng thành không có triệu chứng cần xét nghiệm đường huyết. | Tất cả người trưởng thành không có triệu chứng đái tháo đường cần được tầm soát. | Nhóm có tỷ lệ mắc bệnh thận mạn cao do tăng huyết áp.","https://syt.dongnai.gov.vn/vi/news/Suc-khoe-cong-dong/nhung-bien-chung-nguy-hiem-cua-benh-tieu-duong-2511.html | https://web.archive.org/web/https://bachmai.gov.vn/bai-viet/chan-doan-som-benh-dai-thao-duong-tip-2?id=59f9c51f-418e-9437-823c-a1a6c23c33e4 | https://web.archive.org/web/https://bachmai.gov.vn/bai-viet/chan-doan-som-benh-dai-thao-duong-tip-2?id=59f9c51f-418e-9437-823c-a1a6c23c33e4 | https://web.archive.org/web/https://bachmai.gov.vn/bai-viet/chan-doan-som-benh-dai-thao-duong-tip-2?id=59f9c51f-418e-9437-823c-a1a6c23c33e4 | https://web.archive.org/web/https://bachmai.gov.vn/tin-chi-tiet/-/bai-viet/chan-doan-som-benh-dai-thao-duong-tip-2-9427-146.html | https://web.archive.org/web/https://tamanhhospital.vn/tang-huyet-ap-trong-benh-than/"
"1471","DEMO_88c8ed352c","Demographic","Trẻ không tuân thủ điều trị","Nhóm trẻ dễ gặp cơn hen cấp do không dùng thuốc dự phòng hoặc không khám định kỳ.","https://web.archive.org/web/https://benhviennhitrunguong.gov.vn/tag/hen-phe-quan"
"1472","DEMO_891add19ce","Demographic","Người mắc tiểu đường","Là nhóm có nguy cơ cao mắc suy thận mạn do tổn thương thận từ lâu. | Một trong những nguyên nhân phổ biến gây suy thận mạn. | Một trong những nguyên nhân phổ biến gây suy thận mạn.","https://web.archive.org/web/https://bachmai.gov.vn/bai-viet/sai-lam-trong-dinh-duong-khien-suy-than-man-them-tram-trong-dau-la-giai-phap?id=1ff0d3d0-62f4-4159-a23b-758572e7f600 | https://bachmai.gov.vn/bai-viet/sai-lam-trong-dinh-duong-khien-suy-than-man-them-tram-trong-dau-la-giai-phap?id=1ff0d3d0-62f4-4159-a23b-758572e7f600"
"1473","DEMO_8b21f73176","Demographic","Người dân tộc thiểu số","Nhóm dân cư có thể ảnh hưởng đến mức độ tuân thủ điều trị do yếu tố văn hóa hoặc tiếp cận dịch vụ y tế.","https://web.archive.org/web/http://www.tapchiyhocduphong.vn/tap-chi-y-hoc-du-phong/2021/09/tuan-thu-dieu-tri-va-cac-yeu-to-lien-quan-o-benh-nhan-dai-thao-duong-tuyp-2-dieu-o81E20B40.html"
"1474","DEMO_8bb5b731af","Demographic","Người bị suy thận","Tăng nguy cơ biến chứng do rối loạn chuyển hóa glucose. | Có nguy cơ nhiễm toan acid lactic do giảm đào thải. | Dễ mắc biến chứng cầu thận do tổn thương mạch máu nhỏ. | Dễ gặp biến chứng do tổn thương cầu thận và tích tụ độc tố. | Dễ gặp biến chứng do tổn thương cầu thận, cần theo dõi creatinine và protein niệu. | Dễ mắc biến chứng cầu thận do tổn thương mạch máu nhỏ.","https://web.archive.org/web/https://benhvienquynhon.gov.vn/tin-tuc/hoat-dong-cua-ttyt/dai-thao-duong-va-nhung-dieu-ban-can-biet/ | https://bachmai.gov.vn/bai-viet/bien-chung-cua-benh-dai-thao-duong?id=f17ffc43-5abb-5dcb-54d1-d3887440a421 | https://web.archive.org/web/https://bachmai.gov.vn/bai-viet/bien-chung-cua-benh-dai-thao-duong?id=f17ffc43-5abb-5dcb-54d1-d3887440a421 | https://bachmai.gov.vn/bai-viet/bien-chung-cua-benh-dai-thao-duong?id=f17ffc43-5abb-5dcb-54d1-d3887440a421 | https://bachmai.gov.vn/bai-viet/bien-chung-cua-benh-dai-thao-duong?id=f17ffc43-5abb-5dcb-54d1-d3887440a421"
"1475","DEMO_8d20332125","Demographic","Người bị suy gan","Có nguy cơ nhiễm toan acid lactic do giảm đào thải.","https://bachmai.gov.vn/bai-viet/bien-chung-cua-benh-dai-thao-duong?id=f17ffc43-5abb-5dcb-54d1-d3887440a421"
"1476","DEMO_8e92d3fdc7","Demographic","Trẻ béo phì","Nhóm có nguy cơ cao mắc đái tháo đường type 2 do lối sống ít vận động và chế độ ăn không lành mạnh. | Nhóm có nguy cơ cao mắc đái tháo đường type 2 do đề kháng insulin. | Nhóm có nguy cơ cao mắc bệnh đái tháo đường type 2 do lối sống ít vận động và ăn uống không lành mạnh. | Nhóm có nguy cơ cao mắc đái tháo đường type 2 do lối sống ít vận động và chế độ ăn không lành mạnh. | Nhóm có nguy cơ cao mắc đái tháo đường type 2 do đề kháng insulin. | Nhóm có nguy cơ cao mắc bệnh đái tháo đường type 2 do lối sống ít vận động và chế độ ăn không lành mạnh.","https://benhviennhitrunguong.gov.vn/benh-dai-thao-duong-o-tre-em.html | https://web.archive.org/web/https://benhviennhitrunguong.gov.vn/benh-dai-thao-duong-o-tre-em.html | https://web.archive.org/web/https://benhviennhitrunguong.gov.vn/benh-dai-thao-duong-o-tre-em.html | https://benhviennhitrunguong.gov.vn/benh-dai-thao-duong-o-tre-em.html | https://web.archive.org/web/https://benhviennhitrunguong.gov.vn/benh-dai-thao-duong-o-tre-em.html | https://benhviennhitrunguong.gov.vn/benh-dai-thao-duong-o-tre-em.html"
"1477","DEMO_907ec9644f","Demographic","Phụ nữ","Nhóm có tỷ lệ cao hơn nam trong hôn mê tăng áp lực thẩm thấu. | Nhóm có nguy cơ cao mắc hôn mê tăng áp lực thẩm thấu so với nam giới. | Giới tính nữ có tỷ lệ mắc bệnh cao hơn nam trong nghiên cứu này. | Giới tính nữ có tỷ lệ vòng eo lớn và tỉ số VE/VM cao vượt trội so với nam giới. | Nhóm có tỷ lệ cao hơn nam trong hôn mê tăng áp lực thẩm thấu. | Nữ giới chiếm đa số trong nhóm bệnh nhân nghiên cứu. | Nhóm có tỷ lệ cao hơn nam trong hôn mê tăng áp lực thẩm thấu.","https://chanthuongvacotsong.bachmai.gov.vn/huong-dan-chan-doan-va-dieu-tri-dai-thao-duong-type-2/ | https://web.archive.org/web/https://chanthuongvacotsong.bachmai.gov.vn/huong-dan-chan-doan-va-dieu-tri-dai-thao-duong-type-2/ | https://nsti.vista.gov.vn/publication/view/nghien-cuu-dac-diem-lam-sang-can-lam-sang-va-danh-gia-bien-chung-than-o-benh-nhan-dai-thao-duong-type-2-tai-khoa-noi-3-benh-vien-huu-nghi-viet-tiep-hai-phong-350723.html | https://sti.vista.gov.vn/publication/view/9adff40ef63a8d1369d3d79d00873f07-31f274dab6ec362c550c75293a9d13cd-448878.html | https://web.archive.org/web/https://sti.vista.gov.vn/publication/view/9adff40ef63a8d1369d3d79d00873f07-31f274dab6ec362c550c75293a9d13cd-448878.html | https://web.archive.org/web/https://chanthuongvacotsong.bachmai.gov.vn/huong-dan-chan-doan-va-dieu-tri-dai-thao-duong-type-2/ | https://chanthuongvacotsong.bachmai.gov.vn/huong-dan-chan-doan-va-dieu-tri-dai-thao-duong-type-2/ | https://nsti.vista.gov.vn/publication/view/nghien-cuu-dac-diem-lam-sang-can-lam-sang-va-danh-gia-bien-chung-than-o-benh-nhan-dai-thao-duong-type-2-tai-khoa-noi-3-benh-vien-huu-nghi-viet-tiep-hai-phong-350723.html | https://chanthuongvacotsong.bachmai.gov.vn/huong-dan-chan-doan-va-dieu-tri-dai-thao-duong-type-2/ | https://web.archive.org/web/https://chanthuongvacotsong.bachmai.gov.vn/huong-dan-chan-doan-va-dieu-tri-dai-thao-duong-type-2/"
"1478","DEMO_9146147740","Demographic","Người có hội chứng chuyển hóa","Tăng nguy cơ mắc đái tháo đường do rối loạn lipid máu và kháng insulin.","https://web.archive.org/web/https://vncdc.gov.vn/huong-dan-chan-doan-va-dieu-tri-benh-dai-thao-duong-tuyp-2-nd14582.html"
"1479","DEMO_918a3dd18a","Demographic","Người từng hút thuốc lâu","Có nguy cơ cao mắc COPD dù đã ngừng hút.","https://www.vinmec.com/vie/bai-viet/benh-phoi-tac-nghen-man-tinh-copd-vi"
"1480","DEMO_9279afbbea","Demographic","Người lớn tuổi từ 20-69 tuổi","Đối tượng nghiên cứu là người bệnh đái tháo đường týp 2 trong độ tuổi này.","https://sti.vista.gov.vn/publication/view/tinh-trang-dinh-duong-va-mot-so-yeu-to-lien-quan-cua-nguoi-benh-dai-thao-duong-typ-2-dieu-tri-noi-tru-tai-benh-vien-da-khoa-xanh-pon-nam-2023-e7cc38bdc9220841bb8ade1a50eee813-455622.html | https://web.archive.org/web/https://sti.vista.gov.vn/publication/view/tinh-trang-dinh-duong-va-mot-so-yeu-to-lien-quan-cua-nguoi-benh-dai-thao-duong-typ-2-dieu-tri-noi-tru-tai-benh-vien-da-khoa-xanh-pon-nam-2023-e7cc38bdc9220841bb8ade1a50eee813-455622.html | https://sti.vista.gov.vn/publication/view/tinh-trang-dinh-duong-va-mot-so-yeu-to-lien-quan-cua-nguoi-benh-dai-thao-duong-typ-2-dieu-tri-noi-tru-tai-benh-vien-da-khoa-xanh-pon-nam-2023-e7cc38bdc9220841bb8ade1a50eee813-455622.html | https://web.archive.org/web/https://sti.vista.gov.vn/publication/view/tinh-trang-dinh-duong-va-mot-so-yeu-to-lien-quan-cua-nguoi-benh-dai-thao-duong-typ-2-dieu-tri-noi-tru-tai-benh-vien-da-khoa-xanh-pon-nam-2023-e7cc38bdc9220841bb8ade1a50eee813-455622.html | https://web.archive.org/web/https://sti.vista.gov.vn/publication/view/tinh-trang-dinh-duong-va-mot-so-yeu-to-lien-quan-cua-nguoi-benh-dai-thao-duong-typ-2-dieu-tri-noi-tru-tai-benh-vien-da-khoa-xanh-pon-nam-2023-e7cc38bdc9220841bb8ade1a50eee813-455622.html"
"1481","DEMO_929fb822df","Demographic","Người châu Á","Có nguy cơ cao mắc biến chứng tim mạch do chế độ ăn nhiều muối.","https://bachmai.gov.vn/bai-viet/kiem-soat-huyet-ap-va-can-nang-o-benh-nhan-dai-thao-duong-tip-2-viet-nam?id=d4b1411f-1da7-74f4-b337-1b88457dd69b"
"1482","DEMO_92eaf97491","Demographic","Người uống rượu","Gia tăng nguy cơ tai biến mạch não và đề kháng thuốc điều trị tăng huyết áp.","https://www.vinmec.com/vie/bai-viet/dieu-tri-tang-huyet-ap-kem-suy-man-vi"
"1483","DEMO_94588311d9","Demographic","Người bị tăng huyết áp chưa kiểm soát","Nhóm đang điều trị nhưng chưa đạt mục tiêu huyết áp mục tiêu.","http://bvhoanghoa.ytethanhhoa.gov.vn/web/khoa-phong-chuc-nang/khoa-phong-chuc-nang/phong-cong-tac-xa-hoi/dieu-can-luu-y-khi-dieu-tri-tang-huyet-ap.html"
"1484","DEMO_9600301c7a","Demographic","Trẻ có tiền sử gia đình mắc bệnh","Nguy cơ cao do yếu tố di truyền ảnh hưởng đến sự đề kháng insulin.","https://benhviennhitrunguong.gov.vn/benh-dai-thao-duong-o-tre-em.html"
"1485","DEMO_98b1cdf998","Demographic","Người có người thân mắc đái tháo đường","Di truyền làm tăng nguy cơ mắc bệnh.","http://soyte.hatinh.gov.vn/tin-tuc-su-kien/thong-tin-y-te/bai-truyen-thong-benh-dai-thao-duong-va-cach-phong-ngua-benh.html"
"1486","DEMO_9b0effe2ca","Demographic","Người có trình độ học vấn thấp","Nhóm người có giáo dục phổ thông hoặc chưa hoàn thành đại học có nguy cơ béo phì cao hơn. | Học vấn ảnh hưởng đến khả năng hiểu và thực hiện đúng hướng dẫn điều trị.","https://sti.vista.gov.vn/publication/view/9adff40ef63a8d1369d3d79d00873f07-31f274dab6ec362c550c75293a9d13cd-448878.html | https://web.archive.org/web/https://sti.vista.gov.vn/publication/view/9adff40ef63a8d1369d3d79d00873f07-31f274dab6ec362c550c75293a9d13cd-448878.html | https://web.archive.org/web/http://www.tapchiyhocduphong.vn/tap-chi-y-hoc-du-phong/2021/09/tuan-thu-dieu-tri-va-cac-yeu-to-lien-quan-o-benh-nhan-dai-thao-duong-tuyp-2-dieu-o81E20B40.html"
"1487","DEMO_9b3aa4b76f","Demographic","Trẻ sống ở vùng giao mùa","Độ ẩm cao và thời tiết thay đổi thất thường làm tăng nguy cơ mắc bệnh.","https://web.archive.org/web/https://benhviennhitrunguong.gov.vn/tag/hen-phe-quan"
"1488","DEMO_9bdbec0d7e","Demographic","Người uống rượu quá mức","Nhóm có nguy cơ tăng áp lực thẩm thấu không do đường huyết, cần phân biệt.","https://web.archive.org/web/https://benhviendakhoasongma.gov.vn/bai-viet/hon-me-tang-ap-luc-tham-thau-do-dai-thao-duong-210"
"1489","DEMO_9befcb2d9a","Demographic","Người lớn ≥45 tuổi","Nhóm cần tầm soát ĐTĐ ngay cả khi không có yếu tố nguy cơ, do nguy cơ phát triển bệnh tăng theo tuổi. | Nhóm cần tầm soát đái tháo đường ngay cả khi không có yếu tố nguy cơ, do nguy cơ cao và phát triển chậm.","https://web.archive.org/web/https://www.vinmec.com/vie/bai-viet/tong-quan-ve-benh-dai-thao-duong-vi | https://www.vinmec.com/vie/bai-viet/tong-quan-ve-benh-dai-thao-duong-vi | https://www.vinmec.com/vie/bai-viet/tong-quan-ve-benh-dai-thao-duong-vi"
"1490","DEMO_9d4aaa1d39","Demographic","Người bệnh đái tháo đường týp 2","Đối tượng nghiên cứu là người lớn từ 20-69 tuổi điều trị nội trú. | Nhóm người bị đái tháo đường loại 2, chiếm đa số trong nghiên cứu.","https://sti.vista.gov.vn/publication/view/tinh-trang-dinh-duong-va-mot-so-yeu-to-lien-quan-cua-nguoi-benh-dai-thao-duong-typ-2-dieu-tri-noi-tru-tai-benh-vien-da-khoa-xanh-pon-nam-2023-e7cc38bdc9220841bb8ade1a50eee813-455622.html | https://web.archive.org/web/http://www.tapchiyhocduphong.vn/tap-chi-y-hoc-du-phong/2015/08/kien-thuc-ve-benh-dai-thao-duong-va-mot-so-yeu-to-lien-quan-cua-nguoi-benh-tai-c-o81E20305.html"
"1491","DEMO_9d6f808abd","Demographic","Người cao tuổi (trên 60 tuổi)","Nhóm có nguy cơ cao mắc hôn mê tăng áp lực thẩm thấu do giảm khả năng điều tiết đường huyết và mất cảm giác khát.","https://web.archive.org/web/https://vncdc.gov.vn/huong-dan-chan-doan-va-dieu-tri-benh-dai-thao-duong-tuyp-2-nd14582.html"
"1492","DEMO_9dfbd24f5b","Demographic","Trẻ em và vị thành niên","Đối tượng nghiên cứu là trẻ em và vị thành niên được chẩn đoán đái tháo đường type 1 lần đầu tại Bệnh viện Nhi Trung ương. | Đối tượng nghiên cứu là trẻ em và vị thành niên được chẩn đoán đái tháo đường type 1 lần đầu. | Đối tượng nghiên cứu là trẻ em và vị thành niên được chẩn đoán đái tháo đường type 1 lần đầu tại Bệnh viện Nhi Trung ương.","https://web.archive.org/web/https://sti.vista.gov.vn/publication/view/a89fbc66bf10ab8ca38c2d64abf8f338-4b52a78cc238d65e911a803b4659b844-318299.html | https://sti.vista.gov.vn/publication/view/a89fbc66bf10ab8ca38c2d64abf8f338-4b52a78cc238d65e911a803b4659b844-318299.html | https://sti.vista.gov.vn/publication/view/a89fbc66bf10ab8ca38c2d64abf8f338-4b52a78cc238d65e911a803b4659b844-318299.html | https://web.archive.org/web/https://sti.vista.gov.vn/publication/view/a89fbc66bf10ab8ca38c2d64abf8f338-4b52a78cc238d65e911a803b4659b844-318299.html"
"1493","DEMO_9ef354a94f","Demographic","Người không tầm soát sớm","Nhóm có nguy cơ cao biến chứng do không phát hiện bệnh trong giai đoạn đầu.","https://benhvientinh.caobang.gov.vn/index.php/vi/news/dich-vu/tiep-nhan-dieu-tri-benh-nhan-dai-thao-duong-tuyp-2-co-bien-chung-mo-mat-do-khong-di-kham-va-tam-soat-som-443.html"
"1494","DEMO_9f5943b876","Demographic","Người có tiền sử hen phế quản","Cần chủ động tiêm phòng cúm, phế cầu trước mỗi đợt thay đổi thời tiết.","http://phacdo.soytequangninh.gov.vn/news/chuyen-khoa-sau/phong-benh-hen-phe-quan-khi-thoi-tiet-thay-doi.html | https://web.archive.org/web/http://phacdo.soytequangninh.gov.vn/news/chuyen-khoa-sau/phong-benh-hen-phe-quan-khi-thoi-tiet-thay-doi.html | http://phacdo.soytequangninh.gov.vn/news/chuyen-khoa-sau/phong-benh-hen-phe-quan-khi-thoi-tiet-thay-doi.html"
"1495","DEMO_9f75c25519","Demographic","Người mắc bệnh đồng mắc","Nhóm có nguy cơ cao biến chứng tim mạch và thận, cần điều trị đa chiều. | Những người có kèm theo tăng huyết áp, rối loạn lipid máu, béo phì dễ bị biến chứng nặng hơn.","https://web.archive.org/web/https://bachmai.gov.vn/bai-viet/doi-moi-tu-duy-dieu-tri-dai-thao-duong-typ-2-va-chien-luoc-kiem-soat-toan-dien-bien-chung-than-kinh?id=090463d0-4515-40c8-919c-8bebc41e2c01 | https://web.archive.org/web/https://bachmai.gov.vn/tin-chi-tiet/-/bai-viet/dai-thao-duong-can-benh-nhieu-bien-chung-nguy-hiem-8-trieu-nguoi-viet-nam-dang-mac-9624-146.html"
"1496","DEMO_9fc6abe20a","Demographic","Người không phát hiện bệnh","Gần 60% người mắc tăng huyết áp chưa được phát hiện, nguy cơ cao do không biết mình bị bệnh.","https://soyte.tuyenquang.gov.vn/tin-tuc/tang-huyet-ap-va-nhung-bien-chung-nguy-hiem.html"
"1497","DEMO_a05798495c","Demographic","Người trên 50 tuổi","Đây là nhóm chiếm đa số trong nghiên cứu, dễ gặp biến chứng do tuổi tác. | Nhóm tuổi chiếm tỷ lệ cao nhất mắc đái tháo đường type 2 và biến chứng thận. | Đây là nhóm bệnh nhân chiếm tỷ lệ cao nhất trong nghiên cứu.","https://nsti.vista.gov.vn/publication/view/nghien-cuu-dac-diem-lam-sang-can-lam-sang-va-danh-gia-bien-chung-than-o-benh-nhan-dai-thao-duong-type-2-tai-khoa-noi-3-benh-vien-huu-nghi-viet-tiep-hai-phong-350723.html | https://nsti.vista.gov.vn/publication/view/nghien-cuu-dac-diem-lam-sang-can-lam-sang-va-danh-gia-bien-chung-than-o-benh-nhan-dai-thao-duong-tip-2-tai-khoa-noi-tiet-benh-vien-trung-uong-103-quan-doi-nhan-dan-lao-373086.html | https://nsti.vista.gov.vn/publication/view/nghien-cuu-dac-diem-lam-sang-can-lam-sang-va-danh-gia-bien-chung-than-o-benh-nhan-dai-thao-duong-type-2-tai-khoa-noi-3-benh-vien-huu-nghi-viet-tiep-hai-phong-350723.html"
"1498","DEMO_a11c44d313","Demographic","Người bệnh giai đoạn muộn","Nhóm cần liệu pháp thở máy tại nhà để cải thiện chất lượng sống.","https://bachmai.gov.vn/bai-viet/tho-may-khong-xam-nhap-trong-dieu-tri-benh-phoi-tac-nghen-man-tinh?id=828a5ae0-e152-ef2d-e6b5-48a6c8bafe5b"
"1499","DEMO_a1624d723e","Demographic","Người chạy thận","Đa phần do biến chứng từ đái tháo đường.","https://benhvientinh.caobang.gov.vn/index.php/vi/news/tin-tuc-su-kien/bien-chung-than-do-dai-thao-duong-6-dieu-nguoi-benh-phai-chu-y-710.html"
"1500","DEMO_a166074156","Demographic","Người mắc bệnh nội tiết","Nhóm dễ bị tăng huyết áp do rối loạn nội tiết ảnh hưởng đến huyết áp. | Nhóm có nguy cơ cao do rối loạn hormone ảnh hưởng đến huyết áp. | Nhóm có nguy cơ cao do rối loạn hormone ảnh hưởng đến huyết áp.","https://bachmai.gov.vn/tin-chi-tiet/-/bai-viet/tang-huyet-ap-can-benh-tham-lang-nhung-nguy-hiem-8463-146.html | https://web.archive.org/web/https://bachmai.gov.vn/tin-chi-tiet/-/bai-viet/tang-huyet-ap-can-benh-tham-lang-nhung-nguy-hiem-8463-146.html | https://web.archive.org/web/https://bachmai.gov.vn/tin-chi-tiet/-/bai-viet/tang-huyet-ap-can-benh-tham-lang-nhung-nguy-hiem-8463-146.html"
"1501","DEMO_a23f376846","Demographic","Người bệnh đái tháo đường type 1","Tỷ lệ suy thận giai đoạn cuối tăng theo thời gian, sau 20 năm lên tới 75%. | Tỷ lệ suy thận giai đoạn cuối tăng theo thời gian. | Tỷ lệ suy thận giai đoạn cuối tăng theo thời gian. | Tỷ lệ suy thận giai đoạn cuối tăng theo thời gian, sau 10 năm là 50%, sau 20 năm lên tới 75%. | Tỷ lệ suy thận giai đoạn cuối tăng theo thời gian, sau 20 năm lên tới 75%. | Tỷ lệ suy thận giai đoạn cuối tăng theo thời gian.","https://web.archive.org/web/https://benhvientinh.caobang.gov.vn/index.php/vi/news/tin-tuc-su-kien/bien-chung-than-do-dai-thao-duong-6-dieu-nguoi-benh-phai-chu-y-710.html | https://benhvientinh.caobang.gov.vn/index.php/vi/news/tin-tuc-su-kien/bien-chung-than-do-dai-thao-duong-6-dieu-nguoi-benh-phai-chu-y-710.html | https://benhvientinh.caobang.gov.vn/index.php/vi/news/tin-tuc-su-kien/bien-chung-than-do-dai-thao-duong-6-dieu-nguoi-benh-phai-chu-y-710.html | https://benhvientinh.caobang.gov.vn/index.php/vi/news/tin-tuc-su-kien/bien-chung-than-do-dai-thao-duong-6-dieu-nguoi-benh-phai-chu-y-710.html | https://web.archive.org/web/https://benhvientinh.caobang.gov.vn/index.php/vi/news/tin-tuc-su-kien/bien-chung-than-do-dai-thao-duong-6-dieu-nguoi-benh-phai-chu-y-710.html | https://benhvientinh.caobang.gov.vn/index.php/vi/news/tin-tuc-su-kien/bien-chung-than-do-dai-thao-duong-6-dieu-nguoi-benh-phai-chu-y-710.html"
"1502","DEMO_a2b3215cef","Demographic","Phụ nữ có thai","Nguy cơ cao mắc ĐTĐ thai kỳ nếu không được kiểm soát tốt trong thai kỳ. | Nguy cơ cao mắc ĐTĐ thai kỳ nếu không được kiểm soát tốt trước và trong thai kỳ. | Nguy cơ cao mắc đái tháo đường thai kỳ nếu không kiểm soát tốt đường huyết trong thai kỳ. | Cần theo dõi đặc biệt, có thể chuyển tuyến chuyên khoa nếu tăng huyết áp. | Cần điều trị đặc biệt vì nguy cơ biến chứng và tác dụng phụ của thuốc hạ áp. | Cần được quản lý đặc biệt do nguy cơ tăng huyết áp và biến chứng. | Cần theo dõi đặc biệt, có thể chuyển tuyến chuyên khoa nếu tăng huyết áp. | Cần theo dõi đặc biệt vì có nguy cơ tăng huyết áp thứ phát và biến chứng sản khoa. | Nhóm cần được theo dõi đặc biệt do nguy cơ tăng huyết áp và biến chứng.","https://web.archive.org/web/https://www.vinmec.com/vie/bai-viet/tong-quan-ve-benh-dai-thao-duong-vi | https://www.vinmec.com/vie/bai-viet/tong-quan-ve-benh-dai-thao-duong-vi | https://www.vinmec.com/vie/bai-viet/tong-quan-ve-benh-dai-thao-duong-vi | https://chanthuongvacotsong.bachmai.gov.vn/huong-dan-chan-doan-va-dieu-tri-tang-huyet-ap/ | https://web.archive.org/web/https://vncdc.gov.vn/huong-dan-chan-doan-va-dieu-tri-tang-huyet-ap-nd14594.html | https://web.archive.org/web/https://chanthuongvacotsong.bachmai.gov.vn/huong-dan-chan-doan-va-dieu-tri-tang-huyet-ap/ | https://chanthuongvacotsong.bachmai.gov.vn/huong-dan-chan-doan-va-dieu-tri-tang-huyet-ap/ | https://web.archive.org/web/https://chanthuongvacotsong.bachmai.gov.vn/huong-dan-chan-doan-va-dieu-tri-tang-huyet-ap/ | https://chanthuongvacotsong.bachmai.gov.vn/huong-dan-chan-doan-va-dieu-tri-tang-huyet-ap/"
"1503","DEMO_a3c40cea08","Demographic","Người đang cho con bú","Cần tư vấn y khoa để tránh ảnh hưởng đến sức khỏe mẹ và bé. | Có thể bị ảnh hưởng bởi các chất trong thảo mộc, cần tư vấn y khoa trước khi dùng.","https://web.archive.org/web/https://vov.gov.vn/day-la-7-loai-thao-moc-dieu-tri-hen-suyen-hieu-qua-dtnew-491435 | https://vov.gov.vn/day-la-7-loai-thao-moc-dieu-tri-hen-suyen-hieu-qua-dtnew-491435"
"1504","DEMO_a4c3e912ff","Demographic","Người cao tuổi","Biến chứng hạ glucose máu khó phát hiện do triệu chứng mờ nhạt, nguy cơ tử vong cao. | Biến chứng hạ đường huyết khó phát hiện do triệu chứng mờ nhạt và không điển hình. | Biến chứng hạ đường huyết khó phát hiện do triệu chứng mờ nhạt và không điển hình. | Biến chứng hạ glucose máu khó phát hiện do triệu chứng mờ nhạt. Nguy cơ tử vong cao hơn. | Khó phát hiện biến chứng hạ đường huyết do triệu chứng mờ nhạt và không điển hình. | Dễ bị biến chứng tim mạch, thần kinh do đường huyết không kiểm soát. | Biến chứng hạ glucose máu khó phát hiện do triệu chứng mờ nhạt, nguy cơ tử vong cao. | Nhóm dễ mắc đái tháo đường type 2 do yếu tố tuổi tác. | Nhóm có nguy cơ cao mắc đái tháo đường type 2. | Biến chứng hạ glucose máu khó phát hiện do triệu chứng mờ nhạt, nguy cơ tử vong cao. | Nhóm dễ mắc đái tháo đường type 2 do suy giảm chức năng cơ thể và tăng nguy cơ béo phì. | Nhóm có nguy cơ cao mắc đái tháo đường type 2 do suy giảm chức năng nội tiết. | Biến chứng hạ glucose máu khó phát hiện do triệu chứng mờ nhạt, nguy cơ tử vong cao. | Khó phát hiện biến chứng hạ đường huyết do triệu chứng mờ nhạt và không điển hình. | Dễ gặp biến chứng hạ đường huyết không điển hình, khó phát hiện do triệu chứng mờ nhạt. | Biến chứng hạ glucose máu khó phát hiện do triệu chứng mờ nhạt và không điển hình. | Khó phát hiện biến chứng hạ đường huyết do triệu chứng mờ nhạt và không điển hình. | Tăng nguy cơ do suy giảm chức năng tuyến tụy và khả năng điều hòa glucose. | Tăng nguy cơ biến chứng do chức năng cơ thể suy giảm. | Nhóm dễ mắc biến chứng nặng do hệ miễn dịch suy yếu và chức năng cơ quan giảm. | Nhóm dễ mắc biến chứng nặng do đái tháo đường do cơ thể suy giảm khả năng điều hòa. | Nhóm dễ bị biến chứng nặng do không tuân thủ điều trị và kiểm soát kém. | Nhóm dễ mắc và có biến chứng nặng do ít tuân thủ điều trị, chế độ ăn uống. | Nhóm dễ mắc và có biến chứng nặng do ít tuân thủ điều trị, chế độ ăn uống. | Khó phát hiện biến chứng hạ đường huyết do triệu chứng mờ nhạt và không điển hình. | Tỷ lệ mắc đái tháo đường týp 2 tăng theo tuổi. Nguy cơ biến chứng nặng và tử vong cao hơn. | Biến chứng hạ đường huyết khó phát hiện do triệu chứng mờ nhạt, dễ bị bỏ qua. | Biến chứng hạ glucose máu khó phát hiện do triệu chứng mờ nhạt, nguy cơ tử vong cao. | Biến chứng hạ đường huyết khó phát hiện do triệu chứng mờ nhạt và không điển hình. | Khó phát hiện biến chứng hạ đường huyết do triệu chứng mờ nhạt và không điển hình. | Khó phát hiện triệu chứng hạ đường huyết do biểu hiện mờ nhạt, không điển hình. | Biến chứng hạ glucose máu khó phát hiện do triệu chứng mờ nhạt, nguy cơ tử vong cao. | Tỷ lệ mắc đái tháo đường týp 2 tăng theo tuổi. Nguy cơ biến chứng nặng và tử vong cao hơn. | Biến chứng hạ đường huyết khó phát hiện do triệu chứng mờ nhạt và không điển hình. | Tỷ lệ mắc đái tháo đường týp 2 tăng theo tuổi. Nguy cơ biến chứng nặng và tử vong cao hơn. | Biến chứng hạ đường huyết khó phát hiện do triệu chứng mờ nhạt và không điển hình. | Biến chứng hạ glucose máu khó phát hiện do triệu chứng mờ nhạt, nguy cơ tử vong cao. | Biến chứng hạ đường huyết khó phát hiện do triệu chứng mờ nhạt và không điển hình. | Nhóm dễ mắc đái tháo đường type 2 do yếu tố tuổi tác. | Biến chứng hạ đường huyết khó phát hiện do triệu chứng mờ nhạt và không điển hình. | Nhóm dễ mắc đái tháo đường type 2 do yếu tố tuổi tác. | Biến chứng hạ đường huyết khó phát hiện do triệu chứng mờ nhạt và không điển hình. | Khó phát hiện triệu chứng hạ glucose máu do biểu hiện mờ nhạt, nguy cơ tử vong cao. | Khó phát hiện biến chứng hạ đường huyết do triệu chứng mờ nhạt và không điển hình. | Nhóm dễ mắc đái tháo đường type 2 do yếu tố tuổi tác. | Khó phát hiện biến chứng hạ đường huyết do triệu chứng mờ nhạt và không điển hình. | Biến chứng hạ glucose máu khó phát hiện vì triệu chứng mờ nhạt, không điển hình. | Khó phát hiện biến chứng hạ đường huyết do triệu chứng mờ nhạt và không điển hình. | Biến chứng hạ đường huyết khó phát hiện do triệu chứng mờ nhạt và không điển hình. | Nhóm dễ mắc đái tháo đường type 2 do yếu tố tuổi tác. | Biến chứng hạ đường huyết khó phát hiện do triệu chứng mờ nhạt và không điển hình. | Là nhóm đối tượng có nguy cơ thấp tuân thủ điều trị, đặc biệt liên quan đến kiểm soát đường huyết. | Nhóm có nguy cơ mắc đái tháo đường type 2 cao do suy giảm chức năng nội tiết. | Nhóm có nguy cơ cao do sự cứng động mạch và tăng áp lực mạch. | Cần đo huyết áp tư thế đứng, dễ bị hạ huyết áp tư thế. | Có nguy cơ cao mắc tăng huyết áp và tổn thương cơ quan đích do huyết áp không kiểm soát. | Tuổi mắc bệnh tăng huyết áp ngày càng trẻ hóa, ảnh hưởng đến nhiều nhóm tuổi. | Nhóm dễ bị ảnh hưởng bởi suy tim do chức năng tim suy giảm tự nhiên và thường có nhiều bệnh lý nền. | Cần đo huyết áp tư thế đứng, dễ bị hạ huyết áp tư thế. | Tuổi mắc bệnh tăng huyết áp ngày càng trẻ hóa, ảnh hưởng đến nhiều nhóm tuổi. | Nhóm có nguy cơ cao mắc suy thận do chức năng thận tự nhiên suy giảm theo tuổi và dễ bị ảnh hưởng bởi tăng huyết áp. | Nhóm dễ bị ảnh hưởng bởi suy thận do chức năng thận tự nhiên suy giảm. | Nhóm có nguy cơ cao mắc suy thận do chức năng thận tự nhiên suy giảm theo tuổi và dễ bị ảnh hưởng bởi tăng huyết áp. | Nhóm dễ bị ảnh hưởng bởi suy thận do chức năng thận tự nhiên suy giảm. | Nhóm dễ bị ảnh hưởng bởi suy thận do chức năng thận tự nhiên suy giảm theo tuổi. | Nhóm dễ mắc tăng huyết áp và biến chứng do tuổi tác, cần theo dõi chặt chẽ. | Tỷ lệ mắc tăng huyết áp ngày càng tăng và tuổi bị mắc mới trẻ hóa. | Có nguy cơ cao mắc tăng huyết áp và tổn thương cơ quan đích do huyết áp không kiểm soát. | Tuổi mắc bệnh tăng huyết áp ngày càng trẻ hóa, ảnh hưởng đến nhiều nhóm tuổi. | Tuổi mắc mới tăng huyết áp đang trẻ hóa, ảnh hưởng nhiều đến nhóm tuổi trung niên và cao tuổi. | Tăng huyết áp ngày càng phổ biến ở độ tuổi trẻ hóa, đặc biệt trong nhóm người lớn tuổi. | Nhóm có nguy cơ cao do sự cứng động mạch và tăng áp lực mạch. | Tuổi mắc mới tăng huyết áp đang trẻ hóa, ảnh hưởng nhiều đến nhóm tuổi trung niên và cao tuổi. | Tỷ lệ mắc tăng huyết áp tăng dần theo tuổi, nhóm này có nguy cơ biến chứng cao. | Nhóm có nguy cơ cao do sự gia tăng cứng động mạch và áp lực mạch. | Tỷ lệ mắc tăng huyết áp tăng theo độ tuổi và đang trẻ hóa. | Tỷ lệ mắc tăng huyết áp ngày càng tăng và tuổi bị mắc mới cũng ngày một trẻ hóa - nguy cơ cao ở nhóm này. | Nhóm có nguy cơ cao do sự cứng động mạch và tăng áp lực mạch. | Cần đo huyết áp tư thế đứng, dễ bị hạ huyết áp tư thế. | Khi tuổi càng cao thì nguy cơ THA càng tăng. | Nhóm có nguy cơ cao do sự cứng động mạch và tăng áp lực mạch. | Tuổi càng cao thì nguy cơ THA càng tăng. | Tỷ lệ mắc tăng huyết áp tăng dần theo tuổi, đặc biệt nguy hiểm với người già. | Tỷ lệ mắc tăng huyết áp tăng dần theo tuổi, nguy cơ biến chứng cao hơn. | Nhóm có nguy cơ cao do tổn thương cơ quan đích và dễ bị hạ huyết áp tư thế. | Có nguy cơ cao mắc tăng huyết áp và biến chứng do tổn thương cơ quan đích. | Nguy cơ cao do hệ miễn dịch suy yếu và phản ứng với nhiễm trùng hô hấp. | Nhóm dễ bị tổn thương phổi do suy giảm chức năng hô hấp tự nhiên. | Nhóm dễ bị ảnh hưởng bởi COPD do suy giảm chức năng hô hấp tự nhiên. | Nhóm dễ bị ảnh hưởng bởi COPD do suy giảm chức năng hô hấp. | Nhóm dễ bị tổn thương phổi do suy giảm chức năng hô hấp tự nhiên.","https://bachmai.gov.vn/bai-viet/bien-chung-cua-benh-dai-thao-duong?id=f17ffc43-5abb-5dcb-54d1-d3887440a421 | https://web.archive.org/web/https://bachmai.gov.vn/bai-viet/bien-chung-cua-benh-dai-thao-duong?id=f17ffc43-5abb-5dcb-54d1-d3887440a421 | https://benhvienquynhon.gov.vn/tin-tuc/hoat-dong-cua-ttyt/dai-thao-duong-va-nhung-dieu-ban-can-biet/ | https://web.archive.org/web/https://bachmai.gov.vn/bai-viet/bien-chung-cua-benh-dai-thao-duong?id=f17ffc43-5abb-5dcb-54d1-d3887440a421 | https://web.archive.org/web/https://xayenmo.ninhbinh.gov.vn/y-te-giao-duc/benh-dai-thao-duong-dau-hieu-nhan-biet-phan-loai-va-dieu-tri-389.html | https://bachmai.gov.vn/bai-viet/bien-chung-cua-benh-dai-thao-duong?id=f17ffc43-5abb-5dcb-54d1-d3887440a421 | https://xayenmo.ninhbinh.gov.vn/y-te-giao-duc/benh-dai-thao-duong-dau-hieu-nhan-biet-phan-loai-va-dieu-tri-389.html | https://bachmai.gov.vn/bai-viet/bien-chung-cua-benh-dai-thao-duong?id=f17ffc43-5abb-5dcb-54d1-d3887440a421 | https://web.archive.org/web/https://bachmai.gov.vn/bai-viet/bien-chung-cua-benh-dai-thao-duong?id=f17ffc43-5abb-5dcb-54d1-d3887440a421 | https://bachmai.gov.vn/bai-viet/bien-chung-cua-benh-dai-thao-duong?id=f17ffc43-5abb-5dcb-54d1-d3887440a421 | https://web.archive.org/web/https://bachmai.gov.vn/bai-viet/bien-chung-cua-benh-dai-thao-duong?id=f17ffc43-5abb-5dcb-54d1-d3887440a421 | https://web.archive.org/web/https://bachmai.gov.vn/bai-viet/bien-chung-cua-benh-dai-thao-duong?id=f17ffc43-5abb-5dcb-54d1-d3887440a421 | https://web.archive.org/web/https://medlatec.vn/tin-tuc/benh-dai-thao-duong-anh-huong-nhu-the-nao-toi-suc-khoe-s195-n19438 | https://cdc.ninhbinh.gov.vn/tin-tuc-su-kien/benh-dai-thao-duong-va-cach-phong-ngua-benh2.html | https://web.archive.org/web/https://syt.dongnai.gov.vn/vi/news/Suc-khoe-cong-dong/nhung-bien-chung-nguy-hiem-cua-benh-tieu-duong-2511.html | https://web.archive.org/web/https://bachmai.gov.vn/tin-chi-tiet/-/bai-viet/dai-thao-duong-can-benh-nhieu-bien-chung-nguy-hiem-8-trieu-nguoi-viet-nam-dang-mac-9624-146.html | https://web.archive.org/web/https://bachmai.gov.vn/tin-chi-tiet/-/bai-viet/dai-thao-duong-can-benh-nhieu-bien-chung-nguy-hiem-8-trieu-nguoi-viet-nam-dang-mac-9624-146.html | https://bachmai.gov.vn/tin-chi-tiet/-/bai-viet/dai-thao-duong-can-benh-nhieu-bien-chung-nguy-hiem-8-trieu-nguoi-viet-nam-dang-mac-9624-146.html | https://web.archive.org/web/https://bachmai.gov.vn/tin-chi-tiet/-/bai-viet/dai-thao-duong-can-benh-nhieu-bien-chung-nguy-hiem-8-trieu-nguoi-viet-nam-dang-mac-9624-146.html | https://web.archive.org/web/https://vncdc.gov.vn/huong-dan-chan-doan-va-dieu-tri-benh-dai-thao-duong-tuyp-2-nd14582.html | https://bachmai.gov.vn/bai-viet/bien-chung-cua-benh-dai-thao-duong?id=f17ffc43-5abb-5dcb-54d1-d3887440a421 | https://web.archive.org/web/https://bachmai.gov.vn/bai-viet/bien-chung-cua-benh-dai-thao-duong?id=f17ffc43-5abb-5dcb-54d1-d3887440a421 | https://bachmai.gov.vn/bai-viet/bien-chung-cua-benh-dai-thao-duong?id=f17ffc43-5abb-5dcb-54d1-d3887440a421 | https://web.archive.org/web/https://bachmai.gov.vn/bai-viet/bien-chung-cua-benh-dai-thao-duong?id=f17ffc43-5abb-5dcb-54d1-d3887440a421 | https://bachmai.gov.vn/bai-viet/bien-chung-cua-benh-dai-thao-duong?id=f17ffc43-5abb-5dcb-54d1-d3887440a421 | https://web.archive.org/web/https://bachmai.gov.vn/bai-viet/bien-chung-cua-benh-dai-thao-duong?id=f17ffc43-5abb-5dcb-54d1-d3887440a421 | https://web.archive.org/web/https://vncdc.gov.vn/huong-dan-chan-doan-va-dieu-tri-benh-dai-thao-duong-tuyp-2-nd14582.html | https://bachmai.gov.vn/bai-viet/bien-chung-cua-benh-dai-thao-duong?id=f17ffc43-5abb-5dcb-54d1-d3887440a421 | https://web.archive.org/web/https://bachmai.gov.vn/bai-viet/bien-chung-cua-benh-dai-thao-duong?id=f17ffc43-5abb-5dcb-54d1-d3887440a421 | https://web.archive.org/web/https://vncdc.gov.vn/huong-dan-chan-doan-va-dieu-tri-benh-dai-thao-duong-tuyp-2-nd14582.html | https://web.archive.org/web/https://bachmai.gov.vn/bai-viet/bien-chung-cua-benh-dai-thao-duong?id=f17ffc43-5abb-5dcb-54d1-d3887440a421 | https://bachmai.gov.vn/bai-viet/bien-chung-cua-benh-dai-thao-duong?id=f17ffc43-5abb-5dcb-54d1-d3887440a421 | https://web.archive.org/web/https://bachmai.gov.vn/bai-viet/bien-chung-cua-benh-dai-thao-duong?id=f17ffc43-5abb-5dcb-54d1-d3887440a421 | https://xayenmo.ninhbinh.gov.vn/y-te-giao-duc/benh-dai-thao-duong-dau-hieu-nhan-biet-phan-loai-va-dieu-tri-389.html | https://web.archive.org/web/https://xayenmo.ninhbinh.gov.vn/y-te-giao-duc/benh-dai-thao-duong-dau-hieu-nhan-biet-phan-loai-va-dieu-tri-389.html | https://web.archive.org/web/https://bachmai.gov.vn/bai-viet/bien-chung-cua-benh-dai-thao-duong?id=f17ffc43-5abb-5dcb-54d1-d3887440a421 | https://web.archive.org/web/https://xayenmo.ninhbinh.gov.vn/y-te-giao-duc/benh-dai-thao-duong-dau-hieu-nhan-biet-phan-loai-va-dieu-tri-389.html | https://xayenmo.ninhbinh.gov.vn/y-te-giao-duc/benh-dai-thao-duong-dau-hieu-nhan-biet-phan-loai-va-dieu-tri-389.html | https://web.archive.org/web/https://bachmai.gov.vn/bai-viet/bien-chung-cua-benh-dai-thao-duong?id=f17ffc43-5abb-5dcb-54d1-d3887440a421 | https://xayenmo.ninhbinh.gov.vn/y-te-giao-duc/benh-dai-thao-duong-dau-hieu-nhan-biet-phan-loai-va-dieu-tri-389.html | https://web.archive.org/web/https://bachmai.gov.vn/bai-viet/bien-chung-cua-benh-dai-thao-duong?id=f17ffc43-5abb-5dcb-54d1-d3887440a421 | https://bachmai.gov.vn/bai-viet/bien-chung-cua-benh-dai-thao-duong?id=f17ffc43-5abb-5dcb-54d1-d3887440a421 | https://web.archive.org/web/https://bachmai.gov.vn/bai-viet/bien-chung-cua-benh-dai-thao-duong?id=f17ffc43-5abb-5dcb-54d1-d3887440a421 | https://bachmai.gov.vn/bai-viet/bien-chung-cua-benh-dai-thao-duong?id=f17ffc43-5abb-5dcb-54d1-d3887440a421 | https://web.archive.org/web/https://bachmai.gov.vn/bai-viet/bien-chung-cua-benh-dai-thao-duong?id=f17ffc43-5abb-5dcb-54d1-d3887440a421 | https://web.archive.org/web/https://bachmai.gov.vn/bai-viet/bien-chung-cua-benh-dai-thao-duong?id=f17ffc43-5abb-5dcb-54d1-d3887440a421 | https://xayenmo.ninhbinh.gov.vn/y-te-giao-duc/benh-dai-thao-duong-dau-hieu-nhan-biet-phan-loai-va-dieu-tri-389.html | https://web.archive.org/web/https://bachmai.gov.vn/bai-viet/bien-chung-cua-benh-dai-thao-duong?id=f17ffc43-5abb-5dcb-54d1-d3887440a421 | https://web.archive.org/web/http://www.tapchiyhocduphong.vn/tap-chi-y-hoc-du-phong/2021/09/tuan-thu-dieu-tri-va-cac-yeu-to-lien-quan-o-benh-nhan-dai-thao-duong-tuyp-2-dieu-o81E20B40.html | https://xayenmo.ninhbinh.gov.vn/y-te-giao-duc/benh-dai-thao-duong-dau-hieu-nhan-biet-phan-loai-va-dieu-tri-389.html | https://chanthuongvacotsong.bachmai.gov.vn/huong-dan-chan-doan-va-dieu-tri-tang-huyet-ap/ | http://bvhoanghoa.ytethanhhoa.gov.vn/web/khoa-phong-chuc-nang/khoa-phong-chuc-nang/to-cong-tac-xa-hoi/benh-tang-huyet-ap-ke-giet-nguoi-tham-lang.html | https://web.archive.org/web/https://vncdc.gov.vn/huong-dan-chan-doan-va-dieu-tri-tang-huyet-ap-nd14594.html | https://bachmai.gov.vn/bai-viet/nhan-biet-dieu-tri-va-cham-soc-nguoi-benh-suy-tim?id=f55f8d26-9341-41d6-a243-00f543335069 | https://web.archive.org/web/http://bvhoanghoa.ytethanhhoa.gov.vn/web/khoa-phong-chuc-nang/khoa-phong-chuc-nang/phong-cong-tac-xa-hoi/dieu-can-luu-y-khi-dieu-tri-tang-huyet-ap.html | https://chanthuongvacotsong.bachmai.gov.vn/huong-dan-chan-doan-va-dieu-tri-tang-huyet-ap/ | https://web.archive.org/web/http://bvhoanghoa.ytethanhhoa.gov.vn/web/khoa-phong-chuc-nang/khoa-phong-chuc-nang/phong-cong-tac-xa-hoi/dieu-can-luu-y-khi-dieu-tri-tang-huyet-ap.html | https://web.archive.org/web/https://www.vinmec.com/vie/bai-viet/suy-o-nguoi-bi-cao-huyet-ap-nhung-dieu-can-chu-y-vi | https://web.archive.org/web/https://www.vinmec.com/vie/bai-viet/suy-o-nguoi-bi-cao-huyet-ap-nhung-dieu-can-chu-y-vi | https://bachmai.gov.vn/bai-viet/sai-lam-trong-dinh-duong-khien-suy-than-man-them-tram-trong-dau-la-giai-phap?id=1ff0d3d0-62f4-4159-a23b-758572e7f600 | https://web.archive.org/web/https://bachmai.gov.vn/bai-viet/sai-lam-trong-dinh-duong-khien-suy-than-man-them-tram-trong-dau-la-giai-phap?id=1ff0d3d0-62f4-4159-a23b-758572e7f600 | https://bachmai.gov.vn/bai-viet/sai-lam-trong-dinh-duong-khien-suy-than-man-them-tram-trong-dau-la-giai-phap?id=1ff0d3d0-62f4-4159-a23b-758572e7f600 | http://bvhoanghoa.ytethanhhoa.gov.vn/web/khoa-phong-chuc-nang/khoa-phong-chuc-nang/to-cong-tac-xa-hoi/dieu-can-luu-y-khi-dieu-tri-tang-huyet-ap.html | https://web.archive.org/web/http://bvhoanghoa.ytethanhhoa.gov.vn/web/khoa-phong-chuc-nang/khoa-phong-chuc-nang/to-cong-tac-xa-hoi/dieu-can-luu-y-khi-dieu-tri-tang-huyet-ap.html | http://bvhoanghoa.ytethanhhoa.gov.vn/web/khoa-phong-chuc-nang/khoa-phong-chuc-nang/phong-cong-tac-xa-hoi/dieu-can-luu-y-khi-dieu-tri-tang-huyet-ap.html | https://web.archive.org/web/https://vncdc.gov.vn/huong-dan-chan-doan-va-dieu-tri-tang-huyet-ap-nd14594.html | https://web.archive.org/web/http://bvhoanghoa.ytethanhhoa.gov.vn/web/khoa-phong-chuc-nang/khoa-phong-chuc-nang/phong-cong-tac-xa-hoi/dieu-can-luu-y-khi-dieu-tri-tang-huyet-ap.html | https://web.archive.org/web/http://bvhoanghoa.ytethanhhoa.gov.vn/web/khoa-phong-chuc-nang/khoa-phong-chuc-nang/phong-cong-tac-xa-hoi/dieu-can-luu-y-khi-dieu-tri-tang-huyet-ap.html | http://bvhoanghoa.ytethanhhoa.gov.vn/web/khoa-phong-chuc-nang/khoa-phong-chuc-nang/to-cong-tac-xa-hoi/benh-tang-huyet-ap-ke-giet-nguoi-tham-lang.html | https://web.archive.org/web/http://bvhoanghoa.ytethanhhoa.gov.vn/web/khoa-phong-chuc-nang/khoa-phong-chuc-nang/phong-cong-tac-xa-hoi/dieu-can-luu-y-khi-dieu-tri-tang-huyet-ap.html | http://bvhoanghoa.ytethanhhoa.gov.vn/web/khoa-phong-chuc-nang/khoa-phong-chuc-nang/phong-cong-tac-xa-hoi/dieu-can-luu-y-khi-dieu-tri-tang-huyet-ap.html | https://soyte.tuyenquang.gov.vn/tin-tuc/tang-huyet-ap-va-nhung-bien-chung-nguy-hiem.html | https://web.archive.org/web/http://bvhoanghoa.ytethanhhoa.gov.vn/web/khoa-phong-chuc-nang/khoa-phong-chuc-nang/to-cong-tac-xa-hoi/benh-tang-huyet-ap-ke-giet-nguoi-tham-lang.html | https://web.archive.org/web/http://bvhoanghoa.ytethanhhoa.gov.vn/web/khoa-phong-chuc-nang/khoa-phong-chuc-nang/to-cong-tac-xa-hoi/dieu-can-luu-y-khi-dieu-tri-tang-huyet-ap.html | http://bvhoanghoa.ytethanhhoa.gov.vn/web/khoa-phong-chuc-nang/khoa-phong-chuc-nang/phong-cong-tac-xa-hoi/dieu-can-luu-y-khi-dieu-tri-tang-huyet-ap.html | https://web.archive.org/web/https://chanthuongvacotsong.bachmai.gov.vn/huong-dan-chan-doan-va-dieu-tri-tang-huyet-ap/ | https://chanthuongvacotsong.bachmai.gov.vn/huong-dan-chan-doan-va-dieu-tri-tang-huyet-ap/ | https://web.archive.org/web/http://bvhoanghoa.ytethanhhoa.gov.vn/web/khoa-phong-chuc-nang/khoa-phong-chuc-nang/to-cong-tac-xa-hoi/benh-tang-huyet-ap-ke-giet-nguoi-tham-lang.html | https://web.archive.org/web/http://bvhoanghoa.ytethanhhoa.gov.vn/web/khoa-phong-chuc-nang/khoa-phong-chuc-nang/to-cong-tac-xa-hoi/benh-tang-huyet-ap-ke-giet-nguoi-tham-lang.html | https://web.archive.org/web/http://soyte.hatinh.gov.vn/tin-tuc-su-kien/pho-bien-kien-thuc/4-bien-phap-chu-yeu-phong-benh-tang-huyet-ap.html | http://soyte.hatinh.gov.vn/tin-tuc-su-kien/pho-bien-kien-thuc/4-bien-phap-chu-yeu-phong-benh-tang-huyet-ap.html | https://web.archive.org/web/https://vncdc.gov.vn/4-bien-phap-chu-yeu-phong-benh-tang-huyet-ap-nd14878.html | https://soyte.tuyenquang.gov.vn/tin-tuc/tang-huyet-ap-va-nhung-bien-chung-nguy-hiem.html | https://web.archive.org/web/https://soyte.tuyenquang.gov.vn/tin-tuc/tang-huyet-ap-va-nhung-bien-chung-nguy-hiem.html | https://web.archive.org/web/https://chanthuongvacotsong.bachmai.gov.vn/huong-dan-chan-doan-va-dieu-tri-tang-huyet-ap/ | https://chanthuongvacotsong.bachmai.gov.vn/huong-dan-chan-doan-va-dieu-tri-tang-huyet-ap/ | https://medlatec.vn/tu-dien-benh-ly/con-hen-ac-tinh | https://tamanhhospital.vn/giai-doan-benh-phoi-tac-nghen-man-tinh/ | https://bachmai.gov.vn/bai-viet/tho-may-khong-xam-nhap-trong-dieu-tri-benh-phoi-tac-nghen-man-tinh?id=828a5ae0-e152-ef2d-e6b5-48a6c8bafe5b | https://web.archive.org/web/https://bachmai.gov.vn/bai-viet/tho-may-khong-xam-nhap-trong-dieu-tri-benh-phoi-tac-nghen-man-tinh?id=828a5ae0-e152-ef2d-e6b5-48a6c8bafe5b | https://bachmai.gov.vn/bai-viet/tho-may-khong-xam-nhap-trong-dieu-tri-benh-phoi-tac-nghen-man-tinh?id=828a5ae0-e152-ef2d-e6b5-48a6c8bafe5b | https://tamanhhospital.vn/giai-doan-benh-phoi-tac-nghen-man-tinh/"
"1505","DEMO_a6b00f4934","Demographic","Người có nghề nghiệp tiếp xúc khói bụi","Những người làm việc trong môi trường khói bếp củi, hóa chất, bụi công nghiệp dễ mắc bệnh.","https://web.archive.org/web/https://vncdc.gov.vn/huong-dan-chan-doan-va-dieu-tri-benh-phoi-tac-nghen-man-tinh-nd14577.html"
"1506","DEMO_a6bb4b2e5a","Demographic","Người có cơ địa dị ứng","Dễ bị kích thích bởi các yếu tố môi trường và thuốc gây phản ứng miễn dịch. | Dễ bị kích thích bởi các yếu tố dị nguyên như phấn hoa, lông động vật, khói thuốc lá.","https://www.vinmec.com/vie/benh/hen-phe-quan-2949 | https://medlatec.vn/tu-dien-benh-ly/con-hen-ac-tinh"
"1507","DEMO_a6e669fc9b","Demographic","Bệnh nhân điều trị nội trú","Nhóm đối tượng nghiên cứu tại Bệnh viện Đa khoa Xanh Pôn. | Nhóm nghiên cứu là người bệnh đang nằm viện điều trị. | Nhóm đối tượng nghiên cứu tại Bệnh viện Đa khoa Xanh Pôn. | Nhóm đối tượng nghiên cứu tại Bệnh viện Đa khoa Xanh Pôn. | Nhóm đối tượng nghiên cứu tại Bệnh viện Đa khoa Xanh Pôn.","https://sti.vista.gov.vn/publication/view/tinh-trang-dinh-duong-va-mot-so-yeu-to-lien-quan-cua-nguoi-benh-dai-thao-duong-typ-2-dieu-tri-noi-tru-tai-benh-vien-da-khoa-xanh-pon-nam-2023-e7cc38bdc9220841bb8ade1a50eee813-455622.html | https://web.archive.org/web/https://sti.vista.gov.vn/publication/view/tinh-trang-dinh-duong-va-mot-so-yeu-to-lien-quan-cua-nguoi-benh-dai-thao-duong-typ-2-dieu-tri-noi-tru-tai-benh-vien-da-khoa-xanh-pon-nam-2023-e7cc38bdc9220841bb8ade1a50eee813-455622.html | https://sti.vista.gov.vn/publication/view/tinh-trang-dinh-duong-va-mot-so-yeu-to-lien-quan-cua-nguoi-benh-dai-thao-duong-typ-2-dieu-tri-noi-tru-tai-benh-vien-da-khoa-xanh-pon-nam-2023-e7cc38bdc9220841bb8ade1a50eee813-455622.html | https://web.archive.org/web/https://sti.vista.gov.vn/publication/view/tinh-trang-dinh-duong-va-mot-so-yeu-to-lien-quan-cua-nguoi-benh-dai-thao-duong-typ-2-dieu-tri-noi-tru-tai-benh-vien-da-khoa-xanh-pon-nam-2023-e7cc38bdc9220841bb8ade1a50eee813-455622.html | https://sti.vista.gov.vn/publication/view/tinh-trang-dinh-duong-va-mot-so-yeu-to-lien-quan-cua-nguoi-benh-dai-thao-duong-typ-2-dieu-tri-noi-tru-tai-benh-vien-da-khoa-xanh-pon-nam-2023-e7cc38bdc9220841bb8ade1a50eee813-455622.html | https://web.archive.org/web/https://sti.vista.gov.vn/publication/view/tinh-trang-dinh-duong-va-mot-so-yeu-to-lien-quan-cua-nguoi-benh-dai-thao-duong-typ-2-dieu-tri-noi-tru-tai-benh-vien-da-khoa-xanh-pon-nam-2023-e7cc38bdc9220841bb8ade1a50eee813-455622.html | https://web.archive.org/web/https://sti.vista.gov.vn/publication/view/tinh-trang-dinh-duong-va-mot-so-yeu-to-lien-quan-cua-nguoi-benh-dai-thao-duong-typ-2-dieu-tri-noi-tru-tai-benh-vien-da-khoa-xanh-pon-nam-2023-e7cc38bdc9220841bb8ade1a50eee813-455622.html"
"1508","DEMO_a776037aa2","Demographic","Người trên 40 tuổi","Nhóm có nguy cơ cao mắc đái tháo đường type 2. | Nhóm có nguy cơ cao do yếu tố lão hóa và di truyền. | Nhóm có nguy cơ cao do suy giảm chức năng tuyến tụy và tăng kháng insulin. | Nhóm có nguy cơ cao do suy giảm chức năng nội tiết và tăng nguy cơ bệnh lý. | Nhóm có nguy cơ cao do yếu tố tuổi tác. | Nhóm có nguy cơ cao do yếu tố tuổi tác. | Nhóm có nguy cơ cao mắc đái tháo đường type 2. | Nhóm có nguy cơ cao do yếu tố không can thiệp được. | Nhóm có nguy cơ cao do yếu tố không can thiệp được. | Nhóm có nguy cơ cao do suy giảm chức năng tuyến tụy và tăng mỡ máu.","https://web.archive.org/web/https://xayenmo.ninhbinh.gov.vn/y-te-giao-duc/benh-dai-thao-duong-dau-hieu-nhan-biet-phan-loai-va-dieu-tri-389.html | https://xayenmo.ninhbinh.gov.vn/y-te-giao-duc/benh-dai-thao-duong-dau-hieu-nhan-biet-phan-loai-va-dieu-tri-389.html | https://xayenmo.ninhbinh.gov.vn/y-te-giao-duc/benh-dai-thao-duong-dau-hieu-nhan-biet-phan-loai-va-dieu-tri-389.html | https://web.archive.org/web/https://xayenmo.ninhbinh.gov.vn/y-te-giao-duc/benh-dai-thao-duong-dau-hieu-nhan-biet-phan-loai-va-dieu-tri-389.html | https://web.archive.org/web/https://xayenmo.ninhbinh.gov.vn/y-te-giao-duc/benh-dai-thao-duong-dau-hieu-nhan-biet-phan-loai-va-dieu-tri-389.html | https://xayenmo.ninhbinh.gov.vn/y-te-giao-duc/benh-dai-thao-duong-dau-hieu-nhan-biet-phan-loai-va-dieu-tri-389.html | https://xayenmo.ninhbinh.gov.vn/y-te-giao-duc/benh-dai-thao-duong-dau-hieu-nhan-biet-phan-loai-va-dieu-tri-389.html | https://xayenmo.ninhbinh.gov.vn/y-te-giao-duc/benh-dai-thao-duong-dau-hieu-nhan-biet-phan-loai-va-dieu-tri-389.html"
"1509","DEMO_a7def787e4","Demographic","Người từ 20 đến 65 tuổi","Đây là nhóm tuổi thường gặp nhất với bệnh võng mạc đái tháo đường, do ảnh hưởng của thời gian mắc bệnh. | Đây là nhóm tuổi thường gặp nhất với bệnh võng mạc đái tháo đường, do sự gia tăng nguy cơ theo thời gian mắc bệnh.","https://web.archive.org/web/https://benhvienmathanoi.gov.vn/tam-soat-benh-vong-mac-dai-thao-duong/ | https://benhvienmathanoi.gov.vn/tam-soat-benh-vong-mac-dai-thao-duong/"
"1510","DEMO_a7fa7ea51f","Demographic","Người lớn từ 20-69 tuổi","Đối tượng nghiên cứu là người bệnh đái tháo đường týp 2 trong độ tuổi này. | Đối tượng nghiên cứu là người bệnh đái tháo đường týp 2 điều trị nội trú trong độ tuổi này.","https://sti.vista.gov.vn/publication/view/tinh-trang-dinh-duong-va-mot-so-yeu-to-lien-quan-cua-nguoi-benh-dai-thao-duong-typ-2-dieu-tri-noi-tru-tai-benh-vien-da-khoa-xanh-pon-nam-2023-e7cc38bdc9220841bb8ade1a50eee813-455622.html"
"1511","DEMO_aa59cb835b","Demographic","Trẻ em tại bệnh viện tuyến cuối","Nhóm có nguy cơ cao do tiếp xúc với môi trường y tế và thiếu giám sát.","https://benhviennhitrunguong.gov.vn/hoi-thao-xu-huong-dieu-tri-dai-thao-duong-tip-1-chung-ta-khong-the-dung-ngoai.html"
"1512","DEMO_aa6a6da1c9","Demographic","Bệnh nhân suy thận giai đoạn 3-4","Cần kiểm soát nghiêm ngặt lượng protein và photpho để tránh bệnh xương.","https://www.vinmec.com/vie/bai-viet/suy-o-nguoi-bi-cao-huyet-ap-nhung-dieu-can-chu-y-vi"
"1513","DEMO_aa6ccd9851","Demographic","Trẻ em dưới 20 tuổi","Nhóm có nguy cơ cao nhất do sự phát triển của hệ miễn dịch. | Nhóm đối tượng chính mắc ĐTĐ típ 1, chiếm đa số tại Việt Nam. | Nhóm có nguy cơ cao nhất do sự phát triển của hệ miễn dịch.","https://benhviennhitrunguong.gov.vn/hoi-thao-xu-huong-dieu-tri-dai-thao-duong-tip-1-chung-ta-khong-the-dung-ngoai.html"
"1514","DEMO_ab9a7c5109","Demographic","Người có tiền sử dị ứng trong gia đình","Tăng nguy cơ mắc hen do yếu tố di truyền và môi trường.","https://benhviennhitrunguong.gov.vn/loi-khuyen-cua-cac-chuyen-gia-di-ung-ve-benh-hen-2.html"
"1515","DEMO_ac410197de","Demographic","Người bị tăng huyết áp","Huyết áp tâm thu ≥140 mmHg hoặc tâm trương ≥90 mmHg, làm tăng nguy cơ ĐTĐ. | Huyết áp cao là yếu tố nguy cơ làm tăng nguy cơ biến chứng tim mạch và thận. | Huyết áp tâm thu ≥140 mmHg hoặc tâm trương ≥90 mmHg, làm gia tăng nguy cơ đái tháo đường. | Tăng huyết áp là nguyên nhân hàng đầu gây ra bệnh thận. | Nhóm có nguy cơ cao mắc suy thận do sự tương tác hai chiều giữa tăng huyết áp và suy thận. | Nhóm có nguy cơ cao mắc suy thận do sự tương tác hai chiều giữa tăng huyết áp và suy thận. | Tăng huyết áp là nguyên nhân hàng đầu gây ra bệnh thận. | Tăng huyết áp là yếu tố nguy cơ chính gây suy thận mạn tính.","https://web.archive.org/web/https://www.vinmec.com/vie/bai-viet/tong-quan-ve-benh-dai-thao-duong-vi | https://www.vinmec.com/vie/bai-viet/tong-quan-ve-benh-dai-thao-duong-vi | https://www.vinmec.com/vie/bai-viet/tong-quan-ve-benh-dai-thao-duong-vi | https://www.vinmec.com/vie/bai-viet/tai-sao-mac-benh-thi-huyet-ap-lai-tang-cao-vi | https://web.archive.org/web/https://www.vinmec.com/vie/bai-viet/suy-o-nguoi-bi-cao-huyet-ap-nhung-dieu-can-chu-y-vi | https://web.archive.org/web/https://www.vinmec.com/vie/bai-viet/suy-o-nguoi-bi-cao-huyet-ap-nhung-dieu-can-chu-y-vi | https://www.vinmec.com/vie/bai-viet/tai-sao-mac-benh-thi-huyet-ap-lai-tang-cao-vi | https://web.archive.org/web/http://soyte.hatinh.gov.vn/tin-tuc-su-kien/pho-bien-kien-thuc/dau-hieu-benh-than-va-suy-than-.html | http://soyte.hatinh.gov.vn/tin-tuc-su-kien/pho-bien-kien-thuc/dau-hieu-benh-than-va-suy-than-.html"
"1516","DEMO_ac82269d29","Demographic","Người lớn Việt Nam","Nhóm dân số bị ảnh hưởng nặng nề bởi tăng huyết áp với tỷ lệ cao. | Nhóm dân số bị ảnh hưởng nặng nề bởi tăng huyết áp với tỷ lệ cao. | Tỷ lệ mắc tăng huyết áp ở người lớn tại Việt Nam lên đến 47,3% (20,8 triệu người). | Nhóm đối tượng bị ảnh hưởng nặng nề bởi tăng huyết áp với tỷ lệ cao. | Tỷ lệ mắc tăng huyết áp tại Việt Nam năm 2021 đạt 28,3%, mức báo động đỏ. | Tỷ lệ mắc tăng huyết áp ở người lớn tại Việt Nam lên đến 47,3% (20,8 triệu người) năm 2015. | Nhóm dân số bị ảnh hưởng nặng nề bởi tăng huyết áp với tỷ lệ cao. | Tỷ lệ mắc tăng huyết áp ở người lớn tại Việt Nam lên đến 47,3% (20,8 triệu người). | Nhóm dân số có tỷ lệ mắc tăng huyết áp cao nhất tại Việt Nam (28,3% năm 2021). | Tỷ lệ mắc tăng huyết áp ở người lớn tại Việt Nam lên đến 47,3% (20,8 triệu người). | Tỷ lệ mắc tăng huyết áp tại Việt Nam năm 2021 đạt 28,3%, mức báo động đỏ. | Tỷ lệ mắc tăng huyết áp ở người lớn tại Việt Nam lên đến 47,3% (20,8 triệu người). | Tỷ lệ mắc tăng huyết áp ở người lớn tại Việt Nam lên đến 47,3% (20,8 triệu người). | Tỷ lệ mắc tăng huyết áp tại Việt Nam năm 2021 đạt 28,3% - mức báo động đỏ. | Tỷ lệ mắc tăng huyết áp ở người lớn tại Việt Nam lên đến 47,3% (20,8 triệu người) năm 2015.","http://bvhoanghoa.ytethanhhoa.gov.vn/web/khoa-phong-chuc-nang/khoa-phong-chuc-nang/phong-cong-tac-xa-hoi/dieu-can-luu-y-khi-dieu-tri-tang-huyet-ap.html | https://web.archive.org/web/http://bvhoanghoa.ytethanhhoa.gov.vn/web/khoa-phong-chuc-nang/khoa-phong-chuc-nang/phong-cong-tac-xa-hoi/dieu-can-luu-y-khi-dieu-tri-tang-huyet-ap.html | http://bvhoanghoa.ytethanhhoa.gov.vn/web/khoa-phong-chuc-nang/khoa-phong-chuc-nang/phong-cong-tac-xa-hoi/dieu-can-luu-y-khi-dieu-tri-tang-huyet-ap.html | https://web.archive.org/web/http://bvhoanghoa.ytethanhhoa.gov.vn/web/khoa-phong-chuc-nang/khoa-phong-chuc-nang/phong-cong-tac-xa-hoi/dieu-can-luu-y-khi-dieu-tri-tang-huyet-ap.html | http://bvhoanghoa.ytethanhhoa.gov.vn/web/khoa-phong-chuc-nang/khoa-phong-chuc-nang/to-cong-tac-xa-hoi/dieu-can-luu-y-khi-dieu-tri-tang-huyet-ap.html | http://bvhoanghoa.ytethanhhoa.gov.vn/web/khoa-phong-chuc-nang/khoa-phong-chuc-nang/phong-cong-tac-xa-hoi/dieu-can-luu-y-khi-dieu-tri-tang-huyet-ap.html | https://web.archive.org/web/http://bvhoanghoa.ytethanhhoa.gov.vn/web/khoa-phong-chuc-nang/khoa-phong-chuc-nang/phong-cong-tac-xa-hoi/dieu-can-luu-y-khi-dieu-tri-tang-huyet-ap.html | http://bvhoanghoa.ytethanhhoa.gov.vn/web/khoa-phong-chuc-nang/khoa-phong-chuc-nang/phong-cong-tac-xa-hoi/dieu-can-luu-y-khi-dieu-tri-tang-huyet-ap.html | https://web.archive.org/web/http://bvhoanghoa.ytethanhhoa.gov.vn/web/khoa-phong-chuc-nang/khoa-phong-chuc-nang/phong-cong-tac-xa-hoi/dieu-can-luu-y-khi-dieu-tri-tang-huyet-ap.html | http://bvhoanghoa.ytethanhhoa.gov.vn/web/khoa-phong-chuc-nang/khoa-phong-chuc-nang/phong-cong-tac-xa-hoi/dieu-can-luu-y-khi-dieu-tri-tang-huyet-ap.html | https://web.archive.org/web/http://bvhoanghoa.ytethanhhoa.gov.vn/web/khoa-phong-chuc-nang/khoa-phong-chuc-nang/phong-cong-tac-xa-hoi/dieu-can-luu-y-khi-dieu-tri-tang-huyet-ap.html | http://bvhoanghoa.ytethanhhoa.gov.vn/web/khoa-phong-chuc-nang/khoa-phong-chuc-nang/to-cong-tac-xa-hoi/dieu-can-luu-y-khi-dieu-tri-tang-huyet-ap.html | https://web.archive.org/web/http://bvhoanghoa.ytethanhhoa.gov.vn/web/khoa-phong-chuc-nang/khoa-phong-chuc-nang/to-cong-tac-xa-hoi/dieu-can-luu-y-khi-dieu-tri-tang-huyet-ap.html | http://bvhoanghoa.ytethanhhoa.gov.vn/web/khoa-phong-chuc-nang/khoa-phong-chuc-nang/phong-cong-tac-xa-hoi/dieu-can-luu-y-khi-dieu-tri-tang-huyet-ap.html"
"1517","DEMO_ad42e31d44","Demographic","Người trẻ tuổi (dưới 30 tuổi)","Cần tìm nguyên nhân thứ phát vì THA ở độ tuổi này ít gặp. | Cần tìm nguyên nhân thứ phát vì THA nguyên phát hiếm gặp ở độ tuổi này.","https://web.archive.org/web/https://chanthuongvacotsong.bachmai.gov.vn/huong-dan-chan-doan-va-dieu-tri-tang-huyet-ap/ | https://chanthuongvacotsong.bachmai.gov.vn/huong-dan-chan-doan-va-dieu-tri-tang-huyet-ap/"
"1518","DEMO_ad95ee61bb","Demographic","Người trên 65 tuổi","Nhóm dễ mắc hôn mê tăng áp lực thẩm thấu do đái tháo đường týp 2, thường gặp hơn ở nhóm này.","https://web.archive.org/web/https://benhviendakhoasongma.gov.vn/bai-viet/hon-me-tang-ap-luc-tham-thau-do-dai-thao-duong-210"
"1519","DEMO_ae16b894cd","Demographic","Người có bệnh đồng mắc tim mạch","Nhóm cần thuốc điều trị không chỉ hạ đường huyết mà còn bảo vệ tim và thận.","https://bachmai.gov.vn/bai-viet/doi-moi-tu-duy-dieu-tri-dai-thao-duong-typ-2-va-chien-luoc-kiem-soat-toan-dien-bien-chung-than-kinh?id=090463d0-4515-40c8-919c-8bebc41e2c01"
"1520","DEMO_afe74ee5c7","Demographic","Trẻ em tại các nước đang phát triển","Nhóm có nguy cơ cao do thiếu nguồn lực y tế và giáo dục sức khỏe. | Nhóm có nguy cơ cao do điều kiện sống, dinh dưỡng và y tế chưa đầy đủ. | Nhóm có nguy cơ cao do thiếu nguồn lực y tế và giáo dục sức khỏe.","https://benhviennhitrunguong.gov.vn/hoi-thao-xu-huong-dieu-tri-dai-thao-duong-tip-1-chung-ta-khong-the-dung-ngoai.html"
"1521","DEMO_b1310fb7d0","Demographic","Người có điều kiện kinh tế xã hội thấp","Nhóm dễ mắc COPD do thiếu khả năng tiếp cận môi trường sống lành mạnh và chăm sóc y tế. | Những người sống trong điều kiện nghèo khó thường không tiếp cận được môi trường sạch sẽ hoặc chăm sóc y tế. | Nhóm đối tượng dễ tiếp xúc với yếu tố nguy cơ do thiếu khả năng bảo vệ môi trường sống và y tế. | Những người thiếu khả năng tiếp cận môi trường sống trong lành hoặc chăm sóc sức khỏe tốt. | Nhóm dễ mắc COPD do thiếu khả năng tiếp cận môi trường sống sạch sẽ hoặc chăm sóc sức khỏe. | Những người thiếu khả năng tiếp cận môi trường sống sạch sẽ hoặc chăm sóc sức khỏe.","https://web.archive.org/web/https://bachmai.gov.vn/bai-viet/benh-phoi-tac-nghen-man-tinh-hieu-dung-phong-ngua-va-phat-hien-som-cung-chuyen-gia-benh-vien-bach-mai?id=bef483aa-6fde-433a-b2e8-b373eb7903a6 | https://bachmai.gov.vn/bai-viet/benh-phoi-tac-nghen-man-tinh-hieu-dung-phong-ngua-va-phat-hien-som-cung-chuyen-gia-benh-vien-bach-mai?id=bef483aa-6fde-433a-b2e8-b373eb7903a6"
"1522","DEMO_b15c6a8659","Demographic","Người bệnh đái tháo đường lâu năm","Nhóm có nguy cơ cao phát triển biến chứng thần kinh do tổn thương tích lũy theo thời gian. | Nhóm có nguy cơ cao bị tổn thương thần kinh và các biến chứng mạn tính.","https://web.archive.org/web/https://bachmai.gov.vn/bai-viet/doi-moi-tu-duy-dieu-tri-dai-thao-duong-typ-2-va-chien-luoc-kiem-soat-toan-dien-bien-chung-than-kinh?id=090463d0-4515-40c8-919c-8bebc41e2c01 | https://bachmai.gov.vn/bai-viet/doi-moi-tu-duy-dieu-tri-dai-thao-duong-typ-2-va-chien-luoc-kiem-soat-toan-dien-bien-chung-than-kinh?id=090463d0-4515-40c8-919c-8bebc41e2c01"
"1523","DEMO_b2c00c2844","Demographic","Người bị rối loạn mỡ máu","Nồng độ HDL <35 mg/dl hoặc triglyceride >250 mg/dL, làm tăng nguy cơ đái tháo đường.","https://www.vinmec.com/vie/bai-viet/tong-quan-ve-benh-dai-thao-duong-vi"
"1524","DEMO_b3018f96ac","Demographic","Bệnh nhân đái tháo đường","Nhóm bệnh nhân có nguy cơ cao hơn khi dùng clopidogrel, đặc biệt về biến cố tim mạch. | Nhóm bệnh nhân có nguy cơ cao mắc các biến cố tim mạch khi dùng clopidogrel. | Nhóm có nguy cơ cao mắc bệnh thận mạn do tăng huyết áp.","https://web.archive.org/web/http://www.tapchiyhocduphong.vn/tap-chi-y-hoc-du-phong/2019/09/nguy-co-bien-co-tim-mach-o-benh-nhan-su-dung-clopidogrel-mac-va-khong-mac-dai-th-o81E2084E.html | https://web.archive.org/web/https://tamanhhospital.vn/tang-huyet-ap-trong-benh-than/"
"1525","DEMO_b639230749","Demographic","Người không tuân thủ chế độ ăn và luyện tập","Chỉ có 23,7% số bệnh nhân tuân thủ, làm tăng nguy cơ biến chứng.","https://nsti.vista.gov.vn/publication/view/nghien-cuu-dac-diem-lam-sang-can-lam-sang-va-danh-gia-bien-chung-than-o-benh-nhan-dai-thao-duong-type-2-tai-khoa-noi-3-benh-vien-huu-nghi-viet-tiep-hai-phong-350723.html"
"1526","DEMO_b67c12b91e","Demographic","Trẻ nhỏ","Dễ mắc bệnh lý đường hô hấp do hệ miễn dịch chưa hoàn thiện. | Dễ mắc bệnh lý đường hô hấp do yếu tố môi trường và thời tiết thay đổi. | Dễ mắc bệnh lý đường hô hấp do yếu tố môi trường và thời tiết thay đổi. | Hệ hô hấp chưa phát triển đầy đủ, dễ bị co thắt và suy hô hấp.","http://phacdo.soytequangninh.gov.vn/news/chuyen-khoa-sau/phong-benh-hen-phe-quan-khi-thoi-tiet-thay-doi.html | https://web.archive.org/web/http://phacdo.soytequangninh.gov.vn/news/chuyen-khoa-sau/phong-benh-hen-phe-quan-khi-thoi-tiet-thay-doi.html | https://medlatec.vn/tu-dien-benh-ly/con-hen-ac-tinh"
"1527","DEMO_b6bcadb794","Demographic","Người trẻ tuổi mắc ĐTĐ","Có nguy cơ cao bị biến chứng tim mạch, cần phân tầng nguy cơ sớm để can thiệp kịp thời. | Có nguy cơ cao bị biến chứng tim mạch và thần kinh ngoại biên, cần được chẩn đoán sớm để điều trị kịp thời. | Có nguy cơ cao bị biến chứng tim mạch, thận, chuyển hoá sớm do thiếu phân tầng nguy cơ. | Có nguy cơ cao bị biến chứng tim mạch và thần kinh ngoại biên, cần được chẩn đoán sớm. | Có nguy cơ cao bị biến chứng tim mạch và thần kinh ngoại biên, cần được tầm soát sớm. | Có nguy cơ cao bị biến chứng tim mạch và thần kinh ngoại biên, cần được chẩn đoán sớm. | Có nguy cơ cao bị biến chứng tim mạch, thận, chuyển hoá sớm do thiếu phân tầng nguy cơ. | Có nguy cơ cao bị biến chứng tim mạch, cần phân tầng nguy cơ sớm. | Có nguy cơ cao bị biến chứng tim mạch và thần kinh ngoại biên, cần được chẩn đoán sớm để điều trị kịp thời. | Có nguy cơ cao bị biến chứng tim mạch, cần phân tầng nguy cơ sớm. | Có nguy cơ cao bị biến chứng tim mạch, thận, chuyển hoá nếu không được quản lý sớm.","https://bachmai.gov.vn/bai-viet/dai-thao-duong-bien-chung-tim-mach-va-than-kinh-ngoai-bien-sat-thu-tham-lang?id=994f4df4-95c1-4760-8aee-8d07a69f9fe1 | https://bachmai.gov.vn/bai-viet/dai-thao-duong-bien-chung-tim-mach-va-than-kinh-ngoai-bien-sat-thu-tham-lang?id=994f4df4-95c1-4760-8aee-8d07a69f9fe1 | https://web.archive.org/web/https://chanthuongvacotsong.bachmai.gov.vn/dai-thao-duong-bien-chung-tim-mach-va-than-kinh-ngoai-bien-sat-thu-tham-lang/ | https://bachmai.gov.vn/bai-viet/dai-thao-duong-bien-chung-tim-mach-va-than-kinh-ngoai-bien-sat-thu-tham-lang?id=994f4df4-95c1-4760-8aee-8d07a69f9fe1 | https://bachmai.gov.vn/bai-viet/dai-thao-duong-bien-chung-tim-mach-va-than-kinh-ngoai-bien-sat-thu-tham-lang?id=994f4df4-95c1-4760-8aee-8d07a69f9fe1 | https://bachmai.gov.vn/bai-viet/dai-thao-duong-bien-chung-tim-mach-va-than-kinh-ngoai-bien-sat-thu-tham-lang?id=994f4df4-95c1-4760-8aee-8d07a69f9fe1 | https://chanthuongvacotsong.bachmai.gov.vn/dai-thao-duong-bien-chung-tim-mach-va-than-kinh-ngoai-bien-sat-thu-tham-lang/ | https://web.archive.org/web/https://bachmai.gov.vn/bai-viet/dai-thao-duong-bien-chung-tim-mach-va-than-kinh-ngoai-bien-sat-thu-tham-lang?id=994f4df4-95c1-4760-8aee-8d07a69f9fe1 | https://bachmai.gov.vn/bai-viet/dai-thao-duong-bien-chung-tim-mach-va-than-kinh-ngoai-bien-sat-thu-tham-lang?id=994f4df4-95c1-4760-8aee-8d07a69f9fe1 | https://web.archive.org/web/https://bachmai.gov.vn/bai-viet/dai-thao-duong-bien-chung-tim-mach-va-than-kinh-ngoai-bien-sat-thu-tham-lang?id=994f4df4-95c1-4760-8aee-8d07a69f9fe1 | https://bachmai.gov.vn/bai-viet/dai-thao-duong-bien-chung-tim-mach-va-than-kinh-ngoai-bien-sat-thu-tham-lang?id=994f4df4-95c1-4760-8aee-8d07a69f9fe1"
"1528","DEMO_b85bae69c9","Demographic","Người bị tăng huyết áp không được phát hiện","Nhóm nguy cơ cao do không biết mình mắc bệnh.","http://bvhoanghoa.ytethanhhoa.gov.vn/web/khoa-phong-chuc-nang/khoa-phong-chuc-nang/phong-cong-tac-xa-hoi/dieu-can-luu-y-khi-dieu-tri-tang-huyet-ap.html"
"1529","DEMO_b87416f622","Demographic","Người bị trầm cảm","Nhóm dễ tái phát COPD do trạng thái tinh thần ảnh hưởng đến tuân thủ điều trị.","https://tamanhhospital.vn/giai-doan-benh-phoi-tac-nghen-man-tinh/"
"1530","DEMO_b924647cd7","Demographic","Người béo phì độ II","Tỷ lệ mắc bệnh cao gấp 30 lần so với người bình thường.","https://cdc.ninhbinh.gov.vn/tin-tuc-su-kien/benh-dai-thao-duong-va-cach-phong-ngua-benh2.html"
"1531","DEMO_ba0930e030","Demographic","Người hút thuốc lá","Tăng nguy cơ tim mạch và tổn thương cơ quan đích do tăng huyết áp. | Hút thuốc làm tiến triển bệnh thận nhanh hơn. | Tăng nguy cơ mắc tăng huyết áp và các biến chứng tim mạch. | Hút thuốc làm tăng nguy cơ mắc và biến chứng của tăng huyết áp. | Hút thuốc lá làm gia tăng nguy cơ mắc và biến chứng của tăng huyết áp. | Hút thuốc gây tổn thương mạch máu và tăng huyết áp. | Hút thuốc lá làm gia tăng nguy cơ mắc và biến chứng của tăng huyết áp. | Yếu tố nguy cơ làm gia tăng huyết áp và biến chứng tim mạch. | Nhóm dễ bị tổn thương mạch máu do tác động của nicotine và các chất độc. | Là yếu tố nguy cơ làm gia tăng huyết áp và biến chứng tim mạch. | Hút thuốc lá làm gia tăng nguy cơ và mức độ nghiêm trọng của tăng huyết áp. | Nhóm có nguy cơ cao mắc COPD do tổn thương phổi kéo dài. | Nhóm có nguy cơ cao mắc COPD do tiếp xúc lâu dài với khói thuốc. | Nhóm có nguy cơ cao nhất mắc COPD do tiếp xúc trực tiếp với khói thuốc. | Nhóm có nguy cơ cao mắc COPD do tiếp xúc lâu dài với khói thuốc. | Nhóm có nguy cơ cao nhất mắc COPD do tiếp xúc trực tiếp với khói thuốc.","https://web.archive.org/web/https://vncdc.gov.vn/huong-dan-chan-doan-va-dieu-tri-tang-huyet-ap-nd14594.html | http://soyte.hatinh.gov.vn/tin-tuc-su-kien/pho-bien-kien-thuc/dau-hieu-benh-than-va-suy-than-.html | http://bvhoanghoa.ytethanhhoa.gov.vn/web/khoa-phong-chuc-nang/khoa-phong-chuc-nang/to-cong-tac-xa-hoi/dieu-can-luu-y-khi-dieu-tri-tang-huyet-ap.html | https://web.archive.org/web/http://bvhoanghoa.ytethanhhoa.gov.vn/web/khoa-phong-chuc-nang/khoa-phong-chuc-nang/to-cong-tac-xa-hoi/dieu-can-luu-y-khi-dieu-tri-tang-huyet-ap.html | http://bvhoanghoa.ytethanhhoa.gov.vn/web/khoa-phong-chuc-nang/khoa-phong-chuc-nang/phong-cong-tac-xa-hoi/dieu-can-luu-y-khi-dieu-tri-tang-huyet-ap.html | https://web.archive.org/web/http://bvhoanghoa.ytethanhhoa.gov.vn/web/khoa-phong-chuc-nang/khoa-phong-chuc-nang/phong-cong-tac-xa-hoi/dieu-can-luu-y-khi-dieu-tri-tang-huyet-ap.html | https://web.archive.org/web/https://bachmai.gov.vn/tin-chi-tiet/-/bai-viet/tang-huyet-ap-can-benh-tham-lang-nhung-nguy-hiem-8463-146.html | https://bachmai.gov.vn/tin-chi-tiet/-/bai-viet/tang-huyet-ap-can-benh-tham-lang-nhung-nguy-hiem-8463-146.html | https://web.archive.org/web/http://bvhoanghoa.ytethanhhoa.gov.vn/web/khoa-phong-chuc-nang/khoa-phong-chuc-nang/phong-cong-tac-xa-hoi/dieu-can-luu-y-khi-dieu-tri-tang-huyet-ap.html | http://bvhoanghoa.ytethanhhoa.gov.vn/web/khoa-phong-chuc-nang/khoa-phong-chuc-nang/phong-cong-tac-xa-hoi/dieu-can-luu-y-khi-dieu-tri-tang-huyet-ap.html | https://web.archive.org/web/http://bvhoanghoa.ytethanhhoa.gov.vn/web/khoa-phong-chuc-nang/khoa-phong-chuc-nang/to-cong-tac-xa-hoi/dieu-can-luu-y-khi-dieu-tri-tang-huyet-ap.html | http://bvhoanghoa.ytethanhhoa.gov.vn/web/khoa-phong-chuc-nang/khoa-phong-chuc-nang/phong-cong-tac-xa-hoi/dieu-can-luu-y-khi-dieu-tri-tang-huyet-ap.html | https://tamanhhospital.vn/giai-doan-benh-phoi-tac-nghen-man-tinh/ | https://web.archive.org/web/https://bachmai.gov.vn/bai-viet/benh-phoi-tac-nghen-man-tinh-hieu-dung-phong-ngua-va-phat-hien-som-cung-chuyen-gia-benh-vien-bach-mai?id=bef483aa-6fde-433a-b2e8-b373eb7903a6 | https://medlatec.vn/tin-tuc/benh-nhan-phoi-tac-nghen-phoi-man-tinh-song-duoc-bao-lau-cai-thien-tuoi-tho-bang-cach-nao | https://tamanhhospital.vn/giai-doan-benh-phoi-tac-nghen-man-tinh/ | https://web.archive.org/web/https://bachmai.gov.vn/bai-viet/benh-phoi-tac-nghen-man-tinh-hieu-dung-phong-ngua-va-phat-hien-som-cung-chuyen-gia-benh-vien-bach-mai?id=bef483aa-6fde-433a-b2e8-b373eb7903a6"
"1532","DEMO_ba2b1f1936","Demographic","Người bị tiểu đường","Một trong những nguyên nhân phổ biến gây suy thận mạn, cần kiểm soát chặt chẽ. | Nhóm có nguy cơ cao mắc bệnh thận, từ đó dẫn đến tăng huyết áp. | Nhóm có nguy cơ cao mắc bệnh thận, từ đó dẫn đến tăng huyết áp.","https://bachmai.gov.vn/bai-viet/sai-lam-trong-dinh-duong-khien-suy-than-man-them-tram-trong-dau-la-giai-phap?id=1ff0d3d0-62f4-4159-a23b-758572e7f600 | https://www.vinmec.com/vie/bai-viet/tai-sao-mac-benh-thi-huyet-ap-lai-tang-cao-vi | https://www.vinmec.com/vie/bai-viet/tai-sao-mac-benh-thi-huyet-ap-lai-tang-cao-vi"
"1533","DEMO_bbe4fca738","Demographic","Người bị bệnh mạch vành","Nguy cơ tử vong cao gấp 4 lần so với người không đái tháo đường do rối loạn lipid và xơ vữa động mạch. | Nguy cơ tử vong do bệnh mạch vành cao gấp 4 lần so với người không đái tháo đường. | Nguy cơ tử vong cao gấp 4 lần so với người không đái tháo đường do rối loạn lipid và xơ vữa động mạch. | Tăng nguy cơ tử vong do bệnh mạch vành gấp 4 lần so với người không đái tháo đường.","https://bachmai.gov.vn/bai-viet/bien-chung-cua-benh-dai-thao-duong?id=f17ffc43-5abb-5dcb-54d1-d3887440a421 | https://web.archive.org/web/https://bachmai.gov.vn/bai-viet/bien-chung-cua-benh-dai-thao-duong?id=f17ffc43-5abb-5dcb-54d1-d3887440a421 | https://bachmai.gov.vn/bai-viet/bien-chung-cua-benh-dai-thao-duong?id=f17ffc43-5abb-5dcb-54d1-d3887440a421 | https://bachmai.gov.vn/bai-viet/bien-chung-cua-benh-dai-thao-duong?id=f17ffc43-5abb-5dcb-54d1-d3887440a421"
"1534","DEMO_bda2c36f70","Demographic","Người da đen","Nhóm dân tộc có nguy cơ cao hơn do di truyền và yếu tố sinh học.","https://chanthuongvacotsong.bachmai.gov.vn/cao-huyet-ap-am-tham-ma-rat-hiem/"
"1535","DEMO_be3a5dab18","Demographic","Người có rối loạn miễn dịch","Tăng nguy cơ mắc đái tháo đường típ 1 do hệ miễn dịch tấn công tế bào beta tụy.","https://web.archive.org/web/https://ttytiapa.gialai.gov.vn/van-ban/huong-dan-chan-doan-va-dieu-tri-benh-dai-thao-duong-tip-1-o-.html"
"1536","DEMO_bf2d9d685b","Demographic","Người mắc bệnh tim mạch","Những người đã từng bị tăng huyết áp, bệnh van tim hoặc rối loạn nhịp tim dễ phát triển suy tim. | Nhóm cần kiểm soát huyết áp thường xuyên do nguy cơ biến chứng cao. | Nhóm cần kiểm soát huyết áp thường xuyên do nguy cơ biến chứng cao.","https://bachmai.gov.vn/bai-viet/nhan-biet-dieu-tri-va-cham-soc-nguoi-benh-suy-tim?id=f55f8d26-9341-41d6-a243-00f543335069 | https://web.archive.org/web/https://bachmai.gov.vn/tin-chi-tiet/-/bai-viet/tang-huyet-ap-can-benh-tham-lang-nhung-nguy-hiem-8463-146.html | https://web.archive.org/web/https://bachmai.gov.vn/tin-chi-tiet/-/bai-viet/tang-huyet-ap-can-benh-tham-lang-nhung-nguy-hiem-8463-146.html"
"1537","DEMO_bfba9a5a57","Demographic","Người trên 60 tuổi","Nhóm có nguy cơ cao mắc hôn mê tăng áp lực thẩm thấu. | Nhóm tuổi chiếm tỷ lệ cao nhất trong nghiên cứu (73,1%). | Nhóm tuổi chiếm đa số (73,1%) trong nghiên cứu. | Nhóm có nguy cơ cao mắc hôn mê tăng áp lực thẩm thấu. | Nhóm có nguy cơ cao mắc hôn mê tăng áp lực thẩm thấu.","https://chanthuongvacotsong.bachmai.gov.vn/huong-dan-chan-doan-va-dieu-tri-dai-thao-duong-type-2/ | https://web.archive.org/web/https://chanthuongvacotsong.bachmai.gov.vn/huong-dan-chan-doan-va-dieu-tri-dai-thao-duong-type-2/ | https://web.archive.org/web/https://nsti.vista.gov.vn/publication/view/dac-diem-lam-sang-can-lam-sang-va-bien-chung-mat-tren-benh-nhan-dai-thao-duong-type-2-dieu-tri-tai-khoa-noi-3-benh-vien-huu-nghi-viet-tiep-hai-phong-339420.html | https://nsti.vista.gov.vn/publication/view/dac-diem-lam-sang-can-lam-sang-va-bien-chung-mat-tren-benh-nhan-dai-thao-duong-type-2-dieu-tri-tai-khoa-noi-3-benh-vien-huu-nghi-viet-tiep-hai-phong-339420.html | https://web.archive.org/web/https://chanthuongvacotsong.bachmai.gov.vn/huong-dan-chan-doan-va-dieu-tri-dai-thao-duong-type-2/ | https://chanthuongvacotsong.bachmai.gov.vn/huong-dan-chan-doan-va-dieu-tri-dai-thao-duong-type-2/ | https://chanthuongvacotsong.bachmai.gov.vn/huong-dan-chan-doan-va-dieu-tri-dai-thao-duong-type-2/ | https://web.archive.org/web/https://chanthuongvacotsong.bachmai.gov.vn/huong-dan-chan-doan-va-dieu-tri-dai-thao-duong-type-2/"
"1538","DEMO_c02ee5f875","Demographic","Người có tiền sử tiểu đường thai kỳ","Có nguy cơ cao tái phát hoặc chuyển sang đái tháo đường tuýp 2 sau sinh. | Những người từng bị tiểu đường thai kỳ có nguy cơ cao hơn phát triển đái tháo đường tuýp 2 sau này. | Những người từng bị tiểu đường thai kỳ có nguy cơ cao hơn phát triển đái tháo đường tuýp 2 sau này. | Những người từng bị tiểu đường thai kỳ có nguy cơ cao hơn phát triển đái tháo đường tuýp 2 sau sinh. | Có nguy cơ cao tái phát hoặc chuyển sang đái tháo đường tuýp 2 sau sinh. | Có nguy cơ cao phát triển bệnh sau sinh, do rối loạn chuyển hóa insulin. | Những người từng bị tiểu đường thai kỳ có nguy cơ cao hơn phát triển đái tháo đường tuýp 2 sau này.","http://ttyt.tamduong.laichau.gov.vn/quan-ly-nha-nuoc/hoat-dong-doan-doi/dai-thao-duong-tuyp-2-nguyen-nhan-trieu-chung-chan-doan-va-d.html | http://ttyt.tamduong.laichau.gov.vn/quan-ly-nha-nuoc/hoat-dong-doan-doi/dai-thao-duong-tuyp-2-nguyen-nhan-trieu-chung-chan-doan-va-d.html | https://web.archive.org/web/http://ttyt.tamduong.laichau.gov.vn/quan-ly-nha-nuoc/hoat-dong-doan-doi/dai-thao-duong-tuyp-2-nguyen-nhan-trieu-chung-chan-doan-va-d.html | http://ttyt.tamduong.laichau.gov.vn/quan-ly-nha-nuoc/hoat-dong-doan-doi/dai-thao-duong-tuyp-2-nguyen-nhan-trieu-chung-chan-doan-va-d.html | https://web.archive.org/web/http://ttyt.tamduong.laichau.gov.vn/quan-ly-nha-nuoc/hoat-dong-doan-doi/dai-thao-duong-tuyp-2-nguyen-nhan-trieu-chung-chan-doan-va-d.html | https://web.archive.org/web/http://ttyt.tamduong.laichau.gov.vn/quan-ly-nha-nuoc/hoat-dong-doan-doi/dai-thao-duong-tuyp-2-nguyen-nhan-trieu-chung-chan-doan-va-d.html"
"1539","DEMO_c0b0fbf1ec","Demographic","Người bệnh có loét bàn chân","Gây gánh nặng y tế lớn, chiếm 95% thời gian nằm viện tại khoa nội tiết.","https://bachmai.gov.vn/bai-viet/dai-thao-duong-bien-chung-tim-mach-va-than-kinh-ngoai-bien-sat-thu-tham-lang?id=994f4df4-95c1-4760-8aee-8d07a69f9fe1"
"1540","DEMO_c0b8632727","Demographic","Người bệnh không được điều trị","5 triệu người Việt Nam mắc ĐTĐ nhưng không điều trị, dẫn đến biến chứng nặng.","https://web.archive.org/web/https://bachmai.gov.vn/tin-chi-tiet/-/bai-viet/dai-thao-duong-can-benh-nhieu-bien-chung-nguy-hiem-8-trieu-nguoi-viet-nam-dang-mac-9624-146.html"
"1541","DEMO_c139dfc42b","Demographic","Người bệnh ĐTĐ có nhiều bệnh lý kèm theo","Cần cân nhắc kỹ lưỡng khi dùng statin do nguy cơ tương tác thuốc và tác dụng phụ.","https://bachmai.gov.vn/bai-viet/dai-thao-duong-bien-chung-tim-mach-va-than-kinh-ngoai-bien-sat-thu-tham-lang?id=994f4df4-95c1-4760-8aee-8d07a69f9fe1"
"1542","DEMO_c1e7ae19f1","Demographic","Người có bệnh đái tháo đường","Rủi ro cao hơn khi mắc tăng huyết áp, dễ gặp biến chứng như rối loạn cương dương. | Có nguy cơ cao mắc tăng huyết áp và biến chứng, đặc biệt rối loạn cương dương. | Nhóm nguy cơ cao do tăng huyết áp kết hợp với đái tháo đường làm nặng thêm biến chứng. | Nhóm nguy cơ cao do bệnh lý nền làm gia tăng biến chứng tim mạch. | Có nguy cơ tổn thương cơ quan đích và cần theo dõi huyết áp thường xuyên. | Nhóm có nguy cơ tim mạch cao do tổn thương mạch và thận.","https://web.archive.org/web/http://bvhoanghoa.ytethanhhoa.gov.vn/web/khoa-phong-chuc-nang/khoa-phong-chuc-nang/phong-cong-tac-xa-hoi/dieu-can-luu-y-khi-dieu-tri-tang-huyet-ap.html | https://web.archive.org/web/http://bvhoanghoa.ytethanhhoa.gov.vn/web/khoa-phong-chuc-nang/khoa-phong-chuc-nang/to-cong-tac-xa-hoi/dieu-can-luu-y-khi-dieu-tri-tang-huyet-ap.html | https://web.archive.org/web/http://bvhoanghoa.ytethanhhoa.gov.vn/web/khoa-phong-chuc-nang/khoa-phong-chuc-nang/phong-cong-tac-xa-hoi/dieu-can-luu-y-khi-dieu-tri-tang-huyet-ap.html | https://web.archive.org/web/https://chanthuongvacotsong.bachmai.gov.vn/huong-dan-chan-doan-va-dieu-tri-tang-huyet-ap/ | https://web.archive.org/web/https://chanthuongvacotsong.bachmai.gov.vn/huong-dan-chan-doan-va-dieu-tri-tang-huyet-ap/ | https://chanthuongvacotsong.bachmai.gov.vn/huong-dan-chan-doan-va-dieu-tri-tang-huyet-ap/"
"1543","DEMO_c30e264d57","Demographic","Người có người thân mắc hen","Tính di truyền làm tăng nguy cơ mắc bệnh hen phế quản.","https://hohap.bachmai.gov.vn/detail/14225/hen-phe-quan-%C2%A0-cach-nhan-biet-va-chan-doan.html"
"1544","DEMO_c6d78d3c7e","Demographic","Bệnh nhân cao tuổi","Khó phát hiện hạ đường huyết do triệu chứng mờ nhạt và không điển hình. | Khó phát hiện triệu chứng hạ đường huyết do biểu hiện mờ nhạt và không điển hình. | Khó phát hiện triệu chứng hạ đường huyết do biểu hiện mờ nhạt và không điển hình. | Biến chứng hạ đường huyết khó phát hiện do triệu chứng mờ nhạt và không điển hình.","https://bachmai.gov.vn/bai-viet/bien-chung-cua-benh-dai-thao-duong?id=f17ffc43-5abb-5dcb-54d1-d3887440a421 | https://chanthuongvacotsong.bachmai.gov.vn/bien-chung-cua-benh-dai-thao-duong/ | https://chanthuongvacotsong.bachmai.gov.vn/bien-chung-cua-benh-dai-thao-duong/ | https://bachmai.gov.vn/bai-viet/bien-chung-cua-benh-dai-thao-duong?id=f17ffc43-5abb-5dcb-54d1-d3887440a421"
"1545","DEMO_c79507ad11","Demographic","Phụ nữ đã từng bị đái tháo đường thai kỳ","Cần theo dõi lâu dài, xét nghiệm ít nhất 3 năm/lần.","https://web.archive.org/web/https://bachmai.gov.vn/bai-viet/chan-doan-som-benh-dai-thao-duong-tip-2?id=59f9c51f-418e-9437-823c-a1a6c23c33e4"
"1546","DEMO_c8be5f28f4","Demographic","Người dân Việt Nam và châu Á","Nhóm có khả năng tiếp cận tốt thuốc Sulfunylurea do chi phí phù hợp.","https://bachmai.gov.vn/bai-viet/cap-nhat-xu-huong-moi-trong-dieu-tri-dai-thao-duong-tip-2?id=d4ab61a0-919e-0805-1cdd-fe092c98c88e"
"1547","DEMO_caaa209a40","Demographic","Người có bệnh đồng mắc","Có nguy cơ cao bị biến chứng do thiếu kiểm soát huyết áp, mỡ máu. | Có nguy cơ cao bị biến chứng do thiếu kiểm soát các yếu tố như huyết áp, mỡ máu. | Có nguy cơ cao bị biến chứng do thiếu kiểm soát các yếu tố như huyết áp, mỡ máu. | Những người mắc cả đái tháo đường và các bệnh khác như tim mạch, thận, tăng huyết áp.","https://web.archive.org/web/https://bachmai.gov.vn/tin-chi-tiet/-/bai-viet/dai-thao-duong-can-benh-nhieu-bien-chung-nguy-hiem-8-trieu-nguoi-viet-nam-dang-mac-9624-146.html | https://bachmai.gov.vn/tin-chi-tiet/-/bai-viet/dai-thao-duong-can-benh-nhieu-bien-chung-nguy-hiem-8-trieu-nguoi-viet-nam-dang-mac-9624-146.html | https://web.archive.org/web/https://bachmai.gov.vn/tin-chi-tiet/-/bai-viet/dai-thao-duong-can-benh-nhieu-bien-chung-nguy-hiem-8-trieu-nguoi-viet-nam-dang-mac-9624-146.html | https://bachmai.gov.vn/tin-chi-tiet/-/bai-viet/cap-nhat-chan-doan-dieu-tri-benh-dai-thao-duong-va-bien-chung-8971-144.html"
"1548","DEMO_cacdaecdf8","Demographic","Trẻ dưới 5 tuổi","Khó chẩn đoán hen do thiếu kỹ năng lâm sàng và không làm được xét nghiệm chức năng hô hấp.","https://bachmai.gov.vn/bai-viet/4-dau-hieu-dac-trung-cua-benh-hen?id=cfcfedc5-527d-7f6f-5a9e-002886825b9b"
"1549","DEMO_cc9edb90c4","Demographic","Người mắc bệnh thận","Nhóm dễ bị ảnh hưởng bởi tăng huyết áp do chức năng lọc suy giảm. | Nhóm có nguy cơ cao do tổn thương thận ảnh hưởng đến huyết áp. | Nhóm dễ bị ảnh hưởng bởi tăng huyết áp do chức năng lọc suy giảm.","https://bachmai.gov.vn/tin-chi-tiet/-/bai-viet/tang-huyet-ap-can-benh-tham-lang-nhung-nguy-hiem-8463-146.html | https://web.archive.org/web/https://bachmai.gov.vn/tin-chi-tiet/-/bai-viet/tang-huyet-ap-can-benh-tham-lang-nhung-nguy-hiem-8463-146.html | https://web.archive.org/web/https://bachmai.gov.vn/tin-chi-tiet/-/bai-viet/tang-huyet-ap-can-benh-tham-lang-nhung-nguy-hiem-8463-146.html"
"1550","DEMO_cd911e01de","Demographic","Người có tiền sử viêm mũi dị ứng","Viêm mũi dị ứng là yếu tố tiền sử phổ biến trong bệnh hen phế quản.","https://hohap.bachmai.gov.vn/detail/14225/hen-phe-quan-%C2%A0-cach-nhan-biet-va-chan-doan.html"
"1551","DEMO_ceeccdc529","Demographic","Phụ nữ đã mắc đái tháo đường thai kỳ","Nhóm có nguy cơ cao phát triển đái tháo đường sau này.","https://web.archive.org/web/https://www.benhviendakhoasongma.gov.vn/bai-viet/benh-dai-thao-duong-220"
"1552","DEMO_cfbbb85c4f","Demographic","Người có đái tháo đường","Nhóm có nguy cơ cao bị rối loạn cương dương do huyết áp cao.","http://bvhoanghoa.ytethanhhoa.gov.vn/web/khoa-phong-chuc-nang/khoa-phong-chuc-nang/phong-cong-tac-xa-hoi/dieu-can-luu-y-khi-dieu-tri-tang-huyet-ap.html"
"1553","DEMO_d2682d36ad","Demographic","Người béo phì kèm đái tháo đường","Nhóm cần điều trị GLP-1 RA để kiểm soát cân nặng và giảm biến cố tim mạch.","https://bachmai.gov.vn/bai-viet/doi-moi-tu-duy-dieu-tri-dai-thao-duong-typ-2-va-chien-luoc-kiem-soat-toan-dien-bien-chung-than-kinh?id=090463d0-4515-40c8-919c-8bebc41e2c01"
"1554","DEMO_d390a08f3b","Demographic","Phụ nữ đã sinh đẻ","Người phụ nữ từng bị đái tháo đường thai kỳ cần theo dõi lâu dài. | Người từng bị đái tháo đường thai kỳ cần theo dõi lâu dài. | Có nguy cơ cao mắc bệnh do tiền sử đái tháo đường thai kỳ.","https://web.archive.org/web/https://bachmai.gov.vn/bai-viet/chan-doan-som-benh-dai-thao-duong-tip-2?id=59f9c51f-418e-9437-823c-a1a6c23c33e4 | https://web.archive.org/web/https://bachmai.gov.vn/tin-chi-tiet/-/bai-viet/chan-doan-som-benh-dai-thao-duong-tip-2-9427-146.html"
"1555","DEMO_d481775770","Demographic","Nam giới","Giới tính nam chiếm đa số trong nhóm bệnh nhân (51,9%). | Giới tính nam chiếm 51,9% số bệnh nhân. | Nhóm có nguy cơ cao mắc bệnh suy giảm trí nhớ do tăng huyết áp. | Người nam giới có nguy cơ cao hơn khi mắc bệnh suy giảm trí nhớ do tăng huyết áp. | Tăng huyết áp có liên quan đến nguy cơ Alzheimer cao hơn ở nam giới. | Tỷ lệ mắc COPD cao hơn nữ giới (7,1% so với 1,9%).","https://web.archive.org/web/https://nsti.vista.gov.vn/publication/view/dac-diem-lam-sang-can-lam-sang-va-bien-chung-mat-tren-benh-nhan-dai-thao-duong-type-2-dieu-tri-tai-khoa-noi-3-benh-vien-huu-nghi-viet-tiep-hai-phong-339420.html | https://nsti.vista.gov.vn/publication/view/dac-diem-lam-sang-can-lam-sang-va-bien-chung-mat-tren-benh-nhan-dai-thao-duong-type-2-dieu-tri-tai-khoa-noi-3-benh-vien-huu-nghi-viet-tiep-hai-phong-339420.html | https://soyte.tuyenquang.gov.vn/tin-tuc/tang-huyet-ap-va-nhung-bien-chung-nguy-hiem.html | https://soyte.tuyenquang.gov.vn/tin-tuc/tang-huyet-ap-va-nhung-bien-chung-nguy-hiem.html | https://web.archive.org/web/https://soyte.tuyenquang.gov.vn/tin-tuc/tang-huyet-ap-va-nhung-bien-chung-nguy-hiem.html | https://bachmai.gov.vn/bai-viet/phong-dot-cap-benh-phoi-tac-nghen-man-tinh?id=28510cbf-b2a4-a5e6-65a7-7b91e89cf5eb"
"1556","DEMO_d61ecc8df5","Demographic","Người bị đái tháo đường","Đây là nhóm có nguy cơ cao mắc bệnh thận mạn tính.","https://web.archive.org/web/http://soyte.hatinh.gov.vn/tin-tuc-su-kien/pho-bien-kien-thuc/dau-hieu-benh-than-va-suy-than-.html | http://soyte.hatinh.gov.vn/tin-tuc-su-kien/pho-bien-kien-thuc/dau-hieu-benh-than-va-suy-than-.html"
"1557","DEMO_d64d0501e5","Demographic","Người trên 35 tuổi","Nhóm cần tư vấn bác sĩ nếu có triệu chứng COPD.","https://www.vinmec.com/vie/bai-viet/benh-phoi-tac-nghen-man-tinh-copd-vi"
"1558","DEMO_d6fbbb791e","Demographic","Người trung niên","Đối tượng nghiên cứu chính, được theo dõi từ năm 2011 đến 2016 để đánh giá nguy cơ phát triển bệnh đái tháo đường týp 2 và hội chứng chuyển hóa. | Đối tượng nghiên cứu chính để theo dõi nguy cơ phát triển bệnh đái tháo đường týp 2 và hội chứng chuyển hóa trong 5 năm. | Đối tượng nghiên cứu chính, được theo dõi để xác định tỷ lệ phát triển bệnh đái tháo đường týp 2 và hội chứng chuyển hóa trong 5 năm.","https://vista.gov.vn/vi/news/ket-qua-nghien-cuu-trien-khai/nghien-cuu-thuan-tap-5-nam-ve-benh-dai-thao-duong-typ-2-va-hoi-chung-chuyen-hoa-o-nguoi-viet-nam-vai-tro-yeu-to-di-truyen-va-loi-song-8330.html | https://web.archive.org/web/https://vista.gov.vn/vi/news/ket-qua-nghien-cuu-trien-khai/nghien-cuu-thuan-tap-5-nam-ve-benh-dai-thao-duong-typ-2-va-hoi-chung-chuyen-hoa-o-nguoi-viet-nam-vai-tro-yeu-to-di-truyen-va-loi-song-8330.html | https://web.archive.org/web/https://vista.gov.vn/vi/news/ket-qua-nghien-cuu-trien-khai/nghien-cuu-thuan-tap-5-nam-ve-benh-dai-thao-duong-typ-2-va-hoi-chung-chuyen-hoa-o-nguoi-viet-nam-vai-tro-yeu-to-di-truyen-va-loi-song-8330.html | https://web.archive.org/web/https://vista.gov.vn/vi/news/ket-qua-nghien-cuu-trien-khai/nghien-cuu-thuan-tap-5-nam-ve-benh-dai-thao-duong-typ-2-va-hoi-chung-chuyen-hoa-o-nguoi-viet-nam-vai-tro-yeu-to-di-truyen-va-loi-song-8330.html | https://vista.gov.vn/vi/news/ket-qua-nghien-cuu-trien-khai/nghien-cuu-thuan-tap-5-nam-ve-benh-dai-thao-duong-typ-2-va-hoi-chung-chuyen-hoa-o-nguoi-viet-nam-vai-tro-yeu-to-di-truyen-va-loi-song-8330.html"
"1559","DEMO_d8e153a18b","Demographic","Người ở vùng nông thôn","Khó tiếp cận dịch vụ y tế và công nghệ hiện đại do hạ tầng kém phát triển.","https://bachmai.gov.vn/bai-viet/ca-the-hoa-dieu-tri-dai-thao-duong-tip-2-tai-cac-nuoc-dang-phat-trien-thach-thuc-va-co-hoi?id=4b51fe29-8515-42d1-bff3-85563163f16c"
"1560","DEMO_da5544ffbd","Demographic","Người béo phì","BMI ≥23 kg/m² là yếu tố nguy cơ cao. | Tăng nguy cơ mắc đái tháo đường típ 2 do đề kháng insulin. | Tăng nguy cơ mắc tiểu đường tuýp 2 do insulin kháng. | Tình trạng thừa cân làm tăng nguy cơ mắc tiểu đường tuýp 2. | Tăng nguy cơ mắc đái tháo đường típ 2 do đề kháng insulin. | Nhóm dễ mắc đái tháo đường type 2 do thừa cân. | Yếu tố nguy cơ chính dẫn đến type 2. | Nhóm có nguy cơ cao mắc đái tháo đường type 2 do ảnh hưởng của chất béo và insulin. | Tăng nguy cơ mắc đái tháo đường type 2 do kháng insulin. | Tăng nguy cơ mắc đái tháo đường do kháng insulin và rối loạn chuyển hóa lipid. | BMI ≥ 23 kg/m² và kèm yếu tố nguy cơ khác. | Nhóm có nguy cơ cao mắc đái tháo đường týp 2 do yếu tố môi trường. | Người có chỉ số BMI ≥ 23 kg/m² là đối tượng nguy cơ cao. | Nhóm có nguy cơ cao mắc đái tháo đường týp 2 do yếu tố môi trường. | Chất béo làm giảm độ nhạy với insulin, tăng nguy cơ mắc bệnh nghiêm trọng. | Tăng nguy cơ mắc đái tháo đường do kháng insulin và rối loạn chuyển hóa lipid. | Chất béo trong cơ thể gây khó khăn cho việc sử dụng insulin, làm tăng nguy cơ đái tháo đường. | Nhóm có nguy cơ cao biến chứng tim mạch và cần điều trị GLP-1 RA để kiểm soát cân nặng. | Chất béo làm giảm độ nhạy với insulin, tăng nguy cơ mắc bệnh nghiêm trọng. | Tăng nguy cơ mắc đái tháo đường do kháng insulin và rối loạn chuyển hóa lipid. | Chất béo trong cơ thể gây khó khăn cho việc sử dụng insulin, làm tăng nguy cơ đái tháo đường tuýp 2. | Chất béo trong cơ thể gây khó khăn cho việc sử dụng insulin, làm tăng nguy cơ đái tháo đường. | Người có chỉ số BMI ≥ 23 kg/m². | Chất béo làm giảm độ nhạy với insulin, tăng nguy cơ mắc bệnh nghiêm trọng. | Chất béo trong cơ thể làm giảm độ nhạy với insulin, tăng nguy cơ mắc bệnh. | BMI ≥23 kg/m² hoặc cân nặng >120% lý tưởng, là yếu tố nguy cơ cao cho ĐTĐ. | Cân nặng lớn hơn 120% cân nặng lý tưởng là yếu tố nguy cơ cao cho ĐTĐ. | Tình trạng thừa cân làm tăng nguy cơ mắc tiểu đường tuýp 2. | Yếu tố nguy cơ cao cho tiểu đường tuýp 2. | Tình trạng thừa cân làm tăng nguy cơ mắc tiểu đường tuýp 2. | Tăng nguy cơ mắc tiểu đường tuýp 2 do rối loạn chuyển hóa. | Tình trạng thừa cân làm tăng nguy cơ mắc tiểu đường tuýp 2. | Tăng nguy cơ mắc tiểu đường tuýp 2 do rối loạn chuyển hóa. | Tăng nguy cơ mắc đái tháo đường do kháng insulin và rối loạn chuyển hóa lipid. | Nhóm có nguy cơ cao mắc đái tháo đường type 2 do đề kháng insulin. | Nhóm có nguy cơ cao mắc đái tháo đường týp 2 do yếu tố môi trường. | Tăng nguy cơ mắc đái tháo đường týp 2 do kháng insulin và suy giảm chức năng tế bào beta. | Tăng nguy cơ mắc đái tháo đường do kháng insulin và rối loạn chuyển hóa lipid. | Tăng nguy cơ mắc đái tháo đường týp 2 do kháng insulin và suy giảm chức năng tế bào beta. | Yếu tố nguy cơ chính dẫn đến đái tháo đường type 2. | Nhóm dễ mắc đái tháo đường type 2 do thừa cân. | Nhóm có nguy cơ cao mắc đái tháo đường type 2 do đề kháng insulin. | BMI ≥23 kg/m² hoặc cân nặng >120% lý tưởng, nguy cơ cao mắc đái tháo đường type 2. | Nhóm có nguy cơ cao mắc đái tháo đường týp 2 do yếu tố môi trường. | Nhóm dễ mắc đái tháo đường type 2 do thừa cân. | Yếu tố nguy cơ chính dẫn đến đái tháo đường type 2. | Nhóm có nguy cơ cao mắc đái tháo đường týp 2 do yếu tố môi trường. | Yếu tố nguy cơ chính dẫn đến đái tháo đường type 2. | Yếu tố nguy cơ chính dẫn đến đái tháo đường type 2. | Nhóm có nguy cơ cao mắc đái tháo đường type 2 do kháng insulin. | Tình trạng thừa cân làm tăng áp lực máu lên thành động mạch. | Có nguy cơ cao mắc tăng huyết áp và tổn thương cơ quan đích. | Có nguy cơ cao mắc tăng huyết áp và tổn thương cơ quan đích. | Nhóm có nguy cơ cao do thừa cân, ảnh hưởng đến huyết áp. | Đặc biệt nam giới BMI ≥ 23kg/m², nguy cơ tăng huyết áp và suy thận cao hơn. | Nhóm có nguy cơ cao mắc tăng huyết áp do thừa cân, béo phì. | Nguy cơ cao mắc tăng huyết áp do thừa cân, béo phì ảnh hưởng đến lưu lượng máu. | Cân nặng quá mức là yếu tố nguy cơ lớn cho tăng huyết áp và các biến chứng. | Nhóm có nguy cơ cao do thừa cân, ảnh hưởng đến huyết áp. | Nhóm nguy cơ cao do ảnh hưởng của cân nặng đến huyết áp. | Có nguy cơ cao mắc tăng huyết áp và tổn thương cơ quan đích. | Tăng nguy cơ mắc bệnh do thừa cân, ít vận động. | Béo phì là yếu tố nguy cơ tăng huyết áp và làm nặng thêm biến chứng. | Đặc biệt nam giới BMI ≥ 23kg/m², nguy cơ tăng huyết áp và suy thận cao hơn. | Tăng nguy cơ mắc và không kiểm soát được tăng huyết áp. | Nhóm nguy cơ cao do ảnh hưởng của cân nặng và lối sống. | Người thừa cân hoặc béo phì là đối tượng có nguy cơ cao mắc tăng huyết áp. | Tăng cân là yếu tố nguy cơ, cần kiểm soát để giảm gánh nặng cho tim mạch. | Có nguy cơ cao mắc tăng huyết áp và tổn thương cơ quan đích. | Là yếu tố nguy cơ lớn cho tăng huyết áp, cần điều chỉnh chế độ ăn uống và vận động. | Nhóm có nguy cơ cao mắc tăng huyết áp do thừa cân, béo phì. | Người thừa cân, béo phì là nhóm có nguy cơ cao mắc tăng huyết áp. | Tăng cân là một trong những yếu tố nguy cơ làm gia tăng huyết áp. | Tăng cân là yếu tố nguy cơ làm trầm trọng thêm tình trạng tăng huyết áp. | Tăng huyết áp do nhu cầu lưu lượng máu tăng để cung cấp cho mô cơ thể. | Tăng nguy cơ mắc tăng huyết áp và các yếu tố nguy cơ tim mạch khác. | Béo phì là yếu tố nguy cơ tăng nguy cơ mắc hen phế quản.","https://web.archive.org/web/https://vncdc.gov.vn/quan-ly-benh-dai-thao-duong-nd14581.html | https://web.archive.org/web/https://benhvienquynhon.gov.vn/tin-tuc/hoat-dong-cua-ttyt/dai-thao-duong-va-nhung-dieu-ban-can-biet/ | https://syt.dongnai.gov.vn/vi/news/Suc-khoe-cong-dong/nhung-bien-chung-nguy-hiem-cua-benh-tieu-duong-2511.html | https://web.archive.org/web/https://syt.dongnai.gov.vn/vi/news/Suc-khoe-cong-dong/nhung-bien-chung-nguy-hiem-cua-benh-tieu-duong-2511.html | https://benhvienquynhon.gov.vn/tin-tuc/hoat-dong-cua-ttyt/dai-thao-duong-va-nhung-dieu-ban-can-biet/ | https://web.archive.org/web/https://benhvienquynhon.gov.vn/tin-tuc/hoat-dong-cua-ttyt/dai-thao-duong-va-nhung-dieu-ban-can-biet/ | https://web.archive.org/web/https://xayenmo.ninhbinh.gov.vn/y-te-giao-duc/benh-dai-thao-duong-dau-hieu-nhan-biet-phan-loai-va-dieu-tri-389.html | https://xayenmo.ninhbinh.gov.vn/y-te-giao-duc/benh-dai-thao-duong-dau-hieu-nhan-biet-phan-loai-va-dieu-tri-389.html | https://web.archive.org/web/https://vncdc.gov.vn/huong-dan-chan-doan-va-dieu-tri-benh-dai-thao-duong-tuyp-2-nd14582.html | https://chanthuongvacotsong.bachmai.gov.vn/huong-dan-chan-doan-va-dieu-tri-dai-thao-duong-type-2/ | https://web.archive.org/web/https://chanthuongvacotsong.bachmai.gov.vn/huong-dan-chan-doan-va-dieu-tri-dai-thao-duong-type-2/ | https://web.archive.org/web/https://bachmai.gov.vn/bai-viet/chan-doan-som-benh-dai-thao-duong-tip-2?id=59f9c51f-418e-9437-823c-a1a6c23c33e4 | https://web.archive.org/web/https://bachmai.gov.vn/bai-viet/chan-doan-som-benh-dai-thao-duong-tip-2?id=59f9c51f-418e-9437-823c-a1a6c23c33e4 | https://chanthuongvacotsong.bachmai.gov.vn/huong-dan-chan-doan-va-dieu-tri-dai-thao-duong-type-2/ | https://web.archive.org/web/https://chanthuongvacotsong.bachmai.gov.vn/huong-dan-chan-doan-va-dieu-tri-dai-thao-duong-type-2/ | http://ttyt.tamduong.laichau.gov.vn/quan-ly-nha-nuoc/hoat-dong-doan-doi/dai-thao-duong-tuyp-2-nguyen-nhan-trieu-chung-chan-doan-va-d.html | https://web.archive.org/web/https://vncdc.gov.vn/huong-dan-chan-doan-va-dieu-tri-benh-dai-thao-duong-tuyp-2-nd14582.html | http://ttyt.tamduong.laichau.gov.vn/quan-ly-nha-nuoc/hoat-dong-doan-doi/dai-thao-duong-tuyp-2-nguyen-nhan-trieu-chung-chan-doan-va-d.html | http://ttyt.tamduong.laichau.gov.vn/quan-ly-nha-nuoc/hoat-dong-doan-doi/dai-thao-duong-tuyp-2-nguyen-nhan-trieu-chung-chan-doan-va-d.html | https://web.archive.org/web/https://vncdc.gov.vn/huong-dan-chan-doan-va-dieu-tri-benh-dai-thao-duong-tuyp-2-nd14582.html | https://web.archive.org/web/https://bachmai.gov.vn/bai-viet/doi-moi-tu-duy-dieu-tri-dai-thao-duong-typ-2-va-chien-luoc-kiem-soat-toan-dien-bien-chung-than-kinh?id=090463d0-4515-40c8-919c-8bebc41e2c01 | http://ttyt.tamduong.laichau.gov.vn/quan-ly-nha-nuoc/hoat-dong-doan-doi/dai-thao-duong-tuyp-2-nguyen-nhan-trieu-chung-chan-doan-va-d.html | https://web.archive.org/web/http://ttyt.tamduong.laichau.gov.vn/quan-ly-nha-nuoc/hoat-dong-doan-doi/dai-thao-duong-tuyp-2-nguyen-nhan-trieu-chung-chan-doan-va-d.html | https://web.archive.org/web/https://bachmai.gov.vn/bai-viet/chan-doan-som-benh-dai-thao-duong-tip-2?id=59f9c51f-418e-9437-823c-a1a6c23c33e4 | http://ttyt.tamduong.laichau.gov.vn/quan-ly-nha-nuoc/hoat-dong-doan-doi/dai-thao-duong-tuyp-2-nguyen-nhan-trieu-chung-chan-doan-va-d.html | https://web.archive.org/web/http://ttyt.tamduong.laichau.gov.vn/quan-ly-nha-nuoc/hoat-dong-doan-doi/dai-thao-duong-tuyp-2-nguyen-nhan-trieu-chung-chan-doan-va-d.html | https://web.archive.org/web/https://www.vinmec.com/vie/bai-viet/tong-quan-ve-benh-dai-thao-duong-vi | https://www.vinmec.com/vie/bai-viet/tong-quan-ve-benh-dai-thao-duong-vi | https://syt.dongnai.gov.vn/vi/news/Suc-khoe-cong-dong/nhung-bien-chung-nguy-hiem-cua-benh-tieu-duong-2511.html | https://web.archive.org/web/https://syt.dongnai.gov.vn/vi/news/Suc-khoe-cong-dong/nhung-bien-chung-nguy-hiem-cua-benh-tieu-duong-2511.html | https://syt.dongnai.gov.vn/vi/news/Suc-khoe-cong-dong/nhung-bien-chung-nguy-hiem-cua-benh-tieu-duong-2511.html | https://web.archive.org/web/https://vncdc.gov.vn/huong-dan-chan-doan-va-dieu-tri-benh-dai-thao-duong-tuyp-2-nd14582.html | https://web.archive.org/web/https://syt.dongnai.gov.vn/vi/news/Suc-khoe-cong-dong/nhung-bien-chung-nguy-hiem-cua-benh-tieu-duong-2511.html | https://web.archive.org/web/https://benhviennhitrunguong.gov.vn/benh-dai-thao-duong-o-tre-em.html | https://web.archive.org/web/https://vncdc.gov.vn/huong-dan-chan-doan-va-dieu-tri-benh-dai-thao-duong-tuyp-2-nd14582.html | https://chanthuongvacotsong.bachmai.gov.vn/huong-dan-chan-doan-va-dieu-tri-dai-thao-duong-type-2/ | https://web.archive.org/web/https://chanthuongvacotsong.bachmai.gov.vn/huong-dan-chan-doan-va-dieu-tri-dai-thao-duong-type-2/ | https://web.archive.org/web/https://vncdc.gov.vn/huong-dan-chan-doan-va-dieu-tri-benh-dai-thao-duong-tuyp-2-nd14582.html | https://web.archive.org/web/https://vncdc.gov.vn/huong-dan-chan-doan-va-dieu-tri-benh-dai-thao-duong-tuyp-2-nd14582.html | https://xayenmo.ninhbinh.gov.vn/y-te-giao-duc/benh-dai-thao-duong-dau-hieu-nhan-biet-phan-loai-va-dieu-tri-389.html | https://web.archive.org/web/https://xayenmo.ninhbinh.gov.vn/y-te-giao-duc/benh-dai-thao-duong-dau-hieu-nhan-biet-phan-loai-va-dieu-tri-389.html | https://web.archive.org/web/https://benhviennhitrunguong.gov.vn/benh-dai-thao-duong-o-tre-em.html | https://www.vinmec.com/vie/bai-viet/tong-quan-ve-benh-dai-thao-duong-vi | https://xayenmo.ninhbinh.gov.vn/y-te-giao-duc/benh-dai-thao-duong-dau-hieu-nhan-biet-phan-loai-va-dieu-tri-389.html | https://web.archive.org/web/https://xayenmo.ninhbinh.gov.vn/y-te-giao-duc/benh-dai-thao-duong-dau-hieu-nhan-biet-phan-loai-va-dieu-tri-389.html | https://chanthuongvacotsong.bachmai.gov.vn/huong-dan-chan-doan-va-dieu-tri-dai-thao-duong-type-2/ | https://web.archive.org/web/https://chanthuongvacotsong.bachmai.gov.vn/huong-dan-chan-doan-va-dieu-tri-dai-thao-duong-type-2/ | https://chanthuongvacotsong.bachmai.gov.vn/huong-dan-chan-doan-va-dieu-tri-dai-thao-duong-type-2/ | https://web.archive.org/web/https://chanthuongvacotsong.bachmai.gov.vn/huong-dan-chan-doan-va-dieu-tri-dai-thao-duong-type-2/ | https://xayenmo.ninhbinh.gov.vn/y-te-giao-duc/benh-dai-thao-duong-dau-hieu-nhan-biet-phan-loai-va-dieu-tri-389.html | https://xayenmo.ninhbinh.gov.vn/y-te-giao-duc/benh-dai-thao-duong-dau-hieu-nhan-biet-phan-loai-va-dieu-tri-389.html | https://chanthuongvacotsong.bachmai.gov.vn/huong-dan-chan-doan-va-dieu-tri-tang-huyet-ap/ | https://chanthuongvacotsong.bachmai.gov.vn/cao-huyet-ap-am-tham-ma-rat-hiem/ | https://web.archive.org/web/https://vncdc.gov.vn/huong-dan-chan-doan-va-dieu-tri-tang-huyet-ap-nd14594.html | https://chanthuongvacotsong.bachmai.gov.vn/huong-dan-chan-doan-va-dieu-tri-tang-huyet-ap/ | https://web.archive.org/web/http://bvhoanghoa.ytethanhhoa.gov.vn/web/khoa-phong-chuc-nang/khoa-phong-chuc-nang/phong-cong-tac-xa-hoi/dieu-can-luu-y-khi-dieu-tri-tang-huyet-ap.html | https://www.vinmec.com/vie/bai-viet/dieu-tri-tang-huyet-ap-kem-suy-man-vi | https://web.archive.org/web/http://bvhoanghoa.ytethanhhoa.gov.vn/web/khoa-phong-chuc-nang/khoa-phong-chuc-nang/phong-cong-tac-xa-hoi/dieu-can-luu-y-khi-dieu-tri-tang-huyet-ap.html | http://bvhoanghoa.ytethanhhoa.gov.vn/web/khoa-phong-chuc-nang/khoa-phong-chuc-nang/to-cong-tac-xa-hoi/dieu-can-luu-y-khi-dieu-tri-tang-huyet-ap.html | https://web.archive.org/web/http://bvhoanghoa.ytethanhhoa.gov.vn/web/khoa-phong-chuc-nang/khoa-phong-chuc-nang/to-cong-tac-xa-hoi/dieu-can-luu-y-khi-dieu-tri-tang-huyet-ap.html | http://bvhoanghoa.ytethanhhoa.gov.vn/web/khoa-phong-chuc-nang/khoa-phong-chuc-nang/phong-cong-tac-xa-hoi/dieu-can-luu-y-khi-dieu-tri-tang-huyet-ap.html | https://web.archive.org/web/https://vncdc.gov.vn/huong-dan-chan-doan-va-dieu-tri-tang-huyet-ap-nd14594.html | https://bachmai.gov.vn/tin-chi-tiet/-/bai-viet/tang-huyet-ap-can-benh-tham-lang-nhung-nguy-hiem-8463-146.html | https://web.archive.org/web/http://bvhoanghoa.ytethanhhoa.gov.vn/web/khoa-phong-chuc-nang/khoa-phong-chuc-nang/phong-cong-tac-xa-hoi/dieu-can-luu-y-khi-dieu-tri-tang-huyet-ap.html | https://www.vinmec.com/vie/bai-viet/dieu-tri-tang-huyet-ap-kem-suy-man-vi | https://bachmai.gov.vn/tin-chi-tiet/-/bai-viet/tang-huyet-ap-can-benh-tham-lang-nhung-nguy-hiem-8463-146.html | https://web.archive.org/web/http://bvhoanghoa.ytethanhhoa.gov.vn/web/khoa-phong-chuc-nang/khoa-phong-chuc-nang/phong-cong-tac-xa-hoi/dieu-can-luu-y-khi-dieu-tri-tang-huyet-ap.html | https://bachmai.gov.vn/tin-chi-tiet/-/bai-viet/tang-huyet-ap-can-benh-tham-lang-nhung-nguy-hiem-8463-146.html | https://web.archive.org/web/http://bvhoanghoa.ytethanhhoa.gov.vn/web/khoa-phong-chuc-nang/khoa-phong-chuc-nang/phong-cong-tac-xa-hoi/dieu-can-luu-y-khi-dieu-tri-tang-huyet-ap.html | http://bvhoanghoa.ytethanhhoa.gov.vn/web/khoa-phong-chuc-nang/khoa-phong-chuc-nang/phong-cong-tac-xa-hoi/dieu-can-luu-y-khi-dieu-tri-tang-huyet-ap.html | https://soyte.tuyenquang.gov.vn/tin-tuc/tang-huyet-ap-va-nhung-bien-chung-nguy-hiem.html | https://chanthuongvacotsong.bachmai.gov.vn/huong-dan-chan-doan-va-dieu-tri-tang-huyet-ap/ | https://web.archive.org/web/http://bvhoanghoa.ytethanhhoa.gov.vn/web/khoa-phong-chuc-nang/khoa-phong-chuc-nang/phong-cong-tac-xa-hoi/dieu-can-luu-y-khi-dieu-tri-tang-huyet-ap.html | https://web.archive.org/web/http://bvhoanghoa.ytethanhhoa.gov.vn/web/khoa-phong-chuc-nang/khoa-phong-chuc-nang/to-cong-tac-xa-hoi/dieu-can-luu-y-khi-dieu-tri-tang-huyet-ap.html | http://bvhoanghoa.ytethanhhoa.gov.vn/web/khoa-phong-chuc-nang/khoa-phong-chuc-nang/phong-cong-tac-xa-hoi/dieu-can-luu-y-khi-dieu-tri-tang-huyet-ap.html | https://soyte.tuyenquang.gov.vn/tin-tuc/tang-huyet-ap-va-nhung-bien-chung-nguy-hiem.html | https://web.archive.org/web/https://soyte.tuyenquang.gov.vn/tin-tuc/tang-huyet-ap-va-nhung-bien-chung-nguy-hiem.html | https://web.archive.org/web/https://chanthuongvacotsong.bachmai.gov.vn/huong-dan-chan-doan-va-dieu-tri-tang-huyet-ap/ | https://chanthuongvacotsong.bachmai.gov.vn/cao-huyet-ap-am-tham-ma-rat-hiem/ | https://www.vinmec.com/vie/bai-viet/lam-nao-de-chan-doan-hen-phe-quan-vi"
"1561","DEMO_dbb4fceae4","Demographic","Người mắc bệnh thận mạn tính","Nhóm đối tượng cần quan tâm đặc biệt vì nguy cơ suy giảm chức năng thận và biến chứng cao. | Nhóm đối tượng cần quản lý dinh dưỡng nghiêm ngặt để làm chậm tiến triển bệnh.","https://bachmai.gov.vn/bai-viet/sai-lam-trong-dinh-duong-khien-suy-than-man-them-tram-trong-dau-la-giai-phap?id=1ff0d3d0-62f4-4159-a23b-758572e7f600 | https://web.archive.org/web/https://bachmai.gov.vn/bai-viet/sai-lam-trong-dinh-duong-khien-suy-than-man-them-tram-trong-dau-la-giai-phap?id=1ff0d3d0-62f4-4159-a23b-758572e7f600 | https://bachmai.gov.vn/bai-viet/sai-lam-trong-dinh-duong-khien-suy-than-man-them-tram-trong-dau-la-giai-phap?id=1ff0d3d0-62f4-4159-a23b-758572e7f600"
"1562","DEMO_dc4d6636a7","Demographic","Người béo phì độ I","Tỷ lệ mắc bệnh cao gấp 4 lần so với bình thường do insulin kháng.","https://cdc.ninhbinh.gov.vn/tin-tuc-su-kien/benh-dai-thao-duong-va-cach-phong-ngua-benh2.html"
"1563","DEMO_dd9bebbc06","Demographic","Bệnh nhân ĐTĐ type 1","Nhóm bệnh nhân bắt đầu sàng lọc sau 5 năm chẩn đoán, có nguy cơ tổn thương thận cao.","https://web.archive.org/web/https://vista.gov.vn/vi/news/cac-linh-vuc-khoa-hoc-va-cong-nghe/dau-an-sinh-hoc-moi-trong-phat-trien-som-bien-chung-than-do-dai-thao-duong-9409.html"
"1564","DEMO_deeba2229e","Demographic","Người có nhiễm trùng","Tăng glucose máu do phản ứng viêm và tăng nhu cầu năng lượng. | Tăng glucose máu do phản ứng viêm, dễ dẫn đến biến chứng cấp tính.","https://bachmai.gov.vn/bai-viet/bien-chung-cua-benh-dai-thao-duong?id=f17ffc43-5abb-5dcb-54d1-d3887440a421"
"1565","DEMO_df297e29f7","Demographic","Người không được phát hiện tăng huyết áp","Nhóm có nguy cơ cao bị biến chứng do không biết mình mắc bệnh. | 39,1% số bệnh nhân tăng huyết áp chưa biết mình bị bệnh.","https://web.archive.org/web/http://bvhoanghoa.ytethanhhoa.gov.vn/web/khoa-phong-chuc-nang/khoa-phong-chuc-nang/phong-cong-tac-xa-hoi/dieu-can-luu-y-khi-dieu-tri-tang-huyet-ap.html | http://bvhoanghoa.ytethanhhoa.gov.vn/web/khoa-phong-chuc-nang/khoa-phong-chuc-nang/phong-cong-tac-xa-hoi/dieu-can-luu-y-khi-dieu-tri-tang-huyet-ap.html"
"1566","DEMO_dfd7000de8","Demographic","Người có tiền sử hội chứng chuyển hóa","Tăng nguy cơ mắc đái tháo đường do rối loạn lipid và insulin.","https://web.archive.org/web/https://vncdc.gov.vn/quan-ly-benh-dai-thao-duong-nd14581.html"
"1567","DEMO_e345d72c5d","Demographic","Nhóm tuổi 60-69","Độ tuổi phổ biến nhất trong nhóm bệnh nhân, chiếm đa số.","https://sti.vista.gov.vn/publication/view/nghien-cuu-dac-diem-lam-sang-can-lam-sang-va-chi-so-dien-than-kinh-co-o-nguoi-benh-dai-thao-duong-type-2-co-bien-chung-than-kinh-ngoai-vi-tai-benh-vie-d41b03674c28b600d59c115392319110-455331.html"
"1568","DEMO_e3cc41c378","Demographic","Người trưởng thành từ 25 tuổi trở lên","Nhóm được khảo sát trong nghiên cứu của Hội Tim mạch học Việt Nam. | Nhóm dễ mắc tăng huyết áp và cần được theo dõi chặt chẽ. | Nhóm được thống kê trong nghiên cứu của Hội Tim mạch học Việt Nam. | Theo thống kê 2015, hơn 5.454 người trong quần thể 44 triệu người mắc THA. | Nhóm được khảo sát trong nghiên cứu của Hội Tim mạch học Việt Nam. | Nhóm được khảo sát tại 8 tỉnh/thành phố Việt Nam năm 2015, có hơn 5.454 người mắc THA. | Theo thống kê 2015, hơn 5.454 người trong quần thể 44 triệu người mắc THA. | Theo thống kê năm 2015, hơn 5.454 người trong quần thể 44 triệu người mắc THA.","http://bvhoanghoa.ytethanhhoa.gov.vn/web/khoa-phong-chuc-nang/khoa-phong-chuc-nang/phong-cong-tac-xa-hoi/dieu-can-luu-y-khi-dieu-tri-tang-huyet-ap.html | https://web.archive.org/web/http://bvhoanghoa.ytethanhhoa.gov.vn/web/khoa-phong-chuc-nang/khoa-phong-chuc-nang/phong-cong-tac-xa-hoi/dieu-can-luu-y-khi-dieu-tri-tang-huyet-ap.html | http://bvhoanghoa.ytethanhhoa.gov.vn/web/khoa-phong-chuc-nang/khoa-phong-chuc-nang/phong-cong-tac-xa-hoi/dieu-can-luu-y-khi-dieu-tri-tang-huyet-ap.html | http://bvhoanghoa.ytethanhhoa.gov.vn/web/khoa-phong-chuc-nang/khoa-phong-chuc-nang/to-cong-tac-xa-hoi/dieu-can-luu-y-khi-dieu-tri-tang-huyet-ap.html | http://bvhoanghoa.ytethanhhoa.gov.vn/web/khoa-phong-chuc-nang/khoa-phong-chuc-nang/phong-cong-tac-xa-hoi/dieu-can-luu-y-khi-dieu-tri-tang-huyet-ap.html | http://bvhoanghoa.ytethanhhoa.gov.vn/web/khoa-phong-chuc-nang/khoa-phong-chuc-nang/phong-cong-tac-xa-hoi/dieu-can-luu-y-khi-dieu-tri-tang-huyet-ap.html | http://bvhoanghoa.ytethanhhoa.gov.vn/web/khoa-phong-chuc-nang/khoa-phong-chuc-nang/phong-cong-tac-xa-hoi/dieu-can-luu-y-khi-dieu-tri-tang-huyet-ap.html | https://web.archive.org/web/http://bvhoanghoa.ytethanhhoa.gov.vn/web/khoa-phong-chuc-nang/khoa-phong-chuc-nang/to-cong-tac-xa-hoi/dieu-can-luu-y-khi-dieu-tri-tang-huyet-ap.html"
"1569","DEMO_e5832803c9","Demographic","Người trẻ tuổi (18–40)","Tỷ lệ mắc tăng huyết áp thứ phát cao hơn ở nhóm này, chiếm gần 30%.","https://tamanhhospital.vn/tang-huyet-ap-thu-phat/"
"1570","DEMO_e6ce3c3a70","Demographic","Người bệnh ĐTĐ có nhiều bệnh lý mắc kèm","Cần cân nhắc kỹ lưỡng khi dùng statin do nguy cơ tương tác thuốc và tác dụng phụ như tổn thương cơ, gan.","https://bachmai.gov.vn/bai-viet/dai-thao-duong-bien-chung-tim-mach-va-than-kinh-ngoai-bien-sat-thu-tham-lang?id=994f4df4-95c1-4760-8aee-8d07a69f9fe1"
"1571","DEMO_e75c3821fe","Demographic","Người mắc hội chứng chuyển hóa","Nhóm có nguy cơ cao do rối loạn lipid và insulin. | Nhóm có nguy cơ cao do rối loạn lipid và kháng insulin. | Nhóm có nguy cơ cao mắc đái tháo đường týp 2 do rối loạn lipid và insulin. | Nhóm có nguy cơ cao mắc đái tháo đường týp 2. | Nhóm có nguy cơ cao do rối loạn lipid và insulin. | Nhóm có nguy cơ cao do rối loạn lipid và kháng insulin. | Tăng nguy cơ mắc đái tháo đường týp 2 do rối loạn lipid, huyết áp và kháng insulin. | Tăng nguy cơ mắc đái tháo đường týp 2 do rối loạn lipid, huyết áp và kháng insulin. | Nhóm có nguy cơ cao do rối loạn lipid và insulin. | Nhóm có nguy cơ cao do rối loạn lipid và kháng insulin.","https://chanthuongvacotsong.bachmai.gov.vn/huong-dan-chan-doan-va-dieu-tri-dai-thao-duong-type-2/ | https://web.archive.org/web/https://chanthuongvacotsong.bachmai.gov.vn/huong-dan-chan-doan-va-dieu-tri-dai-thao-duong-type-2/ | https://web.archive.org/web/https://vncdc.gov.vn/huong-dan-chan-doan-va-dieu-tri-benh-dai-thao-duong-tuyp-2-nd14582.html | https://chanthuongvacotsong.bachmai.gov.vn/huong-dan-chan-doan-va-dieu-tri-dai-thao-duong-type-2/ | https://web.archive.org/web/https://chanthuongvacotsong.bachmai.gov.vn/huong-dan-chan-doan-va-dieu-tri-dai-thao-duong-type-2/ | https://web.archive.org/web/https://vncdc.gov.vn/huong-dan-chan-doan-va-dieu-tri-benh-dai-thao-duong-tuyp-2-nd14582.html | https://chanthuongvacotsong.bachmai.gov.vn/huong-dan-chan-doan-va-dieu-tri-dai-thao-duong-type-2/ | https://web.archive.org/web/https://chanthuongvacotsong.bachmai.gov.vn/huong-dan-chan-doan-va-dieu-tri-dai-thao-duong-type-2/"
"1572","DEMO_e98c825787","Demographic","Trẻ 15 tuổi","Tuổi tác cụ thể dẫn đến biến cố nghiêm trọng do hen cấp. | Tuổi tác cụ thể dẫn đến biến cố nghiêm trọng.","https://benhviennhitrunguong.gov.vn/tag/hen-phe-quan | https://web.archive.org/web/https://benhviennhitrunguong.gov.vn/tag/hen-phe-quan"
"1573","DEMO_ea08e57703","Demographic","Người bệnh đái tháo đường type 1 sau 10 năm","Tỷ lệ suy thận giai đoạn cuối tăng đáng kể.","https://web.archive.org/web/https://benhvientinh.caobang.gov.vn/index.php/vi/news/tin-tuc-su-kien/bien-chung-than-do-dai-thao-duong-6-dieu-nguoi-benh-phai-chu-y-710.html"
"1574","DEMO_ea26df8a6d","Demographic","Người thừa cân hoặc béo phì","Tăng nguy cơ mắc bệnh do ảnh hưởng của mỡ dư thừa. | BMI ≥ 23 kg/m² và kèm yếu tố nguy cơ khác. | Có chỉ số BMI ≥ 23 kg/m².","https://web.archive.org/web/http://soyte.hatinh.gov.vn/tin-tuc-su-kien/thong-tin-y-te/bai-truyen-thong-benh-dai-thao-duong-va-cach-phong-ngua-benh.html | http://soyte.hatinh.gov.vn/tin-tuc-su-kien/thong-tin-y-te/bai-truyen-thong-benh-dai-thao-duong-va-cach-phong-ngua-benh.html | https://web.archive.org/web/https://bachmai.gov.vn/bai-viet/chan-doan-som-benh-dai-thao-duong-tip-2?id=59f9c51f-418e-9437-823c-a1a6c23c33e4 | https://web.archive.org/web/https://bachmai.gov.vn/tin-chi-tiet/-/bai-viet/chan-doan-som-benh-dai-thao-duong-tip-2-9427-146.html"
"1575","DEMO_eadc3787c4","Demographic","Người từ 40 tuổi trở lên","Nhóm có nguy cơ cao do sự suy giảm chức năng tuyến tụy và tăng mỡ nội tạng. | Nhóm có nguy cơ cao cần tầm soát sớm. | Nhóm có nguy cơ cao cần tầm soát định kỳ. | Tỷ lệ mắc COPD ở nhóm này là 4,2% tại Việt Nam.","https://cdc.ninhbinh.gov.vn/tin-tuc-su-kien/benh-dai-thao-duong-va-cach-phong-ngua-benh2.html | https://web.archive.org/web/http://soyte.hatinh.gov.vn/tin-tuc-su-kien/thong-tin-y-te/bai-truyen-thong-benh-dai-thao-duong-va-cach-phong-ngua-benh.html | http://soyte.hatinh.gov.vn/tin-tuc-su-kien/thong-tin-y-te/bai-truyen-thong-benh-dai-thao-duong-va-cach-phong-ngua-benh.html | https://bachmai.gov.vn/bai-viet/phong-dot-cap-benh-phoi-tac-nghen-man-tinh?id=28510cbf-b2a4-a5e6-65a7-7b91e89cf5eb"
"1576","DEMO_ebf0c583bd","Demographic","Người có tiền sử dị ứng","Dị ứng với nhiều chất như phấn hoa, côn trùng, thực phẩm... làm tăng nguy cơ mắc hen.","https://hohap.bachmai.gov.vn/detail/14225/hen-phe-quan-%C2%A0-cach-nhan-biet-va-chan-doan.html"
"1577","DEMO_ec2b51b0a8","Demographic","Người ≥45 tuổi","Nhóm có nguy cơ cao mắc đái tháo đường type 2.","https://web.archive.org/web/https://vncdc.gov.vn/quan-ly-benh-dai-thao-duong-nd14581.html"
"1578","DEMO_efb6f044b9","Demographic","Bệnh nhân tại bệnh viện quân sự Lào","Đối tượng nghiên cứu là bệnh nhân điều trị tại một cơ sở y tế cụ thể ở nước ngoài.","https://nsti.vista.gov.vn/publication/view/nghien-cuu-dac-diem-lam-sang-can-lam-sang-va-danh-gia-bien-chung-than-o-benh-nhan-dai-thao-duong-tip-2-tai-khoa-noi-tiet-benh-vien-trung-uong-103-quan-doi-nhan-dan-lao-373086.html"
"1579","DEMO_f10e47d6b2","Demographic","Người hút thuốc lá hoặc thuốc lào","Yếu tố nguy cơ hàng đầu gây BPTNMT, đặc biệt khi hút chủ động hoặc thụ động.","https://web.archive.org/web/https://vncdc.gov.vn/huong-dan-chan-doan-va-dieu-tri-benh-phoi-tac-nghen-man-tinh-nd14577.html"
"1580","DEMO_f367c42096","Demographic","Người Việt Nam có huyết áp bình thường","Nhóm đối chiếu để đánh giá mức độ phổ biến của bệnh. | Nhóm chiếm 52,8% dân số Việt Nam (23,2 triệu người), là nhóm đối chiếu để đánh giá mức độ phổ biến của THA.","http://bvhoanghoa.ytethanhhoa.gov.vn/web/khoa-phong-chuc-nang/khoa-phong-chuc-nang/phong-cong-tac-xa-hoi/dieu-can-luu-y-khi-dieu-tri-tang-huyet-ap.html"
"1581","DEMO_f4a4e297d2","Demographic","Phụ nữ có tiền sử thai sản đặc biệt","Nguy cơ cao mắc đái tháo đường do ảnh hưởng của biến chứng thai kỳ và rối loạn chuyển hóa. | Nguy cơ cao mắc đái tháo đường týp 2, đặc biệt sau sinh con nặng hoặc sảy thai nhiều lần.","https://web.archive.org/web/https://vncdc.gov.vn/huong-dan-chan-doan-va-dieu-tri-benh-dai-thao-duong-tuyp-2-nd14582.html"
"1582","DEMO_f8bec045d1","Demographic","Người bệnh ĐTĐ kèm nhiều bệnh lý","Cần cân nhắc kỹ lưỡng khi dùng statin do nguy cơ tương tác thuốc và tổn thương cơ gan.","https://web.archive.org/web/https://chanthuongvacotsong.bachmai.gov.vn/dai-thao-duong-bien-chung-tim-mach-va-than-kinh-ngoai-bien-sat-thu-tham-lang/ | https://chanthuongvacotsong.bachmai.gov.vn/dai-thao-duong-bien-chung-tim-mach-va-than-kinh-ngoai-bien-sat-thu-tham-lang/"
"1583","DEMO_f917c70a86","Demographic","Người lớn tuổi","Dễ bị mất nước, lú lẫn, chóng mặt do rối loạn chuyển hóa glucose. | Nhóm có nguy cơ cao mắc tiểu đường và biến chứng do tuổi tác. | Nhóm dễ bị tổn thương do chức năng thận tự nhiên suy giảm, kết hợp với đái tháo đường. | Dễ bị mất nước, chóng mặt, ngã do rối loạn chuyển hóa. | Dễ bị mất nước, lú lẫn, chóng mặt do rối loạn chuyển hóa glucose. | Không được đề cập trong văn bản, nhưng có thể là nhóm nguy cơ cao nếu mắc ĐTĐ típ 1 do yếu tố di truyền. | Nhóm dễ mắc đái tháo đường típ 2 và gặp khó khăn trong tuân thủ điều trị do sức khỏe suy giảm, hiểu biết hạn chế. | Cơ thể tự nhiên có kháng insulin cao hơn, dễ mắc bệnh nếu không kiểm soát lối sống. | Cơ thể tự nhiên có kháng insulin tăng theo tuổi, làm tăng nguy cơ mắc bệnh. | Nhóm dễ bị tổn thương do chức năng cơ thể suy giảm và khả năng điều chỉnh đường huyết kém hơn. | Cơ thể tự nhiên có kháng insulin cao hơn, dễ mắc bệnh nếu không kiểm soát lối sống. | Cơ thể tự nhiên có kháng insulin tăng theo tuổi, làm tăng nguy cơ mắc bệnh. | Cơ thể tự nhiên có kháng insulin tăng theo tuổi tác, làm tăng nguy cơ mắc bệnh. | Cơ thể tự nhiên có kháng insulin cao hơn, dễ mắc bệnh nếu không kiểm soát lối sống. | Nhóm có nguy cơ cao bị hạ đường huyết, té ngã, gãy xương do tác dụng phụ của thuốc. | Dù không nêu rõ, nhưng bệnh đái tháo đường týp 2 thường gặp ở người trung niên và cao tuổi — nhóm dễ bị ảnh hưởng bởi béo phì. | Dù không nêu rõ, nhưng bệnh đái tháo đường týp 2 thường gặp ở người trung niên và cao tuổi — nhóm dễ bị béo phì. | Nhóm có nguy cơ cao mắc tiểu đường và biến chứng do tuổi tác. | Nhóm có nguy cơ cao mắc bệnh tiểu đường và dễ bị biến chứng. | Nhóm có nguy cơ cao mắc tiểu đường và biến chứng do tuổi tác. | Nhóm dễ mắc tiểu đường tuýp 2 và dễ bị biến chứng nặng. | Nhóm có nguy cơ cao mắc tiểu đường và biến chứng do tuổi tác. | Nhóm có nguy cơ cao mắc tiểu đường và dễ bị biến chứng. | Nhóm tuổi nghiên cứu đến 69 tuổi, có thể bao gồm cả người cao tuổi. | Nhóm dễ mắc biến chứng do chức năng cơ thể suy giảm và tuân thủ điều trị kém. | Nhóm nghiên cứu bao gồm cả người cao tuổi (tới 69 tuổi), có nguy cơ chuyển hóa cao. | Nhóm tuổi nghiên cứu đến 69 tuổi, có thể bao gồm cả người cao tuổi. | Nhóm có nguy cơ cao mắc bệnh do giảm chức năng tuyến tụy và chuyển hóa. | Cơ thể tự nhiên có kháng insulin tăng theo tuổi, làm tăng nguy cơ mắc bệnh. | Nhóm có nguy cơ cao và thường khó kiểm soát đường huyết. | Nhóm dễ bị ảnh hưởng bởi biến chứng do suy giảm chức năng tuần hoàn và cảm giác. | Nhóm có nguy cơ cao mắc các bệnh truyền nhiễm và không lây nhiễm. | Nhóm có nguy cơ cao mắc các bệnh truyền nhiễm và không lây nhiễm. | Nhóm có nguy cơ cao do sự gia tăng cứng động mạch và áp lực mạch. | Nhóm có nguy cơ cao do sự cứng động mạch và tăng áp lực mạch. | Tuổi tác là yếu tố nguy cơ chính gây ra cao huyết áp. | Nhóm dễ mắc và chịu ảnh hưởng nặng nề nhất của tăng huyết áp, cần theo dõi chặt chẽ. | Nhóm dễ mắc và chịu ảnh hưởng nặng nề nhất của tăng huyết áp, cần theo dõi định kỳ. | Nhóm có nguy cơ cao do sự cứng động mạch và tăng áp lực mạch. | Nhóm có nguy cơ cao do sự cứng động mạch và tăng áp lực mạch. | Nhóm có nguy cơ cao do sự cứng động mạch và tăng áp lực mạch. | Nhóm có nguy cơ cao do sự gia tăng cứng động mạch và áp lực mạch. | Cần xem xét thêm yếu tố độ tuổi khi điều trị huyết áp. | Nhóm dễ bị ảnh hưởng bởi tăng huyết áp do yếu tố di truyền và lão hóa. | Nhóm dễ bị tăng huyết áp do yếu tố tuổi tác. | Nhóm dễ bị ảnh hưởng bởi tăng huyết áp do yếu tố di truyền và lão hóa. | Nhóm dễ bị tăng huyết áp do yếu tố di truyền và lão hóa. | Nhóm dễ bị tăng huyết áp do yếu tố tuổi tác. | Nhóm dễ bị ảnh hưởng bởi tăng huyết áp do yếu tố tuổi tác. | Nhóm có nguy cơ cao do sự cứng động mạch và tăng áp lực mạch. | Nhóm có nguy cơ cao do tăng huyết áp tâm thu cô lập và cứng động mạch. | Nhóm có nguy cơ cao do sự gia tăng cứng động mạch và áp lực mạch. | Nhóm có nguy cơ cao do sự gia tăng cứng động mạch và áp lực mạch. | Nhóm có nguy cơ cao do sự gia tăng cứng động mạch và áp lực mạch. | Nhóm có nguy cơ cao do sự cứng động mạch và tăng áp lực mạch. | Nhóm có nguy cơ cao do sự gia tăng cứng động mạch và áp lực mạch. | Tỷ lệ mắc bệnh tăng theo tuổi, đặc biệt là ở người cao tuổi. | Nhóm có nguy cơ cao do sự cứng động mạch và tăng áp lực mạch. | Khó phối hợp động tác tay và thở, cần thiết bị hỗ trợ như buồng đệm hoặc máy khí dung. | Cơ thể suy giảm chức năng hô hấp và phản ứng miễn dịch, dễ bị kích thích.","https://web.archive.org/web/https://benhvienquynhon.gov.vn/tin-tuc/hoat-dong-cua-ttyt/dai-thao-duong-va-nhung-dieu-ban-can-biet/ | https://web.archive.org/web/https://benhvientinh.caobang.gov.vn/index.php/vi/news/tin-tuc-su-kien/bien-chung-than-do-dai-thao-duong-6-dieu-nguoi-benh-phai-chu-y-710.html | https://web.archive.org/web/https://syt.dongnai.gov.vn/vi/news/Suc-khoe-cong-dong/nhung-bien-chung-nguy-hiem-cua-benh-tieu-duong-2511.html | https://benhvienquynhon.gov.vn/tin-tuc/hoat-dong-cua-ttyt/dai-thao-duong-va-nhung-dieu-ban-can-biet/ | https://web.archive.org/web/https://benhvienquynhon.gov.vn/tin-tuc/hoat-dong-cua-ttyt/dai-thao-duong-va-nhung-dieu-ban-can-biet/ | https://benhviennhitrunguong.gov.vn/hoi-thao-xu-huong-dieu-tri-dai-thao-duong-tip-1-chung-ta-khong-the-dung-ngoai.html | https://bachmai.gov.vn/bai-viet/ca-the-hoa-dieu-tri-dai-thao-duong-tip-2-tai-cac-nuoc-dang-phat-trien-thach-thuc-va-co-hoi?id=4b51fe29-8515-42d1-bff3-85563163f16c | http://ttyt.tamduong.laichau.gov.vn/quan-ly-nha-nuoc/hoat-dong-doan-doi/dai-thao-duong-tuyp-2-nguyen-nhan-trieu-chung-chan-doan-va-d.html | http://ttyt.tamduong.laichau.gov.vn/quan-ly-nha-nuoc/hoat-dong-doan-doi/dai-thao-duong-tuyp-2-nguyen-nhan-trieu-chung-chan-doan-va-d.html | https://benhvientinh.caobang.gov.vn/index.php/vi/news/dich-vu/tiep-nhan-dieu-tri-benh-nhan-dai-thao-duong-tuyp-2-co-bien-chung-mo-mat-do-khong-di-kham-va-tam-soat-som-443.html | http://ttyt.tamduong.laichau.gov.vn/quan-ly-nha-nuoc/hoat-dong-doan-doi/dai-thao-duong-tuyp-2-nguyen-nhan-trieu-chung-chan-doan-va-d.html | http://ttyt.tamduong.laichau.gov.vn/quan-ly-nha-nuoc/hoat-dong-doan-doi/dai-thao-duong-tuyp-2-nguyen-nhan-trieu-chung-chan-doan-va-d.html | https://web.archive.org/web/http://ttyt.tamduong.laichau.gov.vn/quan-ly-nha-nuoc/hoat-dong-doan-doi/dai-thao-duong-tuyp-2-nguyen-nhan-trieu-chung-chan-doan-va-d.html | https://bachmai.gov.vn/bai-viet/dieu-tri-dai-thao-duong-tip-2-buoc-tien-moi-tu-insulin-nen-the-he-2-va-iglarlixi?id=5cdac324-549d-40aa-b3e6-80214932d112 | http://ttyt.tamduong.laichau.gov.vn/quan-ly-nha-nuoc/hoat-dong-doan-doi/dai-thao-duong-tuyp-2-nguyen-nhan-trieu-chung-chan-doan-va-d.html | https://web.archive.org/web/http://ttyt.tamduong.laichau.gov.vn/quan-ly-nha-nuoc/hoat-dong-doan-doi/dai-thao-duong-tuyp-2-nguyen-nhan-trieu-chung-chan-doan-va-d.html | https://sti.vista.gov.vn/publication/view/9adff40ef63a8d1369d3d79d00873f07-31f274dab6ec362c550c75293a9d13cd-448878.html | https://web.archive.org/web/https://sti.vista.gov.vn/publication/view/9adff40ef63a8d1369d3d79d00873f07-31f274dab6ec362c550c75293a9d13cd-448878.html | https://syt.dongnai.gov.vn/vi/news/Suc-khoe-cong-dong/nhung-bien-chung-nguy-hiem-cua-benh-tieu-duong-2511.html | https://web.archive.org/web/https://syt.dongnai.gov.vn/vi/news/Suc-khoe-cong-dong/nhung-bien-chung-nguy-hiem-cua-benh-tieu-duong-2511.html | https://sti.vista.gov.vn/publication/view/tinh-trang-dinh-duong-va-mot-so-yeu-to-lien-quan-cua-nguoi-benh-dai-thao-duong-typ-2-dieu-tri-noi-tru-tai-benh-vien-da-khoa-xanh-pon-nam-2023-e7cc38bdc9220841bb8ade1a50eee813-455622.html | https://sti.vista.gov.vn/publication/view/tinh-trang-dinh-duong-va-mot-so-yeu-to-lien-quan-cua-nguoi-benh-dai-thao-duong-typ-2-dieu-tri-noi-tru-tai-benh-vien-da-khoa-xanh-pon-nam-2023-e7cc38bdc9220841bb8ade1a50eee813-455622.html | https://bachmai.gov.vn/tin-chi-tiet/-/bai-viet/dai-thao-duong-can-benh-nhieu-bien-chung-nguy-hiem-8-trieu-nguoi-viet-nam-dang-mac-9624-146.html | https://sti.vista.gov.vn/publication/view/tinh-trang-dinh-duong-va-mot-so-yeu-to-lien-quan-cua-nguoi-benh-dai-thao-duong-typ-2-dieu-tri-noi-tru-tai-benh-vien-da-khoa-xanh-pon-nam-2023-e7cc38bdc9220841bb8ade1a50eee813-455622.html | https://web.archive.org/web/http://bvthanhpho.ytethanhhoa.gov.vn/web/trang-chu/khoa-phong-chuc-nang/khoa-lam-sang/khoa-noi-nhi/benh-dai-thao-duong-va-dau-hieu-nhan-biet-benh-dai-thao-duong.html | https://web.archive.org/web/http://ttyt.tamduong.laichau.gov.vn/quan-ly-nha-nuoc/hoat-dong-doan-doi/dai-thao-duong-tuyp-2-nguyen-nhan-trieu-chung-chan-doan-va-d.html | https://web.archive.org/web/https://www.benhviendakhoasongma.gov.vn/bai-viet/benh-dai-thao-duong-220 | https://bachmai.gov.vn/tin-chi-tiet/-/bai-viet/cap-nhat-chan-doan-dieu-tri-benh-dai-thao-duong-va-bien-chung-8971-144.html | https://web.archive.org/web/http://www.tapchiyhocduphong.vn/tap-chi-y-hoc-du-phong/2015/08/kien-thuc-ve-benh-dai-thao-duong-va-mot-so-yeu-to-lien-quan-cua-nguoi-benh-tai-c-o81E20305.html | https://web.archive.org/web/http://www.tapchiyhocduphong.vn/tap-chi-y-hoc-du-phong/2015/08/kien-thuc-ve-benh-dai-thao-duong-va-mot-so-yeu-to-lien-quan-cua-nguoi-benh-tai-c-o81E20305.html | https://web.archive.org/web/http://bvhoanghoa.ytethanhhoa.gov.vn/web/khoa-phong-chuc-nang/khoa-phong-chuc-nang/to-cong-tac-xa-hoi/benh-tang-huyet-ap-ke-giet-nguoi-tham-lang.html | https://chanthuongvacotsong.bachmai.gov.vn/cao-huyet-ap-am-tham-ma-rat-hiem/ | http://bvhoanghoa.ytethanhhoa.gov.vn/web/khoa-phong-chuc-nang/khoa-phong-chuc-nang/to-cong-tac-xa-hoi/benh-tang-huyet-ap-ke-giet-nguoi-tham-lang.html | https://web.archive.org/web/http://bvhoanghoa.ytethanhhoa.gov.vn/web/khoa-phong-chuc-nang/khoa-phong-chuc-nang/to-cong-tac-xa-hoi/benh-tang-huyet-ap-ke-giet-nguoi-tham-lang.html | http://cdc.hatinh.gov.vn/vi/%1Cbenh-khong-lay-nhiem/topic/6029 | https://web.archive.org/web/http://cdc.hatinh.gov.vn/vi/%1Cbenh-khong-lay-nhiem/topic/6029 | https://web.archive.org/web/http://bvhoanghoa.ytethanhhoa.gov.vn/web/khoa-phong-chuc-nang/khoa-phong-chuc-nang/to-cong-tac-xa-hoi/benh-tang-huyet-ap-ke-giet-nguoi-tham-lang.html | https://web.archive.org/web/http://bvhoanghoa.ytethanhhoa.gov.vn/web/khoa-phong-chuc-nang/khoa-phong-chuc-nang/to-cong-tac-xa-hoi/benh-tang-huyet-ap-ke-giet-nguoi-tham-lang.html | http://bvhoanghoa.ytethanhhoa.gov.vn/web/khoa-phong-chuc-nang/khoa-phong-chuc-nang/to-cong-tac-xa-hoi/benh-tang-huyet-ap-ke-giet-nguoi-tham-lang.html | https://web.archive.org/web/https://tamanhhospital.vn/tang-huyet-ap-trong-benh-than/ | https://bachmai.gov.vn/tin-chi-tiet/-/bai-viet/tang-huyet-ap-can-benh-tham-lang-nhung-nguy-hiem-8463-146.html | https://web.archive.org/web/https://bachmai.gov.vn/tin-chi-tiet/-/bai-viet/tang-huyet-ap-can-benh-tham-lang-nhung-nguy-hiem-8463-146.html | https://bachmai.gov.vn/tin-chi-tiet/-/bai-viet/tang-huyet-ap-can-benh-tham-lang-nhung-nguy-hiem-8463-146.html | https://web.archive.org/web/https://bachmai.gov.vn/tin-chi-tiet/-/bai-viet/tang-huyet-ap-can-benh-tham-lang-nhung-nguy-hiem-8463-146.html | https://web.archive.org/web/http://bvhoanghoa.ytethanhhoa.gov.vn/web/khoa-phong-chuc-nang/khoa-phong-chuc-nang/to-cong-tac-xa-hoi/benh-tang-huyet-ap-ke-giet-nguoi-tham-lang.html | http://bvhoanghoa.ytethanhhoa.gov.vn/web/khoa-phong-chuc-nang/khoa-phong-chuc-nang/to-cong-tac-xa-hoi/benh-tang-huyet-ap-ke-giet-nguoi-tham-lang.html | http://bvhoanghoa.ytethanhhoa.gov.vn/web/khoa-phong-chuc-nang/khoa-phong-chuc-nang/to-cong-tac-xa-hoi/benh-tang-huyet-ap-ke-giet-nguoi-tham-lang.html | http://bvhoanghoa.ytethanhhoa.gov.vn/web/khoa-phong-chuc-nang/khoa-phong-chuc-nang/to-cong-tac-xa-hoi/benh-tang-huyet-ap-ke-giet-nguoi-tham-lang.html | https://web.archive.org/web/http://bvhoanghoa.ytethanhhoa.gov.vn/web/khoa-phong-chuc-nang/khoa-phong-chuc-nang/to-cong-tac-xa-hoi/benh-tang-huyet-ap-ke-giet-nguoi-tham-lang.html | http://bvhoanghoa.ytethanhhoa.gov.vn/web/khoa-phong-chuc-nang/khoa-phong-chuc-nang/to-cong-tac-xa-hoi/benh-tang-huyet-ap-ke-giet-nguoi-tham-lang.html | https://web.archive.org/web/http://bvhoanghoa.ytethanhhoa.gov.vn/web/khoa-phong-chuc-nang/khoa-phong-chuc-nang/to-cong-tac-xa-hoi/benh-tang-huyet-ap-ke-giet-nguoi-tham-lang.html | https://chanthuongvacotsong.bachmai.gov.vn/cao-huyet-ap-am-tham-ma-rat-hiem/ | https://web.archive.org/web/https://bachmai.gov.vn/tin-chi-tiet/-/bai-viet/huong-dan-su-dung-thuoc-hit-xit-o-nguoi-mac-benh-phoi-man-tinh-8626-146.html | https://www.vinmec.com/vie/benh/hen-phe-quan-2949"
"1584","DEMO_f9368527bc","Demographic","Nam giới nghiện thuốc lá","Người nam giới nghiện thuốc lá nặng có nguy cơ cao mắc COPD cấp, dễ nhầm lẫn với hen.","https://www.vinmec.com/vie/bai-viet/lam-nao-de-chan-doan-hen-phe-quan-vi"
"1585","DEMO_f9c6d6bbb4","Demographic","Người đái tháo đường týp 2","Nhóm có nguy cơ cao mắc hôn mê tăng áp lực thẩm thấu do thiếu insulin và mất nước.","https://web.archive.org/web/https://benhviendakhoasongma.gov.vn/bai-viet/hon-me-tang-ap-luc-tham-thau-do-dai-thao-duong-210"
"1586","DEMO_fa8bb00d36","Demographic","Người dân vùng nông thôn","Nhóm có nguy cơ cao do thiếu tiếp cận dịch vụ y tế và giáo dục sức khỏe. | Thiếu hạ tầng y tế và kinh tế khó khăn khiến họ không tiếp cận được điều trị tốt. | Có nguy cơ cao mắc bệnh do thiếu kiến thức và điều kiện y tế hạn chế.","https://benhviennhitrunguong.gov.vn/hoi-thao-xu-huong-dieu-tri-dai-thao-duong-tip-1-chung-ta-khong-the-dung-ngoai.html | https://web.archive.org/web/https://bachmai.gov.vn/bai-viet/ca-the-hoa-dieu-tri-dai-thao-duong-tip-2-tai-cac-nuoc-dang-phat-trien-thach-thuc-va-co-hoi?id=4b51fe29-8515-42d1-bff3-85563163f16c | https://web.archive.org/web/http://www.tapchiyhocduphong.vn/tap-chi-y-hoc-du-phong/2015/08/kien-thuc-ve-benh-dai-thao-duong-va-mot-so-yeu-to-lien-quan-cua-nguoi-benh-tai-c-o81E20305.html"
"1587","DEMO_fbb174c195","Demographic","Trẻ bị béo trung tâm","Nguy cơ cao mắc type 2 do tích tụ mỡ quanh vùng bụng, ảnh hưởng đến insulin. | Tăng nguy cơ mắc đái tháo đường do tích tụ mỡ quanh vùng bụng. | Nhóm có nguy cơ cao mắc đái tháo đường type 2 do tích tụ mỡ ở vùng bụng. | Nhóm có nguy cơ cao mắc đái tháo đường type 2 do tích tụ mỡ ở vùng bụng. | Nguy cơ cao mắc đái tháo đường type 2 do tích tụ mỡ quanh vùng bụng.","https://benhviennhitrunguong.gov.vn/benh-dai-thao-duong-o-tre-em.html | https://web.archive.org/web/https://benhviennhitrunguong.gov.vn/benh-dai-thao-duong-o-tre-em.html | https://web.archive.org/web/https://benhviennhitrunguong.gov.vn/benh-dai-thao-duong-o-tre-em.html | https://web.archive.org/web/https://benhviennhitrunguong.gov.vn/benh-dai-thao-duong-o-tre-em.html | https://benhviennhitrunguong.gov.vn/benh-dai-thao-duong-o-tre-em.html"
"1588","DEMO_fbe7ff7251","Demographic","Phụ nữ mang thai","Có nguy cơ cao mắc đái tháo đường thai kỳ và ảnh hưởng đến thai nhi. | Nguy cơ mắc tiểu đường thai kỳ do thay đổi nội tiết. | Nhóm dễ mắc tiểu đường thai kỳ do thay đổi nội tiết. | Có nguy cơ cao mắc đái tháo đường thai kỳ và ảnh hưởng đến thai nhi. | Nhóm dễ mắc đái tháo đường thai kỳ, gây biến chứng cho mẹ và con. | Nhóm có nguy cơ mắc đái tháo đường thai kỳ. | Người dễ bị đái tháo đường thai kỳ do biến đổi nội tiết. | Nhóm dễ mắc đái tháo đường thai kỳ do sự thay đổi nội tiết trong thai kỳ. | Không được đề cập trong văn bản, nhưng có thể là nhóm nguy cơ cao nếu mắc ĐTĐ típ 1 do ảnh hưởng của hormone. | Nguy cơ cao mắc đái tháo đường thai kỳ do biến đổi nội tiết trong thai kỳ. | Người phụ nữ đã chẩn đoán đái tháo đường thai kỳ cần theo dõi lâu dài. | Nhóm dễ mắc đái tháo đường thai kỳ. | Nhóm dễ bị đái tháo đường thai kỳ, cần theo dõi chặt chẽ. | Nhóm dễ mắc tiểu đường thai kỳ do thay đổi nội tiết. | Nguy cơ cao mắc đái tháo đường thai kỳ. | Nhóm dễ mắc tiểu đường thai kỳ do thay đổi nội tiết. | Nhóm có nguy cơ cao mắc đái tháo đường thai kỳ. | Nhóm có nguy cơ cao mắc đái tháo đường thai kỳ. | Nhóm có nguy cơ mắc đái tháo đường thai kỳ. | Nhóm có nguy cơ cao mắc đái tháo đường thai kỳ. | Nhóm có nguy cơ cao mắc đái tháo đường thai kỳ. | Nhóm có nguy cơ cao mắc đái tháo đường thai kỳ. | Nhóm có nguy cơ mắc đái tháo đường thai kỳ do biến đổi nội tiết trong thai kỳ. | Cần tránh thuốc ACE do chống chỉ định trong thai kỳ.","https://web.archive.org/web/https://benhvienquynhon.gov.vn/tin-tuc/hoat-dong-cua-ttyt/dai-thao-duong-va-nhung-dieu-ban-can-biet/ | https://syt.dongnai.gov.vn/vi/news/Suc-khoe-cong-dong/nhung-bien-chung-nguy-hiem-cua-benh-tieu-duong-2511.html | https://web.archive.org/web/https://syt.dongnai.gov.vn/vi/news/Suc-khoe-cong-dong/nhung-bien-chung-nguy-hiem-cua-benh-tieu-duong-2511.html | https://benhvienquynhon.gov.vn/tin-tuc/hoat-dong-cua-ttyt/dai-thao-duong-va-nhung-dieu-ban-can-biet/ | https://web.archive.org/web/https://benhvienquynhon.gov.vn/tin-tuc/hoat-dong-cua-ttyt/dai-thao-duong-va-nhung-dieu-ban-can-biet/ | https://web.archive.org/web/https://xayenmo.ninhbinh.gov.vn/y-te-giao-duc/benh-dai-thao-duong-dau-hieu-nhan-biet-phan-loai-va-dieu-tri-389.html | https://xayenmo.ninhbinh.gov.vn/y-te-giao-duc/benh-dai-thao-duong-dau-hieu-nhan-biet-phan-loai-va-dieu-tri-389.html | https://web.archive.org/web/https://xayenmo.ninhbinh.gov.vn/y-te-giao-duc/benh-dai-thao-duong-dau-hieu-nhan-biet-phan-loai-va-dieu-tri-389.html | https://benhviennhitrunguong.gov.vn/hoi-thao-xu-huong-dieu-tri-dai-thao-duong-tip-1-chung-ta-khong-the-dung-ngoai.html | https://xayenmo.ninhbinh.gov.vn/y-te-giao-duc/benh-dai-thao-duong-dau-hieu-nhan-biet-phan-loai-va-dieu-tri-389.html | https://web.archive.org/web/https://bachmai.gov.vn/bai-viet/chan-doan-som-benh-dai-thao-duong-tip-2?id=59f9c51f-418e-9437-823c-a1a6c23c33e4 | https://syt.dongnai.gov.vn/vi/news/Suc-khoe-cong-dong/nhung-bien-chung-nguy-hiem-cua-benh-tieu-duong-2511.html | https://web.archive.org/web/https://syt.dongnai.gov.vn/vi/news/Suc-khoe-cong-dong/nhung-bien-chung-nguy-hiem-cua-benh-tieu-duong-2511.html | https://xayenmo.ninhbinh.gov.vn/y-te-giao-duc/benh-dai-thao-duong-dau-hieu-nhan-biet-phan-loai-va-dieu-tri-389.html | https://web.archive.org/web/https://xayenmo.ninhbinh.gov.vn/y-te-giao-duc/benh-dai-thao-duong-dau-hieu-nhan-biet-phan-loai-va-dieu-tri-389.html | https://web.archive.org/web/https://xayenmo.ninhbinh.gov.vn/y-te-giao-duc/benh-dai-thao-duong-dau-hieu-nhan-biet-phan-loai-va-dieu-tri-389.html | https://xayenmo.ninhbinh.gov.vn/y-te-giao-duc/benh-dai-thao-duong-dau-hieu-nhan-biet-phan-loai-va-dieu-tri-389.html | https://xayenmo.ninhbinh.gov.vn/y-te-giao-duc/benh-dai-thao-duong-dau-hieu-nhan-biet-phan-loai-va-dieu-tri-389.html | https://xayenmo.ninhbinh.gov.vn/y-te-giao-duc/benh-dai-thao-duong-dau-hieu-nhan-biet-phan-loai-va-dieu-tri-389.html | https://tamanhhospital.vn/tang-huyet-ap-thu-phat/"
"1589","DEMO_fd706e94ee","Demographic","Người bị hen suyễn","Không nên dùng thuốc chẹn beta vì có thể làm tăng cơn co thắt phế quản.","https://tamanhhospital.vn/tang-huyet-ap-thu-phat/"
"1590","DEMO_febfdd5835","Demographic","Người có tiền sử gia đình mắc hen","Tăng nguy cơ mắc bệnh do yếu tố di truyền.","https://www.vinmec.com/vie/benh/hen-phe-quan-2949"
