"node_index","node_id","node_type","node_name","node_description","indication","mechanism_of_action","node_source"
"84","DRUG_04ea3a726e","Drug","Ipratropium bromide","Thường dùng phối hợp với salbutamol.","Dùng để hỗ trợ giãn phế quản khi không đáp ứng với salbutamol.","Thuốc kháng cholinergic, ức chế trương lực phó giao cảm.","https://medlatec.vn/tu-dien-benh-ly/con-hen-ac-tinh"
"85","DRUG_07119a6dfc","Drug","Vắc-xin phòng cúm","Tiêm hàng năm, liều lượng theo hướng dẫn của bác sĩ. | Tiêm hàng năm, giúp phòng ngừa các đợt viêm phổi do virus cúm. | Tiêm hàng năm, liều lượng theo hướng dẫn của bác sĩ.","Tiêm hàng năm để giảm nguy cơ nhiễm trùng hô hấp, từ đó ngăn ngừa tiến triển của COPD. | Tiêm hàng năm để giảm nguy cơ nhiễm trùng hô hấp. | Tiêm hàng năm để giảm nguy cơ nhiễm trùng hô hấp dẫn đến COPD. | Tiêm hàng năm để giảm nguy cơ nhiễm trùng hô hấp, từ đó ngăn ngừa tiến triển của COPD.","Tạo miễn dịch đặc hiệu chống lại virus gây cúm. | Tạo miễn dịch đặc hiệu chống lại virus gây cúm. | Tạo miễn dịch đặc hiệu chống lại virus cúm.","https://web.archive.org/web/https://bachmai.gov.vn/bai-viet/benh-phoi-tac-nghen-man-tinh-hieu-dung-phong-ngua-va-phat-hien-som-cung-chuyen-gia-benh-vien-bach-mai?id=bef483aa-6fde-433a-b2e8-b373eb7903a6 | https://bachmai.gov.vn/bai-viet/benh-phoi-tac-nghen-man-tinh-hieu-dung-phong-ngua-va-phat-hien-som-cung-chuyen-gia-benh-vien-bach-mai?id=bef483aa-6fde-433a-b2e8-b373eb7903a6"
"86","DRUG_08b7f5b961","Drug","Thuốc điều trị rối loạn lipid máu","Cần dùng kèm theo giám sát tác dụng phụ và tương tác thuốc.","Kiểm soát LDL-C, phòng ngừa biến cố tim mạch.","Giảm cholesterol máu, làm chậm tiến triển của các bệnh lý tim mạch.","https://bachmai.gov.vn/bai-viet/dai-thao-duong-bien-chung-tim-mach-va-than-kinh-ngoai-bien-sat-thu-tham-lang?id=994f4df4-95c1-4760-8aee-8d07a69f9fe1"
"87","DRUG_0c4a47f33e","Drug","Thuốc chống kết tập tiểu cầu","Liều lượng theo chỉ định bác sĩ, thường dùng kết hợp với thuốc hạ huyết áp.","Ngăn ngừa huyết khối trong động mạch bị hẹp.","Ức chế hoạt động của các yếu tố đông máu và ngăn chặn sự hình thành cục máu đông.","https://web.archive.org/web/https://medlatec.vn/tin-tuc/hep-dong-mach-than-la-gi-muc-do-nguy-hiem-va-phuong-phap-dieu-tri"
"88","DRUG_0ddc2f6f5f","Drug","Thuốc làm loãng đờm","Không mô tả","Điều trị đờm đặc, khó khạc.","","https://web.archive.org/web/https://bachmai.gov.vn/tin-chi-tiet/-/bai-viet/huong-dan-su-dung-thuoc-hit-xit-o-nguoi-mac-benh-phoi-man-tinh-8626-146.html"
"89","DRUG_0df520cc33","Drug","Corticoid dạng hít","Liều lượng thấp, dùng đều đặn ngay cả khi không có triệu chứng.","Điều trị dự phòng hen phế quản để kiểm soát viêm đường thở. | Dùng để điều trị dài hạn, kiểm soát viêm phế quản mạn tính.","Ức chế phản ứng viêm ở đường thở bằng cách ức chế tế bào miễn dịch và giảm tiết nhầy. | Ức chế phản ứng viêm, giảm tiết nhầy và co thắt phế quản.","https://web.archive.org/web/http://phacdo.soytequangninh.gov.vn/news/tin-tuc-su-kien/hen-phe-quan-hieu-dung-de-song-khoe-dieu-tri-hieu-qua-phong-ngua-chu-dong.html | http://phacdo.soytequangninh.gov.vn/news/tin-tuc-su-kien/hen-phe-quan-hieu-dung-de-song-khoe-dieu-tri-hieu-qua-phong-ngua-chu-dong.html"
"90","DRUG_1ea2882c63","Drug","GLP-1 agonists","Liều thường dùng: 0.6 mg - 1.8 mg/ngày, tiêm dưới da. | Liều lượng thường bắt đầu từ 0.6 mg/ngày, có thể tăng lên đến 1.8 mg/ngày.","Chỉ định cho ĐTĐ type 2, giúp kiểm soát đường huyết và giảm cân. | Chỉ định cho bệnh nhân type 2, giúp giảm lượng glucose máu và kiểm soát cân nặng.","Kích thích tiết insulin sau ăn và ức chế tiết glucagon, đồng thời làm chậm trống rỗng dạ dày. | Tăng tiết insulin sau ăn, giảm tiết glucagon và làm chậm trống rỗng dạ dày.","https://web.archive.org/web/https://www.vinmec.com/vie/bai-viet/tong-quan-ve-benh-dai-thao-duong-vi | https://www.vinmec.com/vie/bai-viet/tong-quan-ve-benh-dai-thao-duong-vi"
"91","DRUG_1ebf8d0df2","Drug","iGlarLixi","Tiêm 1 lần/ngày, ít gây tăng cân, ít hạ đường huyết hơn các insulin trộn sẵn, hiệu quả tương đương hoặc vượt trội so với IDegAsp hay BIAsp30. | Tiêm 1 lần/ngày, giảm nguy cơ hạ đường huyết, ít gây tăng cân, cải thiện tuân thủ. | Tiêm 1 lần/ngày, ít gây tăng cân và hạ đường huyết hơn các insulin trộn sẵn, hiệu quả tương đương hoặc vượt trội so với IDegAsp hay BIAsp30.","Điều trị đái tháo đường típ 2 chưa kiểm soát tốt bằng insulin nền hoặc thuốc uống.","Phối hợp insulin glargine U100 và GLP-1RA lixisenatide để kiểm soát cả đường huyết đói và sau ăn.","https://bachmai.gov.vn/bai-viet/dieu-tri-dai-thao-duong-tip-2-buoc-tien-moi-tu-insulin-nen-the-he-2-va-iglarlixi?id=5cdac324-549d-40aa-b3e6-80214932d112 | https://web.archive.org/web/https://bachmai.gov.vn/bai-viet/dieu-tri-dai-thao-duong-tip-2-buoc-tien-moi-tu-insulin-nen-the-he-2-va-iglarlixi?id=5cdac324-549d-40aa-b3e6-80214932d112 | https://bachmai.gov.vn/bai-viet/dieu-tri-dai-thao-duong-tip-2-buoc-tien-moi-tu-insulin-nen-the-he-2-va-iglarlixi?id=5cdac324-549d-40aa-b3e6-80214932d112"
"92","DRUG_1f59725e11","Drug","Thuốc điều trị nhiễm trùng bàn chân","Liều lượng và thời gian dùng tùy theo mức độ nhiễm trùng và loại vi khuẩn.","Chỉ định điều trị nhiễm trùng do vi khuẩn ở người bệnh đái tháo đường.","Ức chế hoặc tiêu diệt vi khuẩn gây nhiễm trùng.","https://bachmai.gov.vn/tin-chi-tiet/-/bai-viet/cap-nhat-chan-doan-dieu-tri-benh-dai-thao-duong-va-bien-chung-8971-144.html"
"93","DRUG_1f9c0adeb7","Drug","Thuốc bổ sung vitamin D3 và canxi","Dùng theo chỉ định của bác sĩ. | Dùng theo chỉ định của bác sĩ để ngăn ngừa loãng xương.","Hỗ trợ xương khỏe mạnh trong bệnh thận mạn tính.","Tăng khả năng hấp thụ canxi từ thức ăn, hỗ trợ cấu trúc xương. | Tăng cường hấp thu canxi từ thức ăn, hỗ trợ cấu trúc xương.","https://web.archive.org/web/http://soyte.hatinh.gov.vn/tin-tuc-su-kien/pho-bien-kien-thuc/dau-hieu-benh-than-va-suy-than-.html | http://soyte.hatinh.gov.vn/tin-tuc-su-kien/pho-bien-kien-thuc/dau-hieu-benh-than-va-suy-than-.html"
"94","DRUG_2110e440ad","Drug","Thuốc điều trị thiếu máu","Dùng theo chỉ định của bác sĩ. | Dùng theo chỉ định của bác sĩ để cải thiện vận chuyển oxy.","Điều trị thiếu máu do suy thận.","Tăng sản xuất hồng cầu hoặc bổ sung sắt/hormon kích thích tạo hồng cầu. | Tăng sản xuất hồng cầu hoặc bổ sung sắt/hormon kích thích hồng cầu.","https://web.archive.org/web/http://soyte.hatinh.gov.vn/tin-tuc-su-kien/pho-bien-kien-thuc/dau-hieu-benh-than-va-suy-than-.html | http://soyte.hatinh.gov.vn/tin-tuc-su-kien/pho-bien-kien-thuc/dau-hieu-benh-than-va-suy-than-.html"
"95","DRUG_2acf2aebaf","Drug","Thuốc giảm đau triệu chứng","Cần kết hợp với kiểm soát đường huyết và điều trị theo cơ chế bệnh sinh.","Giảm đau thần kinh ngoại biên, cải thiện chất lượng sống.","Tác động trực tiếp lên cảm giác đau, không điều trị gốc bệnh.","https://bachmai.gov.vn/bai-viet/dai-thao-duong-bien-chung-tim-mach-va-than-kinh-ngoai-bien-sat-thu-tham-lang?id=994f4df4-95c1-4760-8aee-8d07a69f9fe1"
"96","DRUG_2b22197051","Drug","Adrenalin","Liều cao có thể gây tử vong do rối loạn nhịp tim hoặc hội chứng phổi ức chế.","Dùng trong cấp cứu hen nặng.","Tác động lên thụ thể alpha và beta làm giãn phế quản nhanh chóng.","https://www.vinmec.com/vie/bai-viet/bien-chung-lau-dai-cua-benh-hen-phe-quan-vi"
"97","DRUG_2bc77ff53d","Drug","Thuốc kháng viêm không steroid","Liều lượng thường dùng là 10 - 30 mg mỗi ngày, uống theo chỉ định.","Dùng để giảm viêm đường thở khi không dùng corticosteroid.","Ức chế enzyme cyclooxygenase, làm giảm sản sinh prostaglandin gây viêm.","https://web.archive.org/web/https://benhviennhitrunguong.gov.vn/tag/hen-phe-quan"
"98","DRUG_2e4cab030a","Drug","Thuốc corticoid","Sử dụng lâu dài có thể gây hội chứng Cushing, loãng xương, viêm loét dạ dày. | Các bác sĩ sẽ lựa chọn và kê đơn cho người bệnh.","Dùng để kiểm soát viêm đường hô hấp. | Giảm viêm trong đường thở.","Ức chế phản ứng miễn dịch gây viêm. | Ức chế phản ứng viêm của hệ miễn dịch.","https://www.vinmec.com/vie/bai-viet/bien-chung-lau-dai-cua-benh-hen-phe-quan-vi | https://www.vinmec.com/vie/bai-viet/benh-phoi-tac-nghen-man-tinh-copd-vi"
"99","DRUG_30d2cb2145","Drug","Thuốc bổ sung sắt","Chỉ sử dụng sau khi xét nghiệm sắt trong máu, tránh dư thừa.","Điều trị thiếu máu do suy thận nặng.","Cung cấp nguyên liệu cho quá trình sản xuất hồng cầu, nhưng cần kiểm soát liều lượng để tránh tổn thương gan.","https://www.vinmec.com/vie/bai-viet/dieu-tri-tang-huyet-ap-kem-suy-man-vi"
"100","DRUG_32cc576002","Drug","Nitroglycerin","Liều truyền: 5-100 mcg/phút. | Liều dùng: Truyền TM 5-100 mcg/phút.","Dùng cho tăng huyết áp cấp cứu, đặc biệt trong suy tim hoặc đột quỵ. | Dùng cho tăng huyết áp cấp cứu, đặc biệt trong suy tim hoặc đột quỵ. | Dùng trong tình huống cấp cứu tăng huyết áp, đặc biệt khi có nhồi máu cơ tim. | Dùng trong tình huống cấp cứu tăng huyết áp ác tính hoặc suy tim.","Giãn mạch trực tiếp, giảm tải trọng tim.","https://chanthuongvacotsong.bachmai.gov.vn/huong-dan-chan-doan-va-dieu-tri-tang-huyet-ap/ | https://web.archive.org/web/https://chanthuongvacotsong.bachmai.gov.vn/huong-dan-chan-doan-va-dieu-tri-tang-huyet-ap/ | https://chanthuongvacotsong.bachmai.gov.vn/huong-dan-chan-doan-va-dieu-tri-tang-huyet-ap/ | https://web.archive.org/web/https://chanthuongvacotsong.bachmai.gov.vn/huong-dan-chan-doan-va-dieu-tri-tang-huyet-ap/"
"101","DRUG_3308b9ae42","Drug","Salmeterol","Liều: dạng xịt mỗi liều chứa 25mcg, xịt ngày 2 lần mỗi lần 2 liều.","Điều trị duy trì ở bệnh nhân BPTNMT giai đoạn nặng.","Cường beta-2 adrenergic tác dụng kéo dài, giãn phế quản bền vững.","https://web.archive.org/web/https://vncdc.gov.vn/huong-dan-chan-doan-va-dieu-tri-benh-phoi-tac-nghen-man-tinh-nd14577.html"
"102","DRUG_34e344debf","Drug","Thuốc giãn phế quản tác dụng nhanh","Không có liều lượng cụ thể trong văn bản. | Không mô tả","Giảm triệu chứng khó thở cấp tính trong COPD. | Điều trị triệu chứng khó thở cấp tính trong COPD. | Giảm triệu chứng khó thở cấp tính.","Giảm co thắt cơ trơn đường thở, cải thiện lưu thông khí. | Tác động nhanh lên cơ trơn đường thở để làm giãn rộng. | Tác động nhanh lên cơ trơn đường thở để giãn rộng.","https://bachmai.gov.vn/bai-viet/tho-may-khong-xam-nhap-trong-dieu-tri-benh-phoi-tac-nghen-man-tinh?id=828a5ae0-e152-ef2d-e6b5-48a6c8bafe5b | https://web.archive.org/web/https://bachmai.gov.vn/bai-viet/tho-may-khong-xam-nhap-trong-dieu-tri-benh-phoi-tac-nghen-man-tinh?id=828a5ae0-e152-ef2d-e6b5-48a6c8bafe5b | https://bachmai.gov.vn/bai-viet/tho-may-khong-xam-nhap-trong-dieu-tri-benh-phoi-tac-nghen-man-tinh?id=828a5ae0-e152-ef2d-e6b5-48a6c8bafe5b"
"103","DRUG_36e76bf03a","Drug","Thiazide","Liều dùng tùy theo chỉ định, cần theo dõi đường huyết thường xuyên.","Dùng trong điều trị tăng huyết áp, nhưng gây tăng glucose máu.","Tăng tái hấp thu natri và giảm thải nước, ảnh hưởng đến chuyển hóa glucose.","https://web.archive.org/web/https://benhvienquynhon.gov.vn/tin-tuc/hoat-dong-cua-ttyt/dai-thao-duong-va-nhung-dieu-ban-can-biet/"
"104","DRUG_3792703dc0","Drug","Methylprednisolone","Liều dùng thường là tiêm tĩnh mạch hoặc truyền tĩnh mạch.","Dùng để kiểm soát viêm cấp tính ở phế quản trong cơn hen ác tính.","Corticosteroid, ức chế phản ứng viêm và giảm tiết chất nhầy.","https://medlatec.vn/tu-dien-benh-ly/con-hen-ac-tinh"
"105","DRUG_40ab135cc3","Drug","Thuốc chẹn thụ thể angiotensin","Liều lượng theo chỉ định, cần theo dõi chức năng thận.","Điều trị tăng huyết áp và bảo vệ chức năng thận.","Chặn thụ thể angiotensin II, làm giãn mạch máu và giảm huyết áp.","https://web.archive.org/web/https://medlatec.vn/tin-tuc/hep-dong-mach-than-la-gi-muc-do-nguy-hiem-va-phuong-phap-dieu-tri"
"106","DRUG_41620342cf","Drug","Thuốc đường hít kết hợp","Sử dụng theo chỉ định, thường cho người có cơn hen nặng hoặc khó kiểm soát.","Dùng để điều trị đa dạng triệu chứng hen và tăng hiệu quả điều trị.","Kết hợp corticoid và thuốc giãn phế quản trong một thiết bị hít.","http://phacdo.soytequangninh.gov.vn/news/tin-tuc-su-kien/hen-phe-quan-hieu-dung-de-song-khoe-dieu-tri-hieu-qua-phong-ngua-chu-dong.html"
"107","DRUG_4235ad3235","Drug","Thuốc hạ đường huyết không nêu tên","Liều lượng không được nêu rõ, nhưng có thể gây hạ glucose máu tiềm tàng hoặc hôn mê.","Dùng để điều trị đái tháo đường.","Không mô tả cụ thể trong văn bản, nhưng gây hạ glucose máu nếu dùng quá liều.","https://bachmai.gov.vn/bai-viet/bien-chung-cua-benh-dai-thao-duong?id=f17ffc43-5abb-5dcb-54d1-d3887440a421"
"108","DRUG_4251fb8f4e","Drug","Thuốc chẹn thụ thể Angiotensin II","Tương tự ACE, dùng cho bệnh nhân có suy tim hoặc suy thận.","Điều trị tăng huyết áp kèm bệnh tim mạch.","Chặn tác động của angiotensin II lên các thụ thể AT1, làm giãn mạch và giảm huyết áp.","https://tamanhhospital.vn/tang-huyet-ap-thu-phat/"
"109","DRUG_45b2559f4e","Drug","Budesonide","Liều: nang khí dung 0,5mg, khí dung ngày 2-4 nang chia 2 lần.","Điều trị BPTNMT giai đoạn nặng với đợt cấp lặp đi lặp lại.","Corticosteroid dạng phun hít, giảm viêm đường thở.","https://web.archive.org/web/https://vncdc.gov.vn/huong-dan-chan-doan-va-dieu-tri-benh-phoi-tac-nghen-man-tinh-nd14577.html"
"110","DRUG_476dcbf7e1","Drug","ACE-I","Cần tuân thủ chỉ định của bác sĩ, không tự ý bỏ thuốc.","Điều trị suy tim để giảm gánh nặng cho tim và cải thiện chức năng tim. | Điều trị suy tim để giảm gánh nặng cho tim.","Ức chế men chuyển, làm giảm huyết áp và giảm tải cho cơ tim. | Ức chế men chuyển, làm giảm huyết áp và giảm tải cho tim.","https://bachmai.gov.vn/bai-viet/nhan-biet-dieu-tri-va-cham-soc-nguoi-benh-suy-tim?id=f55f8d26-9341-41d6-a243-00f543335069 | https://web.archive.org/web/https://bachmai.gov.vn/bai-viet/nhan-biet-dieu-tri-va-cham-soc-nguoi-benh-suy-tim?id=f55f8d26-9341-41d6-a243-00f543335069"
"111","DRUG_49dd521a57","Drug","Leukotrien","Dạng uống, dùng hàng ngày để kiểm soát triệu chứng.","Giảm phản ứng viêm do dị nguyên.","Ức chế tổng hợp leukotriene gây co thắt phế quản.","https://www.vinmec.com/vie/benh/hen-phe-quan-2949"
"112","DRUG_49dd554d30","Drug","Thuốc hạ áp khác","Cần điều chỉnh liều lượng và theo dõi tác dụng phụ nghiêm trọng.","Dùng khi ACEi/ARB không hiệu quả hoặc gây tác dụng phụ.","Cơ chế đa dạng, tùy theo loại thuốc (chẹn beta, lợi tiểu...).","https://web.archive.org/web/https://tamanhhospital.vn/tang-huyet-ap-trong-benh-than/"
"113","DRUG_4acf49b404","Drug","Ceftriaxone","Liều lượng: 1-2 gram/ngày, truyền tĩnh mạch.","Điều trị nhiễm khuẩn nặng do vi khuẩn Gram âm.","Ức chế tổng hợp peptidoglycan của tế bào vi khuẩn.","https://web.archive.org/web/http://www.tapchiyhocduphong.vn/tap-chi-y-hoc-du-phong/2015/08/kien-thuc-ve-benh-dai-thao-duong-va-mot-so-yeu-to-lien-quan-cua-nguoi-benh-tai-c-o81E20305.html"
"114","DRUG_4cda309909","Drug","ARNI","Cần tuân thủ chỉ định của bác sĩ, không tự ý bỏ thuốc.","Điều trị suy tim, đặc biệt trong các trường hợp nặng.","Ức chế thụ thể, làm giảm gánh nặng cho tim và cải thiện chức năng. | Ức chế thụ thể, làm giảm gánh nặng cho cơ tim và cải thiện lưu lượng máu.","https://bachmai.gov.vn/bai-viet/nhan-biet-dieu-tri-va-cham-soc-nguoi-benh-suy-tim?id=f55f8d26-9341-41d6-a243-00f543335069 | https://web.archive.org/web/https://bachmai.gov.vn/bai-viet/nhan-biet-dieu-tri-va-cham-soc-nguoi-benh-suy-tim?id=f55f8d26-9341-41d6-a243-00f543335069"
"115","DRUG_4dc4824c12","Drug","Thuốc ức chế men chuyển","Liều lượng không được nêu rõ trong văn bản. | Liều lượng không được nêu cụ thể trong văn bản.","Điều trị tăng huyết áp.","Ức chế enzyme chuyển đổi angiotensin, làm giảm sản sinh angiotensin II – chất gây co mạch và tăng huyết áp.","https://chanthuongvacotsong.bachmai.gov.vn/cao-huyet-ap-am-tham-ma-rat-hiem/"
"116","DRUG_52ea1bb9bf","Drug","Thuốc corticoid đường hít","Không có liều lượng cụ thể trong văn bản. | Không mô tả","Giảm viêm trong đường thở, cải thiện chức năng hô hấp. | Giảm viêm đường thở trong COPD. | Giảm viêm đường thở.","Ức chế phản ứng viêm tại chỗ trong đường thở. | Ức chế phản ứng viêm tại chỗ trong phổi. | Ức chế phản ứng viêm tại chỗ trong phổi.","https://bachmai.gov.vn/bai-viet/tho-may-khong-xam-nhap-trong-dieu-tri-benh-phoi-tac-nghen-man-tinh?id=828a5ae0-e152-ef2d-e6b5-48a6c8bafe5b | https://web.archive.org/web/https://bachmai.gov.vn/bai-viet/tho-may-khong-xam-nhap-trong-dieu-tri-benh-phoi-tac-nghen-man-tinh?id=828a5ae0-e152-ef2d-e6b5-48a6c8bafe5b | https://bachmai.gov.vn/bai-viet/tho-may-khong-xam-nhap-trong-dieu-tri-benh-phoi-tac-nghen-man-tinh?id=828a5ae0-e152-ef2d-e6b5-48a6c8bafe5b"
"117","DRUG_547e86d5c9","Drug","Pioglitazon","Liều khởi đầu thường là 15 mg/ngày, có thể tăng lên đến 45 mg/ngày nếu cần thiết.","Chỉ định điều trị đái tháo đường típ 2.","Tăng nhạy cảm insulin và giảm sản xuất glucose ở gan.","https://web.archive.org/web/https://www.benhviendakhoasongma.gov.vn/bai-viet/benh-dai-thao-duong-220"
"118","DRUG_5522beee7a","Drug","Dextrose 50%","Liều ban đầu từ 10 - 25g (trong dung dịch Dextrose 50%) tiêm tĩnh mạch. Tiếp tục truyền glucose 5 – 10 g/giờ. | Liều ban đầu từ 10 – 25g (trong dung dịch Dextrose 50%) tiêm tĩnh mạch. | Liều ban đầu từ 10 - 25g (trong dung dịch Dextrose 50%) tiêm tĩnh mạch. Tiếp tục truyền glucose 5 – 10 g/giờ. | Liều ban đầu từ 10 - 25g (trong dung dịch Dextrose 50%) tiêm tĩnh mạch. Tiếp tục truyền glucose 5 – 10 g/giờ. | Liều ban đầu từ 10 - 25g (trong dung dịch Dextrose 50%) tiêm tĩnh mạch. Tiếp tục truyền glucose 5 – 10 g/giờ. | Liều ban đầu từ 10 - 25g, sau đó truyền glucose 30% với liều 5 – 10 g/giờ cho đến khi hồi phục. | Liều ban đầu từ 10 – 25g (trong dung dịch Dextrose 50%) tiêm tĩnh mạch. | Liều ban đầu từ 10 - 25g (trong dung dịch Dextrose 50%) tiêm tĩnh mạch. Tiếp tục truyền glucose 5 – 10 g/giờ. | Liều ban đầu từ 10 - 25g, sau đó truyền glucose 30% với liều 5 – 10 g/giờ cho đến khi hồi phục. | Liều ban đầu từ 10 – 25g (trong dung dịch Dextrose 50%) tiêm tĩnh mạch.","Chỉ định truyền tĩnh mạch trong trường hợp hạ glucose máu nặng. | Dùng để truyền tĩnh mạch trong cấp cứu hạ glucose máu. | Chỉ định truyền tĩnh mạch trong trường hợp hạ glucose máu nặng. | Chỉ định truyền tĩnh mạch trong trường hợp hạ glucose máu nặng. | Chỉ định truyền tĩnh mạch trong trường hợp hạ glucose máu nặng. | Dùng để truyền tĩnh mạch trong cấp cứu hạ glucose máu. | Chỉ định truyền tĩnh mạch để cấp cứu hạ glucose máu nặng. | Chỉ định truyền tĩnh mạch trong trường hợp hạ glucose máu nặng. | Chỉ định truyền tĩnh mạch để cấp cứu hạ glucose máu nặng. | Dùng để truyền tĩnh mạch trong cấp cứu hạ glucose máu.","Cung cấp glucose trực tiếp vào máu để nâng đường huyết nhanh chóng. | Cung cấp glucose nhanh chóng vào cơ thể. | Cung cấp glucose trực tiếp vào máu để nâng đường huyết nhanh chóng. | Cung cấp glucose trực tiếp vào máu để nâng đường huyết nhanh chóng. | Cung cấp glucose trực tiếp vào máu để nâng đường huyết nhanh chóng. | Cung cấp glucose nhanh chóng vào cơ thể. | Cung cấp đường trực tiếp vào máu để tăng nhanh lượng glucose huyết tương. | Cung cấp glucose trực tiếp vào máu để nâng đường huyết nhanh chóng. | Cung cấp đường trực tiếp vào máu để tăng nhanh lượng glucose huyết tương. | Cung cấp glucose nhanh chóng vào cơ thể.","https://web.archive.org/web/https://vncdc.gov.vn/huong-dan-chan-doan-va-dieu-tri-benh-dai-thao-duong-tuyp-2-nd14582.html | https://web.archive.org/web/https://chanthuongvacotsong.bachmai.gov.vn/huong-dan-chan-doan-va-dieu-tri-dai-thao-duong-type-2/ | https://chanthuongvacotsong.bachmai.gov.vn/huong-dan-chan-doan-va-dieu-tri-dai-thao-duong-type-2/ | https://web.archive.org/web/https://chanthuongvacotsong.bachmai.gov.vn/huong-dan-chan-doan-va-dieu-tri-dai-thao-duong-type-2/ | https://web.archive.org/web/https://vncdc.gov.vn/huong-dan-chan-doan-va-dieu-tri-benh-dai-thao-duong-tuyp-2-nd14582.html | https://web.archive.org/web/https://vncdc.gov.vn/huong-dan-chan-doan-va-dieu-tri-benh-dai-thao-duong-tuyp-2-nd14582.html | https://web.archive.org/web/https://vncdc.gov.vn/huong-dan-chan-doan-va-dieu-tri-benh-dai-thao-duong-tuyp-2-nd14582.html | https://web.archive.org/web/https://vncdc.gov.vn/huong-dan-chan-doan-va-dieu-tri-benh-dai-thao-duong-tuyp-2-nd14582.html | https://chanthuongvacotsong.bachmai.gov.vn/huong-dan-chan-doan-va-dieu-tri-dai-thao-duong-type-2/ | https://web.archive.org/web/https://vncdc.gov.vn/huong-dan-chan-doan-va-dieu-tri-benh-dai-thao-duong-tuyp-2-nd14582.html | https://web.archive.org/web/https://vncdc.gov.vn/huong-dan-chan-doan-va-dieu-tri-benh-dai-thao-duong-tuyp-2-nd14582.html | https://chanthuongvacotsong.bachmai.gov.vn/huong-dan-chan-doan-va-dieu-tri-dai-thao-duong-type-2/"
"119","DRUG_5663be1dbf","Drug","Glucagon","Liều lượng 1 mg tiêm dưới da hoặc vào cơ. | Liều thường dùng là 1 mg. Có thể tiêm dưới da, bắp hoặc tĩnh mạch. | Liều thường dùng là 1 mg, tiêm dưới da, bắp hoặc tĩnh mạch. | Liều thường dùng là 1 mg. Có thể tiêm dưới da, bắp hoặc tĩnh mạch. | Liều thường dùng là 1 mg. Có thể tiêm dưới da, bắp hoặc tĩnh mạch. | Liều thường dùng là 1 mg. Có thể tiêm dưới da, bắp hoặc tĩnh mạch. | Liều thường dùng là 1 mg, tiêm dưới da hoặc tĩnh mạch. Có thể sử dụng cho người thân để cấp cứu. | Liều thường dùng là 1 mg, tiêm dưới da, bắp hoặc tĩnh mạch. | Liều thường dùng là 1 mg. Có thể tiêm dưới da, bắp hoặc tĩnh mạch. | Liều thường dùng là 1 mg, tiêm dưới da hoặc tĩnh mạch. Có thể sử dụng cho người thân để cấp cứu. | Liều thường dùng là 1 mg, tiêm dưới da, bắp hoặc tĩnh mạch.","Chỉ định cấp cứu trong trường hợp hạ đường huyết nặng. | Chỉ định điều trị hạ glucose máu nặng khi người bệnh mất ý thức. | Dùng để cấp cứu hạ glucose máu nặng hoặc trung bình. | Chỉ định điều trị hạ glucose máu nặng khi người bệnh mất ý thức. | Chỉ định điều trị hạ glucose máu nặng khi người bệnh mất ý thức. | Chỉ định điều trị hạ glucose máu nặng khi người bệnh mất ý thức. | Dùng để cấp cứu hạ glucose máu nặng hoặc trung bình. | Chỉ định điều trị hạ glucose máu nặng khi người bệnh mất ý thức. | Chỉ định điều trị hạ glucose máu nặng khi người bệnh mất ý thức. | Chỉ định điều trị hạ glucose máu nặng khi người bệnh mất ý thức. | Dùng để cấp cứu hạ glucose máu nặng hoặc trung bình.","Kích thích giải phóng glucose từ gan để tăng nồng độ đường huyết. | Kích thích giải phóng glucose từ gan, tăng đường huyết nhanh chóng. | Kích thích giải phóng glucose từ gan, tăng đường huyết nhanh chóng. | Tăng đường huyết bằng cách kích thích giải phóng glucose từ gan. | Tăng đường huyết bằng cách kích thích giải phóng glucose từ gan. | Kích thích giải phóng glucose từ gan, tăng đường huyết nhanh chóng. | Kích thích giải phóng glucose từ gan, tăng đường huyết nhanh chóng. | Kích thích giải phóng glucose từ gan, tăng đường huyết nhanh chóng. | Tăng đường huyết bằng cách kích thích giải phóng glucose từ gan. | Kích thích giải phóng glucose từ gan, tăng đường huyết nhanh chóng. | Kích thích giải phóng glucose từ gan, tăng đường huyết nhanh chóng. | Tăng đường huyết bằng cách kích thích giải phóng glucose từ gan. | Kích thích giải phóng glucose từ gan, tăng đường huyết nhanh chóng. | Tăng đường huyết bằng cách kích thích giải phóng glucose từ gan.","https://benhviennhitrunguong.gov.vn/hoi-thao-xu-huong-dieu-tri-dai-thao-duong-tip-1-chung-ta-khong-the-dung-ngoai.html | https://web.archive.org/web/https://vncdc.gov.vn/huong-dan-chan-doan-va-dieu-tri-benh-dai-thao-duong-tuyp-2-nd14582.html | https://chanthuongvacotsong.bachmai.gov.vn/huong-dan-chan-doan-va-dieu-tri-dai-thao-duong-type-2/ | https://web.archive.org/web/https://chanthuongvacotsong.bachmai.gov.vn/huong-dan-chan-doan-va-dieu-tri-dai-thao-duong-type-2/ | https://web.archive.org/web/https://vncdc.gov.vn/huong-dan-chan-doan-va-dieu-tri-benh-dai-thao-duong-tuyp-2-nd14582.html | https://web.archive.org/web/https://vncdc.gov.vn/huong-dan-chan-doan-va-dieu-tri-benh-dai-thao-duong-tuyp-2-nd14582.html | https://web.archive.org/web/https://vncdc.gov.vn/huong-dan-chan-doan-va-dieu-tri-benh-dai-thao-duong-tuyp-2-nd14582.html | https://web.archive.org/web/https://vncdc.gov.vn/huong-dan-chan-doan-va-dieu-tri-benh-dai-thao-duong-tuyp-2-nd14582.html | https://chanthuongvacotsong.bachmai.gov.vn/huong-dan-chan-doan-va-dieu-tri-dai-thao-duong-type-2/ | https://web.archive.org/web/https://chanthuongvacotsong.bachmai.gov.vn/huong-dan-chan-doan-va-dieu-tri-dai-thao-duong-type-2/ | https://web.archive.org/web/https://vncdc.gov.vn/huong-dan-chan-doan-va-dieu-tri-benh-dai-thao-duong-tuyp-2-nd14582.html | https://web.archive.org/web/https://vncdc.gov.vn/huong-dan-chan-doan-va-dieu-tri-benh-dai-thao-duong-tuyp-2-nd14582.html | https://chanthuongvacotsong.bachmai.gov.vn/huong-dan-chan-doan-va-dieu-tri-dai-thao-duong-type-2/ | https://web.archive.org/web/https://chanthuongvacotsong.bachmai.gov.vn/huong-dan-chan-doan-va-dieu-tri-dai-thao-duong-type-2/"
"120","DRUG_580d66f414","Drug","Spironolactone","Liều ban đầu: 25 mg; Liều duy trì: 25-75 mg/ngày.","Điều trị tăng huyết áp độ 2 và độ 3, đặc biệt ở bệnh nhân suy thận.","Lợi tiểu giữ kali, giảm thể tích máu và giảm tải cho tim.","https://web.archive.org/web/https://chanthuongvacotsong.bachmai.gov.vn/huong-dan-chan-doan-va-dieu-tri-tang-huyet-ap/ | https://chanthuongvacotsong.bachmai.gov.vn/huong-dan-chan-doan-va-dieu-tri-tang-huyet-ap/"
"121","DRUG_59b351dcd4","Drug","Thuốc vận chủ beta tác dụng dài dạng hít","Liều lượng thấp, dùng đều đặn hàng ngày.","Dùng để điều trị dự phòng hen phế quản.","Kích thích thụ thể beta-2, làm giãn cơ trơn đường thở kéo dài.","https://web.archive.org/web/http://phacdo.soytequangninh.gov.vn/news/tin-tuc-su-kien/hen-phe-quan-hieu-dung-de-song-khoe-dieu-tri-hieu-qua-phong-ngua-chu-dong.html"
"122","DRUG_5a31bec865","Drug","Thuốc dạng phun hít","Cần dùng đúng cách, đủ liều; không dùng sai sẽ làm thuốc không vào phổi.","Điều trị COPD, kiểm soát triệu chứng và ngăn ngừa đợt cấp.","Tác động trực tiếp lên đường thở để giãn cơ trơn và giảm viêm.","https://bachmai.gov.vn/bai-viet/phong-dot-cap-benh-phoi-tac-nghen-man-tinh?id=28510cbf-b2a4-a5e6-65a7-7b91e89cf5eb"
"123","DRUG_5a89738597","Drug","Manitol","Liều 1-2g/kg truyền tĩnh mạch trong 30 phút, kết hợp với dexamethasone tiêm tĩnh mạch.","Điều trị phù não do bù nước quá nhanh.","Giảm áp lực nội sọ bằng cách tạo áp suất thẩm thấu ngoài tế bào.","https://web.archive.org/web/https://benhviendakhoasongma.gov.vn/bai-viet/hon-me-tang-ap-luc-tham-thau-do-dai-thao-duong-210"
"124","DRUG_5cee6b7aa2","Drug","Labetalol","Liều tiêm chậm: 10-20mg trong vòng 2 phút; liều truyền tối đa 300mg. | Liều ban đầu: 10-20 mg; liều duy trì: 300mg tổng cộng. | Liều ban đầu: 10-20 mg; Liều duy trì: 300mg tổng cộng.","Dùng cho tăng huyết áp cấp cứu, suy tim, nhịp tim nhanh. | Dùng cho tăng huyết áp cấp cứu, suy tim, nhịp tim nhanh. | Dùng cho THA cấp cứu, suy tim, nhịp tim nhanh. | Dùng cho tăng huyết áp độ 2 và độ 3, đặc biệt ở bệnh nhân có nhồi máu cơ tim hoặc suy tim. | Điều trị tăng huyết áp độ 2 và độ 3, đặc biệt ở bệnh nhân có nhồi máu cơ tim.","Chẹn cả bêta và anpha giao cảm, giảm hoạt động thần kinh trung ương. | Chẹn cả bêta và anpha giao cảm, làm giảm hoạt động thần kinh trung ương. | Chẹn cả bêta và anpha giao cảm, giảm hoạt động thần kinh trung ương. | Chẹn beta giao cảm và anpha giao cảm, giảm hoạt động thần kinh trung ương. | Chẹn cả beta và alpha giao cảm, làm giảm tần số tim và giãn mạch.","https://chanthuongvacotsong.bachmai.gov.vn/huong-dan-chan-doan-va-dieu-tri-tang-huyet-ap/ | https://web.archive.org/web/https://chanthuongvacotsong.bachmai.gov.vn/huong-dan-chan-doan-va-dieu-tri-tang-huyet-ap/ | https://chanthuongvacotsong.bachmai.gov.vn/huong-dan-chan-doan-va-dieu-tri-tang-huyet-ap/ | https://web.archive.org/web/https://chanthuongvacotsong.bachmai.gov.vn/huong-dan-chan-doan-va-dieu-tri-tang-huyet-ap/ | https://chanthuongvacotsong.bachmai.gov.vn/huong-dan-chan-doan-va-dieu-tri-tang-huyet-ap/"
"125","DRUG_5d2cd320c0","Drug","Thuốc hạ đường huyết nhóm Biguanide thế hệ 1","Liều lượng không nêu rõ trong văn bản. | Liều lượng không nêu rõ, nhưng có thể gây nhiễm toan acid lactic nếu dùng sai liều hoặc kèm suy gan thận. | Liều lượng không nêu rõ. Nguy cơ nhiễm toan acid lactic cao. | Liều lượng không được nêu rõ trong văn bản. | Liều lượng không được nêu rõ trong văn bản. | Liều lượng không nêu rõ. Có nguy cơ gây nhiễm toan acid lactic. | Liều lượng không nêu rõ trong văn bản. | Liều lượng không được nêu rõ trong văn bản. | Liều lượng không được nêu cụ thể trong văn bản. | Liều lượng không được nêu rõ trong văn bản. | Liều lượng không được nêu rõ trong văn bản, nhưng có thể gây nhiễm toan acid lactic nếu dùng sai liều hoặc kèm suy gan thận. | Liều lượng không được nêu rõ trong văn bản, nhưng có liên quan đến nguy cơ nhiễm toan acid lactic. | Liều lượng không nêu rõ trong văn bản. | Liều lượng không được nêu rõ trong văn bản. | Liều lượng không nêu rõ trong văn bản. | Liều lượng không được nêu rõ trong văn bản, nhưng có thể gây nhiễm toan acid lactic nếu dùng sai liều hoặc kèm suy gan thận. | Liều lượng không được nêu rõ trong văn bản. | Liều lượng không nêu rõ trong văn bản. | Liều lượng không được nêu rõ trong văn bản. | Liều lượng không được nêu rõ trong văn bản, nhưng có thể gây nhiễm toan acid lactic nếu dùng sai liều hoặc kèm suy gan thận. | Liều lượng không được nêu rõ trong văn bản. | Liều lượng không được nêu rõ trong văn bản. | Liều lượng không nêu rõ. Tác dụng phụ: gây nhiễm toan acid lactic. | Liều lượng không nêu rõ trong văn bản.","Dùng để điều trị đái tháo đường type 2. | Dùng để điều trị đái tháo đường type 2. | Điều trị đái tháo đường type 2.","Cơ chế tác động chưa được mô tả chi tiết trong văn bản, nhưng gây nguy cơ nhiễm toan acid lactic. | Cơ chế tác động chưa được mô tả chi tiết trong văn bản, nhưng gây nguy cơ nhiễm toan acid lactic. | Giảm hấp thu glucose ở ruột và tăng nhạy cảm insulin, nhưng có thể gây nhiễm toan acid lactic. | Cơ chế tác động chưa được mô tả chi tiết trong văn bản, nhưng gây nhiễm toan acid lactic khi cơ thể thiếu oxy hoặc suy gan thận. | Giảm hấp thu glucose ở ruột và tăng nhạy cảm insulin, nhưng có thể gây nhiễm toan acid lactic. | Cơ chế tác động chưa được mô tả chi tiết trong văn bản, nhưng gây nhiễm toan acid lactic khi sử dụng ở người suy gan thận hoặc thiếu oxy. | Giảm hấp thu glucose ở ruột và tăng nhạy cảm insulin, nhưng có thể gây nhiễm toan acid lactic. | Giảm hấp thu glucose ở ruột và tăng nhạy cảm insulin, nhưng có thể gây nhiễm toan acid lactic. | Cơ chế tác động chưa được nêu rõ trong văn bản, nhưng gây nhiễm toan acid lactic khi dùng liều cao hoặc tổn thương gan thận. | Giảm hấp thu glucose ở ruột và tăng nhạy cảm insulin, đồng thời giảm sản xuất glucose trong gan. | Cơ chế tác động chưa được mô tả chi tiết trong văn bản, nhưng gây nguy cơ nhiễm toan acid lactic. | Cơ chế làm giảm glucose máu bằng cách tăng nhạy cảm insulin và giảm sản xuất glucose ở gan. | Giảm hấp thu glucose ở ruột và tăng nhạy cảm insulin, nhưng có thể gây nhiễm toan acid lactic. | Cơ chế tác động chưa được mô tả chi tiết trong văn bản, nhưng gây nguy cơ nhiễm toan acid lactic. | Giảm hấp thu glucose ở ruột và tăng nhạy cảm insulin, nhưng có thể gây nhiễm toan acid lactic. | Giảm hấp thu glucose ở ruột và tăng nhạy cảm insulin, đồng thời giảm sản xuất glucose trong gan. | Giảm hấp thu glucose ở ruột và tăng nhạy cảm insulin, nhưng có thể gây nhiễm toan acid lactic. | Cơ chế tác động chưa được mô tả chi tiết trong văn bản, nhưng gây nguy cơ nhiễm toan acid lactic. | Giảm hấp thu glucose ở ruột và tăng nhạy cảm insulin, đồng thời giảm sản xuất glucose trong gan. | Giảm hấp thu glucose ở ruột và tăng nhạy cảm insulin, nhưng có thể gây nhiễm toan acid lactic. | Giảm hấp thu glucose ở ruột và tăng nhạy cảm insulin, nhưng có thể gây nhiễm toan acid lactic. | Cơ chế tác động chưa được mô tả chi tiết trong văn bản, nhưng gây nguy cơ nhiễm toan acid lactic.","https://bachmai.gov.vn/bai-viet/bien-chung-cua-benh-dai-thao-duong?id=f17ffc43-5abb-5dcb-54d1-d3887440a421 | https://web.archive.org/web/https://bachmai.gov.vn/bai-viet/bien-chung-cua-benh-dai-thao-duong?id=f17ffc43-5abb-5dcb-54d1-d3887440a421 | https://web.archive.org/web/https://bachmai.gov.vn/bai-viet/bien-chung-cua-benh-dai-thao-duong?id=f17ffc43-5abb-5dcb-54d1-d3887440a421 | https://web.archive.org/web/https://bachmai.gov.vn/bai-viet/bien-chung-cua-benh-dai-thao-duong?id=f17ffc43-5abb-5dcb-54d1-d3887440a421 | https://bachmai.gov.vn/bai-viet/bien-chung-cua-benh-dai-thao-duong?id=f17ffc43-5abb-5dcb-54d1-d3887440a421 | https://web.archive.org/web/https://bachmai.gov.vn/bai-viet/bien-chung-cua-benh-dai-thao-duong?id=f17ffc43-5abb-5dcb-54d1-d3887440a421 | https://chanthuongvacotsong.bachmai.gov.vn/bien-chung-cua-benh-dai-thao-duong/ | https://bachmai.gov.vn/bai-viet/bien-chung-cua-benh-dai-thao-duong?id=f17ffc43-5abb-5dcb-54d1-d3887440a421 | https://web.archive.org/web/https://bachmai.gov.vn/bai-viet/bien-chung-cua-benh-dai-thao-duong?id=f17ffc43-5abb-5dcb-54d1-d3887440a421 | https://web.archive.org/web/https://bachmai.gov.vn/bai-viet/bien-chung-cua-benh-dai-thao-duong?id=f17ffc43-5abb-5dcb-54d1-d3887440a421 | https://chanthuongvacotsong.bachmai.gov.vn/bien-chung-cua-benh-dai-thao-duong/ | https://web.archive.org/web/https://bachmai.gov.vn/bai-viet/bien-chung-cua-benh-dai-thao-duong?id=f17ffc43-5abb-5dcb-54d1-d3887440a421 | https://chanthuongvacotsong.bachmai.gov.vn/bien-chung-cua-benh-dai-thao-duong/ | https://web.archive.org/web/https://bachmai.gov.vn/bai-viet/bien-chung-cua-benh-dai-thao-duong?id=f17ffc43-5abb-5dcb-54d1-d3887440a421 | https://web.archive.org/web/https://bachmai.gov.vn/bai-viet/bien-chung-cua-benh-dai-thao-duong?id=f17ffc43-5abb-5dcb-54d1-d3887440a421 | https://web.archive.org/web/https://bachmai.gov.vn/bai-viet/bien-chung-cua-benh-dai-thao-duong?id=f17ffc43-5abb-5dcb-54d1-d3887440a421 | https://bachmai.gov.vn/bai-viet/bien-chung-cua-benh-dai-thao-duong?id=f17ffc43-5abb-5dcb-54d1-d3887440a421"
"126","DRUG_5f0641041c","Drug","Glucose đường tĩnh mạch","Liều ban đầu 10 – 25g (trong dung dịch Dextrose 50%) tiêm tĩnh mạch.","Dùng để cấp cứu hạ glucose máu nặng.","Cung cấp glucose trực tiếp vào máu, nâng mức đường huyết nhanh chóng.","https://web.archive.org/web/https://chanthuongvacotsong.bachmai.gov.vn/huong-dan-chan-doan-va-dieu-tri-dai-thao-duong-type-2/"
"127","DRUG_5f3fbd02f6","Drug","Steroid đường uống","Liều lượng: Prednisone 30-60mg/ngày trong 5-7 ngày. Tác dụng phụ: tăng đường huyết, loãng xương, mất ngủ.","Dùng để điều trị đợt cấp COPD và giảm viêm phổi.","Ức chế tổng hợp cytokine và enzyme gây viêm, làm giảm phản ứng miễn dịch tại chỗ.","https://tamanhhospital.vn/giai-doan-benh-phoi-tac-nghen-man-tinh/"
"128","DRUG_61405e51e2","Drug","Adrenaline (epinephrine)","Chỉ định khi cơn hen do dị ứng phản vệ, hoặc không đáp ứng giãn phế quản thông thường.","Dùng trong cơn hen do dị ứng phản vệ hoặc không đáp ứng thuốc giãn phế quản.","Thuốc kích thích hệ thần kinh giao cảm, làm giãn phế quản nhanh chóng.","https://medlatec.vn/tu-dien-benh-ly/con-hen-ac-tinh"
"129","DRUG_61bf59b024","Drug","Không nêu cụ thể thuốc","Bài viết không đề cập đến liều lượng hay tên thuốc cụ thể. | Chưa nêu liều lượng hoặc hướng dẫn sử dụng.","Chưa nêu rõ chỉ định thuốc trong bài viết. | Chưa nêu rõ chỉ định điều trị.","Không cung cấp cơ chế tác dụng của bất kỳ thuốc nào. | Chưa nêu cơ chế tác dụng.","https://xayenmo.ninhbinh.gov.vn/y-te-giao-duc/benh-dai-thao-duong-dau-hieu-nhan-biet-phan-loai-va-dieu-tri-389.html | https://web.archive.org/web/https://xayenmo.ninhbinh.gov.vn/y-te-giao-duc/benh-dai-thao-duong-dau-hieu-nhan-biet-phan-loai-va-dieu-tri-389.html"
"130","DRUG_631ca23c01","Drug","SGLT2I","Cần tuân thủ chỉ định của bác sĩ, không tự ý bỏ thuốc.","Điều trị suy tim, đặc biệt trong các trường hợp có đái tháo đường.","Ức chế đồng vận chuyển muối - đường tại ống thận, giảm giữ nước và cải thiện chức năng tim. | Ức chế đồng vận chuyển muối - đường tại ống thận, làm giảm giữ nước và cải thiện chức năng tim.","https://bachmai.gov.vn/bai-viet/nhan-biet-dieu-tri-va-cham-soc-nguoi-benh-suy-tim?id=f55f8d26-9341-41d6-a243-00f543335069 | https://web.archive.org/web/https://bachmai.gov.vn/bai-viet/nhan-biet-dieu-tri-va-cham-soc-nguoi-benh-suy-tim?id=f55f8d26-9341-41d6-a243-00f543335069"
"131","DRUG_631ca23c01","Drug","SGLT2i","Liều lượng không được nêu rõ trong văn bản, nhưng thường dùng liều khởi đầu thấp và tăng dần theo hướng dẫn. | Liều lượng không được nêu rõ trong văn bản, nhưng thường dùng liều khởi đầu 10-25 mg/ngày. | Liều lượng không được nêu rõ trong văn bản, nhưng thường dùng liều duy trì theo hướng dẫn.","Điều trị đái tháo đường typ 2, đặc biệt cho người có nguy cơ tim mạch và thận. | Điều trị đái tháo đường typ 2, bảo vệ tim và thận. | Điều trị đái tháo đường typ 2, bảo vệ tim và thận.","Giảm tái hấp thu glucose ở ống thận, giảm huyết áp và cải thiện chức năng thận. | Giảm tái hấp thu glucose ở ống thận, giúp giảm nguy cơ suy tim và bảo tồn chức năng thận. | Giảm tái hấp thu glucose ở ống thận, giảm huyết áp và bảo tồn chức năng thận.","https://bachmai.gov.vn/bai-viet/doi-moi-tu-duy-dieu-tri-dai-thao-duong-typ-2-va-chien-luoc-kiem-soat-toan-dien-bien-chung-than-kinh?id=090463d0-4515-40c8-919c-8bebc41e2c01 | https://web.archive.org/web/https://bachmai.gov.vn/bai-viet/doi-moi-tu-duy-dieu-tri-dai-thao-duong-typ-2-va-chien-luoc-kiem-soat-toan-dien-bien-chung-than-kinh?id=090463d0-4515-40c8-919c-8bebc41e2c01 | https://bachmai.gov.vn/bai-viet/doi-moi-tu-duy-dieu-tri-dai-thao-duong-typ-2-va-chien-luoc-kiem-soat-toan-dien-bien-chung-than-kinh?id=090463d0-4515-40c8-919c-8bebc41e2c01"
"132","DRUG_649cef64d9","Drug","Azithromycin","Liều lượng thường dùng: 500 mg/ngày, uống duy trì trong 3-7 ngày. | Liều dùng thường là 500mg/ngày trong 3-5 ngày.","Điều trị nhiễm khuẩn đường hô hấp cấp tính. | Dùng để điều trị bội nhiễm đường hô hấp dưới trong cơn hen ác tính.","Ức chế tổng hợp protein vi khuẩn bằng cách gắn vào ribosome. | Thuốc kháng sinh nhóm macrolid, ức chế tổng hợp protein vi khuẩn.","https://web.archive.org/web/http://www.tapchiyhocduphong.vn/tap-chi-y-hoc-du-phong/2015/08/kien-thuc-ve-benh-dai-thao-duong-va-mot-so-yeu-to-lien-quan-cua-nguoi-benh-tai-c-o81E20305.html | https://medlatec.vn/tu-dien-benh-ly/con-hen-ac-tinh"
"133","DRUG_64f09a6edf","Drug","Roflumilast","Liều: 500mcg/ngày uống 1 viên.","Điều trị duy trì cho bệnh nhân BPTNMT mức độ nặng hoặc thường xuyên có đợt cấp.","Chất ức chế Phosphodiesterase 4, giảm viêm và co thắt phế quản.","https://web.archive.org/web/https://vncdc.gov.vn/huong-dan-chan-doan-va-dieu-tri-benh-phoi-tac-nghen-man-tinh-nd14577.html"
"134","DRUG_666135af08","Drug","Sulfonylureas","Liều thường dùng: 0.5 - 1.5 mg/ngày, tùy theo phản ứng. | Liều lượng thường bắt đầu từ 0.5 mg/ngày, có thể tăng dần đến 2-3 mg/ngày.","Chỉ định cho ĐTĐ type 2, giúp giảm đường huyết bằng cách kích thích tiết insulin từ tụy. | Chỉ định cho bệnh nhân type 2, kích thích tiết insulin từ tế bào beta tụy.","Kích hoạt thụ thể trên tế bào beta tụy để tăng tiết insulin. | Tăng tiết insulin từ tuyến tụy bằng cách tác động lên các thụ thể trên tế bào beta.","https://web.archive.org/web/https://www.vinmec.com/vie/bai-viet/tong-quan-ve-benh-dai-thao-duong-vi | https://www.vinmec.com/vie/bai-viet/tong-quan-ve-benh-dai-thao-duong-vi"
"135","DRUG_669592addb","Drug","Atenolol","Liều ban đầu: 25 mg; liều duy trì: 25-100 mg/ngày.","Dùng cho tăng huyết áp độ 2 và kháng trị, đặc biệt ở người có nhồi máu cơ tim.","Chẹn beta giao cảm, giảm tần số tim và lực co cơ tim.","https://web.archive.org/web/https://vncdc.gov.vn/huong-dan-chan-doan-va-dieu-tri-tang-huyet-ap-nd14594.html"
"136","DRUG_6858e6ca00","Drug","Thuốc kích thích beta tác dụng kéo dài","Dạng hít, dùng hàng ngày để kiểm soát triệu chứng.","Giảm co thắt phế quản, cải thiện lưu lượng khí.","Kích hoạt thụ thể beta-2 trên cơ trơn phế quản để giãn nở.","https://www.vinmec.com/vie/benh/hen-phe-quan-2949"
"137","DRUG_6884e43c49","Drug","Thuốc giãn phế quản tác dụng kéo dài","Không có liều lượng cụ thể trong văn bản. | Không mô tả","Giảm triệu chứng mạn tính trong COPD. | Điều trị triệu chứng khó thở mạn tính trong COPD. | Giảm triệu chứng trong thời gian dài.","Tác động kéo dài lên cơ trơn đường thở để làm giãn rộng. | Giảm co thắt cơ trơn đường thở, cải thiện lưu thông khí. | Tác động kéo dài lên cơ trơn đường thở.","https://bachmai.gov.vn/bai-viet/tho-may-khong-xam-nhap-trong-dieu-tri-benh-phoi-tac-nghen-man-tinh?id=828a5ae0-e152-ef2d-e6b5-48a6c8bafe5b | https://web.archive.org/web/https://bachmai.gov.vn/bai-viet/tho-may-khong-xam-nhap-trong-dieu-tri-benh-phoi-tac-nghen-man-tinh?id=828a5ae0-e152-ef2d-e6b5-48a6c8bafe5b | https://bachmai.gov.vn/bai-viet/tho-may-khong-xam-nhap-trong-dieu-tri-benh-phoi-tac-nghen-man-tinh?id=828a5ae0-e152-ef2d-e6b5-48a6c8bafe5b"
"138","DRUG_6907bcc509","Drug","Thuốc mới điều trị hiệu quả","Liều lượng không được nêu cụ thể trong văn bản.","Dùng để kiểm soát đường huyết và giảm biến chứng tim mạch, thận.","Cơ chế tác động chưa được nêu rõ trong văn bản, nhưng có khả năng ức chế enzyme hoặc tăng cường nhạy cảm insulin.","https://bachmai.gov.vn/bai-viet/ca-the-hoa-dieu-tri-dai-thao-duong-tip-2-tai-cac-nuoc-dang-phat-trien-thach-thuc-va-co-hoi?id=4b51fe29-8515-42d1-bff3-85563163f16c"
"139","DRUG_6b6fe6e0f6","Drug","Không có thuốc được trích xuất","Không mô tả","","","https://web.archive.org/web/https://xayenmo.ninhbinh.gov.vn/y-te-giao-duc/benh-dai-thao-duong-dau-hieu-nhan-biet-phan-loai-va-dieu-tri-389.html | https://xayenmo.ninhbinh.gov.vn/y-te-giao-duc/benh-dai-thao-duong-dau-hieu-nhan-biet-phan-loai-va-dieu-tri-389.html | https://web.archive.org/web/https://vista.gov.vn/vi/news/cac-linh-vuc-khoa-hoc-va-cong-nghe/dau-an-sinh-hoc-moi-trong-phat-trien-som-bien-chung-than-do-dai-thao-duong-9409.html"
"140","DRUG_6c104027d3","Drug","Corticoid","Liều dùng tùy theo chỉ định, thường không dùng lâu dài cho người đái tháo đường. | Liều cao gây tăng glucose máu rõ rệt. | Liều lượng không được nêu cụ thể trong văn bản. | Liều cao gây tăng đường huyết, nguy cơ biến chứng cấp tính. | Liều cao gây tăng glucose máu và nguy cơ biến chứng cấp tính.","Dùng trong điều trị các bệnh viêm nhiễm hoặc tự miễn, nhưng gây kháng insulin. | Dùng trong điều trị viêm, tự miễn, dị ứng. | Dùng để điều trị viêm, dị ứng, tự miễn. | Dùng trong điều trị viêm nhiễm hoặc rối loạn miễn dịch. | Dùng để điều trị viêm, dị ứng, tự miễn.","Tăng lượng glucose máu thông qua cơ chế tăng sinh tổng hợp glucose ở gan và giảm nhạy cảm insulin. | Tăng glucose máu do tác động lên tuyến thượng thận và tăng chuyển hóa đường. | Gây tăng glucose máu do ảnh hưởng đến chuyển hóa carbohydrate. | Tăng glucose máu do tác động lên gan và giảm nhạy cảm insulin. | Gây tăng glucose máu do ảnh hưởng đến chuyển hóa glucose.","https://web.archive.org/web/https://benhvienquynhon.gov.vn/tin-tuc/hoat-dong-cua-ttyt/dai-thao-duong-va-nhung-dieu-ban-can-biet/ | https://bachmai.gov.vn/bai-viet/bien-chung-cua-benh-dai-thao-duong?id=f17ffc43-5abb-5dcb-54d1-d3887440a421 | https://bachmai.gov.vn/bai-viet/bien-chung-cua-benh-dai-thao-duong?id=f17ffc43-5abb-5dcb-54d1-d3887440a421"
"141","DRUG_6c278de511","Drug","Thuốc hạ huyết áp","Sử dụng từ 2 loại thuốc hạ áp trở lên khi HA > 150/90mmHg hoặc = 150/90mmHg. | Liều lượng và cách dùng theo toa bác sĩ, uống đúng - đều - đủ. | Liều lượng và cách dùng theo toa bác sĩ, tuân thủ đúng - đều - đủ. | Liều lượng và cách dùng theo toa bác sĩ, uống đúng - đều - đủ. | Liều lượng và cách dùng theo toa bác sĩ, cần uống đúng - đều - đủ. | Liều lượng và cách dùng theo toa bác sĩ, uống đúng - đều - đủ. | Liều lượng và cách dùng theo toa bác sĩ, tuân thủ đúng - đều - đủ để đạt hiệu quả tối ưu. | Liều lượng và cách dùng theo toa bác sĩ, uống đúng - đều - đủ. | Liều lượng và cách dùng theo toa bác sĩ, cần tuân thủ đúng - đều - đủ. | Liều lượng và cách dùng theo toa bác sĩ, tuân thủ đúng - đều - đủ. | Liều lượng và cách dùng theo toa bác sĩ, uống đúng - đều - đủ. | Liều lượng và cách dùng theo toa bác sĩ, uống đúng - đều - đủ. | Liều lượng và cách dùng theo toa bác sĩ, cần tuân thủ đúng - đều - đủ. | Liều lượng và cách dùng không được nêu rõ trong văn bản. | Liều lượng và cách dùng theo toa bác sĩ, tuân thủ đúng - đều - đủ. | Liều lượng không được nêu rõ trong văn bản, cần tuân thủ toa bác sĩ. | Liều lượng và cách dùng theo toa của bác sĩ, cần tuân thủ đúng - đều - đủ. | Liều lượng và cách dùng theo toa bác sĩ, tuân thủ đúng - đều - đủ. | Liều lượng và cách dùng theo toa bác sĩ, cần tuân thủ đúng - đều - đủ.","Điều trị huyết áp cao ở bệnh nhân đái tháo đường típ 2. | Điều trị tăng huyết áp để đưa huyết áp về mức mục tiêu. | Điều trị tăng huyết áp để đưa huyết áp về mức 'ĐÍCH'. | Điều trị tăng huyết áp để đưa huyết áp về mức mục tiêu. | Dùng để đưa huyết áp về mức 'ĐÍCH' và ngăn ngừa biến chứng. | Dùng để đưa huyết áp về mức 'ĐÍCH' nhằm ngăn ngừa biến chứng. | Điều trị tăng huyết áp để đưa huyết áp về mức 'ĐÍCH'. | Được chỉ định để đưa huyết áp về mức 'ĐÍCH' và ngăn ngừa biến chứng. | Dùng để đưa huyết áp về mức 'ĐÍCH' nhằm ngăn ngừa biến chứng. | Điều trị tăng huyết áp để đưa huyết áp về mức 'ĐÍCH'. | Điều trị tăng huyết áp để đưa huyết áp về mức mục tiêu. | Chỉ định để đưa huyết áp về mức 'ĐÍCH' nhằm ngăn ngừa biến chứng. | Điều trị tăng huyết áp để đưa huyết áp về mức 'ĐÍCH'. | Điều trị tăng huyết áp để đưa huyết áp về mức 'ĐÍCH'. | Dùng để đưa huyết áp về mức 'ĐÍCH' nhằm ngăn ngừa biến chứng. | Dùng để đưa huyết áp về mức 'ĐÍCH' và ngăn ngừa biến chứng. | Điều trị tăng huyết áp để đưa huyết áp về mức 'ĐÍCH'. | Dùng để đưa huyết áp về mức 'ĐÍCH' nhằm ngăn ngừa biến chứng tim mạch. | Dùng để đưa huyết áp về mức 'ĐÍCH' nhằm ngăn ngừa biến chứng.","Giảm tác động của hệ thần kinh giao cảm và giãn mạch máu. | Không nêu cụ thể cơ chế trong văn bản, nhưng tác dụng là làm giảm huyết áp. | Không nêu cụ thể trong văn bản, nhưng tác dụng là làm giảm huyết áp. | Không nêu cụ thể cơ chế trong văn bản, nhưng tác dụng là làm giảm huyết áp. | Không nêu cụ thể cơ chế trong văn bản, nhưng tác dụng là làm giảm huyết áp. | Không nêu cụ thể trong văn bản, nhưng tác dụng là làm giảm huyết áp thông qua các cơ chế điều hòa mạch máu và tim. | Không nêu cụ thể cơ chế trong văn bản, nhưng tác dụng là làm giảm huyết áp. | Không nêu cụ thể cơ chế trong văn bản, nhưng tác dụng là làm giảm huyết áp. | Chưa nêu cụ thể trong văn bản, nhưng tác dụng là làm giảm huyết áp. | Không nêu cụ thể cơ chế, nhưng tác dụng là làm giảm huyết áp. | Không nêu cụ thể cơ chế trong văn bản, nhưng tác dụng là làm giảm huyết áp. | Không nêu cụ thể cơ chế trong văn bản, nhưng tác dụng là làm giảm huyết áp.","https://bachmai.gov.vn/bai-viet/kiem-soat-huyet-ap-va-can-nang-o-benh-nhan-dai-thao-duong-tip-2-viet-nam?id=d4b1411f-1da7-74f4-b337-1b88457dd69b | http://bvhoanghoa.ytethanhhoa.gov.vn/web/khoa-phong-chuc-nang/khoa-phong-chuc-nang/phong-cong-tac-xa-hoi/dieu-can-luu-y-khi-dieu-tri-tang-huyet-ap.html | https://web.archive.org/web/http://bvhoanghoa.ytethanhhoa.gov.vn/web/khoa-phong-chuc-nang/khoa-phong-chuc-nang/phong-cong-tac-xa-hoi/dieu-can-luu-y-khi-dieu-tri-tang-huyet-ap.html | http://bvhoanghoa.ytethanhhoa.gov.vn/web/khoa-phong-chuc-nang/khoa-phong-chuc-nang/phong-cong-tac-xa-hoi/dieu-can-luu-y-khi-dieu-tri-tang-huyet-ap.html | https://web.archive.org/web/http://bvhoanghoa.ytethanhhoa.gov.vn/web/khoa-phong-chuc-nang/khoa-phong-chuc-nang/phong-cong-tac-xa-hoi/dieu-can-luu-y-khi-dieu-tri-tang-huyet-ap.html | http://bvhoanghoa.ytethanhhoa.gov.vn/web/khoa-phong-chuc-nang/khoa-phong-chuc-nang/to-cong-tac-xa-hoi/dieu-can-luu-y-khi-dieu-tri-tang-huyet-ap.html | https://web.archive.org/web/http://bvhoanghoa.ytethanhhoa.gov.vn/web/khoa-phong-chuc-nang/khoa-phong-chuc-nang/to-cong-tac-xa-hoi/dieu-can-luu-y-khi-dieu-tri-tang-huyet-ap.html | http://bvhoanghoa.ytethanhhoa.gov.vn/web/khoa-phong-chuc-nang/khoa-phong-chuc-nang/phong-cong-tac-xa-hoi/dieu-can-luu-y-khi-dieu-tri-tang-huyet-ap.html | https://web.archive.org/web/http://bvhoanghoa.ytethanhhoa.gov.vn/web/khoa-phong-chuc-nang/khoa-phong-chuc-nang/phong-cong-tac-xa-hoi/dieu-can-luu-y-khi-dieu-tri-tang-huyet-ap.html | http://bvhoanghoa.ytethanhhoa.gov.vn/web/khoa-phong-chuc-nang/khoa-phong-chuc-nang/phong-cong-tac-xa-hoi/dieu-can-luu-y-khi-dieu-tri-tang-huyet-ap.html | https://web.archive.org/web/http://bvhoanghoa.ytethanhhoa.gov.vn/web/khoa-phong-chuc-nang/khoa-phong-chuc-nang/phong-cong-tac-xa-hoi/dieu-can-luu-y-khi-dieu-tri-tang-huyet-ap.html | http://bvhoanghoa.ytethanhhoa.gov.vn/web/khoa-phong-chuc-nang/khoa-phong-chuc-nang/phong-cong-tac-xa-hoi/dieu-can-luu-y-khi-dieu-tri-tang-huyet-ap.html | https://web.archive.org/web/http://bvhoanghoa.ytethanhhoa.gov.vn/web/khoa-phong-chuc-nang/khoa-phong-chuc-nang/phong-cong-tac-xa-hoi/dieu-can-luu-y-khi-dieu-tri-tang-huyet-ap.html | http://bvhoanghoa.ytethanhhoa.gov.vn/web/khoa-phong-chuc-nang/khoa-phong-chuc-nang/to-cong-tac-xa-hoi/dieu-can-luu-y-khi-dieu-tri-tang-huyet-ap.html | https://web.archive.org/web/http://bvhoanghoa.ytethanhhoa.gov.vn/web/khoa-phong-chuc-nang/khoa-phong-chuc-nang/to-cong-tac-xa-hoi/dieu-can-luu-y-khi-dieu-tri-tang-huyet-ap.html | http://bvhoanghoa.ytethanhhoa.gov.vn/web/khoa-phong-chuc-nang/khoa-phong-chuc-nang/phong-cong-tac-xa-hoi/dieu-can-luu-y-khi-dieu-tri-tang-huyet-ap.html"
"142","DRUG_6c58758bc5","Drug","Gliclazide","Liều 80mg/ngày, uống 2-4 viên tùy đường huyết. Có thể gây hạ đường huyết. | Hiệu quả cao, chi phí phù hợp, khả năng tiếp cận tốt ở người dân Việt Nam và châu Á. | Thuốc Sulfunylurea có hiệu quả cao và chi phí phù hợp.","Điều trị đái tháo đường type 2, dùng phối hợp hoặc đơn độc. | Kiểm soát đường huyết trong đái tháo đường típ 2. | Kiểm soát đường huyết ở người bệnh đái tháo đường típ 2.","Kích thích tiết insulin từ tụy. | Cải thiện biến cố mạch máu nhỏ, ít nguy cơ hạ đường huyết.","https://web.archive.org/web/https://vncdc.gov.vn/quan-ly-benh-dai-thao-duong-nd14581.html | https://bachmai.gov.vn/bai-viet/cap-nhat-xu-huong-moi-trong-dieu-tri-dai-thao-duong-tip-2?id=d4ab61a0-919e-0805-1cdd-fe092c98c88e | https://web.archive.org/web/https://bachmai.gov.vn/bai-viet/cap-nhat-xu-huong-moi-trong-dieu-tri-dai-thao-duong-tip-2?id=d4ab61a0-919e-0805-1cdd-fe092c98c88e"
"143","DRUG_6d1f608ecc","Drug","Thuốc chống trầm cảm","Liều lượng và thời gian sử dụng cần được theo dõi chặt chẽ.","Có thể gây tăng đường huyết khi dùng kéo dài.","Tác động lên hệ thần kinh trung ương, ảnh hưởng đến chuyển hóa glucose.","https://benhvienquynhon.gov.vn/tin-tuc/hoat-dong-cua-ttyt/dai-thao-duong-va-nhung-dieu-ban-can-biet/"
"144","DRUG_6d5ea8ff73","Drug","Ezetimibe","Liều lượng không được nêu rõ trong văn bản, thường dùng liều khởi đầu 10 mg/ngày. | Liều lượng không được nêu rõ trong văn bản, nhưng thường dùng liều khởi đầu thấp và tăng dần theo hướng dẫn. | Liều lượng không được nêu rõ trong văn bản, nhưng thường dùng liều duy trì theo hướng dẫn.","Phối hợp với statin để tăng hiệu quả kiểm soát LDL-C khi chưa đạt mục tiêu. | Phối hợp với statin để tăng hiệu quả kiểm soát LDL-C. | Phối hợp với statin để tăng hiệu quả kiểm soát LDL-C.","Ức chế hấp thu cholesterol ở ruột, làm giảm tổng lượng cholesterol trong máu.","https://bachmai.gov.vn/bai-viet/doi-moi-tu-duy-dieu-tri-dai-thao-duong-typ-2-va-chien-luoc-kiem-soat-toan-dien-bien-chung-than-kinh?id=090463d0-4515-40c8-919c-8bebc41e2c01 | https://web.archive.org/web/https://bachmai.gov.vn/bai-viet/doi-moi-tu-duy-dieu-tri-dai-thao-duong-typ-2-va-chien-luoc-kiem-soat-toan-dien-bien-chung-than-kinh?id=090463d0-4515-40c8-919c-8bebc41e2c01 | https://bachmai.gov.vn/bai-viet/doi-moi-tu-duy-dieu-tri-dai-thao-duong-typ-2-va-chien-luoc-kiem-soat-toan-dien-bien-chung-than-kinh?id=090463d0-4515-40c8-919c-8bebc41e2c01"
"145","DRUG_6fade7aea3","Drug","Thuốc hạ đường huyết","Liều lượng không được nêu rõ trong văn bản, nhưng có thể gây hạ đường huyết nếu dùng quá liều. | Liều lượng tùy theo loại thuốc và phản ứng lâm sàng. | Liều cao gây hạ glucose máu hoặc nhiễm toan ceton. | Liều lượng không được nêu rõ trong văn bản, nhưng có thể gây hạ đường huyết nếu dùng quá liều. | Liều lượng tùy theo thể bệnh và phản ứng của người bệnh. | Liều lượng và cách dùng không được tuân thủ bởi 39,3% bệnh nhân. | Liều lượng không được nêu rõ trong văn bản, nhưng có thể gây hạ đường huyết nếu dùng quá liều.","Dùng để điều trị đái tháo đường, nhưng liều cao gây hạ đường huyết. | Điều trị đái tháo đường típ 2 và hỗ trợ kiểm soát glucose. | Dùng để điều trị đái tháo đường. | Dùng để điều trị đái tháo đường, nhưng liều cao gây hạ đường huyết. | Chỉ định điều trị đái tháo đường, đặc biệt là loại không phải insulin. | Điều trị tăng đường huyết trong đái tháo đường. | Dùng để điều trị đái tháo đường, nhưng liều cao gây hạ đường huyết.","Tăng khả năng vận chuyển glucose vào tế bào hoặc ức chế hấp thu glucose ở ruột. | Tăng cường tác dụng của insulin hoặc giảm hấp thu glucose ở ruột. | Cơ chế tác động khác nhau tùy loại (tăng insulin, ức chế hấp thu glucose...). | Tăng tác dụng vận chuyển glucose vào tế bào hoặc ức chế hấp thu glucose ở ruột. | Hạ đường huyết thông qua nhiều cơ chế như ức chế hấp thu glucose ở ruột hoặc tăng tiết insulin. |  | Tăng khả năng vận chuyển glucose vào tế bào hoặc ức chế hấp thu glucose ở ruột.","https://web.archive.org/web/https://bachmai.gov.vn/bai-viet/bien-chung-cua-benh-dai-thao-duong?id=f17ffc43-5abb-5dcb-54d1-d3887440a421 | https://benhvienquynhon.gov.vn/tin-tuc/hoat-dong-cua-ttyt/dai-thao-duong-va-nhung-dieu-ban-can-biet/ | https://bachmai.gov.vn/bai-viet/bien-chung-cua-benh-dai-thao-duong?id=f17ffc43-5abb-5dcb-54d1-d3887440a421 | https://bachmai.gov.vn/tin-chi-tiet/-/bai-viet/cap-nhat-chan-doan-dieu-tri-benh-dai-thao-duong-va-bien-chung-8971-144.html | https://web.archive.org/web/https://bachmai.gov.vn/bai-viet/bien-chung-cua-benh-dai-thao-duong?id=f17ffc43-5abb-5dcb-54d1-d3887440a421 | https://web.archive.org/web/http://www.tapchiyhocduphong.vn/tap-chi-y-hoc-du-phong/2015/08/kien-thuc-ve-benh-dai-thao-duong-va-mot-so-yeu-to-lien-quan-cua-nguoi-benh-tai-c-o81E20305.html | https://web.archive.org/web/https://bachmai.gov.vn/bai-viet/bien-chung-cua-benh-dai-thao-duong?id=f17ffc43-5abb-5dcb-54d1-d3887440a421"
"146","DRUG_725afa8c5e","Drug","Salbutamol (Ventolin)","Liều dùng thường là xịt hít 3 lần trong vòng 1 giờ nếu không đáp ứng.","Dùng để giãn cơ trơn phế quản trong cơn hen ác tính.","Thuốc kích thích β₂ chọn lọc, giãn cơ trơn phế quản nhanh, giảm co thắt đường thở.","https://medlatec.vn/tu-dien-benh-ly/con-hen-ac-tinh"
"147","DRUG_78b71c7662","Drug","Natriclorua 0,9%","Truyền 1 lít trong 1 giờ, sau đó 2 giờ. Dùng khi có tụt huyết áp hoặc mất nước nặng.","Bù dịch nhanh và đủ cho người bệnh mất nước nặng.","Cung cấp điện giải và nước để điều chỉnh thể tích tuần hoàn.","https://web.archive.org/web/https://benhviendakhoasongma.gov.vn/bai-viet/hon-me-tang-ap-luc-tham-thau-do-dai-thao-duong-210"
"148","DRUG_78c50fa413","Drug","Lisinopril","Liều ban đầu: 5 mg; liều duy trì: 10-40 mg/ngày.","Dùng cho tăng huyết áp độ 1 và kháng trị, đặc biệt ở người có suy tim.","Ức chế men chuyển, giảm sản sinh angiotensin II, giãn mạch.","https://web.archive.org/web/https://vncdc.gov.vn/huong-dan-chan-doan-va-dieu-tri-tang-huyet-ap-nd14594.html"
"149","DRUG_79270654b5","Drug","Thuốc lợi tiểu thiazide","Liều lượng không được nêu rõ trong văn bản. | Liều lượng không được nêu cụ thể trong văn bản.","Điều trị tăng huyết áp.","Tăng đào thải nước và natri qua thận, giảm thể tích máu.","https://chanthuongvacotsong.bachmai.gov.vn/cao-huyet-ap-am-tham-ma-rat-hiem/"
"150","DRUG_7c4431fc20","Drug","Insulin tiêm","Liều lượng tùy theo cân nặng, tuổi và mức đường huyết.","Điều trị ĐTĐ típ 1 với liều lượng linh hoạt.","Cung cấp Insulin ngoại sinh theo thời gian và liều lượng được điều chỉnh.","https://benhviennhitrunguong.gov.vn/hoi-thao-xu-huong-dieu-tri-dai-thao-duong-tip-1-chung-ta-khong-the-dung-ngoai.html"
"151","DRUG_7ecdd61b84","Drug","Thuốc hạ huyết áp nhóm ức chế men chuyển","Liều lượng và thời gian điều trị cần theo dõi chức năng thận chặt chẽ.","Điều trị tăng huyết áp do hẹp động mạch thận.","Ức chế enzyme chuyển đổi angiotensin I thành II, làm giảm co thắt mạch máu.","https://web.archive.org/web/https://medlatec.vn/tin-tuc/hep-dong-mach-than-la-gi-muc-do-nguy-hiem-va-phuong-phap-dieu-tri"
"152","DRUG_7f41d4dab1","Drug","Irbesartan Stada 150 mg","Liều lượng: 150 mg mỗi ngày, uống duy trì.","Chỉ định điều trị tăng huyết áp và bảo vệ thận ở bệnh nhân ĐTĐ.","Ức chế hệ renin-angiotensin, làm giãn mạch máu và giảm huyết áp.","https://www.vinmec.com/vie/bai-viet/tong-quan-ve-benh-dai-thao-duong-vi"
"153","DRUG_802f1212c8","Drug","Thuốc kháng Leukotriene","Có dạng hít hoặc uống, thường dùng kết hợp với thuốc giãn phế quản. | Sử dụng kết hợp với thuốc giãn phế quản hoặc corticoid dạng hít.","Dùng để điều trị hen khó kiểm soát và dị ứng. | Dùng để ngăn chặn các chất gây co thắt phế quản do phản ứng viêm.","Ức chế enzym chuyển hóa axit arachidonic thành leukotriene, giảm co thắt và viêm. | Ức chế tổng hợp leukotriene, chất gây co thắt phế quản.","https://web.archive.org/web/http://phacdo.soytequangninh.gov.vn/news/tin-tuc-su-kien/hen-phe-quan-hieu-dung-de-song-khoe-dieu-tri-hieu-qua-phong-ngua-chu-dong.html | http://phacdo.soytequangninh.gov.vn/news/tin-tuc-su-kien/hen-phe-quan-hieu-dung-de-song-khoe-dieu-tri-hieu-qua-phong-ngua-chu-dong.html"
"154","DRUG_842123ba62","Drug","Thuốc Anoro Ellipta","Dạng xịt khí dung, dùng hàng ngày để kiểm soát triệu chứng.","Dùng điều trị hen phế quản và COPD.","Kết hợp beta-2 agonist + anticholinergic, giãn phế quản và giảm tiết dịch.","https://www.vinmec.com/vie/bai-viet/lam-nao-de-chan-doan-hen-phe-quan-vi"
"155","DRUG_85bdbe6376","Drug","Thuốc điều trị tăng huyết áp","Liều lượng không được nêu cụ thể trong văn bản. | Liều lượng không được nêu rõ trong văn bản. | Liều lượng và cách dùng tuân theo chỉ định của bác sĩ. | Liều lượng và cách dùng theo chỉ định của bác sĩ chuyên khoa. | Liều lượng không được nêu rõ trong văn bản. | Liều lượng không được nêu rõ, chỉ nói 'theo đơn thuốc của bác sĩ chuyên khoa'. | Liều lượng không được nêu rõ trong văn bản. | Liều lượng không được nêu rõ trong văn bản. | Liều lượng không được nêu cụ thể trong văn bản, cần tuân theo chỉ định của bác sĩ. | Liều lượng không được nêu cụ thể trong văn bản. | Liều lượng không được nêu cụ thể trong văn bản. | Liều lượng và cách dùng không được nêu cụ thể trong văn bản. | Liều lượng và cách dùng không được nêu cụ thể trong văn bản. | Liều lượng không được nêu cụ thể trong văn bản. | Liều lượng không được nêu cụ thể trong văn bản. | Liều lượng và cách dùng không được nêu cụ thể trong văn bản. | Liều lượng và thời gian dùng theo chỉ định của bác sĩ, có thể suốt đời. | Liều lượng và thời gian dùng thuốc cần tuân theo chỉ định của bác sĩ, có thể phải dùng suốt đời. | Liều lượng không được nêu cụ thể trong văn bản.","Điều trị tăng huyết áp khi thay đổi lối sống không hiệu quả. | Điều trị tăng huyết áp theo đơn của bác sĩ chuyên khoa. | Điều trị tăng huyết áp và ngăn ngừa biến chứng. | Điều trị tăng huyết áp theo đơn bác sĩ. | Điều trị tăng huyết áp và ngăn ngừa biến chứng. | Điều trị bệnh tăng huyết áp. | Điều trị tăng huyết áp và ngăn ngừa biến chứng. | Điều trị tăng huyết áp để kiểm soát và ngăn ngừa biến chứng. | Điều trị tăng huyết áp khi thay đổi lối sống không hiệu quả. | Điều trị tăng huyết áp khi thay đổi lối sống không hiệu quả. | Điều trị tăng huyết áp khi thay đổi lối sống không hiệu quả. | Điều trị tăng huyết áp để kiểm soát và ngăn ngừa biến chứng. | Điều trị tăng huyết áp, kiểm soát huyết áp lâu dài. | Điều trị tăng huyết áp khi thay đổi lối sống không hiệu quả.","Cơ chế tác động chưa được nêu rõ trong văn bản, nhưng liên quan đến hệ renin-angiotensin và thần kinh giao cảm. | Không nêu cụ thể trong văn bản, nhưng được sử dụng theo đơn thuốc của bác sĩ chuyên khoa. | Không nêu cụ thể trong văn bản, nhưng tác dụng là hạ huyết áp. | Không nêu cụ thể trong văn bản, nhưng được sử dụng theo đơn thuốc của bác sĩ chuyên khoa. | Không nêu cụ thể trong văn bản. | Cơ chế tác động chưa được nêu rõ trong văn bản, nhưng liên quan đến hệ renin-angiotensin và thần kinh giao cảm. | Chưa nêu cụ thể cơ chế trong văn bản, nhưng liên quan đến hệ renin-angiotensin và thần kinh giao cảm. | Cơ chế tác động chưa được nêu rõ trong văn bản, nhưng thường là giãn mạch, giảm gánh nặng tim. | Cơ chế tác động chưa được nêu rõ trong văn bản, nhưng liên quan đến hệ renin-angiotensin và thần kinh giao cảm. | Cơ chế tác động chưa được nêu rõ trong văn bản, nhưng liên quan đến ức chế hệ renin-angiotensin hoặc giảm hoạt động giao cảm. | Cơ chế tác động chưa được nêu rõ trong văn bản, nhưng liên quan đến hệ renin-angiotensin và thần kinh giao cảm. | Cơ chế tác động chưa được nêu rõ trong văn bản, nhưng liên quan đến ức chế hệ renin-angiotensin hoặc giảm hoạt động giao cảm. | Cơ chế tác động chưa được nêu rõ trong văn bản, nhưng thường là giãn mạch, giảm thể tích máu hoặc ức chế hệ thần kinh giao cảm. | Cơ chế tác động chưa được nêu rõ trong văn bản, nhưng liên quan đến hệ renin-angiotensin và thần kinh giao cảm. | Không nêu cụ thể cơ chế trong văn bản, nhưng tác dụng là hạ huyết áp.","https://web.archive.org/web/http://bvhoanghoa.ytethanhhoa.gov.vn/web/khoa-phong-chuc-nang/khoa-phong-chuc-nang/to-cong-tac-xa-hoi/benh-tang-huyet-ap-ke-giet-nguoi-tham-lang.html | https://bachmai.gov.vn/tin-chi-tiet/-/bai-viet/tang-huyet-ap-can-benh-tham-lang-nhung-nguy-hiem-8463-146.html | https://web.archive.org/web/https://bachmai.gov.vn/tin-chi-tiet/-/bai-viet/tang-huyet-ap-can-benh-tham-lang-nhung-nguy-hiem-8463-146.html | https://bachmai.gov.vn/tin-chi-tiet/-/bai-viet/tang-huyet-ap-can-benh-tham-lang-nhung-nguy-hiem-8463-146.html | https://web.archive.org/web/https://bachmai.gov.vn/tin-chi-tiet/-/bai-viet/tang-huyet-ap-can-benh-tham-lang-nhung-nguy-hiem-8463-146.html | https://soyte.tuyenquang.gov.vn/tin-tuc/tang-huyet-ap-va-nhung-bien-chung-nguy-hiem.html | https://web.archive.org/web/http://bvhoanghoa.ytethanhhoa.gov.vn/web/khoa-phong-chuc-nang/khoa-phong-chuc-nang/to-cong-tac-xa-hoi/benh-tang-huyet-ap-ke-giet-nguoi-tham-lang.html | https://web.archive.org/web/http://bvhoanghoa.ytethanhhoa.gov.vn/web/khoa-phong-chuc-nang/khoa-phong-chuc-nang/to-cong-tac-xa-hoi/benh-tang-huyet-ap-ke-giet-nguoi-tham-lang.html | http://bvhoanghoa.ytethanhhoa.gov.vn/web/khoa-phong-chuc-nang/khoa-phong-chuc-nang/to-cong-tac-xa-hoi/benh-tang-huyet-ap-ke-giet-nguoi-tham-lang.html | https://web.archive.org/web/http://bvhoanghoa.ytethanhhoa.gov.vn/web/khoa-phong-chuc-nang/khoa-phong-chuc-nang/to-cong-tac-xa-hoi/benh-tang-huyet-ap-ke-giet-nguoi-tham-lang.html | http://bvhoanghoa.ytethanhhoa.gov.vn/web/khoa-phong-chuc-nang/khoa-phong-chuc-nang/to-cong-tac-xa-hoi/benh-tang-huyet-ap-ke-giet-nguoi-tham-lang.html | https://soyte.tuyenquang.gov.vn/tin-tuc/tang-huyet-ap-va-nhung-bien-chung-nguy-hiem.html | https://web.archive.org/web/http://bvhoanghoa.ytethanhhoa.gov.vn/web/khoa-phong-chuc-nang/khoa-phong-chuc-nang/to-cong-tac-xa-hoi/benh-tang-huyet-ap-ke-giet-nguoi-tham-lang.html | https://web.archive.org/web/https://soyte.tuyenquang.gov.vn/tin-tuc/tang-huyet-ap-va-nhung-bien-chung-nguy-hiem.html"
"156","DRUG_882a1af272","Drug","Thuốc điều chỉnh lipid","Cần kết hợp với chế độ ăn kiêng và thuốc hạ áp.","Điều trị rối loạn mỡ máu kèm theo tăng huyết áp và suy thận mạn.","Giảm cholesterol và các chất béo trung tính trong máu, giảm nguy cơ xơ vữa động mạch.","https://www.vinmec.com/vie/bai-viet/dieu-tri-tang-huyet-ap-kem-suy-man-vi"
"157","DRUG_8944fd4647","Drug","Thuốc kháng viêm dị ứng","Được dùng cho người có nền viêm âm ỉ, cần điều trị lâu dài. | Được chỉ định cho người có nền viêm dị ứng kéo dài.","Dùng hàng ngày để kiểm soát và phòng ngừa đợt hen tái phát. | Dùng hàng ngày để kiểm soát và dự phòng hen.","Giảm viêm mãn tính ở đường thở. | Giảm viêm mãn tính ở đường thở, ngăn cơn hen.","https://benhviennhitrunguong.gov.vn/loi-khuyen-cua-cac-chuyen-gia-di-ung-ve-benh-hen-2.html | https://web.archive.org/web/https://benhviennhitrunguong.gov.vn/loi-khuyen-cua-cac-chuyen-gia-di-ung-ve-benh-hen-2.html"
"158","DRUG_8ac02a1139","Drug","Insulin","Liều lượng tùy theo mức glucose huyết, thường tiêm dưới da. | Liều lượng tùy theo cân nặng và mức độ kiểm soát đường huyết. | Liều lượng tùy theo cân nặng, mức đường huyết và phản ứng của bệnh nhân. | Liều lượng tùy theo cân nặng, tuổi và mức đường huyết. | Liều lượng tùy theo cân nặng, tuổi và mức glucose máu; thường tiêm dưới da hoặc dùng bơm insulin. | Tiêm tĩnh mạch 0,1 đơn vị/kg sau đó truyền liên tục 0,1 đơn vị/kg/giờ. Điều chỉnh liều theo đường máu. | Liều lượng tùy theo cân nặng và mức độ kiểm soát đường huyết. | Liều lượng tùy theo cân nặng, tuổi và mức đường huyết. | Liều lượng được bác sĩ tính toán phù hợp với đặc điểm bệnh lý, chế độ ăn và hoạt động thể chất của từng bệnh nhân. | Cần sử dụng lâu dài, tuân thủ liều lượng bác sĩ chỉ định. | Dùng lâu dài theo chỉ định của bác sĩ. | Liều lượng được bác sĩ tính toán phù hợp với đặc điểm bệnh lý, chế độ ăn và hoạt động thể chất của từng bệnh nhân. | Cần tiêm dưới da, liều lượng tùy theo mức độ đường huyết và chế độ ăn uống. | Cần tiêm dưới da, liều lượng tùy theo mức độ thiếu insulin. | Liều lượng tùy theo mức glucose huyết, thường tiêm dưới da. | Liều lượng tùy theo mức độ bệnh và phản ứng của cơ thể. | Cần tiêm dưới da, liều lượng tùy theo mức độ thiếu insulin của bệnh nhân. | Liều lượng tùy theo cân nặng, độ tuổi và mức đường huyết mục tiêu. | Liều lượng tùy theo cân nặng, tuổi và mức glucose mục tiêu; tiêm dưới da hoặc dùng bơm insulin. | Liều lượng được bác sĩ tính toán phù hợp với đặc điểm bệnh lý, chế độ ăn và hoạt động thể chất của từng bệnh nhân. | Cần tiêm dưới da, liều lượng tùy theo mức độ đường huyết và chế độ ăn uống. | Cần tiêm dưới da, liều lượng tùy theo mức độ thiếu insulin. | Liều lượng và phác đồ được bác sĩ tính toán theo đặc điểm bệnh lý, chế độ ăn và hoạt động thể chất của từng bệnh nhân. | Liều lượng tùy theo cân nặng, mức glucose và phản ứng của cơ thể. | Liều lượng tùy theo cân nặng, tuổi và mức độ kiểm soát đường huyết; thường tiêm dưới da hoặc dùng bơm insulin. | Cần tiêm dưới da, liều lượng tùy theo mức độ đường huyết và chế độ ăn uống. | Liều lượng tùy theo cân nặng và mức độ kiểm soát đường huyết. | Cần tiêm dưới da; liều lượng tùy theo mức độ thiếu insulin và chế độ ăn uống. | Liều lượng tùy theo cân nặng, tuổi và mức đường huyết. | Liều khởi đầu thường là 0,1 UI/kg loại NPH, tiêm trước lúc đi ngủ. Có thể dùng insulin hỗn hợp. | Liều ban đầu từ 0,1 – 0,15 IU/kg/h (tiêm tĩnh mạch) hoặc truyền tĩnh mạch với liều và tốc độ 0,1 IU/kg/h. | Liều khởi đầu thường là 0,1 UI/kg loại NPH, tiêm trước lúc đi ngủ. Có thể dùng insulin hỗn hợp. | Liều lượng tùy theo mức đường huyết và phản ứng của cơ thể. | Liều khởi đầu thường là 0,1 UI/kg loại NPH, tiêm trước lúc đi ngủ. Có thể dùng insulin hỗn hợp. | Liều lượng tùy theo mức đường huyết và phản ứng của cơ thể. | Liều khởi đầu thường là 0,1 UI/kg loại NPH, tiêm trước lúc đi ngủ. Có thể dùng insulin hỗn hợp. | Liều lượng tùy theo mức đường huyết và phản ứng của cơ thể. | Liều tùy theo mức độ kháng insulin và chỉ số HbA1c. | Liều lượng tùy theo mức độ tăng đường huyết và phản ứng của bệnh nhân. | Liều lượng tùy theo mức độ bệnh và chỉ định bác sĩ. | Dùng lâu dài theo chỉ định của bác sĩ. | Cần sử dụng lâu dài, tuân thủ liều lượng bác sĩ chỉ định. | Dùng lâu dài, liều lượng theo chỉ định bác sĩ. | Dùng lâu dài theo chỉ định của bác sĩ. | Dùng lâu dài, liều lượng theo chỉ định bác sĩ. | Liều khởi đầu thường là 0,1 UI/kg loại NPH, tiêm trước lúc đi ngủ. Có thể dùng insulin hỗn hợp. | Dùng lâu dài theo chỉ định của bác sĩ. | Liều khởi đầu thường là 0,1 UI/kg loại NPH, tiêm trước lúc đi ngủ. Có thể dùng insulin hỗn hợp. | Liều lượng tùy theo mức độ kiểm soát. | Liều khởi đầu insulin nền: 0,1 - 0,2 đơn vị/kg cân nặng. Liều insulin nhanh trước bữa ăn: 4 đơn vị hoặc 0,1 đơn vị/kg cân nặng. | Cần tiêm dưới da; liều lượng tùy theo mức độ thiếu hụt và chế độ ăn uống. | Cần tiêm dưới da, liều lượng tùy theo mức độ thiếu insulin của bệnh nhân. | Liều khởi đầu thường là 0,1 UI/kg loại NPH, tiêm trước lúc đi ngủ. Có thể điều chỉnh liều theo đáp ứng lâm sàng. | Liều ban đầu từ 0,1 – 0,15 IU/kg/h (tiêm tĩnh mạch) hoặc truyền tĩnh mạch với liều và tốc độ 0,1 IU/kg/h. | Liều khởi đầu thường là 0,1 UI/kg loại NPH, tiêm trước lúc đi ngủ. Có thể dùng insulin hỗn hợp. | Liều khởi đầu thường là 0,1 UI/kg loại NPH, tiêm trước lúc đi ngủ. Có thể điều chỉnh liều theo đáp ứng lâm sàng. | Liều lượng tùy theo mức glucose huyết tương và đáp ứng của bệnh nhân. | Cần tiêm dưới da; liều lượng tùy theo mức độ thiếu hụt và chế độ ăn uống. | Cần tiêm dưới da, liều lượng tùy theo mức độ thiếu insulin của bệnh nhân. | Liều ban đầu từ 0,1 – 0,15 IU/kg/h (tiêm tĩnh mạch) hoặc truyền tĩnh mạch với liều và tốc độ 0,1 IU/kg/h. | Liều lượng không được nêu trong văn bản, nhưng cần điều chỉnh theo cân nặng và mức đường huyết. | Liều lượng không được nêu trong văn bản, nhưng cần điều chỉnh theo cân nặng và mức độ nghiêm trọng của nhiễm toan ceton. | Không nêu liều lượng cụ thể trong văn bản. | Liều ban đầu từ 0,1 – 0,15 IU/kg/h (tiêm tĩnh mạch) hoặc truyền tĩnh mạch với liều và tốc độ 0,1 IU/kg/h. | Cần tiêm dưới da; liều lượng tùy theo mức độ đường huyết và chế độ ăn uống.","Điều trị ĐTĐ típ 1, duy trì đường huyết ổn định. | Điều trị đái tháo đường típ 1 và một số trường hợp típ 2. | Điều trị ĐTĐ típ 1 do thiếu Insulin. | Điều trị đái tháo đường típ 1 do thiếu hụt hoàn toàn insulin. | Kiểm soát đường máu, điều trị hôn mê tăng áp lực thẩm thấu. | Điều trị ĐTĐ típ 1 – bệnh nhân không sản xuất đủ Insulin. | Điều trị ĐTĐ típ 1, duy trì đường huyết ổn định. | Điều trị ĐTĐ típ 1 do thiếu Insulin. | Điều trị bắt buộc cho bệnh nhân đái tháo đường type 1 do thiếu insulin. | Điều trị tiểu đường tuýp 1 và một số trường hợp tuýp 2. | Điều trị bắt buộc cho bệnh nhân đái tháo đường type 1 do thiếu insulin. | Điều trị đái tháo đường type 1 và một số trường hợp type 2 khi không đáp ứng với thuốc khác. | Điều trị đái tháo đường type 1 và một số trường hợp type 2 khi không đáp ứng với thuốc khác. | Điều trị đái tháo đường típ 1 và một số trường hợp típ 2. | Chỉ định điều trị đái tháo đường típ 1 và một số trường hợp típ 2. | Điều trị đái tháo đường típ 1, bệnh nhân không sản xuất đủ insulin nội sinh. | Chỉ định điều trị ĐTĐ típ 1, giúp duy trì mức đường huyết ổn định. | Chỉ định điều trị đái tháo đường típ 1. | Điều trị ĐTĐ típ 1, thay thế hormone Insulin do tuyến tụy không sản xuất đủ. | Điều trị ĐTĐ típ 1, duy trì đường huyết ổn định. | Điều trị ĐTĐ típ 1 do thiếu Insulin. | Điều trị đái tháo đường type 1 và một số trường hợp type 2 khi không đáp ứng với thuốc khác. | Điều trị đái tháo đường type 1, khi tuyến tụy không sản xuất đủ insulin. | Chỉ định khi HbA1c > 9,0% và glucose lúc đói > 15,0 mmol/l, hoặc trong các bệnh cấp tính. | Dùng để điều trị đái tháo đường týp 2 khi không đáp ứng thuốc hạ glucose máu. | Dùng để điều trị đái tháo đường týp 2 khi không đáp ứng với thuốc hạ glucose máu. | Chỉ định khi bệnh nhân không đáp ứng với thuốc hạ đường huyết khác. | Chỉ định khi HbA1c > 9,0% và glucose lúc đói > 15,0 mmol/l, hoặc trong các bệnh cấp tính. | Chỉ định khi bệnh nhân không đáp ứng với thuốc hạ đường huyết khác. | Chỉ định khi HbA1c > 9,0% và glucose lúc đói > 15,0 mmol/l, hoặc trong các bệnh cấp tính. | Chỉ định khi HbA1c > 9,0% và glucose lúc đói > 15,0 mmol/l, hoặc trong các bệnh cấp tính. | Chỉ định khi bệnh nhân không đáp ứng với thuốc hạ đường huyết khác. | Điều trị khi tuyến tụy không sản xuất đủ insulin hoặc cơ thể kháng insulin. | Chỉ định cho ĐTĐ type 1 và một số trường hợp ĐTĐ type 2 nặng hoặc không đáp ứng thuốc khác. | Điều trị tiểu đường tuýp 1 và một số trường hợp tuýp 2. | Điều trị bệnh tiểu đường tuýp 1 và một số trường hợp tuýp 2. | Điều trị tiểu đường tuýp 1 và một số trường hợp tuýp 2. | Điều trị tiểu đường tuýp 1 và một số trường hợp tuýp 2. | Chỉ định khi HbA1c > 9,0% và glucose lúc đói > 15,0 mmol/l, hoặc trong các bệnh cấp tính. | Chỉ định khi HbA1c > 9,0% và glucose lúc đói > 15,0 mmol/l, hoặc trong các bệnh cấp tính. | Chỉ định điều trị đái tháo đường tuýp 1 và tuýp 2 nặng. | Điều trị đái tháo đường type 1, khi cơ thể không sản xuất đủ insulin. | Điều trị đái tháo đường type 1 và một số trường hợp type 2 khi không đáp ứng với thuốc khác. | Chỉ định điều trị đái tháo đường típ 2 khi không đáp ứng với thuốc uống. | Chỉ định điều trị đái tháo đường týp 2 khi HbA1c > 9,0% và glucose lúc đói > 15,0 mmol/l. | Dùng để điều trị đái tháo đường týp 2 khi không đáp ứng thuốc hạ glucose máu. | Chỉ định khi HbA1c > 9,0% và glucose lúc đói > 15,0 mmol/l, hoặc trong các bệnh cấp tính. | Chỉ định điều trị đái tháo đường týp 2 khi HbA1c > 9,0% và glucose lúc đói > 15,0 mmol/l. | Chỉ định cho bệnh nhân đái tháo đường type 1 và một số trường hợp type 2 nặng. | Điều trị đái tháo đường type 1, khi cơ thể không sản xuất đủ insulin. | Điều trị đái tháo đường type 1 và một số trường hợp type 2 khi không đáp ứng với thuốc khác. | Dùng để điều trị đái tháo đường týp 2 khi không đáp ứng thuốc hạ glucose máu. | Dùng để điều trị đái tháo đường týp 2 khi không đáp ứng thuốc hạ glucose máu. | Điều trị đái tháo đường type 1 và ngăn ngừa nhiễm toan ceton. | Điều trị đái tháo đường type 1, khi tuyến tụy không sản xuất đủ insulin.","Chuyển hóa glucose vào tế bào, giảm lượng đường trong máu. | Cung cấp Insulin ngoại sinh để điều hòa glucose máu. | Giúp vận chuyển glucose vào tế bào, giảm nồng độ glucose máu. | Cung cấp insulin ngoại sinh để điều hòa glucose trong máu. | Ức chế phân hủy glucogen, giảm tân tạo glucose, tăng sử dụng glucose của tổ chức. | Cung cấp hormone Insulin ngoại sinh để điều chỉnh mức đường huyết. | Chuyển hóa glucose vào tế bào, giảm lượng đường trong máu. | Cung cấp Insulin ngoại sinh để điều hòa glucose máu. | Bổ sung insulin để điều hòa lượng glucose trong máu. | Cung cấp hormone insulin để giúp glucose vào tế bào, hạ đường huyết. | Giúp cơ thể hấp thu glucose từ máu vào tế bào. | Bổ sung insulin để điều hòa lượng glucose trong máu. | Hormon giúp cơ thể sử dụng glucose từ máu để tạo năng lượng. | Tăng cường hấp thu glucose vào tế bào, giảm lượng đường trong máu. | Hormon giúp cơ thể sử dụng glucose từ máu để tạo năng lượng. | Giúp vận chuyển glucose vào tế bào, giảm nồng độ glucose máu. | Cơ chế tăng cường hấp thu glucose vào tế bào và giảm sản xuất glucose trong gan. | Cung cấp insulin ngoại sinh để điều hòa mức glucose trong máu. | Bổ sung insulin để điều hòa lượng glucose trong máu. | Hormon giúp cơ thể sử dụng glucose từ máu để tạo năng lượng. | Bổ sung insulin để điều chỉnh mức glucose trong máu. | Cung cấp Insulin ngoại sinh để bù đắp sự thiếu hụt do tuyến tụy không sản xuất đủ. | Cung cấp Insulin ngoại sinh để giúp glucose trong máu được hấp thu vào tế bào, giảm đường huyết. | Chuyển hóa glucose vào tế bào, giảm lượng đường trong máu. | Hormon giúp cơ thể sử dụng glucose từ máu để tạo năng lượng. | Cung cấp Insulin ngoại sinh để điều hòa glucose máu. | Cung cấp insulin ngoại lai để điều chỉnh đường huyết. | Cơ chế tăng cường chuyển hóa glucose, giảm đường huyết. | Cung cấp insulin ngoại lai để điều chỉnh đường huyết. | Cung cấp hormone insulin trực tiếp vào máu để điều chỉnh glucose. | Cung cấp insulin ngoại lai để điều chỉnh đường huyết. | Cung cấp hormone insulin trực tiếp vào máu để điều chỉnh glucose. | Cung cấp insulin ngoại lai để điều chỉnh đường huyết. | Tăng cường vận chuyển glucose vào tế bào, giảm lượng đường trong máu. | Cung cấp hormone insulin trực tiếp vào máu để điều chỉnh glucose. | Cơ chế: Tăng cường hấp thu glucose vào tế bào, giảm đường huyết. | Thay thế hormone insulin để giúp glucose vào tế bào, giảm đường huyết. | Giảm lượng đường trong máu bằng cách tăng hấp thu glucose vào tế bào. | Cung cấp insulin ngoại sinh để điều chỉnh mức glucose trong máu. | Cung cấp hormone insulin để giúp glucose vào tế bào, hạ đường huyết. | Giảm lượng đường trong máu bằng cách tăng hấp thu glucose vào tế bào. | Cung cấp hormone insulin để giúp glucose vào tế bào, hạ đường huyết. | Giảm lượng đường trong máu bằng cách tăng hấp thu glucose vào tế bào. | Cung cấp insulin ngoại lai để điều chỉnh đường huyết. | Cung cấp glucose trực tiếp vào tế bào, hạ đường huyết. | Cung cấp insulin ngoại lai để điều chỉnh đường huyết. | Hormon giúp cơ thể sử dụng glucose từ máu để tạo năng lượng. | Cung cấp insulin ngoại sinh để hạ glucose huyết. | Cơ chế tăng cường chuyển hóa glucose, giảm đường huyết. | Cung cấp insulin ngoại lai để duy trì chuyển hóa glucose. | Cung cấp insulin ngoại lai để điều chỉnh đường huyết. | Cung cấp insulin ngoại lai để duy trì chuyển hóa glucose. | Thay thế hormone insulin để giúp glucose vào tế bào, giảm nồng độ glucose máu. | Hormon giúp cơ thể sử dụng glucose từ máu để tạo năng lượng. | Cơ chế tăng cường chuyển hóa glucose, giảm đường huyết. | Ức chế phân giải glucose, tăng hấp thu glucose vào tế bào, giảm sản xuất axit beta-hydroxybutyric. | Cơ chế tăng cường chuyển hóa glucose, giảm đường huyết. | Hormon giúp cơ thể sử dụng glucose từ máu để tạo năng lượng.","https://web.archive.org/web/https://benhvienquynhon.gov.vn/tin-tuc/hoat-dong-cua-ttyt/dai-thao-duong-va-nhung-dieu-ban-can-biet/ | https://web.archive.org/web/https://benhviennhitrunguong.gov.vn/hoi-thao-xu-huong-dieu-tri-dai-thao-duong-tip-1-chung-ta-khong-the-dung-ngoai.html | https://benhviennhitrunguong.gov.vn/hoi-thao-xu-huong-dieu-tri-dai-thao-duong-tip-1-chung-ta-khong-the-dung-ngoai.html | https://web.archive.org/web/https://ttytiapa.gialai.gov.vn/van-ban/huong-dan-chan-doan-va-dieu-tri-benh-dai-thao-duong-tip-1-o-.html | https://web.archive.org/web/https://benhviendakhoasongma.gov.vn/bai-viet/hon-me-tang-ap-luc-tham-thau-do-dai-thao-duong-210 | https://benhviennhitrunguong.gov.vn/hoi-thao-xu-huong-dieu-tri-dai-thao-duong-tip-1-chung-ta-khong-the-dung-ngoai.html | https://web.archive.org/web/https://benhviennhitrunguong.gov.vn/hoi-thao-xu-huong-dieu-tri-dai-thao-duong-tip-1-chung-ta-khong-the-dung-ngoai.html | https://benhviennhitrunguong.gov.vn/hoi-thao-xu-huong-dieu-tri-dai-thao-duong-tip-1-chung-ta-khong-the-dung-ngoai.html | http://soyte.hatinh.gov.vn/tin-tuc-su-kien/thong-tin-y-te/luu-y-khi-dieu-tri-dai-thao-duong-type-1.html | https://syt.dongnai.gov.vn/vi/news/Suc-khoe-cong-dong/nhung-bien-chung-nguy-hiem-cua-benh-tieu-duong-2511.html | https://web.archive.org/web/https://syt.dongnai.gov.vn/vi/news/Suc-khoe-cong-dong/nhung-bien-chung-nguy-hiem-cua-benh-tieu-duong-2511.html | http://soyte.hatinh.gov.vn/tin-tuc-su-kien/thong-tin-y-te/luu-y-khi-dieu-tri-dai-thao-duong-type-1.html | https://benhviennhitrunguong.gov.vn/benh-dai-thao-duong-o-tre-em.html | https://web.archive.org/web/https://benhviennhitrunguong.gov.vn/benh-dai-thao-duong-o-tre-em.html | https://benhvienquynhon.gov.vn/tin-tuc/hoat-dong-cua-ttyt/dai-thao-duong-va-nhung-dieu-ban-can-biet/ | https://web.archive.org/web/https://benhviennhitrunguong.gov.vn/benh-dai-thao-duong-o-tre-em.html | https://web.archive.org/web/https://benhvienquynhon.gov.vn/tin-tuc/hoat-dong-cua-ttyt/dai-thao-duong-va-nhung-dieu-ban-can-biet/ | http://soyte.hatinh.gov.vn/tin-tuc-su-kien/thong-tin-y-te/luu-y-khi-dieu-tri-dai-thao-duong-type-1.html | https://benhviennhitrunguong.gov.vn/benh-dai-thao-duong-o-tre-em.html | https://web.archive.org/web/https://benhviennhitrunguong.gov.vn/benh-dai-thao-duong-o-tre-em.html | https://web.archive.org/web/http://soyte.hatinh.gov.vn/tin-tuc-su-kien/thong-tin-y-te/luu-y-khi-dieu-tri-dai-thao-duong-type-1.html | https://benhviennhitrunguong.gov.vn/benh-dai-thao-duong-o-tre-em.html | https://web.archive.org/web/https://benhviennhitrunguong.gov.vn/hoi-thao-xu-huong-dieu-tri-dai-thao-duong-tip-1-chung-ta-khong-the-dung-ngoai.html | https://web.archive.org/web/https://benhviennhitrunguong.gov.vn/benh-dai-thao-duong-o-tre-em.html | https://benhviennhitrunguong.gov.vn/hoi-thao-xu-huong-dieu-tri-dai-thao-duong-tip-1-chung-ta-khong-the-dung-ngoai.html | https://web.archive.org/web/https://vncdc.gov.vn/huong-dan-chan-doan-va-dieu-tri-benh-dai-thao-duong-tuyp-2-nd14582.html | https://chanthuongvacotsong.bachmai.gov.vn/huong-dan-chan-doan-va-dieu-tri-dai-thao-duong-type-2/ | https://web.archive.org/web/https://chanthuongvacotsong.bachmai.gov.vn/huong-dan-chan-doan-va-dieu-tri-dai-thao-duong-type-2/ | http://ttyt.tamduong.laichau.gov.vn/quan-ly-nha-nuoc/hoat-dong-doan-doi/dai-thao-duong-tuyp-2-nguyen-nhan-trieu-chung-chan-doan-va-d.html | https://web.archive.org/web/https://vncdc.gov.vn/huong-dan-chan-doan-va-dieu-tri-benh-dai-thao-duong-tuyp-2-nd14582.html | http://ttyt.tamduong.laichau.gov.vn/quan-ly-nha-nuoc/hoat-dong-doan-doi/dai-thao-duong-tuyp-2-nguyen-nhan-trieu-chung-chan-doan-va-d.html | https://web.archive.org/web/https://vncdc.gov.vn/huong-dan-chan-doan-va-dieu-tri-benh-dai-thao-duong-tuyp-2-nd14582.html | https://web.archive.org/web/https://vncdc.gov.vn/huong-dan-chan-doan-va-dieu-tri-benh-dai-thao-duong-tuyp-2-nd14582.html | http://ttyt.tamduong.laichau.gov.vn/quan-ly-nha-nuoc/hoat-dong-doan-doi/dai-thao-duong-tuyp-2-nguyen-nhan-trieu-chung-chan-doan-va-d.html | https://web.archive.org/web/http://ttyt.tamduong.laichau.gov.vn/quan-ly-nha-nuoc/hoat-dong-doan-doi/dai-thao-duong-tuyp-2-nguyen-nhan-trieu-chung-chan-doan-va-d.html | https://cdc.ninhbinh.gov.vn/tin-tuc-su-kien/benh-dai-thao-duong-va-cach-phong-ngua-benh2.html | https://web.archive.org/web/https://www.vinmec.com/vie/bai-viet/tong-quan-ve-benh-dai-thao-duong-vi | https://syt.dongnai.gov.vn/vi/news/Suc-khoe-cong-dong/nhung-bien-chung-nguy-hiem-cua-benh-tieu-duong-2511.html | https://web.archive.org/web/https://syt.dongnai.gov.vn/vi/news/Suc-khoe-cong-dong/nhung-bien-chung-nguy-hiem-cua-benh-tieu-duong-2511.html | https://syt.dongnai.gov.vn/vi/news/Suc-khoe-cong-dong/nhung-bien-chung-nguy-hiem-cua-benh-tieu-duong-2511.html | https://web.archive.org/web/https://vncdc.gov.vn/huong-dan-chan-doan-va-dieu-tri-benh-dai-thao-duong-tuyp-2-nd14582.html | https://web.archive.org/web/https://syt.dongnai.gov.vn/vi/news/Suc-khoe-cong-dong/nhung-bien-chung-nguy-hiem-cua-benh-tieu-duong-2511.html | https://web.archive.org/web/https://vncdc.gov.vn/huong-dan-chan-doan-va-dieu-tri-benh-dai-thao-duong-tuyp-2-nd14582.html | https://web.archive.org/web/http://bvthanhpho.ytethanhhoa.gov.vn/web/trang-chu/khoa-phong-chuc-nang/khoa-lam-sang/khoa-noi-nhi/benh-dai-thao-duong-va-dau-hieu-nhan-biet-benh-dai-thao-duong.html | https://web.archive.org/web/https://benhviennhitrunguong.gov.vn/benh-dai-thao-duong-o-tre-em.html | https://web.archive.org/web/https://www.benhviendakhoasongma.gov.vn/bai-viet/benh-dai-thao-duong-220 | https://benhviennhitrunguong.gov.vn/benh-dai-thao-duong-o-tre-em.html | https://web.archive.org/web/https://vncdc.gov.vn/huong-dan-chan-doan-va-dieu-tri-benh-dai-thao-duong-tuyp-2-nd14582.html | https://chanthuongvacotsong.bachmai.gov.vn/huong-dan-chan-doan-va-dieu-tri-dai-thao-duong-type-2/ | https://web.archive.org/web/https://chanthuongvacotsong.bachmai.gov.vn/huong-dan-chan-doan-va-dieu-tri-dai-thao-duong-type-2/ | https://web.archive.org/web/https://vncdc.gov.vn/huong-dan-chan-doan-va-dieu-tri-benh-dai-thao-duong-tuyp-2-nd14582.html | https://web.archive.org/web/https://vncdc.gov.vn/huong-dan-chan-doan-va-dieu-tri-benh-dai-thao-duong-tuyp-2-nd14582.html | https://web.archive.org/web/https://benhviennhitrunguong.gov.vn/benh-dai-thao-duong-o-tre-em.html | https://www.vinmec.com/vie/bai-viet/tong-quan-ve-benh-dai-thao-duong-vi | https://benhviennhitrunguong.gov.vn/benh-dai-thao-duong-o-tre-em.html | https://chanthuongvacotsong.bachmai.gov.vn/huong-dan-chan-doan-va-dieu-tri-dai-thao-duong-type-2/ | https://web.archive.org/web/https://chanthuongvacotsong.bachmai.gov.vn/huong-dan-chan-doan-va-dieu-tri-dai-thao-duong-type-2/ | https://chanthuongvacotsong.bachmai.gov.vn/huong-dan-chan-doan-va-dieu-tri-dai-thao-duong-type-2/ | https://sti.vista.gov.vn/publication/view/a89fbc66bf10ab8ca38c2d64abf8f338-4b52a78cc238d65e911a803b4659b844-318299.html | https://web.archive.org/web/https://sti.vista.gov.vn/publication/view/a89fbc66bf10ab8ca38c2d64abf8f338-4b52a78cc238d65e911a803b4659b844-318299.html | https://web.archive.org/web/https://chanthuongvacotsong.bachmai.gov.vn/huong-dan-chan-doan-va-dieu-tri-dai-thao-duong-type-2/ | https://benhviennhitrunguong.gov.vn/benh-dai-thao-duong-o-tre-em.html"
"159","DRUG_8c1ec4fa9e","Drug","Sitagliptin","Không phù hợp với bệnh nhân đái tháo đường típ 1.","Không được sử dụng trong đái tháo đường típ 1 do không có tác dụng.","Ức chế enzyme DPP-4, tăng mức GLP-1 để điều hòa glucose.","https://web.archive.org/web/https://ttytiapa.gialai.gov.vn/van-ban/huong-dan-chan-doan-va-dieu-tri-benh-dai-thao-duong-tip-1-o-.html"
"160","DRUG_8c80da56d1","Drug","PCSK9i","Liều lượng không được nêu rõ trong văn bản, thường dùng liều khởi đầu 75-150 mg/tháng. | Liều lượng không được nêu rõ trong văn bản, nhưng thường dùng liều khởi đầu thấp và tăng dần theo hướng dẫn. | Liều lượng không được nêu rõ trong văn bản, nhưng thường dùng liều duy trì theo hướng dẫn.","Phối hợp với statin và ezetimibe để kiểm soát LDL-C ở bệnh nhân nguy cơ cao. | Phối hợp với statin và ezetimibe để kiểm soát LDL-C ở người có nguy cơ tim mạch cao. | Phối hợp với statin và ezetimibe để kiểm soát LDL-C ở người có nguy cơ cao.","Ức chế protein PCSK9, làm tăng mức độ LDL receptor trên gan, tăng đào thải LDL-C. | Ức chế protein PCSK9, làm tăng mức độ LDL receptor trên gan, giúp loại bỏ LDL-C hiệu quả hơn. | Ức chế protein PCSK9, làm tăng mức độ LDL receptor trên gan, tăng loại bỏ LDL-C.","https://bachmai.gov.vn/bai-viet/doi-moi-tu-duy-dieu-tri-dai-thao-duong-typ-2-va-chien-luoc-kiem-soat-toan-dien-bien-chung-than-kinh?id=090463d0-4515-40c8-919c-8bebc41e2c01 | https://web.archive.org/web/https://bachmai.gov.vn/bai-viet/doi-moi-tu-duy-dieu-tri-dai-thao-duong-typ-2-va-chien-luoc-kiem-soat-toan-dien-bien-chung-than-kinh?id=090463d0-4515-40c8-919c-8bebc41e2c01 | https://bachmai.gov.vn/bai-viet/doi-moi-tu-duy-dieu-tri-dai-thao-duong-typ-2-va-chien-luoc-kiem-soat-toan-dien-bien-chung-than-kinh?id=090463d0-4515-40c8-919c-8bebc41e2c01"
"161","DRUG_8cd8f44bba","Drug","Theophyllin","Dạng uống hoặc tiêm tĩnh mạch, dùng khi cần kiểm soát cấp tính.","Giảm co thắt phế quản và chống viêm nhẹ.","Ức chế enzym phosphodiesterase, tăng cGMP để giãn cơ trơn.","https://www.vinmec.com/vie/benh/hen-phe-quan-2949"
"162","DRUG_8fe0e02284","Drug","Insulin tiêm dưới da","Liều lượng tùy theo cân nặng, tuổi và mức đường huyết.","Điều trị ĐTĐ típ 1 với liều lượng linh hoạt.","Cung cấp Insulin ngoại sinh theo thời gian và liều lượng được điều chỉnh.","https://benhviennhitrunguong.gov.vn/hoi-thao-xu-huong-dieu-tri-dai-thao-duong-tip-1-chung-ta-khong-the-dung-ngoai.html"
"163","DRUG_904bb41fb2","Drug","Insulin liên tục","Liều lượng tùy theo cân nặng, tuổi và mức đường huyết.","Điều trị ĐTĐ típ 1 với độ chính xác cao hơn.","Cung cấp Insulin theo thời gian và liều lượng được lập trình sẵn.","https://benhviennhitrunguong.gov.vn/hoi-thao-xu-huong-dieu-tri-dai-thao-duong-tip-1-chung-ta-khong-the-dung-ngoai.html"
"164","DRUG_91a709e964","Drug","ARB","Liều lượng không được nêu rõ trong văn bản. | Liều lượng không được nêu cụ thể trong văn bản.","Điều trị tăng huyết áp.","Ức chế thụ thể angiotensin II, làm giảm co mạch và tăng lưu lượng máu.","https://chanthuongvacotsong.bachmai.gov.vn/cao-huyet-ap-am-tham-ma-rat-hiem/"
"165","DRUG_9298dacd5f","Drug","Thuốc lợi tiểu","Cần tuân thủ chỉ định của bác sĩ, không tự ý bỏ thuốc. | Cần phối hợp với thuốc hạ áp để đạt hiệu quả tốt nhất.","Giảm ứ dịch trong cơ thể, giảm gánh nặng cho tim. | Giúp thải nước dư thừa, giảm huyết áp.","Tăng đào thải nước và muối qua thận, làm giảm lượng dịch trong khoang. | Tăng đào thải nước và muối qua thận. | Tăng đào thải nước và muối qua thận, giảm thể tích máu và huyết áp.","https://bachmai.gov.vn/bai-viet/nhan-biet-dieu-tri-va-cham-soc-nguoi-benh-suy-tim?id=f55f8d26-9341-41d6-a243-00f543335069 | https://web.archive.org/web/https://bachmai.gov.vn/bai-viet/nhan-biet-dieu-tri-va-cham-soc-nguoi-benh-suy-tim?id=f55f8d26-9341-41d6-a243-00f543335069 | https://www.vinmec.com/vie/bai-viet/dieu-tri-tang-huyet-ap-kem-suy-man-vi"
"166","DRUG_9582657078","Drug","Thuốc kháng sinh","Có thể gây tổn thương thận nếu không dùng đúng chỉ định và liều lượng. | Có thể làm nặng thêm tổn thương thận nếu không được chỉ định đúng. | Có thể làm nặng thêm biến chứng thận nếu không được bác sĩ hướng dẫn. | Cần hỏi ý kiến bác sĩ trước khi dùng vì có thể làm biến chứng thận nặng lên. | Có thể làm biến chứng thận nặng lên nếu dùng không đúng chỉ định. | Có thể làm nặng thêm tổn thương thận nếu không dùng đúng chỉ định. | Liều lượng tùy theo loại thuốc và độ tuổi, thường dùng 2 - 4 tuần. | Không mô tả","Điều trị nhiễm trùng đi kèm. | Điều trị nhiễm trùng. | Điều trị nhiễm trùng, nhưng có thể làm nặng biến chứng thận. | Điều trị nhiễm trùng đi kèm. | Điều trị nhiễm trùng | Dùng khi có nhiễm trùng kèm theo cơn hen cấp. | Điều trị nhiễm trùng đường hô hấp.","Không rõ trong văn bản, nhưng có thể gây tổn thương thận khi dùng không đúng chỉ định. | Không rõ cơ chế gây tổn thương thận, nhưng tác dụng phụ trên thận được ghi nhận. | Không rõ trong bài, nhưng có thể gây tổn thương thận khi dùng không đúng. | Giảm vi khuẩn gây viêm, ngăn ngừa biến chứng. |","https://web.archive.org/web/https://benhvientinh.caobang.gov.vn/index.php/vi/news/tin-tuc-su-kien/bien-chung-than-do-dai-thao-duong-6-dieu-nguoi-benh-phai-chu-y-710.html | https://benhvientinh.caobang.gov.vn/index.php/vi/news/tin-tuc-su-kien/bien-chung-than-do-dai-thao-duong-6-dieu-nguoi-benh-phai-chu-y-710.html | https://benhvientinh.caobang.gov.vn/index.php/vi/news/tin-tuc-su-kien/bien-chung-than-do-dai-thao-duong-6-dieu-nguoi-benh-phai-chu-y-710.html | https://benhvientinh.caobang.gov.vn/index.php/vi/news/tin-tuc-su-kien/bien-chung-than-do-dai-thao-duong-6-dieu-nguoi-benh-phai-chu-y-710.html | https://benhvientinh.caobang.gov.vn/index.php/vi/news/tin-tuc-su-kien/bien-chung-than-do-dai-thao-duong-6-dieu-nguoi-benh-phai-chu-y-710.html | https://web.archive.org/web/https://benhvientinh.caobang.gov.vn/index.php/vi/news/tin-tuc-su-kien/bien-chung-than-do-dai-thao-duong-6-dieu-nguoi-benh-phai-chu-y-710.html | https://web.archive.org/web/https://benhviennhitrunguong.gov.vn/tag/hen-phe-quan | https://web.archive.org/web/https://bachmai.gov.vn/tin-chi-tiet/-/bai-viet/huong-dan-su-dung-thuoc-hit-xit-o-nguoi-mac-benh-phoi-man-tinh-8626-146.html"
"167","DRUG_9712d583cf","Drug","Clarithromycin","Liều lượng không được nêu trong bài viết.","Điều trị nhiễm khuẩn hô hấp.","Thuốc kháng sinh nhóm macrolide, ức chế tổng hợp protein vi khuẩn. | Kháng sinh nhóm macrolide, ức chế tổng hợp protein vi khuẩn.","https://web.archive.org/web/https://bachmai.gov.vn/bai-viet/benh-phoi-tac-nghen-man-tinh-hieu-dung-phong-ngua-va-phat-hien-som-cung-chuyen-gia-benh-vien-bach-mai?id=bef483aa-6fde-433a-b2e8-b373eb7903a6"
"168","DRUG_994de254ad","Drug","Không đề cập thuốc cụ thể","Nghiên cứu tập trung vào đặc điểm lâm sàng và cận lâm sàng, không đề cập đến điều trị cụ thể.","Không có thông tin về chỉ định thuốc trong nghiên cứu này.","Không có cơ chế tác dụng được nêu rõ.","https://nsti.vista.gov.vn/publication/view/nghien-cuu-dac-diem-lam-sang-can-lam-sang-va-danh-gia-bien-chung-than-o-benh-nhan-dai-thao-duong-type-2-tai-khoa-noi-3-benh-vien-huu-nghi-viet-tiep-hai-phong-350723.html"
"169","DRUG_9d4b3ec44d","Drug","Thuốc Flixotide","Liều lượng theo chỉ định bác sĩ, dùng thường xuyên để kiểm soát.","Dùng điều trị hen phế quản và COPD để kiểm soát triệu chứng.","Corticosteroid dạng khí dung, ức chế viêm đường thở.","https://www.vinmec.com/vie/bai-viet/lam-nao-de-chan-doan-hen-phe-quan-vi"
"170","DRUG_9d5829358d","Drug","Clopidogrel","Sử dụng kéo dài trong điều trị, nhưng có liên quan đến tăng nguy cơ biến cố tim mạch ở bệnh nhân đái tháo đường. | Sử dụng kéo dài trong nghiên cứu từ 01/01/2016 đến 01/02/2019. | Sử dụng kéo dài trong nghiên cứu từ 01/01/2016 đến 01/02/2019. | Sử dụng kéo dài trong điều trị cho bệnh nhân đái tháo đường tại BVĐKQTHP từ 01/01/2016 đến 01/02/2019. | Sử dụng kéo dài trong điều trị bệnh nhân đái tháo đường.","Điều trị phòng ngừa sự kiện tim mạch ở bệnh nhân đái tháo đường. | Chống đông máu, điều trị sau nhồi máu cơ tim hoặc đột quỵ. | Chống đông máu, điều trị sau nhồi máu cơ tim hoặc đột quỵ. | Chỉ định điều trị phòng ngừa sự kiện tim mạch ở bệnh nhân sau phẫu thuật hoặc có tiền sử bệnh mạch vành.","Chất ức chế chọn lọc P2Y12, ngăn chặn hoạt hóa tiểu cầu và giảm nguy cơ hình thành cục máu đông. | Ức chế chọn lọc P2Y12 trên tiểu cầu, ngăn ngừa tập kết tiểu cầu. | Ức chế chọn lọc P2Y12 trên tiểu cầu, ngăn ngừa tập kết tiểu cầu. | Ức chế chọn lọc yếu tố IIa của chuỗi đông máu, làm giảm nguy cơ hình thành cục máu đông.","https://web.archive.org/web/http://www.tapchiyhocduphong.vn/tap-chi-y-hoc-du-phong/2019/09/nguy-co-bien-co-tim-mach-o-benh-nhan-su-dung-clopidogrel-mac-va-khong-mac-dai-th-o81E2084E.html"
"171","DRUG_9f18ea8a7c","Drug","Pregabalin","Thuốc đầu tay trong điều trị đau thần kinh, được chứng minh hiệu quả và an toàn trên bệnh nhân ĐTĐ. | Thuốc điều trị đầu tay theo nhiều hướng dẫn điều trị đau thần kinh. | Thuốc điều trị đầu tay trong nhiều hướng dẫn điều trị đau thần kinh. | Thuốc đầu tay trong điều trị đau thần kinh, được chứng minh hiệu quả, dung nạp và an toàn trên bệnh nhân ĐTĐ. | Thuốc điều trị đầu tay trong nhiều hướng dẫn điều trị đau thần kinh. | Thuốc đầu tay trong điều trị đau thần kinh, được chứng minh hiệu quả, dung nạp và an toàn trên bệnh nhân ĐTĐ. | Thuốc đầu tay trong điều trị đau thần kinh ngoại biên, được chứng minh hiệu quả và an toàn trên bệnh nhân ĐTĐ. | Thuốc điều trị đầu tay theo nhiều hướng dẫn điều trị đau thần kinh. | Khuyến cáo là thuốc điều trị đầu tay trong nhiều hướng dẫn điều trị đau thần kinh. | Thuốc điều trị đầu tay theo nhiều hướng dẫn điều trị đau thần kinh. | Thuốc đầu tay trong điều trị đau thần kinh ngoại biên theo nhiều hướng dẫn. | Thuốc điều trị đầu tay theo nhiều hướng dẫn điều trị đau thần kinh. | Thuốc đầu tay trong điều trị đau thần kinh, được chứng minh hiệu quả, dung nạp và an toàn trên bệnh nhân ĐTĐ. | Thuốc đầu tay trong điều trị đau thần kinh, được chứng minh hiệu quả, dung nạp và an toàn trên bệnh nhân ĐTĐ. | Thuốc điều trị đầu tay trong nhiều hướng dẫn điều trị đau thần kinh.","Điều trị đau thần kinh ngoại biên. | Điều trị đau thần kinh ngoại biên. | Điều trị đau thần kinh ngoại biên do ĐTĐ. | Điều trị đau thần kinh ngoại biên do ĐTĐ. | Điều trị đau thần kinh ngoại biên. | Điều trị đau thần kinh ngoại biên.","Giảm đau thần kinh bằng cách tác động lên hệ thống thần kinh trung ương. | Giảm đau triệu chứng, dung nạp và an toàn trên bệnh nhân ĐTĐ. | Giảm đau thần kinh hiệu quả, dung nạp và an toàn trên bệnh nhân ĐTĐ. | Giảm đau triệu chứng và cải thiện chất lượng sống. | Giảm đau thần kinh hiệu quả, an toàn và dung nạp tốt trên bệnh nhân ĐTĐ. | Giảm đau triệu chứng và cải thiện chất lượng sống. | Giảm đau thần kinh bằng cơ chế ức chế kênh canxi và giảm kích thích thần kinh. | Giảm đau thần kinh ngoại biên thông qua cơ chế tác động lên hệ thần kinh trung ương. | Giảm đau thần kinh hiệu quả, dung nạp và an toàn trên bệnh nhân ĐTĐ. | Giảm đau triệu chứng, dung nạp và an toàn trên bệnh nhân ĐTĐ. | Giảm đau thần kinh hiệu quả, an toàn và dung nạp tốt trên bệnh nhân ĐTĐ. | Giảm đau triệu chứng, dung nạp và an toàn trên bệnh nhân ĐTĐ. | Giảm đau thần kinh hiệu quả, an toàn và dung nạp tốt trên bệnh nhân ĐTĐ. | Giảm đau triệu chứng và cải thiện chất lượng sống. | Giảm đau triệu chứng, đã được chứng minh hiệu quả và an toàn trên bệnh nhân ĐTĐ. | Giảm đau thần kinh hiệu quả, dung nạp và an toàn trên bệnh nhân ĐTĐ. | Giảm đau triệu chứng và cải thiện chất lượng sống.","https://bachmai.gov.vn/bai-viet/dai-thao-duong-bien-chung-tim-mach-va-than-kinh-ngoai-bien-sat-thu-tham-lang?id=994f4df4-95c1-4760-8aee-8d07a69f9fe1 | https://web.archive.org/web/https://bachmai.gov.vn/bai-viet/dai-thao-duong-bien-chung-tim-mach-va-than-kinh-ngoai-bien-sat-thu-tham-lang?id=994f4df4-95c1-4760-8aee-8d07a69f9fe1 | https://bachmai.gov.vn/bai-viet/dai-thao-duong-bien-chung-tim-mach-va-than-kinh-ngoai-bien-sat-thu-tham-lang?id=994f4df4-95c1-4760-8aee-8d07a69f9fe1 | https://web.archive.org/web/https://chanthuongvacotsong.bachmai.gov.vn/dai-thao-duong-bien-chung-tim-mach-va-than-kinh-ngoai-bien-sat-thu-tham-lang/ | https://web.archive.org/web/https://bachmai.gov.vn/bai-viet/dai-thao-duong-bien-chung-tim-mach-va-than-kinh-ngoai-bien-sat-thu-tham-lang?id=994f4df4-95c1-4760-8aee-8d07a69f9fe1 | https://bachmai.gov.vn/bai-viet/dai-thao-duong-bien-chung-tim-mach-va-than-kinh-ngoai-bien-sat-thu-tham-lang?id=994f4df4-95c1-4760-8aee-8d07a69f9fe1 | https://web.archive.org/web/https://bachmai.gov.vn/bai-viet/dai-thao-duong-bien-chung-tim-mach-va-than-kinh-ngoai-bien-sat-thu-tham-lang?id=994f4df4-95c1-4760-8aee-8d07a69f9fe1 | https://bachmai.gov.vn/bai-viet/dai-thao-duong-bien-chung-tim-mach-va-than-kinh-ngoai-bien-sat-thu-tham-lang?id=994f4df4-95c1-4760-8aee-8d07a69f9fe1 | https://bachmai.gov.vn/bai-viet/dai-thao-duong-bien-chung-tim-mach-va-than-kinh-ngoai-bien-sat-thu-tham-lang?id=994f4df4-95c1-4760-8aee-8d07a69f9fe1 | https://chanthuongvacotsong.bachmai.gov.vn/dai-thao-duong-bien-chung-tim-mach-va-than-kinh-ngoai-bien-sat-thu-tham-lang/ | https://web.archive.org/web/https://bachmai.gov.vn/bai-viet/dai-thao-duong-bien-chung-tim-mach-va-than-kinh-ngoai-bien-sat-thu-tham-lang?id=994f4df4-95c1-4760-8aee-8d07a69f9fe1 | https://bachmai.gov.vn/bai-viet/dai-thao-duong-bien-chung-tim-mach-va-than-kinh-ngoai-bien-sat-thu-tham-lang?id=994f4df4-95c1-4760-8aee-8d07a69f9fe1 | https://bachmai.gov.vn/bai-viet/dai-thao-duong-bien-chung-tim-mach-va-than-kinh-ngoai-bien-sat-thu-tham-lang?id=994f4df4-95c1-4760-8aee-8d07a69f9fe1 | https://web.archive.org/web/https://bachmai.gov.vn/bai-viet/dai-thao-duong-bien-chung-tim-mach-va-than-kinh-ngoai-bien-sat-thu-tham-lang?id=994f4df4-95c1-4760-8aee-8d07a69f9fe1 | https://bachmai.gov.vn/bai-viet/dai-thao-duong-bien-chung-tim-mach-va-than-kinh-ngoai-bien-sat-thu-tham-lang?id=994f4df4-95c1-4760-8aee-8d07a69f9fe1 | https://web.archive.org/web/https://bachmai.gov.vn/bai-viet/dai-thao-duong-bien-chung-tim-mach-va-than-kinh-ngoai-bien-sat-thu-tham-lang?id=994f4df4-95c1-4760-8aee-8d07a69f9fe1"
"172","DRUG_9fe49e5ca3","Drug","Natriclorua 0,45%","Truyền 250-500ml/giờ, kết hợp với glucose 5% khi glucose máu đạt 15-16 mmol/l.","Điều chỉnh điện giải và bù nước khi glucose máu giảm.","Cung cấp natri và nước để điều chỉnh cân bằng điện giải.","https://web.archive.org/web/https://benhviendakhoasongma.gov.vn/bai-viet/hon-me-tang-ap-luc-tham-thau-do-dai-thao-duong-210"
"173","DRUG_a0047978ba","Drug","Thuốc Turbuhaler","Liều lượng theo chỉ định, dùng thường xuyên để kiểm soát.","Điều trị hen phế quản và COPD.","Corticosteroid dạng bột khô, ức chế viêm đường thở.","https://www.vinmec.com/vie/bai-viet/lam-nao-de-chan-doan-hen-phe-quan-vi"
"174","DRUG_a047ac8bf6","Drug","Kháng IgE","Phương pháp mới, đắt tiền, chưa phổ biến tại Việt Nam.","Điều trị hen dị ứng trung bình đến nặng ở người từ 12 tuổi trở lên.","Ngăn chặn kháng thể gây phản ứng dị ứng. | Ngăn chặn kháng thể gây phản ứng dị ứng (IgE).","https://benhviennhitrunguong.gov.vn/loi-khuyen-cua-cac-chuyen-gia-di-ung-ve-benh-hen-2.html | https://web.archive.org/web/https://benhviennhitrunguong.gov.vn/loi-khuyen-cua-cac-chuyen-gia-di-ung-ve-benh-hen-2.html"
"175","DRUG_a190308957","Drug","Jardiance","Liều lượng thường dùng: 10 mg mỗi ngày, uống cùng bữa ăn.","Chỉ định điều trị đái tháo đường kèm suy chức năng thận hoặc tăng huyết áp.","Ức chế tái hấp thu glucose ở ống thận, giảm lượng glucose bài tiết vào nước tiểu.","https://www.vinmec.com/vie/bai-viet/tong-quan-ve-benh-dai-thao-duong-vi"
"176","DRUG_a6f8fad67b","Drug","Pioglitazone","Không phù hợp với bệnh nhân đái tháo đường típ 1. | Liều lượng không áp dụng cho ĐTĐ típ 1.","Không được sử dụng trong đái tháo đường típ 1 do không có tác dụng. | Không được sử dụng trong ĐTĐ típ 1.","Tăng nhạy cảm insulin ở cơ và mô mỡ. | Tăng nhạy cảm Insulin ở mô cơ và gan.","https://web.archive.org/web/https://ttytiapa.gialai.gov.vn/van-ban/huong-dan-chan-doan-va-dieu-tri-benh-dai-thao-duong-tip-1-o-.html | https://benhviennhitrunguong.gov.vn/hoi-thao-xu-huong-dieu-tri-dai-thao-duong-tip-1-chung-ta-khong-the-dung-ngoai.html"
"177","DRUG_a9a80ace57","Drug","Statin","Liều lượng không được nêu rõ trong văn bản, nhưng thường dùng liều khởi đầu thấp và tăng dần theo phân tầng nguy cơ. | Liều lượng không được nêu rõ trong văn bản, thường dùng liều khởi đầu 10-40 mg/ngày. | Khuyến cáo đầu tay trong điều trị rối loạn lipid máu; cần dùng kèm theo giám sát tác dụng phụ như tổn thương cơ và gan. | Khuyến cáo đầu tay trong điều trị rối loạn lipid máu, kiểm soát LDL-C, và phòng ngừa tiên phát, thứ phát các biến cố tim mạch bất lợi lớn. | Khuyến cáo đầu tay trong điều trị rối loạn lipid máu; cần cân nhắc kỹ lưỡng do tác dụng phụ như tổn thương cơ và gan. | Khuyến cáo đầu tay trong điều trị rối loạn lipid máu; cần dùng kèm theo giám sát tác dụng phụ như tổn thương cơ và gan. | Khuyến cáo đầu tay trong điều trị rối loạn lipid máu; cần dùng kèm theo giám sát tác dụng phụ như tổn thương cơ, gan và tương tác thuốc. | Khuyến cáo đầu tay trong điều trị rối loạn lipid máu; cần cân nhắc tác dụng phụ như tổn thương cơ và gan. | Khuyến cáo đầu tay trong điều trị rối loạn lipid máu; cần dùng kèm theo giám sát tác dụng phụ như tổn thương cơ, gan và tương tác thuốc. | Khuyến cáo đầu tay trong điều trị rối loạn lipid máu, cần dùng kèm theo giám sát chặt chẽ để tránh tác dụng phụ như tổn thương cơ và gan. | Khuyến cáo đầu tay trong điều trị rối loạn lipid máu; cần dùng kèm theo giám sát tác dụng phụ như tổn thương cơ, gan và tương tác thuốc. | Khuyến cáo đầu tay trong điều trị rối loạn lipid máu, cần cân nhắc kỹ lưỡng với từng đối tượng bệnh nhân để tối ưu hiệu quả và giảm thiểu tác dụng phụ. | Khuyến cáo đầu tay trong điều trị rối loạn lipid máu; cần cân nhắc kỹ lưỡng do tác dụng phụ như tổn thương cơ và gan. | Khuyến cáo đầu tay trong điều trị rối loạn lipid máu, cần dùng kèm theo giám sát tác dụng phụ như tổn thương cơ và gan. | Khuyến cáo đầu tay trong điều trị rối loạn lipid máu, dùng lâu dài để phòng ngừa tiên phát/ thứ phát. | Khuyến cáo đầu tay trong điều trị rối loạn lipid máu, cần dùng kèm theo giám sát tác dụng phụ như tổn thương cơ và gan. | Liều lượng không được nêu rõ trong văn bản, nhưng thường dùng liều khởi đầu theo phân tầng nguy cơ. | Khuyến cáo đầu tay trong điều trị rối loạn lipid máu, cần dùng kèm theo giám sát tác dụng phụ. | Khuyến cáo đầu tay trong điều trị rối loạn lipid máu; cần dùng kèm theo giám sát tác dụng phụ như tổn thương cơ, gan và tương tác thuốc. | Khuyến cáo đầu tay trong điều trị rối loạn lipid máu; cần dùng kèm theo giám sát tác dụng phụ như tổn thương cơ, gan và tương tác thuốc. | Khuyến cáo đầu tay trong điều trị rối loạn lipid máu; cần cân nhắc tác dụng phụ như tổn thương cơ và gan.","Điều trị rối loạn lipid máu, kiểm soát LDL-C, phòng ngừa biến cố tim mạch. | Kiểm soát LDL-C, phòng ngừa biến chứng tim mạch. | Kiểm soát LDL-C, phòng ngừa biến chứng tim mạch ở người đái tháo đường. | Điều trị rối loạn lipid máu, kiểm soát LDL-C, phòng ngừa biến cố tim mạch. | Điều trị rối loạn lipid máu, kiểm soát LDL-C, phòng ngừa biến cố tim mạch tiên phát và thứ phát. | Điều trị rối loạn lipid máu, kiểm soát LDL-C, phòng ngừa biến cố tim mạch. | Điều trị rối loạn lipid máu, kiểm soát LDL-C, phòng ngừa biến cố tim mạch. | Điều trị rối loạn lipid máu, kiểm soát LDL-C, phòng ngừa biến cố tim mạch. | Điều trị rối loạn lipid máu, kiểm soát LDL-C, phòng ngừa biến cố tim mạch. | Điều trị rối loạn lipid máu, kiểm soát LDL-C, phòng ngừa biến cố tim mạch tiên phát và thứ phát. | Điều trị rối loạn lipid máu, kiểm soát LDL-C, phòng ngừa tiên phát và thứ phát các biến cố tim mạch. | Điều trị rối loạn lipid máu, kiểm soát LDL-C, phòng ngừa biến cố tim mạch. | Điều trị rối loạn lipid máu, kiểm soát LDL-C, phòng ngừa biến cố tim mạch. | Kiểm soát LDL-C, giảm nguy cơ biến cố tim mạch ở người đái tháo đường. | Điều trị rối loạn lipid máu, kiểm soát LDL-C, phòng ngừa biến cố tim mạch.","Giảm cholesterol máu, giảm nguy cơ nhồi máu cơ tim và đột quỵ. | Ức chế enzyme HMG-CoA reductase, làm giảm tổng hợp cholesterol nội sinh. | Giảm cholesterol máu, giảm nguy cơ biến cố tim mạch. | Giảm cholesterol máu và giảm nguy cơ biến cố tim mạch. | Giảm cholesterol máu và giảm nguy cơ biến cố tim mạch. | Giảm cholesterol máu và giảm nguy cơ biến cố tim mạch. | Giảm cholesterol máu và giảm nguy cơ biến cố tim mạch. | Giảm cholesterol máu và giảm nguy cơ biến cố tim mạch. | Giảm cholesterol máu và giảm nguy cơ biến cố tim mạch. | Giảm cholesterol máu, giảm nguy cơ biến cố tim mạch. | Ức chế enzyme HMG-CoA reductase, làm giảm tổng hợp cholesterol nội sinh. | Giảm cholesterol máu và giảm nguy cơ biến cố tim mạch. | Giảm cholesterol máu và giảm nguy cơ biến cố tim mạch.","https://web.archive.org/web/https://bachmai.gov.vn/bai-viet/doi-moi-tu-duy-dieu-tri-dai-thao-duong-typ-2-va-chien-luoc-kiem-soat-toan-dien-bien-chung-than-kinh?id=090463d0-4515-40c8-919c-8bebc41e2c01 | https://bachmai.gov.vn/bai-viet/doi-moi-tu-duy-dieu-tri-dai-thao-duong-typ-2-va-chien-luoc-kiem-soat-toan-dien-bien-chung-than-kinh?id=090463d0-4515-40c8-919c-8bebc41e2c01 | https://bachmai.gov.vn/bai-viet/dai-thao-duong-bien-chung-tim-mach-va-than-kinh-ngoai-bien-sat-thu-tham-lang?id=994f4df4-95c1-4760-8aee-8d07a69f9fe1 | https://web.archive.org/web/https://bachmai.gov.vn/bai-viet/dai-thao-duong-bien-chung-tim-mach-va-than-kinh-ngoai-bien-sat-thu-tham-lang?id=994f4df4-95c1-4760-8aee-8d07a69f9fe1 | https://bachmai.gov.vn/bai-viet/dai-thao-duong-bien-chung-tim-mach-va-than-kinh-ngoai-bien-sat-thu-tham-lang?id=994f4df4-95c1-4760-8aee-8d07a69f9fe1 | https://web.archive.org/web/https://chanthuongvacotsong.bachmai.gov.vn/dai-thao-duong-bien-chung-tim-mach-va-than-kinh-ngoai-bien-sat-thu-tham-lang/ | https://web.archive.org/web/https://bachmai.gov.vn/bai-viet/dai-thao-duong-bien-chung-tim-mach-va-than-kinh-ngoai-bien-sat-thu-tham-lang?id=994f4df4-95c1-4760-8aee-8d07a69f9fe1 | https://bachmai.gov.vn/bai-viet/dai-thao-duong-bien-chung-tim-mach-va-than-kinh-ngoai-bien-sat-thu-tham-lang?id=994f4df4-95c1-4760-8aee-8d07a69f9fe1 | https://web.archive.org/web/https://bachmai.gov.vn/bai-viet/dai-thao-duong-bien-chung-tim-mach-va-than-kinh-ngoai-bien-sat-thu-tham-lang?id=994f4df4-95c1-4760-8aee-8d07a69f9fe1 | https://bachmai.gov.vn/bai-viet/dai-thao-duong-bien-chung-tim-mach-va-than-kinh-ngoai-bien-sat-thu-tham-lang?id=994f4df4-95c1-4760-8aee-8d07a69f9fe1 | https://bachmai.gov.vn/bai-viet/dai-thao-duong-bien-chung-tim-mach-va-than-kinh-ngoai-bien-sat-thu-tham-lang?id=994f4df4-95c1-4760-8aee-8d07a69f9fe1 | https://chanthuongvacotsong.bachmai.gov.vn/dai-thao-duong-bien-chung-tim-mach-va-than-kinh-ngoai-bien-sat-thu-tham-lang/ | https://web.archive.org/web/https://bachmai.gov.vn/bai-viet/dai-thao-duong-bien-chung-tim-mach-va-than-kinh-ngoai-bien-sat-thu-tham-lang?id=994f4df4-95c1-4760-8aee-8d07a69f9fe1 | https://bachmai.gov.vn/bai-viet/dai-thao-duong-bien-chung-tim-mach-va-than-kinh-ngoai-bien-sat-thu-tham-lang?id=994f4df4-95c1-4760-8aee-8d07a69f9fe1 | https://bachmai.gov.vn/bai-viet/dai-thao-duong-bien-chung-tim-mach-va-than-kinh-ngoai-bien-sat-thu-tham-lang?id=994f4df4-95c1-4760-8aee-8d07a69f9fe1 | https://bachmai.gov.vn/bai-viet/doi-moi-tu-duy-dieu-tri-dai-thao-duong-typ-2-va-chien-luoc-kiem-soat-toan-dien-bien-chung-than-kinh?id=090463d0-4515-40c8-919c-8bebc41e2c01 | https://web.archive.org/web/https://bachmai.gov.vn/bai-viet/dai-thao-duong-bien-chung-tim-mach-va-than-kinh-ngoai-bien-sat-thu-tham-lang?id=994f4df4-95c1-4760-8aee-8d07a69f9fe1 | https://bachmai.gov.vn/bai-viet/dai-thao-duong-bien-chung-tim-mach-va-than-kinh-ngoai-bien-sat-thu-tham-lang?id=994f4df4-95c1-4760-8aee-8d07a69f9fe1 | https://web.archive.org/web/https://bachmai.gov.vn/bai-viet/dai-thao-duong-bien-chung-tim-mach-va-than-kinh-ngoai-bien-sat-thu-tham-lang?id=994f4df4-95c1-4760-8aee-8d07a69f9fe1"
"178","DRUG_aba1054d29","Drug","Amlodipine","Liều ban đầu: 5 mg/ngày; liều duy trì: 2,5-10 mg/ngày. | Liều ban đầu: 5 mg; liều duy trì: 2.5-10 mg/ngày. | Liều ban đầu: 5 mg; liều duy trì: 2.5-10 mg/ngày. | Liều ban đầu: 5 mg/ngày; liều duy trì: 2,5-10 mg/ngày. | Liều ban đầu: 5 mg; liều duy trì: 2,5-10 mg/ngày. | Liều ban đầu: 5 mg; Liều duy trì: 2.5-10 mg/ngày. | Liều ban đầu: 5 mg; liều duy trì: 2,5-10 mg/ngày.","Dùng cho tăng huyết áp độ 1 và trên, đặc biệt ở người cao tuổi. | Dùng cho tăng huyết áp độ 1 và kháng trị. | Dùng cho tăng huyết áp độ 1 và kháng trị. | Dùng cho THA độ 1 và cao hơn, đặc biệt ở người cao tuổi. | Dùng cho tăng huyết áp độ 1 và trên, đặc biệt ở người cao tuổi. | Dùng cho tăng huyết áp độ 1 và độ 2, đặc biệt ở người cao tuổi. | Điều trị tăng huyết áp độ 1 và độ 2, đặc biệt ở người cao tuổi.","Chẹn kênh canxi loại Dihydropyridin, giãn mạch ngoại vi. | Chẹn kênh canxi, giãn mạch ngoại vi, giảm tải trọng tim. | Chẹn kênh canxi, giãn mạch ngoại vi, giảm tải trọng tim. | Chẹn kênh canxi loại Dihydropyridin, giãn mạch ngoại vi. | Chẹn kênh canxi loại Dihydropyridin, giãn mạch ngoại vi.","https://chanthuongvacotsong.bachmai.gov.vn/huong-dan-chan-doan-va-dieu-tri-tang-huyet-ap/ | https://web.archive.org/web/https://vncdc.gov.vn/huong-dan-chan-doan-va-dieu-tri-tang-huyet-ap-nd14594.html | https://web.archive.org/web/https://vncdc.gov.vn/huong-dan-chan-doan-va-dieu-tri-tang-huyet-ap-nd14594.html | https://web.archive.org/web/https://chanthuongvacotsong.bachmai.gov.vn/huong-dan-chan-doan-va-dieu-tri-tang-huyet-ap/ | https://chanthuongvacotsong.bachmai.gov.vn/huong-dan-chan-doan-va-dieu-tri-tang-huyet-ap/ | https://web.archive.org/web/https://chanthuongvacotsong.bachmai.gov.vn/huong-dan-chan-doan-va-dieu-tri-tang-huyet-ap/ | https://chanthuongvacotsong.bachmai.gov.vn/huong-dan-chan-doan-va-dieu-tri-tang-huyet-ap/"
"179","DRUG_ad39b5b108","Drug","Oseltamivir","Liều lượng: 75 mg/ngày, uống trong 5 ngày.","Điều trị và phòng ngừa cúm A/H1N1.","Ức chế enzyme neuraminidase của vi rút cúm.","https://web.archive.org/web/http://www.tapchiyhocduphong.vn/tap-chi-y-hoc-du-phong/2015/08/kien-thuc-ve-benh-dai-thao-duong-va-mot-so-yeu-to-lien-quan-cua-nguoi-benh-tai-c-o81E20305.html"
"180","DRUG_adbbd0328d","Drug","Thuốc điều trị đau khớp","Có thể gây tổn thương thận nếu không dùng đúng chỉ định và liều lượng. | Có thể làm nặng thêm tổn thương thận nếu không được chỉ định đúng. | Có thể làm nặng thêm biến chứng thận nếu không được bác sĩ hướng dẫn. | Cần hỏi ý kiến bác sĩ trước khi dùng vì có thể làm biến chứng thận nặng lên. | Có thể làm biến chứng thận nặng lên nếu dùng không đúng chỉ định. | Có thể gây tổn thương thận nếu dùng không đúng cách.","Điều trị viêm khớp. | Điều trị viêm khớp hoặc các bệnh xương khớp. | Giảm đau viêm. | Điều trị viêm khớp, nhưng có thể gây tổn thương thận. | Giảm đau viêm khớp. | Giảm đau viêm khớp","Không rõ trong văn bản, nhưng có thể gây tổn thương thận khi dùng không đúng chỉ định. | Không rõ cơ chế, nhưng tác dụng phụ trên thận được ghi nhận. | Không rõ trong bài, nhưng có thể gây tổn thương thận khi dùng không đúng.","https://web.archive.org/web/https://benhvientinh.caobang.gov.vn/index.php/vi/news/tin-tuc-su-kien/bien-chung-than-do-dai-thao-duong-6-dieu-nguoi-benh-phai-chu-y-710.html | https://benhvientinh.caobang.gov.vn/index.php/vi/news/tin-tuc-su-kien/bien-chung-than-do-dai-thao-duong-6-dieu-nguoi-benh-phai-chu-y-710.html | https://benhvientinh.caobang.gov.vn/index.php/vi/news/tin-tuc-su-kien/bien-chung-than-do-dai-thao-duong-6-dieu-nguoi-benh-phai-chu-y-710.html | https://benhvientinh.caobang.gov.vn/index.php/vi/news/tin-tuc-su-kien/bien-chung-than-do-dai-thao-duong-6-dieu-nguoi-benh-phai-chu-y-710.html | https://benhvientinh.caobang.gov.vn/index.php/vi/news/tin-tuc-su-kien/bien-chung-than-do-dai-thao-duong-6-dieu-nguoi-benh-phai-chu-y-710.html | https://web.archive.org/web/https://benhvientinh.caobang.gov.vn/index.php/vi/news/tin-tuc-su-kien/bien-chung-than-do-dai-thao-duong-6-dieu-nguoi-benh-phai-chu-y-710.html"
"181","DRUG_ae9dd3b733","Drug","Thuốc bảo vệ tim mạch","Liều lượng theo khuyến cáo của Hội Đái tháo đường Hoa Kỳ 2024.","Chỉ định cho người đái tháo đường có nguy cơ cao mắc bệnh tim.","Giảm huyết áp, giảm viêm và ngăn ngừa tổn thương nội mạc động mạch.","https://bachmai.gov.vn/tin-chi-tiet/-/bai-viet/cap-nhat-chan-doan-dieu-tri-benh-dai-thao-duong-va-bien-chung-8971-144.html"
"182","DRUG_aed57c1ece","Drug","Thuốc ức chế men chuyển Angiotensin (ACE)","Chống chỉ định cho phụ nữ mang thai.","Điều trị tăng huyết áp kèm bệnh động mạch vành, suy tim hoặc suy thận.","Ức chế enzyme chuyển đổi angiotensin I thành II, làm giảm co thắt mạch máu.","https://tamanhhospital.vn/tang-huyet-ap-thu-phat/"
"183","DRUG_aef55d64c8","Drug","Biguanide thế hệ 1","Liều lượng không được nêu rõ trong văn bản. | Liều lượng không được nêu cụ thể trong văn bản. | Liều lượng không được nêu rõ trong văn bản, nhưng có liên quan đến nguy cơ nhiễm toan acid lactic. | Liều lượng không nêu rõ trong văn bản. | Liều lượng không được nêu cụ thể trong văn bản. | Liều lượng không nêu rõ trong văn bản. | Liều lượng không được nêu rõ trong văn bản. Có nguy cơ gây nhiễm toan acid lactic. | Liều lượng không được nêu rõ trong văn bản. | Liều lượng không được nêu cụ thể trong văn bản. | Liều lượng không được nêu rõ trong văn bản.","Dùng để hạ đường huyết, nhưng gây nguy cơ nhiễm toan acid lactic. | Dùng để điều trị đái tháo đường type 2, nhưng có nguy cơ nhiễm toan acid lactic. | Hạ đường huyết cho bệnh nhân đái tháo đường type 2. | Hạ đường huyết, đặc biệt dùng cho bệnh nhân type 2. | Thuốc hạ đường huyết, thường dùng cho bệnh nhân type 2. | Hạ đường huyết, đặc biệt dùng cho bệnh nhân type 2. | Dùng để hạ đường huyết, nhưng gây nguy cơ nhiễm toan acid lactic. | Hạ đường huyết cho bệnh nhân đái tháo đường type 2. | Dùng để hạ đường huyết. | Dùng để điều trị đái tháo đường type 2, nhưng có nguy cơ nhiễm toan acid lactic. | Hạ đường huyết cho bệnh nhân đái tháo đường type 2. | Thuốc hạ đường huyết, dùng cho bệnh nhân đái tháo đường type 2. | Dùng để hạ đường huyết, nhưng gây nguy cơ nhiễm toan acid lactic. | Dùng để điều trị đái tháo đường type 2, nhưng có nguy cơ nhiễm toan acid lactic.","Cơ chế tác động chưa được nêu rõ trong văn bản, nhưng dẫn đến tăng sản xuất acid lactic khi mô thiếu oxy hoặc suy gan thận. | Ức chế sản xuất glucose ở gan và tăng nhạy cảm insulin. | Cơ chế tác động chưa được nêu rõ trong văn bản, nhưng gây nguy cơ nhiễm toan acid lactic. | Cơ chế giảm glucose máu bằng cách tăng nhạy cảm insulin và giảm sản xuất glucose ở gan. | Cơ chế tác động chưa được mô tả chi tiết trong văn bản, nhưng liên quan đến giảm glucose máu và có nguy cơ gây nhiễm toan acid lactic. | Cơ chế tác động chưa được nêu rõ trong văn bản, nhưng gây nguy cơ nhiễm toan acid lactic. | Cơ chế tác động chưa được mô tả chi tiết trong văn bản, nhưng dẫn đến tích tụ acid lactic khi mô thiếu oxy hoặc suy gan thận. | Tăng nhạy cảm insulin, giảm sản sinh glucose ở gan. | Ức chế sản xuất glucose ở gan và tăng nhạy cảm insulin. | Giảm khả năng đào thải acid lactic, gây nhiễm toan acid lactic khi mô thiếu oxy hoặc suy gan thận. | Cơ chế tác động chưa được nêu rõ trong văn bản, nhưng gây nguy cơ nhiễm toan acid lactic do giảm đào thải acid lactic. | Cơ chế tác động chưa được nêu rõ trong văn bản, nhưng gây nhiễm toan acid lactic khi cơ thể thiếu oxy hoặc suy gan thận. | Cơ chế tác động chưa được nêu rõ trong văn bản, nhưng dẫn đến tích tụ acid lactic khi mô thiếu oxy hoặc suy gan thận. | Ức chế sản xuất glucose ở gan và tăng nhạy cảm insulin.","https://bachmai.gov.vn/bai-viet/bien-chung-cua-benh-dai-thao-duong?id=f17ffc43-5abb-5dcb-54d1-d3887440a421 | https://web.archive.org/web/https://bachmai.gov.vn/bai-viet/bien-chung-cua-benh-dai-thao-duong?id=f17ffc43-5abb-5dcb-54d1-d3887440a421 | https://bachmai.gov.vn/bai-viet/bien-chung-cua-benh-dai-thao-duong?id=f17ffc43-5abb-5dcb-54d1-d3887440a421 | https://bachmai.gov.vn/bai-viet/bien-chung-cua-benh-dai-thao-duong?id=f17ffc43-5abb-5dcb-54d1-d3887440a421 | https://bachmai.gov.vn/bai-viet/bien-chung-cua-benh-dai-thao-duong?id=f17ffc43-5abb-5dcb-54d1-d3887440a421 | https://web.archive.org/web/https://chanthuongvacotsong.bachmai.gov.vn/bien-chung-cua-benh-dai-thao-duong/ | https://bachmai.gov.vn/bai-viet/bien-chung-cua-benh-dai-thao-duong?id=f17ffc43-5abb-5dcb-54d1-d3887440a421 | https://web.archive.org/web/https://bachmai.gov.vn/bai-viet/bien-chung-cua-benh-dai-thao-duong?id=f17ffc43-5abb-5dcb-54d1-d3887440a421 | https://bachmai.gov.vn/bai-viet/bien-chung-cua-benh-dai-thao-duong?id=f17ffc43-5abb-5dcb-54d1-d3887440a421 | https://web.archive.org/web/https://bachmai.gov.vn/bai-viet/bien-chung-cua-benh-dai-thao-duong?id=f17ffc43-5abb-5dcb-54d1-d3887440a421"
"184","DRUG_b033d24c00","Drug","Thuốc nhóm NSAID","Nên tránh dùng nếu bệnh nhân có tiền sử hen phế quản.","Có thể gây phản ứng dị ứng và hen ở một số người.","Không rõ cơ chế, nhưng có liên quan đến phản ứng miễn dịch dị ứng.","https://www.vinmec.com/vie/bai-viet/lam-nao-de-chan-doan-hen-phe-quan-vi"
"185","DRUG_b230f83bab","Drug","Thuốc chống tăng huyết áp","Liều lượng tùy theo giai đoạn bệnh và phản ứng của cơ thể. | Liều lượng tùy theo giai đoạn bệnh và phản ứng của cơ thể, thường được điều chỉnh bởi bác sĩ. | Dùng theo chỉ định của bác sĩ. | Dùng theo chỉ định của bác sĩ để kiểm soát huyết áp.","Điều trị tăng huyết áp ở bệnh nhân suy thận mạn. | Điều trị tăng huyết áp và ngăn ngừa suy thận.","Giảm sức cản mạch máu và làm giãn mạch, giúp giảm huyết áp. | Giảm sức cản tuần hoàn và làm giãn mạch máu, giúp hạ huyết áp. | Giảm sức ép lên mạch máu, cải thiện lưu thông máu đến thận.","https://web.archive.org/web/https://www.vinmec.com/vie/bai-viet/suy-o-nguoi-bi-cao-huyet-ap-nhung-dieu-can-chu-y-vi | https://www.vinmec.com/vie/bai-viet/suy-o-nguoi-bi-cao-huyet-ap-nhung-dieu-can-chu-y-vi | https://web.archive.org/web/http://soyte.hatinh.gov.vn/tin-tuc-su-kien/pho-bien-kien-thuc/dau-hieu-benh-than-va-suy-than-.html | http://soyte.hatinh.gov.vn/tin-tuc-su-kien/pho-bien-kien-thuc/dau-hieu-benh-than-va-suy-than-.html"
"186","DRUG_b5bbe7c0b2","Drug","Corticosteroid dạng hít","Liều lượng không được nêu cụ thể trong văn bản, nhưng thường dùng dạng khí dung. | Dạng hít, dùng hàng ngày để kiểm soát triệu chứng.","Dùng để kiểm soát viêm mạn tính trong hen. | Kiểm soát viêm phế quản mãn tính.","Ức chế phản ứng viêm, đặc biệt là do bạch cầu ái toan. | Ức chế phản ứng viêm và giảm co thắt phế quản.","https://hohap.bachmai.gov.vn/detail/14225/hen-phe-quan-%C2%A0-cach-nhan-biet-va-chan-doan.html | https://www.vinmec.com/vie/benh/hen-phe-quan-2949"
"187","DRUG_b7885c62d3","Drug","DPP-4 inhibitors","Liều thường dùng: 50 mg - 100 mg/ngày, uống cùng bữa ăn. | Liều lượng thường từ 50 mg/ngày đến 100 mg/ngày, tùy theo thuốc cụ thể.","Chỉ định cho ĐTĐ type 2, giúp tăng mức insulin và giảm glucagon sau ăn. | Chỉ định cho bệnh nhân type 2, giúp duy trì mức glucose máu ổn định.","Ức chế enzyme DPP-4, làm kéo dài thời gian tồn tại của GLP-1 trong máu. | Ức chế enzyme DPP-4, làm tăng nồng độ GLP-1 và GIP để điều hòa insulin.","https://web.archive.org/web/https://www.vinmec.com/vie/bai-viet/tong-quan-ve-benh-dai-thao-duong-vi | https://www.vinmec.com/vie/bai-viet/tong-quan-ve-benh-dai-thao-duong-vi"
"188","DRUG_b852f97109","Drug","Thuốc giãn phế quản","Liều lượng thường dùng là 0.1 - 0.5 mg/kg mỗi lần, tiêm hoặc xịt khí dung. | Không mô tả | Được dùng dưới dạng xịt khí dung hoặc uống, hiệu quả nhanh trong cơn cấp. | Sử dụng trong chẩn đoán hồi phục phế quản; có dạng hít hoặc tiêm. | Sử dụng theo chỉ định bác sĩ, có dạng hít hoặc tiêm tĩnh mạch trong trường hợp cấp cứu. | Được phun khi có triệu chứng hoặc theo kế hoạch phòng ngừa. | Liều lượng thường dùng: 1-2 lần/ngày, tùy theo mức độ nặng. Tác dụng phụ: khô miệng, chóng mặt, run, sổ mũi. | Các bác sĩ sẽ lựa chọn và kê đơn cho người bệnh. | Liều lượng thường dùng: 1-2 lần/ngày, tùy theo mức độ nặng. Tác dụng phụ: khô miệng, chóng mặt, run, sổ mũi.","Dùng để cắt cơn hen cấp, làm giãn cơ trơn đường thở. | Điều trị co thắt phế quản, tắc nghẽn đường thở. | Dùng để điều trị cơn hen, làm giảm co thắt cơ trơn đường thở. | Dùng để kiểm soát cơn hen cấp tính và cải thiện chức năng hô hấp. | Dùng để cắt cơn hen, giảm co thắt phế quản. | Điều trị triệu chứng khó thở do COPD. | Dùng để thư giãn cơ đường thở, giúp dễ thở hơn ở giai đoạn nhẹ và trung bình. | Dùng để thư giãn cơ đường thở, giúp dễ thở hơn ở giai đoạn nhẹ và trung bình.","Kích thích thụ thể beta-2 trên cơ trơn phổi, làm giãn cơ và cải thiện lưu thông khí. |  | Kích thích beta-2 receptor trên cơ trơn phổi, làm giãn mạch và giảm co thắt. | Kích thích thụ thể beta-2, làm giãn cơ trơn đường thở. | Tác động lên cơ trơn phế quản làm giãn nở đường thở. | Kích thích thụ thể beta-2, làm giãn cơ trơn phế quản. | Giảm co thắt cơ trơn đường thở. | Kích thích thụ thể beta-2 trên cơ trơn khí quản, làm giãn cơ và giảm co thắt. | Kích thích thụ thể beta-2 trên cơ trơn khí quản, làm giãn cơ và giảm co thắt.","https://web.archive.org/web/https://benhviennhitrunguong.gov.vn/tag/hen-phe-quan | https://web.archive.org/web/https://bachmai.gov.vn/tin-chi-tiet/-/bai-viet/huong-dan-su-dung-thuoc-hit-xit-o-nguoi-mac-benh-phoi-man-tinh-8626-146.html | https://www.vinmec.com/vie/bai-viet/lam-nao-de-chan-doan-hen-phe-quan-vi | https://web.archive.org/web/http://phacdo.soytequangninh.gov.vn/news/tin-tuc-su-kien/hen-phe-quan-hieu-dung-de-song-khoe-dieu-tri-hieu-qua-phong-ngua-chu-dong.html | https://www.vinmec.com/vie/bai-viet/bien-chung-lau-dai-cua-benh-hen-phe-quan-vi | http://phacdo.soytequangninh.gov.vn/news/tin-tuc-su-kien/hen-phe-quan-hieu-dung-de-song-khoe-dieu-tri-hieu-qua-phong-ngua-chu-dong.html | https://www.vinmec.com/vie/bai-viet/benh-phoi-tac-nghen-man-tinh-copd-vi | https://tamanhhospital.vn/giai-doan-benh-phoi-tac-nghen-man-tinh/ | https://tamanhhospital.vn/giai-doan-benh-phoi-tac-nghen-man-tinh/"
"189","DRUG_ba34774776","Drug","Glibenclamide","Liều 5mg/ngày, uống 2-4 viên tùy đường huyết. Có thể gây hạ đường huyết. | Không phù hợp với bệnh nhân đái tháo đường típ 1. | Liều lượng không áp dụng cho ĐTĐ típ 1. | Liều thường dùng: 2.5-10mg/ngày. | Liều thường dùng: 2.5-10mg/ngày. | Liều thường dùng: 2.5-10mg/ngày. | Liều thường dùng: 5mg/ngày.","Không được sử dụng trong đái tháo đường típ 1 do không có tác dụng. | Điều trị đái tháo đường type 2, dùng phối hợp hoặc đơn độc. | Không được sử dụng trong ĐTĐ típ 1. | Chỉ định cho người có kháng insulin nặng, cần tăng tiết insulin. | Chỉ định cho người có kháng insulin nặng, cần tăng tiết insulin. | Chỉ định điều trị đái tháo đường tuýp 2, đặc biệt ở người cao tuổi. | Chỉ định cho người có kháng insulin nặng, cần tăng tiết insulin.","Kích thích tiết insulin từ tế bào beta tụy. | Kích thích tiết insulin từ tụy. | Kích thích tiết Insulin từ tế bào beta tụy. | Kích thích tế bào beta tuyến tụy sản xuất thêm insulin. | Kích thích tế bào beta tuyến tụy sản xuất thêm insulin. | Kích thích tế bào beta tuyến tụy sản xuất thêm insulin. | Kích thích tế bào beta tuyến tụy tiết insulin.","https://web.archive.org/web/https://vncdc.gov.vn/quan-ly-benh-dai-thao-duong-nd14581.html | https://web.archive.org/web/https://ttytiapa.gialai.gov.vn/van-ban/huong-dan-chan-doan-va-dieu-tri-benh-dai-thao-duong-tip-1-o-.html | https://benhviennhitrunguong.gov.vn/hoi-thao-xu-huong-dieu-tri-dai-thao-duong-tip-1-chung-ta-khong-the-dung-ngoai.html | http://ttyt.tamduong.laichau.gov.vn/quan-ly-nha-nuoc/hoat-dong-doan-doi/dai-thao-duong-tuyp-2-nguyen-nhan-trieu-chung-chan-doan-va-d.html | http://ttyt.tamduong.laichau.gov.vn/quan-ly-nha-nuoc/hoat-dong-doan-doi/dai-thao-duong-tuyp-2-nguyen-nhan-trieu-chung-chan-doan-va-d.html | http://ttyt.tamduong.laichau.gov.vn/quan-ly-nha-nuoc/hoat-dong-doan-doi/dai-thao-duong-tuyp-2-nguyen-nhan-trieu-chung-chan-doan-va-d.html | https://web.archive.org/web/http://ttyt.tamduong.laichau.gov.vn/quan-ly-nha-nuoc/hoat-dong-doan-doi/dai-thao-duong-tuyp-2-nguyen-nhan-trieu-chung-chan-doan-va-d.html"
"190","DRUG_ba3bfe81b9","Drug","Thuốc chẹn Beta","Không dùng cho người bị hen suyễn.","Giảm gánh nặng cho tim, giãn mạch máu.","Kìm hãm hoạt động của beta-adrenergic receptors trên tim và mạch máu.","https://tamanhhospital.vn/tang-huyet-ap-thu-phat/"
"191","DRUG_ba3bfe81b9","Drug","Thuốc chẹn beta","Cần tuân thủ chỉ định của bác sĩ, không tự ý bỏ thuốc. | Liều lượng thường được điều chỉnh theo phản ứng lâm sàng. | Liều lượng thường được điều chỉnh theo phản ứng lâm sàng.","Giảm hoạt động của hệ thần kinh giao cảm, giảm gánh nặng cho tim. | Giảm hoạt động của hệ thần kinh giao cảm, làm giảm nhu cầu oxy cho tim. | Điều trị tăng huyết áp và các bệnh tim mạch. | Điều trị tăng huyết áp và các bệnh tim mạch.","Chặn tác động của hormone catecholamine lên cơ tim và mạch máu. | Chẹn tác dụng của hormone catecholamine lên tim và mạch máu. | Giảm hoạt động của hệ thần kinh giao cảm, làm giảm nhịp tim và cung lượng tim. | Giảm hoạt động của hệ thần kinh giao cảm, làm giảm nhịp tim và cung lượng tim.","https://bachmai.gov.vn/bai-viet/nhan-biet-dieu-tri-va-cham-soc-nguoi-benh-suy-tim?id=f55f8d26-9341-41d6-a243-00f543335069 | https://web.archive.org/web/https://bachmai.gov.vn/bai-viet/nhan-biet-dieu-tri-va-cham-soc-nguoi-benh-suy-tim?id=f55f8d26-9341-41d6-a243-00f543335069 | http://bvhoanghoa.ytethanhhoa.gov.vn/web/khoa-phong-chuc-nang/khoa-phong-chuc-nang/to-cong-tac-xa-hoi/benh-tang-huyet-ap-ke-giet-nguoi-tham-lang.html | http://bvhoanghoa.ytethanhhoa.gov.vn/web/khoa-phong-chuc-nang/khoa-phong-chuc-nang/to-cong-tac-xa-hoi/benh-tang-huyet-ap-ke-giet-nguoi-tham-lang.html"
"192","DRUG_bd107be895","Drug","Salbutamol","Liều dùng: 400 mg khí dung hoặc phun hít. Chỉ số Gaensler ≥ 70% sau sử dụng. | Liều dùng: 2 lần xịt họng thuốc giãn phế quản tác dụng ngắn. Nếu chưa giảm khó thở thì xịt lặp lại 2 lần cách nhau khoảng 5 - 10 phút. | Liều: viên 4mg uống ngày 4 viên chia 4 lần; xịt 100mcg/lần xịt, xịt ngày 4 lần mỗi lần 2 nhát.","Dùng để giãn cơ trơn phế quản trong cơn hen. | Điều trị cơn hen cấp tính, giãn phế quản nhanh chóng. | Điều trị cơn khó thở cấp, dùng ngắn hạn khi có triệu chứng.","Cơ chế tác dụng là kích thích thụ thể beta-2, làm giãn cơ trơn phế quản. | Giãn cơ trơn đường thở bằng cách kích hoạt thụ thể beta-2 adrenergic. | Cường beta-2 adrenergic tác dụng ngắn, giãn phế quản nhanh chóng.","https://www.vinmec.com/vie/bai-viet/dau-hieu-nhan-biet-con-hen-phe-quan-cap-tinh-vi | https://hohap.bachmai.gov.vn/detail/14225/hen-phe-quan-%C2%A0-cach-nhan-biet-va-chan-doan.html | https://web.archive.org/web/https://vncdc.gov.vn/huong-dan-chan-doan-va-dieu-tri-benh-phoi-tac-nghen-man-tinh-nd14577.html"
"193","DRUG_bde6a813b6","Drug","Enalapril","Liều ban đầu: 5 mg/ngày; liều duy trì: 5 – 40 mg/ngày. | Liều ban đầu: 5 mg/ngày; liều duy trì: 5-40 mg/ngày. | Liều ban đầu: 5 mg/ngày; liều duy trì: 5-40 mg/ngày. | Liều ban đầu: 5 mg/ngày; liều duy trì: 5 – 40 mg/ngày. | Liều ban đầu: 5 mg; liều duy trì: 5–40 mg/ngày. | Liều ban đầu: 5 mg/ngày; Liều duy trì: 5-40 mg/ngày.","Dùng cho tăng huyết áp độ 2 và trên, đặc biệt ở bệnh nhân suy tim. | Dùng cho tăng huyết áp độ 1 và kháng trị, đặc biệt ở người có suy tim. | Dùng cho tăng huyết áp độ 1 và kháng trị, đặc biệt ở người có suy tim. | Dùng cho THA độ 2 và cao hơn, đặc biệt ở bệnh nhân suy tim. | Dùng cho tăng huyết áp độ 2 và trên, đặc biệt ở bệnh nhân suy tim. | Điều trị tăng huyết áp độ 1 và độ 2, đặc biệt ở bệnh nhân suy tim. | Dùng cho tăng huyết áp độ 1 và độ 2, đặc biệt ở bệnh nhân suy tim hoặc đái tháo đường.","Ức chế men chuyển, giảm sản sinh angiotensin II. | Ức chế men chuyển, giảm sản sinh angiotensin II, giãn mạch. | Ức chế men chuyển, giảm sản sinh angiotensin II, giãn mạch. | Ức chế men chuyển, làm giảm hệ renin-angiotensin. | Ức chế men chuyển, giảm sản sinh angiotensin II. | Ức chế men chuyển, làm giảm hệ renin-angiotensin. | Ức chế men chuyển, giảm sản sinh angiotensin II.","https://chanthuongvacotsong.bachmai.gov.vn/huong-dan-chan-doan-va-dieu-tri-tang-huyet-ap/ | https://web.archive.org/web/https://vncdc.gov.vn/huong-dan-chan-doan-va-dieu-tri-tang-huyet-ap-nd14594.html | https://web.archive.org/web/https://vncdc.gov.vn/huong-dan-chan-doan-va-dieu-tri-tang-huyet-ap-nd14594.html | https://web.archive.org/web/https://chanthuongvacotsong.bachmai.gov.vn/huong-dan-chan-doan-va-dieu-tri-tang-huyet-ap/ | https://chanthuongvacotsong.bachmai.gov.vn/huong-dan-chan-doan-va-dieu-tri-tang-huyet-ap/ | https://web.archive.org/web/https://chanthuongvacotsong.bachmai.gov.vn/huong-dan-chan-doan-va-dieu-tri-tang-huyet-ap/ | https://chanthuongvacotsong.bachmai.gov.vn/huong-dan-chan-doan-va-dieu-tri-tang-huyet-ap/"
"194","DRUG_c1199d80ca","Drug","MRA","Cần tuân thủ chỉ định của bác sĩ, không tự ý bỏ thuốc.","Giảm tác động của hormone aldosterone, giúp giảm giữ nước và muối. | Điều trị suy tim bằng cách đối kháng thụ thể aldosterone, giảm giữ nước và muối.","Ức chế tác dụng của hormone aldosterone trên thận và cơ tim. | Đối kháng thụ thể aldosterone, làm giảm giữ nước và tăng thải Na+.","https://bachmai.gov.vn/bai-viet/nhan-biet-dieu-tri-va-cham-soc-nguoi-benh-suy-tim?id=f55f8d26-9341-41d6-a243-00f543335069 | https://web.archive.org/web/https://bachmai.gov.vn/bai-viet/nhan-biet-dieu-tri-va-cham-soc-nguoi-benh-suy-tim?id=f55f8d26-9341-41d6-a243-00f543335069"
"195","DRUG_c18f8cceb7","Drug","Metformin","Liều khởi đầu thường là 500mg/ngày, chia 2 lần. | Liều ban đầu 500mg/ngày, tăng dần lên tối đa 2000mg/ngày. Không gây hạ đường huyết. | Không phù hợp với bệnh nhân đái tháo đường típ 1. | Liều khởi đầu thường là 500mg/ngày, chia 2 lần. | Liều lượng không áp dụng cho ĐTĐ típ 1. | Liều khởi đầu thường là 500 mg/ngày, chia 2 lần. Không dùng cho người có chức năng thận suy giảm nặng. | Liều khởi đầu thường là 500 mg/ngày, tăng dần lên 1000-2000 mg/ngày. | Liều khởi đầu thường là 500 mg/ngày, chia 2 lần. | Liều thường bắt đầu từ 500 mg/ngày, tăng dần lên 1500-2000 mg/ngày. | Liều thường dùng: 500mg/ngày, chia 2 lần. | Liều khởi đầu thường là 500 mg/ngày, chia 2 lần. Không dùng cho người có chức năng thận suy giảm nặng. | Liều thường dùng: 500mg/ngày, chia 2 lần. | Liều khởi đầu thường là 500 mg/ngày, chia 2 lần. Không dùng cho người có chức năng thận suy giảm nặng. | Liều khởi đầu thường là 500 mg/ngày, chia 2 lần. Không dùng cho người có chức năng thận suy giảm nặng. | Liều thường dùng: 500mg/ngày, chia 2 lần. | Liều thường dùng: 500 mg - 1000 mg/ngày, chia 2 lần. | Liều khởi đầu thường là 500 mg/ngày, chia 2 lần. Không dùng cho người có chức năng thận suy giảm nặng. | Liều thường dùng: 500 mg - 1000 mg/ngày, chia 2 lần. | Liều khởi đầu thường là 500 mg/ngày, chia 2 lần. Không dùng cho người có chức năng thận suy giảm nặng. | Liều khởi đầu thường là 500 mg/ngày, chia 2 lần. Có thể tăng liều lên đến 1500-2000 mg/ngày nếu cần thiết. | Liều khởi đầu thường là 500 mg/ngày, chia 2 lần. Có thể điều chỉnh lên đến 2 g/ngày nếu cần thiết. | Liều khởi đầu thường là 500 mg/ngày, tăng dần lên 1000-2000 mg/ngày. | Liều khởi đầu thường là 500 mg/ngày, chia 2 lần. Không dùng cho người có chức năng thận suy giảm nặng. | Liều khởi đầu thường là 500 mg/ngày, chia 2 lần. Có thể điều chỉnh lên đến 2 g/ngày nếu cần thiết. | Liều lượng thường bắt đầu từ 500 mg/ngày, chia 2 lần, có thể điều chỉnh lên đến 2000 mg/ngày. | Liều khởi đầu thường là 500 mg/ngày, tăng dần lên 1000-2000 mg/ngày.","Điều trị đái tháo đường típ 2, cải thiện đề kháng insulin. | Không được sử dụng trong đái tháo đường típ 1 do không có tác dụng. | Điều trị đái tháo đường type 2, thuốc nền tảng. | Điều trị đái tháo đường típ 2, cải thiện đề kháng insulin. | Không được sử dụng trong ĐTĐ típ 1. | Chỉ định điều trị đái tháo đường týp 2, đặc biệt ở người béo phì. | Thuốc đầu tiên cho người có BMI ≥ 23. | Thuốc đầu tiên cho người có BMI ≥ 23. | Thuốc lựa chọn ban đầu cho người có BMI ≥ 23. | Chỉ định điều trị đái tháo đường tuýp 2 ở người có kháng insulin. | Chỉ định điều trị đái tháo đường týp 2, đặc biệt ở người béo phì. | Chỉ định điều trị đái tháo đường tuýp 2 ở người có kháng insulin. | Chỉ định điều trị đái tháo đường týp 2, đặc biệt ở người béo phì. | Chỉ định điều trị đái tháo đường týp 2, đặc biệt ở người béo phì. | Chỉ định điều trị đái tháo đường tuýp 2 ở người có kháng insulin. | Chỉ định điều trị đái tháo đường type 2, đặc biệt khi có đề kháng insulin. | Chỉ định điều trị đái tháo đường týp 2, đặc biệt ở người béo phì. | Chỉ định điều trị đái tháo đường týp 2, đặc biệt ở người béo phì. | Chỉ định điều trị đái tháo đường tuýp 2. | Chỉ định điều trị đái tháo đường típ 2. | Thuốc đầu tiên cho người có BMI ≥ 23. | Chỉ định điều trị đái tháo đường týp 2 ở người có BMI ≥ 23. | Chỉ định điều trị đái tháo đường týp 2, đặc biệt ở người béo phì. | Chỉ định điều trị đái tháo đường týp 2 ở người có BMI ≥ 23. | Chỉ định điều trị đái tháo đường type 2, giúp giảm glucose máu bằng cách tăng nhạy cảm insulin. | Thuốc đầu tiên cho người có BMI ≥ 23.","Giảm hấp thu glucose ở ruột và tăng nhạy cảm insulin. | Cải thiện nhạy cảm insulin và giảm sản xuất glucose ở gan. | Giảm sản xuất glucose ở gan và tăng nhạy cảm insulin tại các cơ quan đích. | Giảm sản xuất glucose ở gan và tăng nhạy cảm insulin tại các cơ quan đích. | Giảm hấp thu glucose ở ruột và tăng nhạy cảm Insulin. | Ức chế sản xuất glucose tại gan và tăng nhạy cảm insulin ở mô cơ vân và mỡ. | Ức chế sản xuất glucose tại gan, tăng nhạy cảm insulin. | Giảm hấp thu glucose ở ruột và tăng nhạy cảm với insulin tại cơ thể. | Ức chế sản xuất glucose tại gan và tăng nhạy cảm insulin ở mô cơ vân và mỡ. | Giảm hấp thu glucose ở ruột và tăng nhạy cảm với insulin tại cơ thể. | Ức chế sản xuất glucose tại gan và tăng nhạy cảm insulin ở mô cơ vân và mỡ. | Ức chế sản xuất glucose tại gan và tăng nhạy cảm insulin ở mô cơ vân và mỡ. | Giảm hấp thu glucose ở ruột và tăng nhạy cảm với insulin tại cơ thể. | Giảm hấp thu glucose ở ruột và tăng nhạy cảm với insulin tại tế bào. | Giảm hấp thu glucose ở ruột và tăng nhạy cảm insulin tại cơ thể. | Ức chế sản xuất glucose tại gan và tăng nhạy cảm insulin ở mô cơ vân và mỡ. | Ức chế sản xuất glucose tại gan và tăng nhạy cảm insulin ở mô cơ vân và mỡ. | Giảm hấp thu glucose ở ruột và tăng nhạy cảm insulin. | Ức chế hấp thu glucose ở ruột và tăng nhạy cảm insulin tại cơ, gan. | Ức chế sản xuất glucose tại gan, tăng nhạy cảm insulin. | Ức chế sản xuất glucose tại gan và tăng nhạy cảm insulin ở mô cơ vân và mỡ. | Ức chế sản xuất glucose tại gan, tăng nhạy cảm insulin. | Tăng khả năng sử dụng glucose của cơ bắp và giảm sản xuất glucose ở gan. | Ức chế sản xuất glucose tại gan, tăng nhạy cảm insulin.","https://web.archive.org/web/https://vncdc.gov.vn/quan-ly-benh-dai-thao-duong-nd14581.html | https://web.archive.org/web/https://benhvienquynhon.gov.vn/tin-tuc/hoat-dong-cua-ttyt/dai-thao-duong-va-nhung-dieu-ban-can-biet/ | https://web.archive.org/web/https://ttytiapa.gialai.gov.vn/van-ban/huong-dan-chan-doan-va-dieu-tri-benh-dai-thao-duong-tip-1-o-.html | https://web.archive.org/web/https://benhvienquynhon.gov.vn/tin-tuc/hoat-dong-cua-ttyt/dai-thao-duong-va-nhung-dieu-ban-can-biet/ | https://benhviennhitrunguong.gov.vn/hoi-thao-xu-huong-dieu-tri-dai-thao-duong-tip-1-chung-ta-khong-the-dung-ngoai.html | https://web.archive.org/web/https://vncdc.gov.vn/huong-dan-chan-doan-va-dieu-tri-benh-dai-thao-duong-tuyp-2-nd14582.html | https://chanthuongvacotsong.bachmai.gov.vn/huong-dan-chan-doan-va-dieu-tri-dai-thao-duong-type-2/ | https://web.archive.org/web/https://chanthuongvacotsong.bachmai.gov.vn/huong-dan-chan-doan-va-dieu-tri-dai-thao-duong-type-2/ | http://ttyt.tamduong.laichau.gov.vn/quan-ly-nha-nuoc/hoat-dong-doan-doi/dai-thao-duong-tuyp-2-nguyen-nhan-trieu-chung-chan-doan-va-d.html | https://web.archive.org/web/https://vncdc.gov.vn/huong-dan-chan-doan-va-dieu-tri-benh-dai-thao-duong-tuyp-2-nd14582.html | http://ttyt.tamduong.laichau.gov.vn/quan-ly-nha-nuoc/hoat-dong-doan-doi/dai-thao-duong-tuyp-2-nguyen-nhan-trieu-chung-chan-doan-va-d.html | https://web.archive.org/web/https://vncdc.gov.vn/huong-dan-chan-doan-va-dieu-tri-benh-dai-thao-duong-tuyp-2-nd14582.html | https://web.archive.org/web/https://vncdc.gov.vn/huong-dan-chan-doan-va-dieu-tri-benh-dai-thao-duong-tuyp-2-nd14582.html | http://ttyt.tamduong.laichau.gov.vn/quan-ly-nha-nuoc/hoat-dong-doan-doi/dai-thao-duong-tuyp-2-nguyen-nhan-trieu-chung-chan-doan-va-d.html | https://web.archive.org/web/http://ttyt.tamduong.laichau.gov.vn/quan-ly-nha-nuoc/hoat-dong-doan-doi/dai-thao-duong-tuyp-2-nguyen-nhan-trieu-chung-chan-doan-va-d.html | https://web.archive.org/web/https://www.vinmec.com/vie/bai-viet/tong-quan-ve-benh-dai-thao-duong-vi | https://web.archive.org/web/https://vncdc.gov.vn/huong-dan-chan-doan-va-dieu-tri-benh-dai-thao-duong-tuyp-2-nd14582.html | https://web.archive.org/web/https://vncdc.gov.vn/huong-dan-chan-doan-va-dieu-tri-benh-dai-thao-duong-tuyp-2-nd14582.html | https://web.archive.org/web/http://bvthanhpho.ytethanhhoa.gov.vn/web/trang-chu/khoa-phong-chuc-nang/khoa-lam-sang/khoa-noi-nhi/benh-dai-thao-duong-va-dau-hieu-nhan-biet-benh-dai-thao-duong.html | https://web.archive.org/web/https://www.benhviendakhoasongma.gov.vn/bai-viet/benh-dai-thao-duong-220 | https://web.archive.org/web/https://vncdc.gov.vn/huong-dan-chan-doan-va-dieu-tri-benh-dai-thao-duong-tuyp-2-nd14582.html | https://chanthuongvacotsong.bachmai.gov.vn/huong-dan-chan-doan-va-dieu-tri-dai-thao-duong-type-2/ | https://web.archive.org/web/https://chanthuongvacotsong.bachmai.gov.vn/huong-dan-chan-doan-va-dieu-tri-dai-thao-duong-type-2/ | https://web.archive.org/web/https://vncdc.gov.vn/huong-dan-chan-doan-va-dieu-tri-benh-dai-thao-duong-tuyp-2-nd14582.html | https://web.archive.org/web/https://vncdc.gov.vn/huong-dan-chan-doan-va-dieu-tri-benh-dai-thao-duong-tuyp-2-nd14582.html | https://www.vinmec.com/vie/bai-viet/tong-quan-ve-benh-dai-thao-duong-vi | https://chanthuongvacotsong.bachmai.gov.vn/huong-dan-chan-doan-va-dieu-tri-dai-thao-duong-type-2/ | https://web.archive.org/web/https://chanthuongvacotsong.bachmai.gov.vn/huong-dan-chan-doan-va-dieu-tri-dai-thao-duong-type-2/"
"196","DRUG_c41007ff15","Drug","Thuốc kháng cholinergic","Không mô tả | Có dạng hít hoặc tiêm, thường dùng kết hợp với thuốc giãn phế quản.","Điều trị co thắt phế quản. | Dùng để kiểm soát cơn hen cấp tính.","| Ức chế hoạt động của acetylcholine, làm giãn phế quản.","https://web.archive.org/web/https://bachmai.gov.vn/tin-chi-tiet/-/bai-viet/huong-dan-su-dung-thuoc-hit-xit-o-nguoi-mac-benh-phoi-man-tinh-8626-146.html | https://web.archive.org/web/http://phacdo.soytequangninh.gov.vn/news/tin-tuc-su-kien/hen-phe-quan-hieu-dung-de-song-khoe-dieu-tri-hieu-qua-phong-ngua-chu-dong.html"
"197","DRUG_c587ceab44","Drug","Hydrochlorothiazide","Liều ban đầu: 12,5 mg/ngày; liều duy trì: 12,5 – 25 mg/ngày. | Liều ban đầu: 12.5 mg/ngày; liều duy trì: 12.5 – 25 mg/ngày. | Liều ban đầu: 12.5 mg/ngày; liều duy trì: 12.5 – 25 mg/ngày. | Liều ban đầu: 12.5 mg/ngày; liều duy trì: 12.5 – 25 mg/ngày. | Liều ban đầu: 12,5 mg/ngày; liều duy trì: 12,5 – 25 mg/ngày. | Liều ban đầu: 12.5 mg/ngày; liều duy trì: 12.5 – 25 mg/ngày. | Liều ban đầu: 12.5 mg/ngày; Liều duy trì: 12.5 – 25 mg/ngày.","Dùng cho tăng huyết áp độ 1 và phối hợp điều trị độ 2 trở lên. | Dùng cho tăng huyết áp độ 1 và kháng trị. | Dùng cho tăng huyết áp độ 1 và kháng trị. | Dùng cho tăng huyết áp độ 1 và phối hợp điều trị độ 2 trở lên. | Dùng cho THA độ 1, có thể phối hợp với thuốc khác ở độ cao hơn. | Dùng cho tăng huyết áp độ 1 và phối hợp điều trị ở các mức độ cao hơn. | Điều trị tăng huyết áp độ 1, đặc biệt ở người cao tuổi và suy tim.","Lợi tiểu thiazide, giảm thể tích máu và giảm tải trọng tim. | Lợi tiểu thiazide, giảm thể tích máu và giảm tải trọng tim. | Lợi tiểu thiazide, giảm thể tích máu và giảm tải cho tim.","https://chanthuongvacotsong.bachmai.gov.vn/huong-dan-chan-doan-va-dieu-tri-tang-huyet-ap/ | https://web.archive.org/web/https://vncdc.gov.vn/huong-dan-chan-doan-va-dieu-tri-tang-huyet-ap-nd14594.html | https://web.archive.org/web/https://vncdc.gov.vn/huong-dan-chan-doan-va-dieu-tri-tang-huyet-ap-nd14594.html | https://web.archive.org/web/https://chanthuongvacotsong.bachmai.gov.vn/huong-dan-chan-doan-va-dieu-tri-tang-huyet-ap/ | https://chanthuongvacotsong.bachmai.gov.vn/huong-dan-chan-doan-va-dieu-tri-tang-huyet-ap/ | https://web.archive.org/web/https://chanthuongvacotsong.bachmai.gov.vn/huong-dan-chan-doan-va-dieu-tri-tang-huyet-ap/ | https://chanthuongvacotsong.bachmai.gov.vn/huong-dan-chan-doan-va-dieu-tri-tang-huyet-ap/"
"198","DRUG_c9b856a51f","Drug","Ipratropium","Dạng hít, dùng trong cơn hen cấp tính.","Giảm co thắt phế quản do giãn cơ trơn.","Kích thích thụ thể muscarinic M3 để ức chế co thắt.","https://www.vinmec.com/vie/benh/hen-phe-quan-2949"
"199","DRUG_cbef9f9176","Drug","Thuốc ức chế ACE","Liều lượng thường bắt đầu từ thấp và tăng dần theo phản ứng.","Điều trị tăng huyết áp, đặc biệt ở người có rối loạn hệ renin-angiotensin. | Điều trị tăng huyết áp, đặc biệt ở người có rối loạn hệ renin-angiotensin. | Điều trị tăng huyết áp, đặc biệt trong trường hợp có rối loạn hệ renin-angiotensin. | Điều trị tăng huyết áp, đặc biệt trong trường hợp có rối loạn hệ renin-angiotensin.","Ức chế enzyme chuyển đổi angiotensin, làm giảm hoạt động của hệ thống renin-angiotensin.","http://bvhoanghoa.ytethanhhoa.gov.vn/web/khoa-phong-chuc-nang/khoa-phong-chuc-nang/to-cong-tac-xa-hoi/benh-tang-huyet-ap-ke-giet-nguoi-tham-lang.html"
"200","DRUG_cc7943d52c","Drug","Thuốc corticosteroid dạng hít","Liều lượng: Flovent® HFA 100-250mcg/ngày. Tác dụng phụ: sưng miệng, tăng nguy cơ nhiễm nấm.","Dùng để điều trị viêm phế quản mạn tính và giảm đợt cấp.","Tác động trực tiếp lên niêm mạc đường thở, ức chế phản ứng viêm tại chỗ.","https://tamanhhospital.vn/giai-doan-benh-phoi-tac-nghen-man-tinh/"
"201","DRUG_ce231191e6","Drug","Thuốc hạ áp phối hợp","Dùng từ 2 loại trở lên, ưu tiên thuốc có hiệu quả tốt trong điều trị tăng huyết áp kèm suy thận mạn.","Điều trị tăng huyết áp trong bệnh thận mạn.","Tác dụng phối hợp giữa các loại thuốc hạ áp và lợi tiểu để kiểm soát huyết áp dưới 130/80mmHg.","https://www.vinmec.com/vie/bai-viet/dieu-tri-tang-huyet-ap-kem-suy-man-vi"
"202","DRUG_d0708908a3","Drug","Thuốc hạ mỡ máu","Liều lượng theo chỉ định, thường dùng lâu dài để kiểm soát mức lipid máu.","Giảm nguy cơ xơ vữa động mạch tiến triển.","Ức chế tổng hợp cholesterol nội sinh và tăng bài tiết acid mật.","https://web.archive.org/web/https://medlatec.vn/tin-tuc/hep-dong-mach-than-la-gi-muc-do-nguy-hiem-va-phuong-phap-dieu-tri"
"203","DRUG_d1e15b2498","Drug","Thuốc kiểm soát đường huyết","Liều lượng và cách dùng không được nêu cụ thể trong văn bản. | Cần kết hợp với kiểm soát huyết áp và lipid máu để đạt hiệu quả toàn diện. | Liều lượng và cách dùng không được nêu cụ thể trong văn bản.","Dùng để điều trị đái tháo đường tuýp 2 khi lối sống không đủ hiệu quả. | Kiểm soát glucose máu để ngăn ngừa biến chứng. | Dùng để điều trị đái tháo đường tuýp 2 khi lối sống không đủ hiệu quả. | Dùng cho người có mức đường huyết cao không đáp ứng với thay đổi lối sống. | Dùng để điều trị đái tháo đường tuýp 2 khi lối sống không đủ hiệu quả.","Cơ chế tác động chưa được nêu rõ trong văn bản, nhưng thường bao gồm ức chế hấp thu glucose ở ruột hoặc tăng nhạy cảm insulin. | Không rõ cụ thể trong văn bản, nhưng là một phần của 4 trụ cột điều trị ĐTĐ. | Cơ chế tác động chưa được nêu rõ trong văn bản, nhưng thường bao gồm ức chế hấp thu glucose ở ruột hoặc tăng nhạy cảm insulin.","http://ttyt.tamduong.laichau.gov.vn/quan-ly-nha-nuoc/hoat-dong-doan-doi/dai-thao-duong-tuyp-2-nguyen-nhan-trieu-chung-chan-doan-va-d.html | https://bachmai.gov.vn/bai-viet/dai-thao-duong-bien-chung-tim-mach-va-than-kinh-ngoai-bien-sat-thu-tham-lang?id=994f4df4-95c1-4760-8aee-8d07a69f9fe1 | http://ttyt.tamduong.laichau.gov.vn/quan-ly-nha-nuoc/hoat-dong-doan-doi/dai-thao-duong-tuyp-2-nguyen-nhan-trieu-chung-chan-doan-va-d.html | https://web.archive.org/web/http://ttyt.tamduong.laichau.gov.vn/quan-ly-nha-nuoc/hoat-dong-doan-doi/dai-thao-duong-tuyp-2-nguyen-nhan-trieu-chung-chan-doan-va-d.html | https://web.archive.org/web/http://ttyt.tamduong.laichau.gov.vn/quan-ly-nha-nuoc/hoat-dong-doan-doi/dai-thao-duong-tuyp-2-nguyen-nhan-trieu-chung-chan-doan-va-d.html"
"204","DRUG_d201b54a47","Drug","Tiotropium","Liều: dạng hít bột khô 18mcg/ngày hoặc dạng Respimat 2,5mcg/liều ngày 2 liều buổi sáng.","Điều trị duy trì BPTNMT giai đoạn trung bình đến nặng.","Kháng cholinergic tác dụng kéo dài, giảm co thắt phế quản.","https://web.archive.org/web/https://vncdc.gov.vn/huong-dan-chan-doan-va-dieu-tri-benh-phoi-tac-nghen-man-tinh-nd14577.html"
"205","DRUG_d4fa21f86f","Drug","GLP-1 RA","Liều lượng không được nêu rõ trong văn bản, nhưng thường dùng liều khởi đầu thấp và tăng dần theo hướng dẫn. | Liều lượng không được nêu rõ trong văn bản, thường dùng liều khởi đầu 0.5-1 mg/ngày. | Liều khởi đầu thường là 0,6 mg/ngày. Có thể tăng liều lên đến 1,8 mg/ngày nếu cần thiết. | Liều lượng không được nêu rõ trong văn bản, nhưng thường dùng liều duy trì theo hướng dẫn.","Điều trị đái tháo đường typ 2, đặc biệt ở người béo phì. | Điều trị đái tháo đường typ 2, đặc biệt cho người béo phì và có nguy cơ tim mạch. | Chỉ định điều trị đái tháo đường típ 2. | Điều trị đái tháo đường typ 2, đặc biệt ở người béo phì.","Tăng tiết insulin, giảm tiết glucagon, làm chậm hấp thu glucose và giảm cảm giác đói. | Tăng tiết insulin, giảm tiết glucagon, làm chậm hấp thu glucose ở ruột và giảm cảm giác đói. | Kích thích tiết insulin, giảm tiết glucagon và làm chậm trống rỗng dạ dày. | Tăng tiết insulin, giảm tiết glucagon, làm chậm hấp thu glucose và giảm cảm giác đói.","https://bachmai.gov.vn/bai-viet/doi-moi-tu-duy-dieu-tri-dai-thao-duong-typ-2-va-chien-luoc-kiem-soat-toan-dien-bien-chung-than-kinh?id=090463d0-4515-40c8-919c-8bebc41e2c01 | https://web.archive.org/web/https://bachmai.gov.vn/bai-viet/doi-moi-tu-duy-dieu-tri-dai-thao-duong-typ-2-va-chien-luoc-kiem-soat-toan-dien-bien-chung-than-kinh?id=090463d0-4515-40c8-919c-8bebc41e2c01 | https://web.archive.org/web/https://www.benhviendakhoasongma.gov.vn/bai-viet/benh-dai-thao-duong-220 | https://bachmai.gov.vn/bai-viet/doi-moi-tu-duy-dieu-tri-dai-thao-duong-typ-2-va-chien-luoc-kiem-soat-toan-dien-bien-chung-than-kinh?id=090463d0-4515-40c8-919c-8bebc41e2c01"
"206","DRUG_d5b8551803","Drug","Vắc-xin phòng phế cầu","Tiêm hàng năm, đặc biệt cho người có bệnh nền hoặc yếu tố nguy cơ cao. | Tiêm hàng năm, liều lượng theo hướng dẫn của bác sĩ. | Tiêm hàng năm, liều lượng theo hướng dẫn của bác sĩ. | Tiêm định kỳ theo khuyến cáo của bác sĩ chuyên khoa.","Giảm nguy cơ nhiễm trùng đường hô hấp do vi khuẩn Streptococcus pneumoniae. | Giảm nguy cơ nhiễm trùng hô hấp do vi khuẩn Streptococcus pneumoniae. | Giảm nguy cơ nhiễm trùng đường hô hấp do vi khuẩn Streptococcus pneumoniae. | Giảm nguy cơ nhiễm trùng đường hô hấp, đặc biệt ở người có COPD hoặc bệnh nền.","Tạo miễn dịch đặc hiệu chống lại vi khuẩn phế cầu. | Tạo miễn dịch chống lại vi khuẩn Streptococcus pneumoniae. | Tạo miễn dịch đặc hiệu chống lại vi khuẩn phế cầu.","https://web.archive.org/web/https://bachmai.gov.vn/bai-viet/benh-phoi-tac-nghen-man-tinh-hieu-dung-phong-ngua-va-phat-hien-som-cung-chuyen-gia-benh-vien-bach-mai?id=bef483aa-6fde-433a-b2e8-b373eb7903a6 | https://bachmai.gov.vn/bai-viet/benh-phoi-tac-nghen-man-tinh-hieu-dung-phong-ngua-va-phat-hien-som-cung-chuyen-gia-benh-vien-bach-mai?id=bef483aa-6fde-433a-b2e8-b373eb7903a6"
"207","DRUG_d7185fb1bc","Drug","Thuốc điều trị đái tháo đường","Liều lượng và cách dùng không được nêu cụ thể trong văn bản. | Sử dụng đúng giờ, đúng liều lượng theo phác đồ điều trị của bác sĩ. | Liều lượng không được nêu rõ trong văn bản. | Liều lượng không được nêu rõ trong văn bản, nhưng cần tuân thủ đúng chỉ định của bác sĩ. | Liều lượng không được nêu cụ thể trong văn bản. | Liều lượng không được nêu cụ thể trong văn bản. | Liều lượng và hướng dẫn sử dụng không nêu rõ trong văn bản.","Điều trị tăng đường huyết do rối loạn chuyển hóa glucose. | Điều trị đái tháo đường type 2 để kiểm soát đường huyết. | Chỉ định cho người có mức đường huyết cao và không kiểm soát bằng chế độ ăn vận động. | Điều trị bệnh đái tháo đường và kiểm soát đường huyết. | Điều trị đái tháo đường và kiểm soát đường huyết. | Điều trị đái tháo đường và kiểm soát đường huyết. | Chỉ định cho người bệnh đã được chẩn đoán chính xác.","Cơ chế tác động chưa được nêu rõ trong văn bản, nhưng thuốc giúp kiểm soát đường huyết. | Cơ chế tác động chưa được nêu rõ trong văn bản, nhưng thuốc giúp giảm đường huyết. | Không nêu cụ thể trong văn bản, nhưng thường là ức chế hấp thu glucose hoặc tăng nhạy cảm insulin. | Không nêu cụ thể cơ chế trong văn bản, nhưng tác dụng là hạ đường huyết. | Không nêu rõ cơ chế trong văn bản, nhưng tác dụng là hạ đường huyết. | Không nêu rõ cơ chế trong văn bản, nhưng tác dụng là hạ đường huyết. | Không cung cấp trong văn bản, nhưng có thể là thuốc ức chế hấp thu glucose hoặc tăng tiết insulin.","https://web.archive.org/web/https://benhvientinh.caobang.gov.vn/index.php/vi/news/dich-vu/tiep-nhan-dieu-tri-benh-nhan-dai-thao-duong-tuyp-2-co-bien-chung-mo-mat-do-khong-di-kham-va-tam-soat-som-443.html | https://benhvientinh.caobang.gov.vn/index.php/vi/news/dich-vu/tiep-nhan-dieu-tri-benh-nhan-dai-thao-duong-tuyp-2-co-bien-chung-mo-mat-do-khong-di-kham-va-tam-soat-som-443.html | https://web.archive.org/web/https://bachmai.gov.vn/bai-viet/chan-doan-som-benh-dai-thao-duong-tip-2?id=59f9c51f-418e-9437-823c-a1a6c23c33e4 | https://web.archive.org/web/https://bachmai.gov.vn/tin-chi-tiet/-/bai-viet/dai-thao-duong-can-benh-nhieu-bien-chung-nguy-hiem-8-trieu-nguoi-viet-nam-dang-mac-9624-146.html | https://web.archive.org/web/https://bachmai.gov.vn/tin-chi-tiet/-/bai-viet/dai-thao-duong-can-benh-nhieu-bien-chung-nguy-hiem-8-trieu-nguoi-viet-nam-dang-mac-9624-146.html | https://web.archive.org/web/https://bachmai.gov.vn/bai-viet/chan-doan-som-benh-dai-thao-duong-tip-2?id=59f9c51f-418e-9437-823c-a1a6c23c33e4"
"208","DRUG_dbae115be6","Drug","Thuốc chẹn kênh canxi","Liều lượng không được nêu rõ trong văn bản. | Có thể dùng cho bệnh nhân có suy tim hoặc tăng huyết áp. | Liều lượng không được nêu cụ thể trong văn bản.","Điều trị tăng huyết áp. | Giảm huyết áp bằng cách giãn mạch máu. | Điều trị tăng huyết áp.","Chặn dòng ion canxi vào tế bào cơ trơn mạch máu, làm giãn mạch và giảm huyết áp. | Chặn dòng ion canxi vào tế bào cơ trơn, làm giãn mạch và giảm co thắt tim. | Chặn dòng ion canxi vào tế bào cơ trơn mạch máu, làm giãn mạch và giảm huyết áp.","https://chanthuongvacotsong.bachmai.gov.vn/cao-huyet-ap-am-tham-ma-rat-hiem/ | https://tamanhhospital.vn/tang-huyet-ap-thu-phat/ | https://chanthuongvacotsong.bachmai.gov.vn/cao-huyet-ap-am-tham-ma-rat-hiem/"
"209","DRUG_dc227bd582","Drug","Thuốc kháng histamin","Liều lượng thường dùng là 2.5 - 10 mg mỗi ngày, uống theo chỉ định.","Dùng để giảm phản ứng dị ứng, phù nề đường thở.","Ức chế thụ thể H1, làm giảm tiết dịch nhầy và co thắt cơ trơn.","https://web.archive.org/web/https://benhviennhitrunguong.gov.vn/tag/hen-phe-quan"
"210","DRUG_dd189b15a8","Drug","Thuốc điều chỉnh lối sống","Giảm muối, không hút thuốc, tập thể dục, kiểm soát cân nặng.","Hỗ trợ điều trị và phòng ngừa tiến triển bệnh.","Không phải thuốc dược lý, mà là thay đổi hành vi sinh hoạt.","https://web.archive.org/web/https://medlatec.vn/tin-tuc/hep-dong-mach-than-la-gi-muc-do-nguy-hiem-va-phuong-phap-dieu-tri"
"211","DRUG_df18ff744c","Drug","Sulfonylurea","Liều khởi đầu thường là 0,5 - 1 mg/ngày. Cần theo dõi glucose máu và chức năng thận. | Liều khởi đầu thường là 0,5 mg/ngày, tăng dần lên 1-2 mg/ngày. | Liều thường bắt đầu từ 0,5 mg/ngày, tăng dần lên 1-2 mg/ngày. | Liều khởi đầu thường là 0,5 mg/ngày, chia 1-2 lần. | Liều khởi đầu thường là 0,5 - 1 mg/ngày. Cần theo dõi glucose máu và chức năng thận. | Chi phí thấp, hiệu quả cao, dễ tiếp cận ở người dân Việt Nam và châu Á. | Liều khởi đầu thường là 0,5 - 1 mg/ngày. Cần theo dõi glucose máu và chức năng thận. | Liều khởi đầu thường là 0,5 - 1 mg/ngày. Cần theo dõi glucose máu và chức năng thận. | Liều khởi đầu thường là 0,5 - 1 mg/ngày. Có thể tăng liều theo từng bước nếu cần thiết. | Liều khởi đầu thường là 0,5 - 1 mg/ngày. Có thể tăng liều nếu cần thiết. | Liều khởi đầu thường là 0,5 mg/ngày, tăng dần lên 1-2 mg/ngày. | Liều khởi đầu thường là 0,5 - 1 mg/ngày. Cần theo dõi glucose máu và chức năng thận. | Liều khởi đầu thường là 0,5 - 1 mg/ngày. Có thể tăng liều nếu cần thiết. | Liều khởi đầu thường là 0,5 mg/ngày, tăng dần lên 1-2 mg/ngày.","Chỉ định điều trị đái tháo đường týp 2 ở người có BMI dưới 23. | Thuốc đầu tiên cho người có BMI < 23. | Thuốc lựa chọn ban đầu cho người có BMI < 23. | Chỉ định điều trị đái tháo đường týp 2 ở người có BMI dưới 23. | Kiểm soát đường huyết trong đái tháo đường típ 2. | Chỉ định điều trị đái tháo đường týp 2 ở người có BMI dưới 23. | Chỉ định điều trị đái tháo đường týp 2 ở người có BMI dưới 23. | Chỉ định điều trị đái tháo đường típ 2. | Chỉ định điều trị đái tháo đường týp 2 ở người có BMI < 23. | Thuốc đầu tiên cho người có BMI < 23. | Chỉ định điều trị đái tháo đường týp 2 ở người có BMI dưới 23. | Chỉ định điều trị đái tháo đường týp 2 ở người có BMI < 23. | Thuốc đầu tiên cho người có BMI < 23.","Tăng bài tiết insulin từ tế bào beta tụy. | Kích thích tiết insulin từ tế bào beta tụy. | Tăng bài tiết insulin từ tế bào beta tụy. | Kích thích tiết insulin từ tế bào β. | Tăng bài tiết insulin từ tế bào beta tụy. | Tăng bài tiết insulin từ tế bào beta tụy. | Kích thích tiết insulin từ tế bào beta tụy. | Tăng bài tiết insulin từ tế bào beta tụy. | Kích thích tiết insulin từ tế bào beta tụy. | Kích thích tiết insulin từ tế bào beta tụy.","https://web.archive.org/web/https://vncdc.gov.vn/huong-dan-chan-doan-va-dieu-tri-benh-dai-thao-duong-tuyp-2-nd14582.html | https://chanthuongvacotsong.bachmai.gov.vn/huong-dan-chan-doan-va-dieu-tri-dai-thao-duong-type-2/ | https://web.archive.org/web/https://chanthuongvacotsong.bachmai.gov.vn/huong-dan-chan-doan-va-dieu-tri-dai-thao-duong-type-2/ | https://web.archive.org/web/https://vncdc.gov.vn/huong-dan-chan-doan-va-dieu-tri-benh-dai-thao-duong-tuyp-2-nd14582.html | https://web.archive.org/web/https://bachmai.gov.vn/bai-viet/cap-nhat-xu-huong-moi-trong-dieu-tri-dai-thao-duong-tip-2?id=d4ab61a0-919e-0805-1cdd-fe092c98c88e | https://web.archive.org/web/https://vncdc.gov.vn/huong-dan-chan-doan-va-dieu-tri-benh-dai-thao-duong-tuyp-2-nd14582.html | https://web.archive.org/web/https://vncdc.gov.vn/huong-dan-chan-doan-va-dieu-tri-benh-dai-thao-duong-tuyp-2-nd14582.html | https://web.archive.org/web/https://www.benhviendakhoasongma.gov.vn/bai-viet/benh-dai-thao-duong-220 | https://web.archive.org/web/https://vncdc.gov.vn/huong-dan-chan-doan-va-dieu-tri-benh-dai-thao-duong-tuyp-2-nd14582.html | https://chanthuongvacotsong.bachmai.gov.vn/huong-dan-chan-doan-va-dieu-tri-dai-thao-duong-type-2/ | https://web.archive.org/web/https://chanthuongvacotsong.bachmai.gov.vn/huong-dan-chan-doan-va-dieu-tri-dai-thao-duong-type-2/ | https://web.archive.org/web/https://vncdc.gov.vn/huong-dan-chan-doan-va-dieu-tri-benh-dai-thao-duong-tuyp-2-nd14582.html | https://web.archive.org/web/https://vncdc.gov.vn/huong-dan-chan-doan-va-dieu-tri-benh-dai-thao-duong-tuyp-2-nd14582.html | https://chanthuongvacotsong.bachmai.gov.vn/huong-dan-chan-doan-va-dieu-tri-dai-thao-duong-type-2/ | https://web.archive.org/web/https://chanthuongvacotsong.bachmai.gov.vn/huong-dan-chan-doan-va-dieu-tri-dai-thao-duong-type-2/"
"212","DRUG_e31b941319","Drug","Thuốc điều chỉnh kali","Cần theo dõi định kỳ và điều chỉnh liều lượng phù hợp với mức độ suy thận.","Ngăn ngừa rối loạn điện giải do suy thận mạn.","Giữ cân bằng nồng độ kali trong máu, ngăn ngừa nhịp tim bất thường.","https://www.vinmec.com/vie/bai-viet/dieu-tri-tang-huyet-ap-kem-suy-man-vi"
"213","DRUG_e655a01eae","Drug","Kháng sinh","Sử dụng khi có dấu hiệu nhiễm khuẩn ở phế quản phổi.","Điều trị nhiễm khuẩn đường thở.","Giảm vi khuẩn gây viêm phổi.","https://www.vinmec.com/vie/bai-viet/benh-phoi-tac-nghen-man-tinh-copd-vi"
"214","DRUG_e6e9103098","Drug","Thuốc bổ sung oxy","Liều lượng: 1-3 lít/phút. Tác dụng phụ: khô da, khó chịu ban đầu, tăng nguy cơ nhiễm trùng nếu không vệ sinh thiết bị.","Dùng để tăng lượng oxy vào phổi, cải thiện chức năng hô hấp ở giai đoạn nặng.","Tăng nồng độ O2 trong máu và giảm nhu cầu oxy của cơ thể.","https://tamanhhospital.vn/giai-doan-benh-phoi-tac-nghen-man-tinh/"
"215","DRUG_eac0f247ba","Drug","Thuốc lợi tim mạch","Phải kết hợp với kiểm soát đường huyết, huyết áp và lipid máu.","Sử dụng để phòng ngừa biến cố tim mạch ở người ĐTĐ.","Cơ chế chưa được nêu rõ trong văn bản, nhưng là một phần của 4 trụ cột điều trị.","https://web.archive.org/web/https://bachmai.gov.vn/bai-viet/dai-thao-duong-bien-chung-tim-mach-va-than-kinh-ngoai-bien-sat-thu-tham-lang?id=994f4df4-95c1-4760-8aee-8d07a69f9fe1"
"216","DRUG_eda85cd2ca","Drug","Corticosteroid","Liều lượng thường dùng là 0.5 - 1 mg/kg/ngày, uống hoặc tiêm bắp.","Dùng để kiểm soát viêm mãn tính đường thở.","Ức chế miễn dịch, giảm tiết cytokine gây viêm.","https://web.archive.org/web/https://benhviennhitrunguong.gov.vn/tag/hen-phe-quan"
"217","DRUG_edcd85071c","Drug","Thuốc long đờm","Liều lượng: 2-3 lần/ngày. Tác dụng phụ: tiêu chảy, buồn nôn, dị ứng.","Dùng để làm loãng và làm lỏng chất nhầy, giúp dễ khạc đờm.","Kích thích tiết dịch ẩm và tăng độ nhớt của đờm, giúp dễ thải ra ngoài.","https://tamanhhospital.vn/giai-doan-benh-phoi-tac-nghen-man-tinh/"
"218","DRUG_ef56680c3a","Drug","Thuốc điều trị ĐTĐ","Liều lượng không được nêu rõ trong văn bản.","Chỉ định điều trị đái tháo đường và kiểm soát biến chứng.","Không nêu cụ thể cơ chế trong văn bản, nhưng tác dụng là kiểm soát đường huyết.","https://bachmai.gov.vn/tin-chi-tiet/-/bai-viet/dai-thao-duong-can-benh-nhieu-bien-chung-nguy-hiem-8-trieu-nguoi-viet-nam-dang-mac-9624-146.html"
"219","DRUG_f114dd6be5","Drug","Insulin bơm thế hệ mới","Liều lượng tùy theo cân nặng, tuổi và mức đường huyết.","Điều trị ĐTĐ típ 1 với độ chính xác cao hơn.","Cung cấp Insulin theo thời gian và liều lượng được lập trình sẵn.","https://benhviennhitrunguong.gov.vn/hoi-thao-xu-huong-dieu-tri-dai-thao-duong-tip-1-chung-ta-khong-the-dung-ngoai.html"
"220","DRUG_f521b0291e","Drug","Antiretroviral protease inhibitors","Liều dùng tùy theo chỉ định, cần kiểm soát đường huyết chặt chẽ.","Dùng trong điều trị HIV, nhưng gây tăng glucose máu.","Ảnh hưởng đến chuyển hóa lipid và insulin, làm giảm nhạy cảm insulin.","https://web.archive.org/web/https://benhvienquynhon.gov.vn/tin-tuc/hoat-dong-cua-ttyt/dai-thao-duong-va-nhung-dieu-ban-can-biet/"
"221","DRUG_f8a6274169","Drug","Thuốc vận chủ beta tác dụng dài","Dạng hít, dùng đều đặn theo lịch hẹn bác sĩ.","Dùng để kiểm soát triệu chứng hen mạn tính và ngăn ngừa cơn hen.","Kích thích thụ thể beta-2, làm giãn cơ trơn phế quản kéo dài thời gian.","http://phacdo.soytequangninh.gov.vn/news/tin-tuc-su-kien/hen-phe-quan-hieu-dung-de-song-khoe-dieu-tri-hieu-qua-phong-ngua-chu-dong.html"
"222","DRUG_f9cc2ac4a4","Drug","Thuốc ức chế beta","Liều lượng không được nêu rõ trong văn bản. | Liều lượng không được nêu cụ thể trong văn bản.","Điều trị tăng huyết áp.","Giảm hoạt động của hệ thần kinh giao cảm, làm chậm nhịp tim và giảm lực co cơ tim.","https://chanthuongvacotsong.bachmai.gov.vn/cao-huyet-ap-am-tham-ma-rat-hiem/"
"223","DRUG_fc5669b52c","Drug","Kali","Truyền tĩnh mạch 1-2 gam/giờ tương đương 20-30mmol kali/giờ cho đến khi nồng độ >3,5 mmol/l.","Bù kali cho người bệnh có nồng độ thấp, đặc biệt khi dùng insulin.","Cung cấp ion kali để duy trì chức năng cơ và điện giải bình thường.","https://web.archive.org/web/https://benhviendakhoasongma.gov.vn/bai-viet/hon-me-tang-ap-luc-tham-thau-do-dai-thao-duong-210"
"224","DRUG_ff5f7ea720","Drug","Thuốc điều trị COPD","Tuân thủ hướng dẫn dùng thuốc từ bác sĩ để đạt mục tiêu cải thiện triệu chứng.","Chỉ định điều trị triệu chứng và cải thiện chức năng phổi.","Không nêu cụ thể trong văn bản, nhưng thuốc được dùng theo phác đồ bác sĩ.","https://medlatec.vn/tin-tuc/benh-nhan-phoi-tac-nghen-phoi-man-tinh-song-duoc-bao-lau-cai-thien-tuoi-tho-bang-cach-nao"
"225","DRUG_ffaf431f25","Drug","Thuốc lợi tiểu Thiazid","Là lựa chọn đầu tiên trong điều trị tăng huyết áp.","Điều trị tăng huyết áp thứ phát do nguyên nhân thận hoặc mạch máu.","Giúp thận loại bỏ natri và nước ra khỏi cơ thể.","https://tamanhhospital.vn/tang-huyet-ap-thu-phat/"
