"node_index","node_id","node_type","node_name","node_description","node_source"
"1591","INTE_00bfd662c1","Intervention","Chế độ ăn kiêng thận","Giảm muối, chất đạm, phosphor, calo để giảm gánh nặng cho thận. | Giảm muối, chất đạm, phosphor và calo để giảm gánh nặng cho thận.","https://web.archive.org/web/http://soyte.hatinh.gov.vn/tin-tuc-su-kien/pho-bien-kien-thuc/dau-hieu-benh-than-va-suy-than-.html | http://soyte.hatinh.gov.vn/tin-tuc-su-kien/pho-bien-kien-thuc/dau-hieu-benh-than-va-suy-than-.html"
"1592","INTE_02623a9aa0","Intervention","Dự phòng bằng thuốc hít dạng steroid liều thấp","Đảm bảo tiếp cận điều trị hiệu quả cho mọi người, bất kể địa vị hay điều kiện kinh tế.","https://web.archive.org/web/http://phacdo.soytequangninh.gov.vn/news/tin-tuc-su-kien/hen-phe-quan-hieu-dung-de-song-khoe-dieu-tri-hieu-qua-phong-ngua-chu-dong.html"
"1593","INTE_0275f971e7","Intervention","Điều trị giảm đau triệu chứng","Sử dụng thuốc chống động kinh, chống trầm cảm ba vòng theo nguyên tắc cá thể hóa.","https://web.archive.org/web/https://bachmai.gov.vn/bai-viet/doi-moi-tu-duy-dieu-tri-dai-thao-duong-typ-2-va-chien-luoc-kiem-soat-toan-dien-bien-chung-than-kinh?id=090463d0-4515-40c8-919c-8bebc41e2c01"
"1594","INTE_0308cfc3a7","Intervention","Phẫu thuật mạch máu","Điều trị biến chứng mạch máu do ĐTĐ típ 1.","https://benhviennhitrunguong.gov.vn/hoi-thao-xu-huong-dieu-tri-dai-thao-duong-tip-1-chung-ta-khong-the-dung-ngoai.html"
"1595","INTE_034392f9f5","Intervention","Đơn giản hóa phác đồ","Chỉ tiêm 1 lần/ngày thay vì 2-4 lần, giúp người bệnh tuân thủ tốt hơn.","https://bachmai.gov.vn/bai-viet/dieu-tri-dai-thao-duong-tip-2-buoc-tien-moi-tu-insulin-nen-the-he-2-va-iglarlixi?id=5cdac324-549d-40aa-b3e6-80214932d112"
"1596","INTE_0352272421","Intervention","Oxy liệu pháp","Cung cấp oxy để cải thiện mức độ thiếu oxy trong máu.","https://bachmai.gov.vn/bai-viet/tho-may-khong-xam-nhap-trong-dieu-tri-benh-phoi-tac-nghen-man-tinh?id=828a5ae0-e152-ef2d-e6b5-48a6c8bafe5b"
"1597","INTE_03b68a8c53","Intervention","Thử oxy dài hạn tại nhà","Giảm khó thở, cải thiện tình trạng thiếu oxy máu mạn tính.","https://web.archive.org/web/https://vncdc.gov.vn/huong-dan-chan-doan-va-dieu-tri-benh-phoi-tac-nghen-man-tinh-nd14577.html"
"1598","INTE_04c4e97a78","Intervention","Điện thần kinh cơ","Phương pháp chẩn đoán và theo dõi tiến triển của biến chứng thần kinh ngoại vi.","https://web.archive.org/web/https://sti.vista.gov.vn/publication/view/nghien-cuu-dac-diem-lam-sang-can-lam-sang-va-chi-so-dien-than-kinh-co-o-nguoi-benh-dai-thao-duong-type-2-co-bien-chung-than-kinh-ngoai-vi-tai-benh-vie-d41b03674c28b600d59c115392319110-455331.html"
"1599","INTE_04ca4b5ac9","Intervention","Sử dụng buồng đệm với MDI","Giúp cải thiện phân bố thuốc, giảm lượng thuốc dính ở họng.","https://web.archive.org/web/https://bachmai.gov.vn/tin-chi-tiet/-/bai-viet/huong-dan-su-dung-thuoc-hit-xit-o-nguoi-mac-benh-phoi-man-tinh-8626-146.html"
"1600","INTE_07b592c87f","Intervention","Chế độ ăn DASH","Chế độ ăn giàu rau củ, trái cây, ngũ cốc nguyên hạt, hạn chế muối và đường.","https://web.archive.org/web/https://tamanhhospital.vn/tang-huyet-ap-trong-benh-than/"
"1601","INTE_099429b756","Intervention","Hướng dẫn y tế","Cần tăng cường hướng dẫn để cải thiện tuân thủ điều trị.","https://web.archive.org/web/http://www.tapchiyhocduphong.vn/tap-chi-y-hoc-du-phong/2021/09/tuan-thu-dieu-tri-va-cac-yeu-to-lien-quan-o-benh-nhan-dai-thao-duong-tuyp-2-dieu-o81E20B40.html"
"1602","INTE_0a6210c18f","Intervention","Giảm cân","Đặc biệt quan trọng đối với người béo phì để cải thiện đề kháng insulin. | Điều chỉnh chế độ ăn để giảm cân nếu có béo phì. | Đối với người thừa cân hoặc béo phì, cần giảm cân bằng chế độ ăn ít calo. | Đặc biệt ở người béo phì BMI ≥ 23kg/m², giúp giảm huyết áp và cholesterol.","https://web.archive.org/web/https://benhvienquynhon.gov.vn/tin-tuc/hoat-dong-cua-ttyt/dai-thao-duong-va-nhung-dieu-ban-can-biet/ | https://benhvienquynhon.gov.vn/tin-tuc/hoat-dong-cua-ttyt/dai-thao-duong-va-nhung-dieu-ban-can-biet/ | https://web.archive.org/web/https://benhvienquynhon.gov.vn/tin-tuc/hoat-dong-cua-ttyt/dai-thao-duong-va-nhung-dieu-ban-can-biet/ | https://web.archive.org/web/https://bachmai.gov.vn/bai-viet/chan-doan-som-benh-dai-thao-duong-tip-2?id=59f9c51f-418e-9437-823c-a1a6c23c33e4 | https://web.archive.org/web/https://bachmai.gov.vn/bai-viet/chan-doan-som-benh-dai-thao-duong-tip-2?id=59f9c51f-418e-9437-823c-a1a6c23c33e4 | https://www.vinmec.com/vie/bai-viet/dieu-tri-tang-huyet-ap-kem-suy-man-vi"
"1603","INTE_0af746547d","Intervention","Tránh lo âu và căng thẳng","Giảm stress tâm lý giúp kiểm soát cơn hen tốt hơn.","https://www.vinmec.com/vie/benh/hen-phe-quan-2949"
"1604","INTE_0afda1eced","Intervention","Giám sát chặt chẽ khi dùng statin","Cần theo dõi tác dụng phụ như tổn thương cơ và gan để đảm bảo an toàn cho bệnh nhân.","https://bachmai.gov.vn/bai-viet/dai-thao-duong-bien-chung-tim-mach-va-than-kinh-ngoai-bien-sat-thu-tham-lang?id=994f4df4-95c1-4760-8aee-8d07a69f9fe1"
"1605","INTE_0affe67981","Intervention","Tiêm vắc xin phòng cúm và phế cầu","Giảm nguy cơ đợt cấp do nhiễm trùng đường hô hấp, đặc biệt ở người cao tuổi và bệnh nhân suy hô hấp.","https://web.archive.org/web/https://vncdc.gov.vn/huong-dan-chan-doan-va-dieu-tri-benh-phoi-tac-nghen-man-tinh-nd14577.html"
"1606","INTE_0affe67981","Intervention","Tiêm vắc-xin phòng cúm và phế cầu","Giảm nguy cơ nhiễm trùng hô hấp tái phát, một trong những nguyên nhân làm nặng bệnh. | Giảm nguy cơ nhiễm trùng hô hấp, một trong những nguyên nhân làm nặng bệnh COPD. | Giảm nguy cơ nhiễm trùng hô hấp tái phát, từ đó giảm nguy cơ tiến triển COPD. | Giảm nguy cơ nhiễm trùng hô hấp tái phát, giúp kiểm soát COPD.","https://web.archive.org/web/https://bachmai.gov.vn/bai-viet/benh-phoi-tac-nghen-man-tinh-hieu-dung-phong-ngua-va-phat-hien-som-cung-chuyen-gia-benh-vien-bach-mai?id=bef483aa-6fde-433a-b2e8-b373eb7903a6 | https://web.archive.org/web/https://bachmai.gov.vn/bai-viet/benh-phoi-tac-nghen-man-tinh-hieu-dung-phong-ngua-va-phat-hien-som-cung-chuyen-gia-benh-vien-bach-mai?id=bef483aa-6fde-433a-b2e8-b373eb7903a6 | https://bachmai.gov.vn/bai-viet/benh-phoi-tac-nghen-man-tinh-hieu-dung-phong-ngua-va-phat-hien-som-cung-chuyen-gia-benh-vien-bach-mai?id=bef483aa-6fde-433a-b2e8-b373eb7903a6"
"1607","INTE_0d6942be91","Intervention","Khám bàn chân thường quy","Hành động phòng ngừa tàn phế, khuyến cáo cho bác sĩ đa khoa và chuyên khoa khác. | Hành động phòng ngừa tàn phế, giúp phát hiện sớm tổn thương thần kinh và loét. | Hành động phòng ngừa tàn phế, đặc biệt ở người đái tháo đường.","https://bachmai.gov.vn/bai-viet/doi-moi-tu-duy-dieu-tri-dai-thao-duong-typ-2-va-chien-luoc-kiem-soat-toan-dien-bien-chung-than-kinh?id=090463d0-4515-40c8-919c-8bebc41e2c01 | https://web.archive.org/web/https://bachmai.gov.vn/bai-viet/doi-moi-tu-duy-dieu-tri-dai-thao-duong-typ-2-va-chien-luoc-kiem-soat-toan-dien-bien-chung-than-kinh?id=090463d0-4515-40c8-919c-8bebc41e2c01 | https://bachmai.gov.vn/bai-viet/doi-moi-tu-duy-dieu-tri-dai-thao-duong-typ-2-va-chien-luoc-kiem-soat-toan-dien-bien-chung-than-kinh?id=090463d0-4515-40c8-919c-8bebc41e2c01"
"1608","INTE_0dcf0fa180","Intervention","Dùng bơm insulin thế hệ mới","Công nghệ tiêm insulin tự động, giúp kiểm soát glucose ổn định hơn và giảm thiểu hạ đường huyết.","https://benhviennhitrunguong.gov.vn/hoi-thao-xu-huong-dieu-tri-dai-thao-duong-tip-1-chung-ta-khong-the-dung-ngoai.html"
"1609","INTE_0e2f2153b4","Intervention","Bơm insulin thế hệ mới","Thiết bị tiêm insulin tự động, giúp bệnh nhân điều chỉnh liều lượng chính xác theo nhu cầu. | Công nghệ tiêm Insulin tự động, giúp điều chỉnh liều lượng chính xác.","https://benhviennhitrunguong.gov.vn/hoi-thao-xu-huong-dieu-tri-dai-thao-duong-tip-1-chung-ta-khong-the-dung-ngoai.html"
"1610","INTE_113c79e37d","Intervention","Hướng dẫn dùng thuốc đúng cách","Đảm bảo thuốc vào phổi, kiểm soát triệu chứng và ngăn ngừa đợt cấp.","https://bachmai.gov.vn/bai-viet/phong-dot-cap-benh-phoi-tac-nghen-man-tinh?id=28510cbf-b2a4-a5e6-65a7-7b91e89cf5eb"
"1611","INTE_116cda18e6","Intervention","Xử lý hạ đường huyết","Cho bệnh nhân uống nước có đường hoặc đồ ngọt khi có triệu chứng hạ đường huyết.","https://web.archive.org/web/https://vncdc.gov.vn/quan-ly-benh-dai-thao-duong-nd14581.html"
"1612","INTE_11b9dcd7a7","Intervention","Khám mắt định kỳ","Tầm soát sớm các biến chứng võng mạc do đái tháo đường. | Chu kỳ khám mắt mỗi 6 tháng hoặc 1 năm để phát hiện biến chứng và điều trị kịp thời. | Chính sách khám mắt định kỳ mỗi 6 tháng hoặc 1 năm giúp phát hiện sớm biến chứng và tăng cơ hội phục hồi thị lực.","https://web.archive.org/web/https://benhvientinh.caobang.gov.vn/index.php/vi/news/dich-vu/tiep-nhan-dieu-tri-benh-nhan-dai-thao-duong-tuyp-2-co-bien-chung-mo-mat-do-khong-di-kham-va-tam-soat-som-443.html | https://benhvientinh.caobang.gov.vn/index.php/vi/news/dich-vu/tiep-nhan-dieu-tri-benh-nhan-dai-thao-duong-tuyp-2-co-bien-chung-mo-mat-do-khong-di-kham-va-tam-soat-som-443.html | https://web.archive.org/web/https://benhvienmathanoi.gov.vn/tam-soat-benh-vong-mac-dai-thao-duong/ | https://benhvienmathanoi.gov.vn/tam-soat-benh-vong-mac-dai-thao-duong/"
"1613","INTE_11babc93d1","Intervention","Chuyển đổi liệu pháp tiêm","Điều chỉnh phác đồ từ insulin truyền thống sang insulin nền thế hệ 2 hoặc iGlarLixi để giảm hạ đường huyết và tăng tuân thủ.","https://bachmai.gov.vn/bai-viet/dieu-tri-dai-thao-duong-tip-2-buoc-tien-moi-tu-insulin-nen-the-he-2-va-iglarlixi?id=5cdac324-549d-40aa-b3e6-80214932d112"
"1614","INTE_123d0836d6","Intervention","Tránh khói thuốc","Người chưa hút thì tuyệt đối không thử; người đang hút cần bỏ thuốc và không tái nghiện. | Người chưa hút thì không hút; người đang hút phải bỏ thuốc và không tái nghiện.","https://web.archive.org/web/https://bachmai.gov.vn/bai-viet/benh-phoi-tac-nghen-man-tinh-hieu-dung-phong-ngua-va-phat-hien-som-cung-chuyen-gia-benh-vien-bach-mai?id=bef483aa-6fde-433a-b2e8-b373eb7903a6 | https://bachmai.gov.vn/bai-viet/benh-phoi-tac-nghen-man-tinh-hieu-dung-phong-ngua-va-phat-hien-som-cung-chuyen-gia-benh-vien-bach-mai?id=bef483aa-6fde-433a-b2e8-b373eb7903a6"
"1615","INTE_128d1962fb","Intervention","Tư vấn cai thuốc lá","Chiến lược 5A: Ask, Advise, Assess, Assist, Arrange để hỗ trợ bệnh nhân bỏ thuốc.","https://web.archive.org/web/https://vncdc.gov.vn/huong-dan-chan-doan-va-dieu-tri-benh-phoi-tac-nghen-man-tinh-nd14577.html"
"1616","INTE_129040ea73","Intervention","Bổ sung canxi và kali","Hỗ trợ điều hòa huyết áp thông qua cân bằng điện giải.","https://soyte.tuyenquang.gov.vn/tin-tuc/tang-huyet-ap-va-nhung-bien-chung-nguy-hiem.html"
"1617","INTE_1320318e56","Intervention","Kiểm soát huyết áp tại nhà","Sử dụng thiết bị đo huyết áp kỹ thuật số để theo dõi và ghi lại kết quả.","http://bvhoanghoa.ytethanhhoa.gov.vn/web/khoa-phong-chuc-nang/khoa-phong-chuc-nang/phong-cong-tac-xa-hoi/dieu-can-luu-y-khi-dieu-tri-tang-huyet-ap.html"
"1618","INTE_138f4a2a94","Intervention","Xử trí nhiễm toan ceton","Cần điều trị kịp thời để tránh hôn mê và tử vong.","https://bachmai.gov.vn/bai-viet/bien-chung-cua-benh-dai-thao-duong?id=f17ffc43-5abb-5dcb-54d1-d3887440a421"
"1619","INTE_14c3a18e85","Intervention","Điều trị đa chiều","Tập trung vào kiểm soát glucose, huyết áp, lipid máu và bảo vệ tim mạch, thận.","https://web.archive.org/web/https://bachmai.gov.vn/bai-viet/doi-moi-tu-duy-dieu-tri-dai-thao-duong-typ-2-va-chien-luoc-kiem-soat-toan-dien-bien-chung-than-kinh?id=090463d0-4515-40c8-919c-8bebc41e2c01"
"1620","INTE_163d07ed34","Intervention","Điều trị insulin","Cung cấp insulin ngoại sinh để điều hòa glucose trong máu.","https://web.archive.org/web/https://ttytiapa.gialai.gov.vn/van-ban/huong-dan-chan-doan-va-dieu-tri-benh-dai-thao-duong-tip-1-o-.html"
"1621","INTE_16693d14fd","Intervention","Điều trị theo kế hoạch phòng ngừa","Dùng thuốc hít, xịt, uống để ngăn cơn hen tái phát.","https://www.vinmec.com/vie/bai-viet/bien-chung-lau-dai-cua-benh-hen-phe-quan-vi"
"1622","INTE_16a158cbfd","Intervention","Tầm soát thần kinh định kỳ","Khám sàng lọc ít nhất mỗi năm một lần cho tất cả bệnh nhân đái tháo đường. | Khám sàng lọc ít nhất mỗi năm một lần bằng test monofilament, âm thoa và phản xạ gân gót.","https://bachmai.gov.vn/bai-viet/doi-moi-tu-duy-dieu-tri-dai-thao-duong-typ-2-va-chien-luoc-kiem-soat-toan-dien-bien-chung-than-kinh?id=090463d0-4515-40c8-919c-8bebc41e2c01"
"1623","INTE_172f62e16d","Intervention","Khám định kỳ","Tái khám định kỳ để đánh giá hiệu quả điều trị và điều chỉnh phác đồ. | Theo dõi và điều chỉnh phác đồ điều trị. | Theo dõi diễn tiến bệnh, điều chỉnh thuốc dự phòng và kiểm soát dị nguyên. | Theo hướng dẫn của bác sĩ chuyên khoa. | Theo hướng dẫn của bác sĩ chuyên khoa.","https://www.vinmec.com/vie/bai-viet/dieu-tri-tang-huyet-ap-kem-suy-man-vi | https://web.archive.org/web/https://benhviennhitrunguong.gov.vn/tag/hen-phe-quan | https://benhviennhitrunguong.gov.vn/tag/hen-phe-quan | https://benhviennhitrunguong.gov.vn/tag/hen-phe-quan"
"1624","INTE_194ecdf8b4","Intervention","Bỏ thuốc lá","Hành động quan trọng giúp ngăn chặn tiến triển bệnh và kéo dài tuổi thọ. | Hành động quan trọng nhất để cải thiện chức năng phổi và làm chậm tiến triển COPD. | Hành động can thiệp chính yếu để ngăn ngừa và làm chậm tiến triển COPD. | Hành động quan trọng nhất để cải thiện chức năng phổi và làm chậm tiến triển COPD.","https://tamanhhospital.vn/giai-doan-benh-phoi-tac-nghen-man-tinh/ | https://medlatec.vn/tin-tuc/benh-nhan-phoi-tac-nghen-phoi-man-tinh-song-duoc-bao-lau-cai-thien-tuoi-tho-bang-cach-nao | https://web.archive.org/web/https://bachmai.gov.vn/bai-viet/benh-phoi-tac-nghen-man-tinh-hieu-dung-phong-ngua-va-phat-hien-som-cung-chuyen-gia-benh-vien-bach-mai?id=bef483aa-6fde-433a-b2e8-b373eb7903a6 | https://tamanhhospital.vn/giai-doan-benh-phoi-tac-nghen-man-tinh/"
"1625","INTE_195ba9fcf0","Intervention","Theo dõi và quản lý bệnh nhân","Theo dõi người bệnh đã được điều trị ổn định ở tuyến trên.","https://web.archive.org/web/https://vncdc.gov.vn/quan-ly-benh-dai-thao-duong-nd14581.html"
"1626","INTE_1960a35a2f","Intervention","Chẩn đoán điện thần kinh cơ","Phương pháp can thiệp chẩn đoán để xác định mức độ tổn thương thần kinh.","https://sti.vista.gov.vn/publication/view/nghien-cuu-dac-diem-lam-sang-can-lam-sang-va-chi-so-dien-than-kinh-co-o-nguoi-benh-dai-thao-duong-type-2-co-bien-chung-than-kinh-ngoai-vi-tai-benh-vie-d41b03674c28b600d59c115392319110-455331.html"
"1627","INTE_198ee05004","Intervention","Điều tra nguyên nhân thứ phát","Xác định nguyên nhân gây tăng huyết áp thứ phát để điều trị cụ thể. | Khám và xác định bệnh lý gây tăng huyết áp thứ phát. | Xác định nguyên nhân gây tăng huyết áp thứ phát để điều trị cụ thể. | Khi nghi ngờ tăng huyết áp do bệnh lý khác như thận, tim hoặc nội tiết. | Khi nghi ngờ tăng huyết áp do bệnh lý khác như thận, tim hoặc nội tiết. | Xác định nguyên nhân gây tăng huyết áp thứ phát để điều trị cụ thể.","https://web.archive.org/web/http://bvhoanghoa.ytethanhhoa.gov.vn/web/khoa-phong-chuc-nang/khoa-phong-chuc-nang/to-cong-tac-xa-hoi/benh-tang-huyet-ap-ke-giet-nguoi-tham-lang.html | http://bvhoanghoa.ytethanhhoa.gov.vn/web/khoa-phong-chuc-nang/khoa-phong-chuc-nang/to-cong-tac-xa-hoi/benh-tang-huyet-ap-ke-giet-nguoi-tham-lang.html | https://web.archive.org/web/http://bvhoanghoa.ytethanhhoa.gov.vn/web/khoa-phong-chuc-nang/khoa-phong-chuc-nang/to-cong-tac-xa-hoi/benh-tang-huyet-ap-ke-giet-nguoi-tham-lang.html | http://bvhoanghoa.ytethanhhoa.gov.vn/web/khoa-phong-chuc-nang/khoa-phong-chuc-nang/to-cong-tac-xa-hoi/benh-tang-huyet-ap-ke-giet-nguoi-tham-lang.html | http://bvhoanghoa.ytethanhhoa.gov.vn/web/khoa-phong-chuc-nang/khoa-phong-chuc-nang/to-cong-tac-xa-hoi/benh-tang-huyet-ap-ke-giet-nguoi-tham-lang.html | https://web.archive.org/web/http://bvhoanghoa.ytethanhhoa.gov.vn/web/khoa-phong-chuc-nang/khoa-phong-chuc-nang/to-cong-tac-xa-hoi/benh-tang-huyet-ap-ke-giet-nguoi-tham-lang.html"
"1628","INTE_19f8795b3b","Intervention","Tầm soát sớm COPD","Việc tầm soát sớm giúp phát hiện bệnh trước khi tiến triển nặng, từ đó quản lý tốt và cải thiện chất lượng sống.","https://bachmai.gov.vn/bai-viet/benh-phoi-tac-nghen-man-tinh-hieu-dung-phong-ngua-va-phat-hien-som-cung-chuyen-gia-benh-vien-bach-mai?id=bef483aa-6fde-433a-b2e8-b373eb7903a6"
"1629","INTE_1a0644f173","Intervention","Khám sàng lọc đo huyết áp định kỳ","Hành vi phòng ngừa quan trọng để phát hiện sớm tăng huyết áp ở mọi lứa tuổi, đặc biệt là người trẻ.","http://cdc.hatinh.gov.vn/vi/%1Cbenh-khong-lay-nhiem/topic/6029 | https://web.archive.org/web/http://cdc.hatinh.gov.vn/vi/%1Cbenh-khong-lay-nhiem/topic/6029"
"1630","INTE_1bba41a038","Intervention","Tiêm vắc-xin","Bảo vệ phổi khỏi nhiễm trùng hô hấp, giảm nguy cơ bùng phát COPD.","https://tamanhhospital.vn/giai-doan-benh-phoi-tac-nghen-man-tinh/"
"1631","INTE_1bfdca27dc","Intervention","Theo dõi định kỳ","Người bệnh cần khám định kỳ để kiểm soát và phát hiện sớm biến chứng. | Khám bệnh thường xuyên để phát hiện sớm biến chứng. | Người bệnh cần khám định kỳ để kiểm soát đường huyết và phát hiện sớm biến chứng. | Khám bác sĩ thường xuyên để kiểm soát và phát hiện sớm biến chứng. | Người bệnh cần khám định kỳ để kiểm soát và phát hiện sớm biến chứng. | Người bệnh cần khám định kỳ để kiểm soát biến chứng và điều chỉnh thuốc. | Kiểm tra glucose máu, HbA1c và các chỉ số sinh hóa định kỳ để điều chỉnh thuốc và can thiệp. | Người bệnh cần khám định kỳ để kiểm soát và phát hiện sớm biến chứng. | Người bệnh cần khám định kỳ để phát hiện sớm biến chứng. | Người bệnh cần khám định kỳ để phát hiện sớm biến chứng. | Để phát hiện sớm và điều trị kịp thời. | Để phát hiện sớm và kiểm soát huyết áp. | Để phát hiện sớm và kiểm soát huyết áp. | Điều tra và kiểm soát huyết áp thường xuyên để phát hiện sớm biến chứng. | Đi khám sức khỏe định kỳ để phát hiện sớm và kiểm soát tăng huyết áp. | Điều tra và kiểm soát huyết áp thường xuyên để phát hiện sớm biến chứng.","https://web.archive.org/web/https://xayenmo.ninhbinh.gov.vn/y-te-giao-duc/benh-dai-thao-duong-dau-hieu-nhan-biet-phan-loai-va-dieu-tri-389.html | https://xayenmo.ninhbinh.gov.vn/y-te-giao-duc/benh-dai-thao-duong-dau-hieu-nhan-biet-phan-loai-va-dieu-tri-389.html | https://xayenmo.ninhbinh.gov.vn/y-te-giao-duc/benh-dai-thao-duong-dau-hieu-nhan-biet-phan-loai-va-dieu-tri-389.html | https://web.archive.org/web/https://xayenmo.ninhbinh.gov.vn/y-te-giao-duc/benh-dai-thao-duong-dau-hieu-nhan-biet-phan-loai-va-dieu-tri-389.html | https://www.vinmec.com/vie/bai-viet/tong-quan-ve-benh-dai-thao-duong-vi | https://web.archive.org/web/https://xayenmo.ninhbinh.gov.vn/y-te-giao-duc/benh-dai-thao-duong-dau-hieu-nhan-biet-phan-loai-va-dieu-tri-389.html | https://xayenmo.ninhbinh.gov.vn/y-te-giao-duc/benh-dai-thao-duong-dau-hieu-nhan-biet-phan-loai-va-dieu-tri-389.html | https://xayenmo.ninhbinh.gov.vn/y-te-giao-duc/benh-dai-thao-duong-dau-hieu-nhan-biet-phan-loai-va-dieu-tri-389.html | https://xayenmo.ninhbinh.gov.vn/y-te-giao-duc/benh-dai-thao-duong-dau-hieu-nhan-biet-phan-loai-va-dieu-tri-389.html | http://bvhoanghoa.ytethanhhoa.gov.vn/web/khoa-phong-chuc-nang/khoa-phong-chuc-nang/to-cong-tac-xa-hoi/benh-tang-huyet-ap-ke-giet-nguoi-tham-lang.html | http://bvhoanghoa.ytethanhhoa.gov.vn/web/khoa-phong-chuc-nang/khoa-phong-chuc-nang/to-cong-tac-xa-hoi/benh-tang-huyet-ap-ke-giet-nguoi-tham-lang.html | http://bvhoanghoa.ytethanhhoa.gov.vn/web/khoa-phong-chuc-nang/khoa-phong-chuc-nang/to-cong-tac-xa-hoi/benh-tang-huyet-ap-ke-giet-nguoi-tham-lang.html"
"1632","INTE_1da2debfdd","Intervention","Điều chỉnh lối sống","Thay đổi thói quen sinh hoạt nhằm kiểm soát huyết áp lâu dài. | Thay đổi thói quen sinh hoạt nhằm kiểm soát huyết áp và ngăn ngừa biến chứng. | Hỗ trợ điều trị bằng thay đổi thói quen sinh hoạt.","http://bvhoanghoa.ytethanhhoa.gov.vn/web/khoa-phong-chuc-nang/khoa-phong-chuc-nang/to-cong-tac-xa-hoi/dieu-can-luu-y-khi-dieu-tri-tang-huyet-ap.html | http://bvhoanghoa.ytethanhhoa.gov.vn/web/khoa-phong-chuc-nang/khoa-phong-chuc-nang/phong-cong-tac-xa-hoi/dieu-can-luu-y-khi-dieu-tri-tang-huyet-ap.html | https://web.archive.org/web/https://medlatec.vn/tin-tuc/hep-dong-mach-than-la-gi-muc-do-nguy-hiem-va-phuong-phap-dieu-tri"
"1633","INTE_1e0c9075e7","Intervention","Điều trị loét bàn chân","Chống nhiễm trùng, chăm sóc vết thương để ngăn ngừa hoại tử.","https://syt.dongnai.gov.vn/vi/news/Suc-khoe-cong-dong/nhung-bien-chung-nguy-hiem-cua-benh-tieu-duong-2511.html"
"1634","INTE_1e0e46461d","Intervention","Tập thể dục","Cải thiện chuyển hóa glucose, giảm cân và kiểm soát đường huyết. | Hoạt động thể chất giúp kiểm soát đường huyết và duy trì sức khỏe. | Hoạt động thể chất giúp kiểm soát đường huyết và duy trì sức khỏe. | Cải thiện khả năng sử dụng glucose và kiểm soát đường huyết. | Cải thiện khả năng sử dụng glucose và kiểm soát cân nặng, hỗ trợ điều trị đái tháo đường. | Hoạt động thể chất giúp kiểm soát đường huyết và cải thiện sức khỏe tổng thể. | Cải thiện khả năng sử dụng glucose và kiểm soát cân nặng. | Hoạt động thể chất giúp kiểm soát đường huyết và cải thiện sức khỏe tổng thể. | Hoạt động thể lực ít nhất 30 phút/ngày, 5 ngày/tuần giúp cải thiện insulin và giảm glucose máu. | Cải thiện khả năng sử dụng glucose và kiểm soát cân nặng. | Hoạt động thể chất giúp kiểm soát đường huyết và phòng ngừa biến chứng. | Cải thiện khả năng sử dụng glucose và kiểm soát đường huyết. | Tập ít nhất 30 phút/ngày để cải thiện lưu thông máu. | Tập nhẹ nhàng (đi bộ) 30-60 phút/ngày để kiểm soát huyết áp và giảm nguy cơ tim mạch. | Tăng cường sức khỏe tim mạch, giảm huyết áp. | Tập luyện đều đặn giúp tăng sức khỏe hô hấp và giảm nguy cơ cơn hen.","https://benhviennhitrunguong.gov.vn/benh-dai-thao-duong-o-tre-em.html | https://web.archive.org/web/https://benhviennhitrunguong.gov.vn/benh-dai-thao-duong-o-tre-em.html | https://web.archive.org/web/https://benhviennhitrunguong.gov.vn/benh-dai-thao-duong-o-tre-em.html | https://benhviennhitrunguong.gov.vn/benh-dai-thao-duong-o-tre-em.html | https://web.archive.org/web/https://benhviennhitrunguong.gov.vn/benh-dai-thao-duong-o-tre-em.html | https://web.archive.org/web/https://benhviennhitrunguong.gov.vn/benh-dai-thao-duong-o-tre-em.html | https://benhviennhitrunguong.gov.vn/benh-dai-thao-duong-o-tre-em.html | https://web.archive.org/web/https://benhviennhitrunguong.gov.vn/benh-dai-thao-duong-o-tre-em.html | https://www.vinmec.com/vie/bai-viet/tong-quan-ve-benh-dai-thao-duong-vi | https://benhviennhitrunguong.gov.vn/benh-dai-thao-duong-o-tre-em.html | https://web.archive.org/web/http://www.tapchiyhocduphong.vn/tap-chi-y-hoc-du-phong/2015/08/kien-thuc-ve-benh-dai-thao-duong-va-mot-so-yeu-to-lien-quan-cua-nguoi-benh-tai-c-o81E20305.html | https://benhviennhitrunguong.gov.vn/benh-dai-thao-duong-o-tre-em.html | https://chanthuongvacotsong.bachmai.gov.vn/cao-huyet-ap-am-tham-ma-rat-hiem/ | https://www.vinmec.com/vie/bai-viet/dieu-tri-tang-huyet-ap-kem-suy-man-vi | https://chanthuongvacotsong.bachmai.gov.vn/cao-huyet-ap-am-tham-ma-rat-hiem/ | https://www.vinmec.com/vie/benh/hen-phe-quan-2949"
"1635","INTE_1e5f0325d8","Intervention","Giáo dục thay đổi hành vi","Hướng dẫn cộng đồng thay đổi thói quen sống để phòng bệnh.","https://web.archive.org/web/https://vncdc.gov.vn/quan-ly-benh-dai-thao-duong-nd14581.html"
"1636","INTE_1ec95e8103","Intervention","Chế độ ăn giảm đạm và muối","Giảm gánh nặng cho thận, phù hợp với người suy thận. | Giảm gánh nặng cho thận trong giai đoạn suy chức năng. | Giảm gánh nặng cho thận, phù hợp với người suy thận. | Giảm gánh nặng cho thận, đặc biệt trong giai đoạn suy thận. | Giảm gánh nặng cho thận trong giai đoạn suy chức năng.","https://web.archive.org/web/https://benhvientinh.caobang.gov.vn/index.php/vi/news/tin-tuc-su-kien/bien-chung-than-do-dai-thao-duong-6-dieu-nguoi-benh-phai-chu-y-710.html | https://benhvientinh.caobang.gov.vn/index.php/vi/news/tin-tuc-su-kien/bien-chung-than-do-dai-thao-duong-6-dieu-nguoi-benh-phai-chu-y-710.html | https://benhvientinh.caobang.gov.vn/index.php/vi/news/tin-tuc-su-kien/bien-chung-than-do-dai-thao-duong-6-dieu-nguoi-benh-phai-chu-y-710.html | https://web.archive.org/web/https://benhvientinh.caobang.gov.vn/index.php/vi/news/tin-tuc-su-kien/bien-chung-than-do-dai-thao-duong-6-dieu-nguoi-benh-phai-chu-y-710.html | https://benhvientinh.caobang.gov.vn/index.php/vi/news/tin-tuc-su-kien/bien-chung-than-do-dai-thao-duong-6-dieu-nguoi-benh-phai-chu-y-710.html | https://web.archive.org/web/https://benhvientinh.caobang.gov.vn/index.php/vi/news/tin-tuc-su-kien/bien-chung-than-do-dai-thao-duong-6-dieu-nguoi-benh-phai-chu-y-710.html"
"1637","INTE_1ed8917f0f","Intervention","Tư vấn dinh dưỡng và vận động","Hỗ trợ trẻ em duy trì cân nặng hợp lý, kiểm soát đường huyết thông qua chế độ ăn uống.","https://web.archive.org/web/https://benhviennhitrunguong.gov.vn/hoi-thao-xu-huong-dieu-tri-dai-thao-duong-tip-1-chung-ta-khong-the-dung-ngoai.html"
"1638","INTE_1ee435d682","Intervention","Chữa ngưng thở khi ngủ do tắc nghẽn","Sử dụng máy CPAP hoặc điều chỉnh lối sống để cải thiện giấc ngủ.","https://tamanhhospital.vn/tang-huyet-ap-thu-phat/"
"1639","INTE_1f16748a27","Intervention","Đo huyết áp định kỳ","Theo dõi huyết áp tại nhà và y tế để điều chỉnh thuốc và lối sống. | Đo hai lần mỗi ngày (sáng và tối) để theo dõi và điều chỉnh. | Theo dõi huyết áp tại nhà và y tế để điều chỉnh thuốc và lối sống. | Đo hai lần mỗi ngày (sáng và tối) để theo dõi và điều chỉnh thuốc. | Theo dõi huyết áp hai lần/ngày (sáng và tối) để điều chỉnh kịp thời. | Đo hai lần mỗi ngày (sáng và tối) để theo dõi và điều chỉnh điều trị. | Đo hai lần mỗi ngày (sáng và tối) để theo dõi và điều chỉnh. | Theo dõi huyết áp tại nhà và y tế để điều chỉnh thuốc và lối sống. | Theo dõi huyết áp hai lần/ngày (sáng và tối) để điều chỉnh thuốc và lối sống. | Theo dõi huyết áp tại nhà hoặc bệnh viện để điều chỉnh thuốc và lối sống. | Đo hai lần mỗi ngày (sáng và tối) để theo dõi và điều chỉnh điều trị. | Theo dõi huyết áp hai lần/ngày (sáng và tối) giúp điều chỉnh kịp thời. | Theo dõi huyết áp hai lần/ngày (sáng và tối) để điều chỉnh kịp thời. | Đo hai lần mỗi ngày (sáng và tối) để theo dõi và điều chỉnh điều trị.","http://bvhoanghoa.ytethanhhoa.gov.vn/web/khoa-phong-chuc-nang/khoa-phong-chuc-nang/phong-cong-tac-xa-hoi/dieu-can-luu-y-khi-dieu-tri-tang-huyet-ap.html | https://web.archive.org/web/http://bvhoanghoa.ytethanhhoa.gov.vn/web/khoa-phong-chuc-nang/khoa-phong-chuc-nang/phong-cong-tac-xa-hoi/dieu-can-luu-y-khi-dieu-tri-tang-huyet-ap.html | http://bvhoanghoa.ytethanhhoa.gov.vn/web/khoa-phong-chuc-nang/khoa-phong-chuc-nang/phong-cong-tac-xa-hoi/dieu-can-luu-y-khi-dieu-tri-tang-huyet-ap.html | https://web.archive.org/web/http://bvhoanghoa.ytethanhhoa.gov.vn/web/khoa-phong-chuc-nang/khoa-phong-chuc-nang/phong-cong-tac-xa-hoi/dieu-can-luu-y-khi-dieu-tri-tang-huyet-ap.html | http://bvhoanghoa.ytethanhhoa.gov.vn/web/khoa-phong-chuc-nang/khoa-phong-chuc-nang/to-cong-tac-xa-hoi/dieu-can-luu-y-khi-dieu-tri-tang-huyet-ap.html | http://bvhoanghoa.ytethanhhoa.gov.vn/web/khoa-phong-chuc-nang/khoa-phong-chuc-nang/phong-cong-tac-xa-hoi/dieu-can-luu-y-khi-dieu-tri-tang-huyet-ap.html | https://web.archive.org/web/http://bvhoanghoa.ytethanhhoa.gov.vn/web/khoa-phong-chuc-nang/khoa-phong-chuc-nang/phong-cong-tac-xa-hoi/dieu-can-luu-y-khi-dieu-tri-tang-huyet-ap.html | http://bvhoanghoa.ytethanhhoa.gov.vn/web/khoa-phong-chuc-nang/khoa-phong-chuc-nang/phong-cong-tac-xa-hoi/dieu-can-luu-y-khi-dieu-tri-tang-huyet-ap.html | http://bvhoanghoa.ytethanhhoa.gov.vn/web/khoa-phong-chuc-nang/khoa-phong-chuc-nang/phong-cong-tac-xa-hoi/dieu-can-luu-y-khi-dieu-tri-tang-huyet-ap.html | https://web.archive.org/web/http://bvhoanghoa.ytethanhhoa.gov.vn/web/khoa-phong-chuc-nang/khoa-phong-chuc-nang/phong-cong-tac-xa-hoi/dieu-can-luu-y-khi-dieu-tri-tang-huyet-ap.html | http://bvhoanghoa.ytethanhhoa.gov.vn/web/khoa-phong-chuc-nang/khoa-phong-chuc-nang/phong-cong-tac-xa-hoi/dieu-can-luu-y-khi-dieu-tri-tang-huyet-ap.html | https://web.archive.org/web/http://bvhoanghoa.ytethanhhoa.gov.vn/web/khoa-phong-chuc-nang/khoa-phong-chuc-nang/phong-cong-tac-xa-hoi/dieu-can-luu-y-khi-dieu-tri-tang-huyet-ap.html | http://bvhoanghoa.ytethanhhoa.gov.vn/web/khoa-phong-chuc-nang/khoa-phong-chuc-nang/to-cong-tac-xa-hoi/dieu-can-luu-y-khi-dieu-tri-tang-huyet-ap.html | http://bvhoanghoa.ytethanhhoa.gov.vn/web/khoa-phong-chuc-nang/khoa-phong-chuc-nang/phong-cong-tac-xa-hoi/dieu-can-luu-y-khi-dieu-tri-tang-huyet-ap.html"
"1640","INTE_1fb39b3b65","Intervention","Liệu pháp VAC","Phương pháp hút dịch và tạo áp lực âm để thúc đẩy lành vết thương. | Phương pháp điều trị loét bàn chân bằng cách tạo áp lực âm để thúc đẩy lành thương.","https://bachmai.gov.vn/tin-chi-tiet/-/bai-viet/cap-nhat-chan-doan-dieu-tri-benh-dai-thao-duong-va-bien-chung-8971-144.html | https://web.archive.org/web/https://bachmai.gov.vn/tin-chi-tiet/-/bai-viet/cap-nhat-chan-doan-dieu-tri-benh-dai-thao-duong-va-bien-chung-8971-144.html"
"1641","INTE_20ec25e91e","Intervention","Xử trí cơn hen cấp tại nhà","Cha mẹ cần biết cách xử lý khi trẻ lên cơn hen để tránh biến chứng. | Dùng thuốc giãn phế quản, giữ trẻ nằm thẳng, không cho ăn uống, theo dõi SpO2.","https://web.archive.org/web/https://benhviennhitrunguong.gov.vn/tag/hen-phe-quan"
"1642","INTE_215971202d","Intervention","Tiêm insulin tĩnh mạch","Điều trị nhiễm toan ceton cấp cứu. Liều ban đầu từ 0,1 - 0,15 IU/kg/h.","https://web.archive.org/web/https://vncdc.gov.vn/huong-dan-chan-doan-va-dieu-tri-benh-dai-thao-duong-tuyp-2-nd14582.html"
"1643","INTE_224fda23a5","Intervention","Chế độ dinh dưỡng lành mạnh","Bổ sung rau xanh, chất xơ và vitamin để hỗ trợ kiểm soát đường huyết.","https://web.archive.org/web/https://medlatec.vn/tin-tuc/benh-dai-thao-duong-anh-huong-nhu-the-nao-toi-suc-khoe-s195-n19438"
"1644","INTE_2270ae6d05","Intervention","Sử dụng máy khí dung","Chuyển dung dịch thuốc thành dạng phun sương, phù hợp cho người già và trẻ nhỏ.","https://web.archive.org/web/https://bachmai.gov.vn/tin-chi-tiet/-/bai-viet/huong-dan-su-dung-thuoc-hit-xit-o-nguoi-mac-benh-phoi-man-tinh-8626-146.html"
"1645","INTE_22d9aaca1d","Intervention","Sử dụng CGM","Giúp theo dõi mức glucose liên tục để điều chỉnh liều Insulin.","https://benhviennhitrunguong.gov.vn/hoi-thao-xu-huong-dieu-tri-dai-thao-duong-tip-1-chung-ta-khong-the-dung-ngoai.html"
"1646","INTE_22f6422736","Intervention","Chuyển tuyến chuyên khoa tim mạch","Khi có THA kháng trị, biến chứng hoặc nghi ngờ nguyên nhân thứ phát. | Khi THA kháng trị, có biến chứng hoặc nghi ngờ nguyên nhân thứ phát. | Khi có THA kháng trị, biến chứng hoặc nghi ngờ nguyên nhân thứ phát. | Khi bệnh nhân có tăng huyết áp kháng trị, biến chứng hoặc nghi ngờ nguyên nhân thứ phát.","https://chanthuongvacotsong.bachmai.gov.vn/huong-dan-chan-doan-va-dieu-tri-tang-huyet-ap/ | https://web.archive.org/web/https://chanthuongvacotsong.bachmai.gov.vn/huong-dan-chan-doan-va-dieu-tri-tang-huyet-ap/ | https://chanthuongvacotsong.bachmai.gov.vn/huong-dan-chan-doan-va-dieu-tri-tang-huyet-ap/ | https://web.archive.org/web/https://chanthuongvacotsong.bachmai.gov.vn/huong-dan-chan-doan-va-dieu-tri-tang-huyet-ap/"
"1647","INTE_23f29365a9","Intervention","Tuân thủ chế độ ăn uống","Chế độ ăn điều độ, không quá no hoặc kiêng khem thái quá. | Ăn đúng giờ, không quá no, không kiêng quá mức, cân bằng dinh dưỡng.","https://bachmai.gov.vn/tin-chi-tiet/-/bai-viet/dai-thao-duong-can-benh-nhieu-bien-chung-nguy-hiem-8-trieu-nguoi-viet-nam-dang-mac-9624-146.html"
"1648","INTE_24590b6be5","Intervention","Tập thể dục hằng ngày","Giúp kiểm soát cân nặng, huyết áp và đường huyết.","https://benhvientinh.caobang.gov.vn/index.php/vi/news/tin-tuc-su-kien/bien-chung-than-do-dai-thao-duong-6-dieu-nguoi-benh-phai-chu-y-710.html"
"1649","INTE_25402045eb","Intervention","Vệ sinh cá nhân","Giữ vệ sinh sạch sẽ, điều trị vết xước ngay để phòng nhiễm trùng. | Giữ vệ sinh sạch sẽ, điều trị ngay các xây xát tay chân, vệ sinh răng miệng.","https://web.archive.org/web/https://bachmai.gov.vn/bai-viet/chan-doan-som-benh-dai-thao-duong-tip-2?id=59f9c51f-418e-9437-823c-a1a6c23c33e4"
"1650","INTE_2555069a9a","Intervention","Định lượng HbA1c","Kiểm tra định kỳ 3 tháng để theo dõi hiệu quả điều trị.","https://web.archive.org/web/https://bachmai.gov.vn/bai-viet/bien-chung-cua-benh-dai-thao-duong?id=f17ffc43-5abb-5dcb-54d1-d3887440a421"
"1651","INTE_262889d551","Intervention","Can thiệp dự phòng","Xây dựng mô hình dự báo nguy cơ để can thiệp sớm cho người có nguy cơ cao.","https://web.archive.org/web/https://sti.vista.gov.vn/projects/udnv/nghien-cuu-thuan-tap-5-nam-ve-benh-dai-thao-duong-typ-2-va-hoi-chung-chuyen-hoa-o-nguoi-viet-nam-vai-tro-yeu-to-di-truyen-va-loi-song-4221.html"
"1652","INTE_26b9a44251","Intervention","Vận động thể lực","Tập luyện 30 phút/ngày, 3–5 ngày/tuần để kiểm soát đường huyết.","https://syt.dongnai.gov.vn/vi/news/Suc-khoe-cong-dong/nhung-bien-chung-nguy-hiem-cua-benh-tieu-duong-2511.html"
"1653","INTE_27eaeba2e6","Intervention","Tiêm corticosteroid","Dùng càng sớm càng tốt để kiểm soát viêm cấp ở phế quản.","https://medlatec.vn/tu-dien-benh-ly/con-hen-ac-tinh"
"1654","INTE_28967ac3c8","Intervention","Tránh khói thuốc và ô nhiễm","Biện pháp can thiệp môi trường nhằm ngăn ngừa bệnh. | Hạn chế tiếp xúc với khói thuốc lá, khói bụi, hóa chất độc hại để ngăn ngừa tiến triển bệnh. | Biện pháp can thiệp môi trường sống và làm việc nhằm ngăn ngừa COPD.","https://web.archive.org/web/https://bachmai.gov.vn/bai-viet/benh-phoi-tac-nghen-man-tinh-hieu-dung-phong-ngua-va-phat-hien-som-cung-chuyen-gia-benh-vien-bach-mai?id=bef483aa-6fde-433a-b2e8-b373eb7903a6 | https://bachmai.gov.vn/bai-viet/benh-phoi-tac-nghen-man-tinh-hieu-dung-phong-ngua-va-phat-hien-som-cung-chuyen-gia-benh-vien-bach-mai?id=bef483aa-6fde-433a-b2e8-b373eb7903a6"
"1655","INTE_291edca3e5","Intervention","Dinh dưỡng","Chế độ ăn ít chất béo, nhiều chất xơ, hạn chế đường và muối.","https://web.archive.org/web/https://www.benhviendakhoasongma.gov.vn/bai-viet/benh-dai-thao-duong-220"
"1656","INTE_2969cbebd5","Intervention","Điều trị bằng thuốc tĩnh mạch","Dùng trong tình huống khẩn cấp như tăng huyết áp ác tính, sản giật, suy thận tiến triển. | Sử dụng thuốc hạ huyết áp đường tĩnh mạch trong các tình huống khẩn cấp.","https://web.archive.org/web/https://vncdc.gov.vn/huong-dan-chan-doan-va-dieu-tri-tang-huyet-ap-nd14594.html | https://web.archive.org/web/https://chanthuongvacotsong.bachmai.gov.vn/huong-dan-chan-doan-va-dieu-tri-tang-huyet-ap/ | https://chanthuongvacotsong.bachmai.gov.vn/huong-dan-chan-doan-va-dieu-tri-tang-huyet-ap/"
"1657","INTE_2b3862ae9c","Intervention","Giám sát tác dụng phụ","Đặc biệt với statin để tránh tổn thương cơ, gan và tương tác thuốc.","https://bachmai.gov.vn/bai-viet/dai-thao-duong-bien-chung-tim-mach-va-than-kinh-ngoai-bien-sat-thu-tham-lang?id=994f4df4-95c1-4760-8aee-8d07a69f9fe1"
"1658","INTE_2b7a7d413f","Intervention","Điều trị tăng đường máu","Bù dịch, dùng insulin tĩnh mạch, điều chỉnh chế độ ăn uống.","https://chanthuongvacotsong.bachmai.gov.vn/bien-chung-cua-benh-dai-thao-duong/"
"1659","INTE_2d0df71e0c","Intervention","Can thiệp điều trị cá nhân hóa","Chiến lược can thiệp dựa trên dấu ấn sinh học để tối ưu hóa điều trị cho từng bệnh nhân.","https://web.archive.org/web/https://vista.gov.vn/vi/news/cac-linh-vuc-khoa-hoc-va-cong-nghe/dau-an-sinh-hoc-moi-trong-phat-trien-som-bien-chung-than-do-dai-thao-duong-9409.html"
"1660","INTE_2dcbd2a46f","Intervention","Tập thể dục nhẹ nhàng","Đi bộ, yoga giúp cải thiện sức khỏe và kiểm soát đường huyết. | Cải thiện chức năng tim và tăng cường sức khỏe tổng thể. | Cải thiện chức năng tim và tăng sức bền, nhưng cần được thực hiện khi tình trạng ổn định.","https://web.archive.org/web/https://medlatec.vn/tin-tuc/benh-dai-thao-duong-anh-huong-nhu-the-nao-toi-suc-khoe-s195-n19438 | https://bachmai.gov.vn/bai-viet/nhan-biet-dieu-tri-va-cham-soc-nguoi-benh-suy-tim?id=f55f8d26-9341-41d6-a243-00f543335069 | https://web.archive.org/web/https://bachmai.gov.vn/bai-viet/nhan-biet-dieu-tri-va-cham-soc-nguoi-benh-suy-tim?id=f55f8d26-9341-41d6-a243-00f543335069"
"1661","INTE_2dfde2dc41","Intervention","Tầm soát hàng năm","Để phát hiện sớm biến chứng thần kinh ngoại biên và ngăn ngừa hậu quả.","https://bachmai.gov.vn/bai-viet/dai-thao-duong-bien-chung-tim-mach-va-than-kinh-ngoai-bien-sat-thu-tham-lang?id=994f4df4-95c1-4760-8aee-8d07a69f9fe1"
"1662","INTE_2ec43054aa","Intervention","Điều trị kiểm soát glucose máu","Các biện pháp điều chỉnh đường huyết để ngăn ngừa tổn thương thận.","https://nsti.vista.gov.vn/publication/view/nghien-cuu-dac-diem-lam-sang-can-lam-sang-va-danh-gia-bien-chung-than-o-benh-nhan-dai-thao-duong-type-2-tai-khoa-noi-3-benh-vien-huu-nghi-viet-tiep-hai-phong-350723.html"
"1663","INTE_2fabe304ca","Intervention","Tiêm 1 lần/ngày","Giải pháp đơn giản hóa phác đồ, tăng tuân thủ và cải thiện chất lượng sống cho người bệnh.","https://web.archive.org/web/https://bachmai.gov.vn/bai-viet/dieu-tri-dai-thao-duong-tip-2-buoc-tien-moi-tu-insulin-nen-the-he-2-va-iglarlixi?id=5cdac324-549d-40aa-b3e6-80214932d112"
"1664","INTE_316bccd3ae","Intervention","Quản lý yếu tố nguy cơ tim mạch","Điều trị đồng thời các yếu tố nguy cơ như rối loạn lipid, đái tháo đường và tăng huyết áp.","https://web.archive.org/web/https://chanthuongvacotsong.bachmai.gov.vn/huong-dan-chan-doan-va-dieu-tri-tang-huyet-ap/"
"1665","INTE_32521a5139","Intervention","Tiêm dưới da","Phương pháp tiêm insulin vào lớp mỡ dưới da để hấp thu hiệu quả.","https://benhviennhitrunguong.gov.vn/benh-dai-thao-duong-o-tre-em.html | https://web.archive.org/web/https://benhviennhitrunguong.gov.vn/benh-dai-thao-duong-o-tre-em.html | https://web.archive.org/web/https://benhviennhitrunguong.gov.vn/benh-dai-thao-duong-o-tre-em.html | https://web.archive.org/web/https://benhviennhitrunguong.gov.vn/benh-dai-thao-duong-o-tre-em.html"
"1666","INTE_32c1b1e6e7","Intervention","Giáo dục người bệnh","Hỗ trợ người bệnh hiểu rõ về bệnh lý, vai trò của thuốc và cách tuân thủ điều trị. | Hỗ trợ người bệnh hiểu rõ bệnh lý và vai trò của thuốc để tăng tuân thủ điều trị. | Hướng dẫn tự theo dõi glucose máu, nhận biết dấu hiệu nguy hiểm. | Hướng dẫn tự theo dõi glucose máu, nhận biết dấu hiệu nguy hiểm.","https://bachmai.gov.vn/bai-viet/ca-the-hoa-dieu-tri-dai-thao-duong-tip-2-tai-cac-nuoc-dang-phat-trien-thach-thuc-va-co-hoi?id=4b51fe29-8515-42d1-bff3-85563163f16c | https://web.archive.org/web/https://bachmai.gov.vn/bai-viet/ca-the-hoa-dieu-tri-dai-thao-duong-tip-2-tai-cac-nuoc-dang-phat-trien-thach-thuc-va-co-hoi?id=4b51fe29-8515-42d1-bff3-85563163f16c | https://web.archive.org/web/https://chanthuongvacotsong.bachmai.gov.vn/huong-dan-chan-doan-va-dieu-tri-dai-thao-duong-type-2/ | https://web.archive.org/web/https://chanthuongvacotsong.bachmai.gov.vn/huong-dan-chan-doan-va-dieu-tri-dai-thao-duong-type-2/"
"1667","INTE_33048da963","Intervention","Điều chỉnh chế độ ăn","Hạn chế đường bột, tránh rượu để kiểm soát glucose máu. | Giảm muối, giảm protein, bổ sung vitamin và khoáng chất.","https://bachmai.gov.vn/bai-viet/bien-chung-cua-benh-dai-thao-duong?id=f17ffc43-5abb-5dcb-54d1-d3887440a421 | https://www.vinmec.com/vie/bai-viet/dieu-tri-tang-huyet-ap-kem-suy-man-vi"
"1668","INTE_331c687dab","Intervention","Vận động đều đặn","Hoạt động thể chất giúp kiểm soát đường huyết và phòng ngừa biến chứng. | 30 phút mỗi ngày, 3–5 ngày/tuần giúp kiểm soát đường huyết. | Tập thể dục 30 phút mỗi ngày, 3–5 ngày/tuần để kiểm soát đường huyết. | Hoạt động thể chất giúp kiểm soát đường huyết và phòng ngừa biến chứng.","https://syt.dongnai.gov.vn/vi/news/Suc-khoe-cong-dong/nhung-bien-chung-nguy-hiem-cua-benh-tieu-duong-2511.html | https://web.archive.org/web/https://syt.dongnai.gov.vn/vi/news/Suc-khoe-cong-dong/nhung-bien-chung-nguy-hiem-cua-benh-tieu-duong-2511.html | https://web.archive.org/web/https://syt.dongnai.gov.vn/vi/news/Suc-khoe-cong-dong/nhung-bien-chung-nguy-hiem-cua-benh-tieu-duong-2511.html"
"1669","INTE_33b74ffc86","Intervention","Can thiệp điều trị sớm","Điều trị tích cực từ sớm để bảo vệ các cơ quan đích và ngăn ngừa biến chứng.","https://bachmai.gov.vn/bai-viet/cap-nhat-xu-huong-moi-trong-dieu-tri-dai-thao-duong-tip-2?id=d4ab61a0-919e-0805-1cdd-fe092c98c88e"
"1670","INTE_3510e1adac","Intervention","Can thiệp giáo dục sức khỏe","Giúp người dân hiểu rõ về bệnh, cách phòng tránh và điều trị.","https://web.archive.org/web/http://www.tapchiyhocduphong.vn/tap-chi-y-hoc-du-phong/2015/08/kien-thuc-ve-benh-dai-thao-duong-va-mot-so-yeu-to-lien-quan-cua-nguoi-benh-tai-c-o81E20305.html"
"1671","INTE_3513495af3","Intervention","Kiểm soát huyết áp và lipid máu","Ngăn ngừa biến chứng tim mạch do đái tháo đường gây ra.","http://ttyt.tamduong.laichau.gov.vn/quan-ly-nha-nuoc/hoat-dong-doan-doi/dai-thao-duong-tuyp-2-nguyen-nhan-trieu-chung-chan-doan-va-d.html | https://web.archive.org/web/http://ttyt.tamduong.laichau.gov.vn/quan-ly-nha-nuoc/hoat-dong-doan-doi/dai-thao-duong-tuyp-2-nguyen-nhan-trieu-chung-chan-doan-va-d.html"
"1672","INTE_355e782036","Intervention","Kiểm soát huyết áp và cholesterol","Để ngăn ngừa biến chứng tim mạch và tăng hiệu quả điều trị tổng thể. | Giảm nguy cơ biến chứng tim mạch, thận và mắt bằng cách duy trì các chỉ số này ở mức bình thường.","http://ttyt.tamduong.laichau.gov.vn/quan-ly-nha-nuoc/hoat-dong-doan-doi/dai-thao-duong-tuyp-2-nguyen-nhan-trieu-chung-chan-doan-va-d.html | https://web.archive.org/web/https://www.vinmec.com/vie/bai-viet/tong-quan-ve-benh-dai-thao-duong-vi"
"1673","INTE_367c06b8a3","Intervention","Phác đồ phối hợp thuốc","Áp dụng sớm để mang lại lợi ích lâu dài cho tim và thận.","https://bachmai.gov.vn/bai-viet/doi-moi-tu-duy-dieu-tri-dai-thao-duong-typ-2-va-chien-luoc-kiem-soat-toan-dien-bien-chung-than-kinh?id=090463d0-4515-40c8-919c-8bebc41e2c01"
"1674","INTE_375c301848","Intervention","Chế độ sinh hoạt điều độ","Hạn chế rượu bia, bỏ thuốc lá; giữ vệ sinh cá nhân.","https://web.archive.org/web/https://bachmai.gov.vn/bai-viet/chan-doan-som-benh-dai-thao-duong-tip-2?id=59f9c51f-418e-9437-823c-a1a6c23c33e4"
"1675","INTE_383c5d0509","Intervention","Hạn chế hút thuốc","Ngăn chặn tiến triển nhanh của bệnh thận.","http://soyte.hatinh.gov.vn/tin-tuc-su-kien/pho-bien-kien-thuc/dau-hieu-benh-than-va-suy-than-.html"
"1676","INTE_384844e0b4","Intervention","Kiểm soát lipid máu","Cần kiểm soát để giảm nguy cơ biến chứng tim mạch và tử vong. | Là một trong bốn trụ cột quan trọng trong điều trị người bệnh ĐTĐ. | Cần được thực hiện song hành với kiểm soát đường huyết để giảm nguy cơ biến chứng tim mạch. | Trụ cột quan trọng trong điều trị người bệnh ĐTĐ để phòng ngừa biến chứng tim mạch. | Cần được thực hiện song hành với kiểm soát đường huyết để giảm nguy cơ biến chứng tim mạch. | Là một trong bốn trụ cột quan trọng để phòng ngừa biến chứng tim mạch và thần kinh ngoại biên. | Bắt buộc để ngăn ngừa biến cố tim mạch, đặc biệt là nhồi máu cơ tim và đột quỵ. | Trụ cột quan trọng trong điều trị người bệnh ĐTĐ để phòng ngừa biến chứng tim mạch và thần kinh ngoại biên. | Cần kiểm soát để giảm nguy cơ biến chứng tim mạch và tử vong. | Cần được thực hiện song hành với kiểm soát đường huyết để giảm nguy cơ biến chứng tim mạch. | Cần được thực hiện song hành với kiểm soát đường huyết để giảm nguy cơ biến chứng tim mạch. | Trụ cột quan trọng trong điều trị ĐTĐ để giảm nguy cơ biến chứng tim mạch.","https://web.archive.org/web/https://bachmai.gov.vn/bai-viet/dai-thao-duong-bien-chung-tim-mach-va-than-kinh-ngoai-bien-sat-thu-tham-lang?id=994f4df4-95c1-4760-8aee-8d07a69f9fe1 | https://bachmai.gov.vn/bai-viet/dai-thao-duong-bien-chung-tim-mach-va-than-kinh-ngoai-bien-sat-thu-tham-lang?id=994f4df4-95c1-4760-8aee-8d07a69f9fe1 | https://web.archive.org/web/https://chanthuongvacotsong.bachmai.gov.vn/dai-thao-duong-bien-chung-tim-mach-va-than-kinh-ngoai-bien-sat-thu-tham-lang/ | https://web.archive.org/web/https://bachmai.gov.vn/bai-viet/dai-thao-duong-bien-chung-tim-mach-va-than-kinh-ngoai-bien-sat-thu-tham-lang?id=994f4df4-95c1-4760-8aee-8d07a69f9fe1 | https://bachmai.gov.vn/bai-viet/dai-thao-duong-bien-chung-tim-mach-va-than-kinh-ngoai-bien-sat-thu-tham-lang?id=994f4df4-95c1-4760-8aee-8d07a69f9fe1 | https://web.archive.org/web/https://bachmai.gov.vn/bai-viet/dai-thao-duong-bien-chung-tim-mach-va-than-kinh-ngoai-bien-sat-thu-tham-lang?id=994f4df4-95c1-4760-8aee-8d07a69f9fe1 | https://bachmai.gov.vn/bai-viet/dai-thao-duong-bien-chung-tim-mach-va-than-kinh-ngoai-bien-sat-thu-tham-lang?id=994f4df4-95c1-4760-8aee-8d07a69f9fe1 | https://bachmai.gov.vn/bai-viet/dai-thao-duong-bien-chung-tim-mach-va-than-kinh-ngoai-bien-sat-thu-tham-lang?id=994f4df4-95c1-4760-8aee-8d07a69f9fe1 | https://chanthuongvacotsong.bachmai.gov.vn/dai-thao-duong-bien-chung-tim-mach-va-than-kinh-ngoai-bien-sat-thu-tham-lang/ | https://bachmai.gov.vn/bai-viet/dai-thao-duong-bien-chung-tim-mach-va-than-kinh-ngoai-bien-sat-thu-tham-lang?id=994f4df4-95c1-4760-8aee-8d07a69f9fe1 | https://web.archive.org/web/https://bachmai.gov.vn/bai-viet/dai-thao-duong-bien-chung-tim-mach-va-than-kinh-ngoai-bien-sat-thu-tham-lang?id=994f4df4-95c1-4760-8aee-8d07a69f9fe1 | https://bachmai.gov.vn/bai-viet/dai-thao-duong-bien-chung-tim-mach-va-than-kinh-ngoai-bien-sat-thu-tham-lang?id=994f4df4-95c1-4760-8aee-8d07a69f9fe1 | https://web.archive.org/web/https://bachmai.gov.vn/bai-viet/dai-thao-duong-bien-chung-tim-mach-va-than-kinh-ngoai-bien-sat-thu-tham-lang?id=994f4df4-95c1-4760-8aee-8d07a69f9fe1"
"1677","INTE_38a250d419","Intervention","Theo dõi huyết áp định kỳ","Để phát hiện sớm biến chứng, điều chỉnh thuốc kịp thời. | Để phát hiện sớm và điều trị kịp thời tăng huyết áp. | Để phát hiện sớm và điều trị kịp thời tăng huyết áp. | Để phát hiện sớm biến chứng và điều chỉnh thuốc kịp thời. | Để phát hiện sớm biến chứng, điều chỉnh thuốc kịp thời. | Điều trị và theo dõi huyết áp ở người có nguy cơ thấp. | Để phát hiện sớm tăng huyết áp và điều chỉnh kịp thời phác đồ điều trị.","https://chanthuongvacotsong.bachmai.gov.vn/huong-dan-chan-doan-va-dieu-tri-tang-huyet-ap/ | https://web.archive.org/web/https://vncdc.gov.vn/huong-dan-chan-doan-va-dieu-tri-tang-huyet-ap-nd14594.html | https://web.archive.org/web/https://vncdc.gov.vn/huong-dan-chan-doan-va-dieu-tri-tang-huyet-ap-nd14594.html | https://web.archive.org/web/https://chanthuongvacotsong.bachmai.gov.vn/huong-dan-chan-doan-va-dieu-tri-tang-huyet-ap/ | https://chanthuongvacotsong.bachmai.gov.vn/huong-dan-chan-doan-va-dieu-tri-tang-huyet-ap/ | https://web.archive.org/web/https://chanthuongvacotsong.bachmai.gov.vn/huong-dan-chan-doan-va-dieu-tri-tang-huyet-ap/ | https://chanthuongvacotsong.bachmai.gov.vn/huong-dan-chan-doan-va-dieu-tri-tang-huyet-ap/"
"1678","INTE_3a9d7ec490","Intervention","Theo dõi triệu chứng và tác dụng phụ thuốc","Giúp phát hiện sớm biến chứng hoặc phản ứng không mong muốn của thuốc.","https://web.archive.org/web/https://bachmai.gov.vn/bai-viet/nhan-biet-dieu-tri-va-cham-soc-nguoi-benh-suy-tim?id=f55f8d26-9341-41d6-a243-00f543335069"
"1679","INTE_3ab08d75e4","Intervention","Chế độ sinh hoạt","Sinh hoạt điều độ, hạn chế rượu bia, bỏ thuốc lá.","https://web.archive.org/web/https://bachmai.gov.vn/tin-chi-tiet/-/bai-viet/chan-doan-som-benh-dai-thao-duong-tip-2-9427-146.html"
"1680","INTE_3accb864aa","Intervention","Tầm soát định kỳ","Kiểm tra đường huyết mỗi 6 tháng đến 1 năm để phát hiện sớm. | Đi khám định kỳ để phát hiện sớm và điều trị kịp thời. | Kiểm tra đường huyết mỗi 6 tháng đến 1 năm để phát hiện sớm. | Tầm soát biến chứng thần kinh ít nhất mỗi năm một lần bằng test monofilament, âm thoa và khám phản xạ. | Tầm soát biến chứng thần kinh ngoại biên hàng năm để ngăn ngừa hậu quả lâu dài. | Cần thực hiện hàng năm để phát hiện sớm biến chứng thần kinh ngoại biên. | Tầm soát thần kinh ngoại biên hàng năm để phát hiện sớm và ngăn ngừa biến chứng. | Định kỳ kiểm tra glucose lúc đói và HbA1c để phát hiện sớm ĐTĐ. | Phát hiện sớm tiền đái tháo đường để can thiệp trước khi tiến triển thành ĐTĐ. | Tầm soát thần kinh ngoại biên hàng năm để phát hiện sớm và ngăn ngừa biến chứng. | Tầm soát biến chứng thần kinh ngoại biên hàng năm để phát hiện sớm và ngăn ngừa hậu quả lâu dài. | Kiểm tra các biến chứng và bệnh đồng mắc mỗi 6-12 tháng để phát hiện sớm. | Kiểm tra các biến chứng và bệnh đồng mắc mỗi 6-12 tháng. | Kiểm tra các biến chứng và bệnh đồng mắc mỗi 6-12 tháng. | Phát hiện sớm biến chứng để can thiệp kịp thời. | Cần tầm soát biến chứng thần kinh ngoại biên hàng năm để phát hiện sớm và điều trị kịp thời. | Tầm soát biến chứng thần kinh ngoại biên hàng năm theo khuyến cáo ADA và Bộ Y tế Việt Nam. | Tầm soát biến chứng thần kinh ngoại biên hàng năm theo khuyến cáo ADA và Bộ Y tế Việt Nam. | Tầm soát thần kinh ngoại biên hàng năm để phát hiện sớm và ngăn ngừa biến chứng.","https://web.archive.org/web/https://benhvienquynhon.gov.vn/tin-tuc/hoat-dong-cua-ttyt/dai-thao-duong-va-nhung-dieu-ban-can-biet/ | https://benhvienquynhon.gov.vn/tin-tuc/hoat-dong-cua-ttyt/dai-thao-duong-va-nhung-dieu-ban-can-biet/ | https://web.archive.org/web/https://benhvienquynhon.gov.vn/tin-tuc/hoat-dong-cua-ttyt/dai-thao-duong-va-nhung-dieu-ban-can-biet/ | https://web.archive.org/web/https://bachmai.gov.vn/bai-viet/doi-moi-tu-duy-dieu-tri-dai-thao-duong-typ-2-va-chien-luoc-kiem-soat-toan-dien-bien-chung-than-kinh?id=090463d0-4515-40c8-919c-8bebc41e2c01 | https://web.archive.org/web/https://bachmai.gov.vn/bai-viet/dai-thao-duong-bien-chung-tim-mach-va-than-kinh-ngoai-bien-sat-thu-tham-lang?id=994f4df4-95c1-4760-8aee-8d07a69f9fe1 | https://bachmai.gov.vn/bai-viet/dai-thao-duong-bien-chung-tim-mach-va-than-kinh-ngoai-bien-sat-thu-tham-lang?id=994f4df4-95c1-4760-8aee-8d07a69f9fe1 | https://web.archive.org/web/https://bachmai.gov.vn/bai-viet/dai-thao-duong-bien-chung-tim-mach-va-than-kinh-ngoai-bien-sat-thu-tham-lang?id=994f4df4-95c1-4760-8aee-8d07a69f9fe1 | https://web.archive.org/web/https://www.vinmec.com/vie/bai-viet/tong-quan-ve-benh-dai-thao-duong-vi | https://www.vinmec.com/vie/bai-viet/tong-quan-ve-benh-dai-thao-duong-vi | https://web.archive.org/web/https://bachmai.gov.vn/bai-viet/dai-thao-duong-bien-chung-tim-mach-va-than-kinh-ngoai-bien-sat-thu-tham-lang?id=994f4df4-95c1-4760-8aee-8d07a69f9fe1 | https://bachmai.gov.vn/bai-viet/dai-thao-duong-bien-chung-tim-mach-va-than-kinh-ngoai-bien-sat-thu-tham-lang?id=994f4df4-95c1-4760-8aee-8d07a69f9fe1 | https://web.archive.org/web/https://bachmai.gov.vn/tin-chi-tiet/-/bai-viet/dai-thao-duong-can-benh-nhieu-bien-chung-nguy-hiem-8-trieu-nguoi-viet-nam-dang-mac-9624-146.html | https://bachmai.gov.vn/tin-chi-tiet/-/bai-viet/dai-thao-duong-can-benh-nhieu-bien-chung-nguy-hiem-8-trieu-nguoi-viet-nam-dang-mac-9624-146.html | https://web.archive.org/web/https://bachmai.gov.vn/tin-chi-tiet/-/bai-viet/dai-thao-duong-can-benh-nhieu-bien-chung-nguy-hiem-8-trieu-nguoi-viet-nam-dang-mac-9624-146.html | https://web.archive.org/web/https://benhvientinh.caobang.gov.vn/index.php/vi/news/tin-tuc-su-kien/bien-chung-than-do-dai-thao-duong-6-dieu-nguoi-benh-phai-chu-y-710.html | https://web.archive.org/web/https://bachmai.gov.vn/bai-viet/dai-thao-duong-bien-chung-tim-mach-va-than-kinh-ngoai-bien-sat-thu-tham-lang?id=994f4df4-95c1-4760-8aee-8d07a69f9fe1 | https://bachmai.gov.vn/bai-viet/dai-thao-duong-bien-chung-tim-mach-va-than-kinh-ngoai-bien-sat-thu-tham-lang?id=994f4df4-95c1-4760-8aee-8d07a69f9fe1 | https://web.archive.org/web/https://bachmai.gov.vn/bai-viet/dai-thao-duong-bien-chung-tim-mach-va-than-kinh-ngoai-bien-sat-thu-tham-lang?id=994f4df4-95c1-4760-8aee-8d07a69f9fe1 | https://web.archive.org/web/https://bachmai.gov.vn/bai-viet/dai-thao-duong-bien-chung-tim-mach-va-than-kinh-ngoai-bien-sat-thu-tham-lang?id=994f4df4-95c1-4760-8aee-8d07a69f9fe1"
"1681","INTE_3b9a963442","Intervention","Can thiệp cấp cứu","Đưa bệnh nhân đến cơ sở y tế ngay lập tức nếu cơn hen ác tính.","https://web.archive.org/web/http://phacdo.soytequangninh.gov.vn/news/tin-tuc-su-kien/hen-phe-quan-hieu-dung-de-song-khoe-dieu-tri-hieu-qua-phong-ngua-chu-dong.html"
"1682","INTE_3f4197205c","Intervention","Tư vấn dinh dưỡng","Cung cấp chế độ ăn phù hợp với từng bệnh nhân. | Hướng dẫn chế độ ăn uống khoa học để kiểm soát huyết áp.","https://web.archive.org/web/https://www.benhviendakhoasongma.gov.vn/bai-viet/benh-dai-thao-duong-220 | https://web.archive.org/web/https://bachmai.gov.vn/tin-chi-tiet/-/bai-viet/tang-huyet-ap-can-benh-tham-lang-nhung-nguy-hiem-8463-146.html"
"1683","INTE_4078678ea5","Intervention","Kiểm tra định kỳ","Để phát hiện sớm bệnh thận ở người có nguy cơ cao.","https://web.archive.org/web/http://soyte.hatinh.gov.vn/tin-tuc-su-kien/pho-bien-kien-thuc/dau-hieu-benh-than-va-suy-than-.html | http://soyte.hatinh.gov.vn/tin-tuc-su-kien/pho-bien-kien-thuc/dau-hieu-benh-than-va-suy-than-.html"
"1684","INTE_40dd2b16dd","Intervention","Tư vấn giáo dục sức khỏe","Hỗ trợ bệnh nhân hiểu rõ vai trò của chế độ dinh dưỡng trong kiểm soát bệnh. | Hỗ trợ bệnh nhân hiểu rõ tầm quan trọng của chế độ dinh dưỡng để kiểm soát bệnh.","https://sti.vista.gov.vn/publication/view/khao-sat-kien-thuc-ve-che-do-dinh-duong-o-nguoi-benh-dai-thao-duong-type-ii-den-kham-tai-phong-kham-noi-tiet-benh-vien-dai-hoc-y-ha-noi-cc2d1ac3287d1daec58af981357fec82-456065.html"
"1685","INTE_42124c1a62","Intervention","Giải mẫn cảm","Liệu pháp miễn dịch tiêm hoặc xịt dưới lưỡi dị nguyên để tạo dung nạp.","https://web.archive.org/web/https://benhviennhitrunguong.gov.vn/loi-khuyen-cua-cac-chuyen-gia-di-ung-ve-benh-hen-2.html"
"1686","INTE_424cd0e981","Intervention","Tập thể dục ít nhất 30 phút mỗi ngày","Giúp cải thiện độ nhạy insulin, kiểm soát đường huyết và giảm nguy cơ biến chứng.","http://ttyt.tamduong.laichau.gov.vn/quan-ly-nha-nuoc/hoat-dong-doan-doi/dai-thao-duong-tuyp-2-nguyen-nhan-trieu-chung-chan-doan-va-d.html | https://web.archive.org/web/http://ttyt.tamduong.laichau.gov.vn/quan-ly-nha-nuoc/hoat-dong-doan-doi/dai-thao-duong-tuyp-2-nguyen-nhan-trieu-chung-chan-doan-va-d.html"
"1687","INTE_429dcc88e9","Intervention","Tránh tiếp xúc dị nguyên","Giảm nguy cơ cơn hen bằng cách tránh các yếu tố gây dị ứng như bụi, lông thú, phấn hoa. | Hạn chế tiếp xúc với bụi nhà, lông động vật, phấn hoa,… để tránh khởi phát cơn hen.","https://www.vinmec.com/vie/bai-viet/lam-nao-de-chan-doan-hen-phe-quan-vi | https://www.vinmec.com/vie/benh/hen-phe-quan-2949"
"1688","INTE_42b1bf9ab9","Intervention","Thay đổi lối sống lành mạnh","Bao gồm giảm cân, tăng cường vận động và điều chỉnh chế độ ăn uống.","http://ttyt.tamduong.laichau.gov.vn/quan-ly-nha-nuoc/hoat-dong-doan-doi/dai-thao-duong-tuyp-2-nguyen-nhan-trieu-chung-chan-doan-va-d.html | http://ttyt.tamduong.laichau.gov.vn/quan-ly-nha-nuoc/hoat-dong-doan-doi/dai-thao-duong-tuyp-2-nguyen-nhan-trieu-chung-chan-doan-va-d.html | https://web.archive.org/web/http://ttyt.tamduong.laichau.gov.vn/quan-ly-nha-nuoc/hoat-dong-doan-doi/dai-thao-duong-tuyp-2-nguyen-nhan-trieu-chung-chan-doan-va-d.html | https://web.archive.org/web/http://ttyt.tamduong.laichau.gov.vn/quan-ly-nha-nuoc/hoat-dong-doan-doi/dai-thao-duong-tuyp-2-nguyen-nhan-trieu-chung-chan-doan-va-d.html"
"1689","INTE_42c99e174f","Intervention","Theo dõi chỉ số đường huyết","Kiểm tra định kỳ để phát hiện sớm biến chứng.","https://web.archive.org/web/https://medlatec.vn/tin-tuc/benh-dai-thao-duong-anh-huong-nhu-the-nao-toi-suc-khoe-s195-n19438"
"1690","INTE_4362e37e27","Intervention","Chế độ dinh dưỡng kiểm soát đạm, muối, kali, phospho","Giúp giảm gánh nặng cho thận, làm chậm tiến triển bệnh và kéo dài thời gian điều trị thay thế.","https://bachmai.gov.vn/bai-viet/sai-lam-trong-dinh-duong-khien-suy-than-man-them-tram-trong-dau-la-giai-phap?id=1ff0d3d0-62f4-4159-a23b-758572e7f600"
"1691","INTE_43998c8ce0","Intervention","Điều trị nội trú","Chăm sóc tích cực trong bệnh viện với truyền dịch và insulin.","https://web.archive.org/web/https://sti.vista.gov.vn/publication/view/a89fbc66bf10ab8ca38c2d64abf8f338-4b52a78cc238d65e911a803b4659b844-318299.html"
"1692","INTE_43a19a28ab","Intervention","Chuyển đổi insulin nền","Điều chỉnh phác đồ điều trị khi bệnh nhân gặp hạ đường huyết, biến động đường huyết hoặc không đạt mục tiêu HbA1c.","https://web.archive.org/web/https://bachmai.gov.vn/bai-viet/dieu-tri-dai-thao-duong-tip-2-buoc-tien-moi-tu-insulin-nen-the-he-2-va-iglarlixi?id=5cdac324-549d-40aa-b3e6-80214932d112"
"1693","INTE_44e960eeac","Intervention","Chuyển tuyến lên tuyến trên","Điều trị cấp cứu trong các biến chứng nghiêm trọng.","https://chanthuongvacotsong.bachmai.gov.vn/huong-dan-chan-doan-va-dieu-tri-dai-thao-duong-type-2/"
"1694","INTE_45b824b570","Intervention","Điều trị tăng đường huyết cấp tính","Cần điều chỉnh liều thuốc, hạn chế đường bột, điều trị nhiễm trùng nếu có. | Bù dịch, dùng insulin tĩnh mạch, điều chỉnh chế độ ăn. | Bù dịch, dùng insulin tĩnh mạch, điều chỉnh chế độ ăn. | Bù dịch, dùng insulin tĩnh mạch, điều chỉnh chế độ ăn. | Bù dịch, dùng insulin tĩnh mạch, điều chỉnh chế độ ăn. | Cần điều chỉnh liều thuốc, hạn chế đường bột, điều trị nhiễm trùng nếu có.","https://web.archive.org/web/https://bachmai.gov.vn/bai-viet/bien-chung-cua-benh-dai-thao-duong?id=f17ffc43-5abb-5dcb-54d1-d3887440a421"
"1695","INTE_45d0c23cf7","Intervention","Không hút thuốc","Hút thuốc làm tăng nguy cơ biến chứng tim mạch và tổn thương thần kinh. | Hút thuốc làm tăng nguy cơ biến chứng tim mạch và thần kinh. | Hút thuốc làm tăng nguy cơ biến chứng tim mạch và tổn thương thần kinh.","https://web.archive.org/web/https://benhvienquynhon.gov.vn/tin-tuc/hoat-dong-cua-ttyt/dai-thao-duong-va-nhung-dieu-ban-can-biet/ | https://benhvienquynhon.gov.vn/tin-tuc/hoat-dong-cua-ttyt/dai-thao-duong-va-nhung-dieu-ban-can-biet/ | https://web.archive.org/web/https://benhvienquynhon.gov.vn/tin-tuc/hoat-dong-cua-ttyt/dai-thao-duong-va-nhung-dieu-ban-can-biet/"
"1696","INTE_4668cee288","Intervention","Sàng lọc định kỳ","Chẩn đoán sớm bằng cách sàng lọc định kỳ microalbumin niệu và GFR.","https://web.archive.org/web/https://vista.gov.vn/vi/news/cac-linh-vuc-khoa-hoc-va-cong-nghe/dau-an-sinh-hoc-moi-trong-phat-trien-som-bien-chung-than-do-dai-thao-duong-9409.html"
"1697","INTE_4671349f4c","Intervention","Tư vấn y khoa","Bác sĩ tư vấn chế độ ăn uống, vận động và dùng thuốc phù hợp. | Bác sĩ tư vấn chế độ ăn, vận động và dùng thuốc để đạt mục tiêu huyết áp 'ĐÍCH'. | Bác sĩ tư vấn chế độ ăn, vận động và dùng thuốc phù hợp.","https://web.archive.org/web/http://bvhoanghoa.ytethanhhoa.gov.vn/web/khoa-phong-chuc-nang/khoa-phong-chuc-nang/phong-cong-tac-xa-hoi/dieu-can-luu-y-khi-dieu-tri-tang-huyet-ap.html | http://bvhoanghoa.ytethanhhoa.gov.vn/web/khoa-phong-chuc-nang/khoa-phong-chuc-nang/phong-cong-tac-xa-hoi/dieu-can-luu-y-khi-dieu-tri-tang-huyet-ap.html | https://web.archive.org/web/http://bvhoanghoa.ytethanhhoa.gov.vn/web/khoa-phong-chuc-nang/khoa-phong-chuc-nang/phong-cong-tac-xa-hoi/dieu-can-luu-y-khi-dieu-tri-tang-huyet-ap.html"
"1698","INTE_493fc3e54e","Intervention","Thăm khám định kỳ","Để phát hiện sớm và điều trị kịp thời, tránh biến chứng nghiêm trọng. | Chủ động kiểm tra huyết áp để phát hiện sớm và can thiệp kịp thời. | Chủ động kiểm tra huyết áp để phát hiện sớm và can thiệp kịp thời.","https://web.archive.org/web/http://bvhoanghoa.ytethanhhoa.gov.vn/web/khoa-phong-chuc-nang/khoa-phong-chuc-nang/to-cong-tac-xa-hoi/benh-tang-huyet-ap-ke-giet-nguoi-tham-lang.html"
"1699","INTE_49657d9201","Intervention","Giao tiếp với gia đình","Hỗ trợ tâm lý và giáo dục cho người nhà để quản lý bệnh. | Hỗ trợ người nhà hiểu về bệnh và cách chăm sóc, giúp bệnh nhân tuân thủ phác đồ điều trị. | Hỗ trợ tâm lý và giáo dục cho người nhà để quản lý bệnh.","https://benhviennhitrunguong.gov.vn/hoi-thao-xu-huong-dieu-tri-dai-thao-duong-tip-1-chung-ta-khong-the-dung-ngoai.html"
"1700","INTE_4965e6eaab","Intervention","Soi đáy mắt và xét nghiệm kháng thể","Chẩn đoán phân biệt type 1 và theo dõi biến chứng võng mạc.","https://bachmai.gov.vn/bai-viet/bien-chung-cua-benh-dai-thao-duong?id=f17ffc43-5abb-5dcb-54d1-d3887440a421"
"1701","INTE_4ae0e35b23","Intervention","Dùng chất bổ sung curcumin","Chất chiết xuất từ nghệ, liều 500mg/ngày giúp mở đường thở và cải thiện lực thở ra.","https://web.archive.org/web/https://vov.gov.vn/day-la-7-loai-thao-moc-dieu-tri-hen-suyen-hieu-qua-dtnew-491435 | https://vov.gov.vn/day-la-7-loai-thao-moc-dieu-tri-hen-suyen-hieu-qua-dtnew-491435"
"1702","INTE_4b58c50095","Intervention","Phẫu thuật tim mạch","Các can thiệp phẫu thuật để điều trị các biến chứng tim mạch.","https://web.archive.org/web/https://syt.dongnai.gov.vn/vi/news/Suc-khoe-cong-dong/nhung-bien-chung-nguy-hiem-cua-benh-tieu-duong-2511.html"
"1703","INTE_4b989d7705","Intervention","Quản lý toàn diện bệnh nhi","Gồm cả y tế, dinh dưỡng, tâm lý và giáo dục gia đình để nâng cao chất lượng sống. | Gồm cả điều trị y khoa, dinh dưỡng, tâm lý và giáo dục gia đình để đảm bảo chất lượng sống. | Gồm cả y tế, dinh dưỡng, tâm lý và giáo dục cho gia đình để hỗ trợ trẻ sống khỏe mạnh. | Gồm cả y tế, dinh dưỡng, tâm lý và giáo dục gia đình để đảm bảo điều trị hiệu quả lâu dài. | Gồm cả y tế, dinh dưỡng, tâm lý và giáo dục gia đình để nâng cao chất lượng sống.","https://web.archive.org/web/https://benhviennhitrunguong.gov.vn/hoi-thao-xu-huong-dieu-tri-dai-thao-duong-tip-1-chung-ta-khong-the-dung-ngoai.html | https://benhviennhitrunguong.gov.vn/hoi-thao-xu-huong-dieu-tri-dai-thao-duong-tip-1-chung-ta-khong-the-dung-ngoai.html | https://web.archive.org/web/https://benhviennhitrunguong.gov.vn/hoi-thao-xu-huong-dieu-tri-dai-thao-duong-tip-1-chung-ta-khong-the-dung-ngoai.html"
"1704","INTE_4ba7eab92d","Intervention","Chăm sóc đa ngành","Tổ chức đội ngũ gồm bác sĩ, điều dưỡng, chuyên gia dinh dưỡng và tâm lý học để hỗ trợ bệnh nhân. | Tổ chức đội ngũ gồm bác sĩ, điều dưỡng, dinh dưỡng và tâm lý học để hỗ trợ toàn diện bệnh nhân. | Đội ngũ gồm bác sĩ, điều dưỡng, chuyên gia dinh dưỡng và tâm lý học phối hợp chăm sóc bệnh nhân. | Đội ngũ gồm bác sĩ, điều dưỡng, dinh dưỡng và tâm lý học hỗ trợ bệnh nhi.","https://web.archive.org/web/https://benhviennhitrunguong.gov.vn/hoi-thao-xu-huong-dieu-tri-dai-thao-duong-tip-1-chung-ta-khong-the-dung-ngoai.html | https://benhviennhitrunguong.gov.vn/hoi-thao-xu-huong-dieu-tri-dai-thao-duong-tip-1-chung-ta-khong-the-dung-ngoai.html"
"1705","INTE_4c36c351fc","Intervention","Kiểm soát đường huyết","Giữ HbA1c dưới 7% để ngăn ngừa tổn thương mạch máu nhỏ. | Giữ HbA1c dưới 7% để ngăn ngừa tổn thương thận. | Mục tiêu điều trị là kiểm soát tốt chỉ số đường huyết để ngăn ngừa biến chứng. | Cần kiểm soát chặt chẽ để phòng ngừa biến chứng tim mạch, thần kinh ngoại biên và tử vong. | Là một trong bốn trụ cột quan trọng trong điều trị người bệnh ĐTĐ. | Là một trong bốn trụ cột điều trị để phòng ngừa biến chứng tim mạch và thần kinh ngoại biên. | Trụ cột quan trọng trong điều trị người bệnh ĐTĐ để phòng ngừa biến chứng tim mạch và thần kinh ngoại biên. | Giữ HbA1c dưới 7% để ngăn ngừa tổn thương thận. | Là một trong bốn trụ cột điều trị để phòng ngừa biến chứng tim mạch và thần kinh ngoại biên. | Là một trong bốn trụ cột quan trọng để phòng ngừa biến chứng tim mạch và thần kinh ngoại biên. | Giữ HbA1c dưới 7% để ngăn ngừa tổn thương thận. | Là một trong bốn trụ cột điều trị để phòng ngừa biến chứng tim mạch và thần kinh ngoại biên. | Trụ cột quan trọng trong điều trị người bệnh ĐTĐ để phòng ngừa biến chứng tim mạch và thần kinh ngoại biên. | Cần kiểm soát chặt chẽ để phòng ngừa biến chứng tim mạch, thần kinh ngoại biên và tử vong. | Giữ HbA1c dưới 7% để ngăn ngừa tổn thương thận. | Giữ HbA1c < 7% để ngăn ngừa tổn thương thận. | Là một trong bốn trụ cột điều trị để phòng ngừa biến chứng tim mạch và thần kinh ngoại biên. | Trụ cột quan trọng trong điều trị ĐTĐ để phòng ngừa biến chứng tim mạch và thần kinh ngoại biên. | Là một trong bốn trụ cột điều trị để phòng ngừa biến chứng tim mạch và thần kinh ngoại biên.","https://web.archive.org/web/https://benhvientinh.caobang.gov.vn/index.php/vi/news/tin-tuc-su-kien/bien-chung-than-do-dai-thao-duong-6-dieu-nguoi-benh-phai-chu-y-710.html | https://benhvientinh.caobang.gov.vn/index.php/vi/news/tin-tuc-su-kien/bien-chung-than-do-dai-thao-duong-6-dieu-nguoi-benh-phai-chu-y-710.html | https://web.archive.org/web/https://xayenmo.ninhbinh.gov.vn/y-te-giao-duc/benh-dai-thao-duong-dau-hieu-nhan-biet-phan-loai-va-dieu-tri-389.html | https://web.archive.org/web/https://bachmai.gov.vn/bai-viet/dai-thao-duong-bien-chung-tim-mach-va-than-kinh-ngoai-bien-sat-thu-tham-lang?id=994f4df4-95c1-4760-8aee-8d07a69f9fe1 | https://bachmai.gov.vn/bai-viet/dai-thao-duong-bien-chung-tim-mach-va-than-kinh-ngoai-bien-sat-thu-tham-lang?id=994f4df4-95c1-4760-8aee-8d07a69f9fe1 | https://web.archive.org/web/https://chanthuongvacotsong.bachmai.gov.vn/dai-thao-duong-bien-chung-tim-mach-va-than-kinh-ngoai-bien-sat-thu-tham-lang/ | https://web.archive.org/web/https://bachmai.gov.vn/bai-viet/dai-thao-duong-bien-chung-tim-mach-va-than-kinh-ngoai-bien-sat-thu-tham-lang?id=994f4df4-95c1-4760-8aee-8d07a69f9fe1 | https://bachmai.gov.vn/bai-viet/dai-thao-duong-bien-chung-tim-mach-va-than-kinh-ngoai-bien-sat-thu-tham-lang?id=994f4df4-95c1-4760-8aee-8d07a69f9fe1 | https://benhvientinh.caobang.gov.vn/index.php/vi/news/tin-tuc-su-kien/bien-chung-than-do-dai-thao-duong-6-dieu-nguoi-benh-phai-chu-y-710.html | https://web.archive.org/web/https://bachmai.gov.vn/bai-viet/dai-thao-duong-bien-chung-tim-mach-va-than-kinh-ngoai-bien-sat-thu-tham-lang?id=994f4df4-95c1-4760-8aee-8d07a69f9fe1 | https://bachmai.gov.vn/bai-viet/dai-thao-duong-bien-chung-tim-mach-va-than-kinh-ngoai-bien-sat-thu-tham-lang?id=994f4df4-95c1-4760-8aee-8d07a69f9fe1 | https://benhvientinh.caobang.gov.vn/index.php/vi/news/tin-tuc-su-kien/bien-chung-than-do-dai-thao-duong-6-dieu-nguoi-benh-phai-chu-y-710.html | https://bachmai.gov.vn/bai-viet/dai-thao-duong-bien-chung-tim-mach-va-than-kinh-ngoai-bien-sat-thu-tham-lang?id=994f4df4-95c1-4760-8aee-8d07a69f9fe1 | https://chanthuongvacotsong.bachmai.gov.vn/dai-thao-duong-bien-chung-tim-mach-va-than-kinh-ngoai-bien-sat-thu-tham-lang/ | https://bachmai.gov.vn/bai-viet/dai-thao-duong-bien-chung-tim-mach-va-than-kinh-ngoai-bien-sat-thu-tham-lang?id=994f4df4-95c1-4760-8aee-8d07a69f9fe1 | https://benhvientinh.caobang.gov.vn/index.php/vi/news/tin-tuc-su-kien/bien-chung-than-do-dai-thao-duong-6-dieu-nguoi-benh-phai-chu-y-710.html | https://web.archive.org/web/https://benhvientinh.caobang.gov.vn/index.php/vi/news/tin-tuc-su-kien/bien-chung-than-do-dai-thao-duong-6-dieu-nguoi-benh-phai-chu-y-710.html | https://web.archive.org/web/https://bachmai.gov.vn/bai-viet/dai-thao-duong-bien-chung-tim-mach-va-than-kinh-ngoai-bien-sat-thu-tham-lang?id=994f4df4-95c1-4760-8aee-8d07a69f9fe1 | https://bachmai.gov.vn/bai-viet/dai-thao-duong-bien-chung-tim-mach-va-than-kinh-ngoai-bien-sat-thu-tham-lang?id=994f4df4-95c1-4760-8aee-8d07a69f9fe1 | https://web.archive.org/web/https://bachmai.gov.vn/bai-viet/dai-thao-duong-bien-chung-tim-mach-va-than-kinh-ngoai-bien-sat-thu-tham-lang?id=994f4df4-95c1-4760-8aee-8d07a69f9fe1"
"1706","INTE_4c3b242fba","Intervention","Chính sách phòng ngừa nguy cơ chuyển hóa","Cần được triển khai cho bệnh nhân đái tháo đường týp 2.","https://sti.vista.gov.vn/publication/view/tinh-trang-dinh-duong-va-mot-so-yeu-to-lien-quan-cua-nguoi-benh-dai-thao-duong-typ-2-dieu-tri-noi-tru-tai-benh-vien-da-khoa-xanh-pon-nam-2023-e7cc38bdc9220841bb8ade1a50eee813-455622.html"
"1707","INTE_4c6959a035","Intervention","Theo dõi glucose máu định kỳ","Đo mức đường huyết thường xuyên để điều chỉnh thuốc và chế độ ăn.","https://web.archive.org/web/https://www.vinmec.com/vie/bai-viet/tong-quan-ve-benh-dai-thao-duong-vi"
"1708","INTE_4cb7b031a9","Intervention","Tư vấn dược lý","Cần thông báo cho bệnh nhân về lợi ích và nguy cơ của thuốc để hạn chế tương tác và độc tính.","https://web.archive.org/web/https://bachmai.gov.vn/bai-viet/dai-thao-duong-bien-chung-tim-mach-va-than-kinh-ngoai-bien-sat-thu-tham-lang?id=994f4df4-95c1-4760-8aee-8d07a69f9fe1"
"1709","INTE_4cbbc40b7b","Intervention","Giảm muối trong chế độ ăn","Hạn chế lượng muối dưới 1.500mg/ngày. | Hạn chế lượng muối dưới 1.500mg/ngày để giảm huyết áp.","https://chanthuongvacotsong.bachmai.gov.vn/cao-huyet-ap-am-tham-ma-rat-hiem/"
"1710","INTE_4da629fca1","Intervention","Kiểm tra và kiểm soát huyết áp","Để ngăn ngừa các biến chứng tim mạch do đái tháo đường gây ra.","http://ttyt.tamduong.laichau.gov.vn/quan-ly-nha-nuoc/hoat-dong-doan-doi/dai-thao-duong-tuyp-2-nguyen-nhan-trieu-chung-chan-doan-va-d.html | https://web.archive.org/web/http://ttyt.tamduong.laichau.gov.vn/quan-ly-nha-nuoc/hoat-dong-doan-doi/dai-thao-duong-tuyp-2-nguyen-nhan-trieu-chung-chan-doan-va-d.html"
"1711","INTE_4db6a5d2b7","Intervention","Soi đáy mắt và xét nghiệm","Phát hiện sớm tổn thương võng mạc, cầu thận để can thiệp kịp thời.","https://bachmai.gov.vn/bai-viet/bien-chung-cua-benh-dai-thao-duong?id=f17ffc43-5abb-5dcb-54d1-d3887440a421"
"1712","INTE_4f5c8470fc","Intervention","Can thiệp phòng chống đái tháo đường","Các biện pháp can thiệp nhằm ngăn ngừa hoặc trì hoãn sự tiến triển của bệnh, đặc biệt ở nhóm tiền đái tháo đường. | Các biện pháp can thiệp nhằm ngăn ngừa hoặc trì hoãn sự tiến triển của bệnh ở người tiền đái tháo đường. | Các biện pháp can thiệp nhằm ngăn ngừa hoặc trì hoãn sự phát triển của bệnh, được đánh giá dựa trên yếu tố di truyền.","https://vista.gov.vn/vi/news/ket-qua-nghien-cuu-trien-khai/nghien-cuu-thuan-tap-5-nam-ve-benh-dai-thao-duong-typ-2-va-hoi-chung-chuyen-hoa-o-nguoi-viet-nam-vai-tro-yeu-to-di-truyen-va-loi-song-8330.html | https://web.archive.org/web/https://vista.gov.vn/vi/news/ket-qua-nghien-cuu-trien-khai/nghien-cuu-thuan-tap-5-nam-ve-benh-dai-thao-duong-typ-2-va-hoi-chung-chuyen-hoa-o-nguoi-viet-nam-vai-tro-yeu-to-di-truyen-va-loi-song-8330.html | https://web.archive.org/web/https://vista.gov.vn/vi/news/ket-qua-nghien-cuu-trien-khai/nghien-cuu-thuan-tap-5-nam-ve-benh-dai-thao-duong-typ-2-va-hoi-chung-chuyen-hoa-o-nguoi-viet-nam-vai-tro-yeu-to-di-truyen-va-loi-song-8330.html | https://web.archive.org/web/https://vista.gov.vn/vi/news/ket-qua-nghien-cuu-trien-khai/nghien-cuu-thuan-tap-5-nam-ve-benh-dai-thao-duong-typ-2-va-hoi-chung-chuyen-hoa-o-nguoi-viet-nam-vai-tro-yeu-to-di-truyen-va-loi-song-8330.html | https://vista.gov.vn/vi/news/ket-qua-nghien-cuu-trien-khai/nghien-cuu-thuan-tap-5-nam-ve-benh-dai-thao-duong-typ-2-va-hoi-chung-chuyen-hoa-o-nguoi-viet-nam-vai-tro-yeu-to-di-truyen-va-loi-song-8330.html"
"1713","INTE_4f75628952","Intervention","Tập thể dục đều đặn","Hoạt động thể chất ít nhất 150 phút/tuần để kiểm soát huyết áp và bảo vệ thận. | Cải thiện tuần hoàn máu, giảm gánh nặng tim mạch. | Hoạt động thể chất giúp cải thiện tuần hoàn máu và giảm huyết áp. | Cải thiện tuần hoàn, giảm cân, làm mềm mạch máu và hạ huyết áp.","https://web.archive.org/web/https://tamanhhospital.vn/tang-huyet-ap-trong-benh-than/ | https://soyte.tuyenquang.gov.vn/tin-tuc/tang-huyet-ap-va-nhung-bien-chung-nguy-hiem.html | https://soyte.tuyenquang.gov.vn/tin-tuc/tang-huyet-ap-va-nhung-bien-chung-nguy-hiem.html | https://web.archive.org/web/https://soyte.tuyenquang.gov.vn/tin-tuc/tang-huyet-ap-va-nhung-bien-chung-nguy-hiem.html"
"1714","INTE_4fb027617b","Intervention","Chế độ ăn uống","Giảm lượng tinh bột, tăng chất xơ, cân bằng dinh dưỡng để kiểm soát đường huyết. | Ăn nhiều rau, quả, ngũ cốc nguyên hạt; giảm tinh bột và đồ ngọt. | Giảm lượng tinh bột, tăng chất xơ, cân bằng dinh dưỡng để kiểm soát đường huyết. | Giảm lượng tinh bột, tăng chất xơ, cân bằng dinh dưỡng để kiểm soát đường huyết. | Ăn nhiều rau, quả, ngũ cốc nguyên hạt; giảm tinh bột và thực phẩm động vật. | Ăn nhiều rau, quả, ngũ cốc nguyên hạt; giảm tinh bột và thực phẩm động vật. | Giảm lượng tinh bột, tăng chất xơ, cân bằng dinh dưỡng để kiểm soát đường huyết. | Giảm lượng tinh bột, tăng chất xơ, cân bằng dinh dưỡng để kiểm soát đường huyết. | Giảm lượng tinh bột, tăng chất xơ, cân bằng dinh dưỡng để kiểm soát đường huyết. | Ăn nhiều rau, quả và ngũ cốc nguyên hạt; hạn chế tinh bột, thực phẩm có nguồn gốc động vật. | Ăn nhiều rau, quả và ngũ cốc nguyên hạt; giảm tinh bột, thức ăn động vật; thay thế bằng thực vật như đậu, lạc.","https://web.archive.org/web/https://vncdc.gov.vn/huong-dan-chan-doan-va-dieu-tri-benh-dai-thao-duong-tuyp-2-nd14582.html | https://web.archive.org/web/https://bachmai.gov.vn/bai-viet/chan-doan-som-benh-dai-thao-duong-tip-2?id=59f9c51f-418e-9437-823c-a1a6c23c33e4 | https://web.archive.org/web/https://vncdc.gov.vn/huong-dan-chan-doan-va-dieu-tri-benh-dai-thao-duong-tuyp-2-nd14582.html | https://web.archive.org/web/https://bachmai.gov.vn/bai-viet/chan-doan-som-benh-dai-thao-duong-tip-2?id=59f9c51f-418e-9437-823c-a1a6c23c33e4 | https://web.archive.org/web/https://vncdc.gov.vn/huong-dan-chan-doan-va-dieu-tri-benh-dai-thao-duong-tuyp-2-nd14582.html | https://web.archive.org/web/https://vncdc.gov.vn/huong-dan-chan-doan-va-dieu-tri-benh-dai-thao-duong-tuyp-2-nd14582.html | https://web.archive.org/web/https://vncdc.gov.vn/huong-dan-chan-doan-va-dieu-tri-benh-dai-thao-duong-tuyp-2-nd14582.html | https://web.archive.org/web/https://bachmai.gov.vn/bai-viet/chan-doan-som-benh-dai-thao-duong-tip-2?id=59f9c51f-418e-9437-823c-a1a6c23c33e4 | https://web.archive.org/web/https://bachmai.gov.vn/tin-chi-tiet/-/bai-viet/chan-doan-som-benh-dai-thao-duong-tip-2-9427-146.html"
"1715","INTE_51a43f92f2","Intervention","Vận động","Tập thể dục 30 phút/ngày, 3–5 ngày/tuần.","https://syt.dongnai.gov.vn/vi/news/Suc-khoe-cong-dong/nhung-bien-chung-nguy-hiem-cua-benh-tieu-duong-2511.html"
"1716","INTE_51bfdf2686","Intervention","Chẩn đoán phân biệt và điều trị","Phải loại trừ các bệnh lý khác như COPD, tràn khí màng phổi, dị vật để tránh điều trị sai.","https://www.vinmec.com/vie/bai-viet/lam-nao-de-chan-doan-hen-phe-quan-vi"
"1717","INTE_522f1fc9a5","Intervention","Sử dụng thiết bị khí dung","Giải pháp thay thế cho người khó dùng xịt hít, giúp thuốc vào đường thở hiệu quả hơn.","https://web.archive.org/web/http://phacdo.soytequangninh.gov.vn/news/tin-tuc-su-kien/hen-phe-quan-hieu-dung-de-song-khoe-dieu-tri-hieu-qua-phong-ngua-chu-dong.html"
"1718","INTE_5239498ee5","Intervention","Điều trị dự phòng tái phát đột quỵ","Dùng thuốc hạ huyết áp để giảm nguy cơ tái phát. | Sử dụng thuốc hạ huyết áp để giảm nguy cơ tái phát đột quỵ ở bệnh nhân đã từng bị.","https://web.archive.org/web/https://chanthuongvacotsong.bachmai.gov.vn/huong-dan-chan-doan-va-dieu-tri-tang-huyet-ap/"
"1719","INTE_5471dc3e5e","Intervention","Dùng thuốc Corticosteroid dạng hít","Được sử dụng để kiểm soát viêm mạn tính trong hen, đặc biệt ở bệnh nhân có FeNO > 50 ppb.","https://hohap.bachmai.gov.vn/detail/14225/hen-phe-quan-%C2%A0-cach-nhan-biet-va-chan-doan.html"
"1720","INTE_55a3f5fa77","Intervention","Can thiệp nong động mạch","Dùng bóng nong để mở rộng lòng mạch bị hẹp.","https://web.archive.org/web/https://medlatec.vn/tin-tuc/hep-dong-mach-than-la-gi-muc-do-nguy-hiem-va-phuong-phap-dieu-tri"
"1721","INTE_55ad7009b5","Intervention","Phác đồ tiêm đơn giản hóa","Chỉ tiêm 1 lần/ngày thay vì 2-4 lần, giúp người bệnh tuân thủ tốt hơn và cải thiện chất lượng sống.","https://bachmai.gov.vn/bai-viet/dieu-tri-dai-thao-duong-tip-2-buoc-tien-moi-tu-insulin-nen-the-he-2-va-iglarlixi?id=5cdac324-549d-40aa-b3e6-80214932d112"
"1722","INTE_57c6cdf013","Intervention","Thông khí xâm lấn","Chỉ định trong các trường hợp suy hô hấp nặng do cơn hen ác tính.","https://medlatec.vn/tu-dien-benh-ly/con-hen-ac-tinh"
"1723","INTE_57ccc10bc1","Intervention","Chống chuyển hóa","Chiến lược phòng ngừa nguy cơ chuyển hóa liên quan đến béo phì và bệnh tim mạch. | Cần có chiến lược phòng ngừa để giảm nguy cơ biến chứng từ thừa cân và béo phì. | Chiến lược phòng ngừa nguy cơ chuyển hóa liên quan đến béo phì và bệnh tim mạch. | Chiến lược phòng ngừa nguy cơ chuyển hóa liên quan đến béo phì và bệnh tim mạch. | Chiến lược phòng ngừa nguy cơ chuyển hóa liên quan đến béo phì và bệnh tim mạch.","https://sti.vista.gov.vn/publication/view/tinh-trang-dinh-duong-va-mot-so-yeu-to-lien-quan-cua-nguoi-benh-dai-thao-duong-typ-2-dieu-tri-noi-tru-tai-benh-vien-da-khoa-xanh-pon-nam-2023-e7cc38bdc9220841bb8ade1a50eee813-455622.html | https://web.archive.org/web/https://sti.vista.gov.vn/publication/view/tinh-trang-dinh-duong-va-mot-so-yeu-to-lien-quan-cua-nguoi-benh-dai-thao-duong-typ-2-dieu-tri-noi-tru-tai-benh-vien-da-khoa-xanh-pon-nam-2023-e7cc38bdc9220841bb8ade1a50eee813-455622.html | https://sti.vista.gov.vn/publication/view/tinh-trang-dinh-duong-va-mot-so-yeu-to-lien-quan-cua-nguoi-benh-dai-thao-duong-typ-2-dieu-tri-noi-tru-tai-benh-vien-da-khoa-xanh-pon-nam-2023-e7cc38bdc9220841bb8ade1a50eee813-455622.html | https://web.archive.org/web/https://sti.vista.gov.vn/publication/view/tinh-trang-dinh-duong-va-mot-so-yeu-to-lien-quan-cua-nguoi-benh-dai-thao-duong-typ-2-dieu-tri-noi-tru-tai-benh-vien-da-khoa-xanh-pon-nam-2023-e7cc38bdc9220841bb8ade1a50eee813-455622.html | https://web.archive.org/web/https://sti.vista.gov.vn/publication/view/tinh-trang-dinh-duong-va-mot-so-yeu-to-lien-quan-cua-nguoi-benh-dai-thao-duong-typ-2-dieu-tri-noi-tru-tai-benh-vien-da-khoa-xanh-pon-nam-2023-e7cc38bdc9220841bb8ade1a50eee813-455622.html"
"1724","INTE_5ac9a3b25d","Intervention","Quản lý người bệnh tại tuyến cơ sở","Đảm bảo tuân thủ điều trị, giám sát tác dụng phụ và tái khám. | Đảm bảo tuân thủ điều trị, theo dõi tái khám và phát hiện sớm tác dụng phụ. | Đảm bảo tuân thủ điều trị, theo dõi tái khám và phát hiện sớm tác dụng phụ. | Đảm bảo tuân thủ điều trị, giám sát tác dụng phụ và tái khám.","https://chanthuongvacotsong.bachmai.gov.vn/huong-dan-chan-doan-va-dieu-tri-tang-huyet-ap/ | https://web.archive.org/web/https://vncdc.gov.vn/huong-dan-chan-doan-va-dieu-tri-tang-huyet-ap-nd14594.html | https://web.archive.org/web/https://vncdc.gov.vn/huong-dan-chan-doan-va-dieu-tri-tang-huyet-ap-nd14594.html | https://chanthuongvacotsong.bachmai.gov.vn/huong-dan-chan-doan-va-dieu-tri-tang-huyet-ap/"
"1725","INTE_5c60af7205","Intervention","Hỗ trợ tâm lý","Giúp người bệnh vượt qua nỗi lo sợ và áp lực trong quá trình điều trị. | Giúp người bệnh vượt qua cảm giác lo âu, trầm cảm do bệnh lý gây ra, từ đó tăng tuân thủ điều trị. | Giải đáp thắc mắc, tư vấn để bệnh nhân không chủ quan với bệnh tật.","https://bachmai.gov.vn/bai-viet/ca-the-hoa-dieu-tri-dai-thao-duong-tip-2-tai-cac-nuoc-dang-phat-trien-thach-thuc-va-co-hoi?id=4b51fe29-8515-42d1-bff3-85563163f16c | https://web.archive.org/web/https://bachmai.gov.vn/bai-viet/ca-the-hoa-dieu-tri-dai-thao-duong-tip-2-tai-cac-nuoc-dang-phat-trien-thach-thuc-va-co-hoi?id=4b51fe29-8515-42d1-bff3-85563163f16c | https://web.archive.org/web/https://bachmai.gov.vn/tin-chi-tiet/-/bai-viet/tang-huyet-ap-can-benh-tham-lang-nhung-nguy-hiem-8463-146.html"
"1726","INTE_5cbbedeb9f","Intervention","Đeo khẩu trang khi ra đường","Giảm tiếp xúc với khói bụi ô nhiễm, đặc biệt ở khu vực công nghiệp hoặc đô thị. | Hành động bảo vệ phổi khỏi khói bụi ô nhiễm trong môi trường ngoài trời.","https://web.archive.org/web/https://bachmai.gov.vn/bai-viet/benh-phoi-tac-nghen-man-tinh-hieu-dung-phong-ngua-va-phat-hien-som-cung-chuyen-gia-benh-vien-bach-mai?id=bef483aa-6fde-433a-b2e8-b373eb7903a6"
"1727","INTE_609689c875","Intervention","Dùng thuốc","Kết hợp với thay đổi lối sống để kiểm soát huyết áp và ngăn ngừa suy thận.","https://www.vinmec.com/vie/bai-viet/tai-sao-mac-benh-thi-huyet-ap-lai-tang-cao-vi"
"1728","INTE_61a17c9b28","Intervention","Chuyển tuyến điều trị","Chuyển lên tuyến cao hơn khi mức glucose máu hoặc HbA1c vượt ngưỡng.","https://web.archive.org/web/https://chanthuongvacotsong.bachmai.gov.vn/huong-dan-chan-doan-va-dieu-tri-dai-thao-duong-type-2/"
"1729","INTE_61aa7230b6","Intervention","Tập luyện thể lực","30 phút/ngày, 150 phút/tuần (đi bộ, chạy, bơi…).","https://web.archive.org/web/https://bachmai.gov.vn/bai-viet/chan-doan-som-benh-dai-thao-duong-tip-2?id=59f9c51f-418e-9437-823c-a1a6c23c33e4"
"1730","INTE_63ad674e9e","Intervention","Quy trình 4 bước điều trị tại tuyến cơ sở","Bao gồm: đánh giá, điều chỉnh liều thuốc, bổ sung thuốc và chuyển tuyến.","https://web.archive.org/web/https://chanthuongvacotsong.bachmai.gov.vn/huong-dan-chan-doan-va-dieu-tri-tang-huyet-ap/"
"1731","INTE_6472b706a7","Intervention","Điều trị nội tiết","Phương pháp điều trị bằng thuốc và can thiệp y khoa để kiểm soát đường huyết. | Dùng thuốc điều chỉnh đường huyết, kết hợp với chế độ ăn và vận động.","https://web.archive.org/web/https://syt.dongnai.gov.vn/vi/news/Suc-khoe-cong-dong/nhung-bien-chung-nguy-hiem-cua-benh-tieu-duong-2511.html"
"1732","INTE_65224cc51f","Intervention","Tích cực thay đổi lối sống","Áp dụng cho mọi bệnh nhân để ngăn ngừa tiến triển và giảm huyết áp. | Bao gồm giảm muối, tăng rau quả, giảm cân, hạn chế rượu bia, bỏ thuốc lá, vận động thể lực. | Bao gồm giảm muối, tăng rau quả, giảm cân, hạn chế rượu bia, bỏ thuốc lá, vận động thể lực. | Áp dụng cho mọi bệnh nhân để ngăn ngừa tiến triển và giảm huyết áp. | Điều chỉnh chế độ ăn, vận động và sinh hoạt để kiểm soát huyết áp.","https://chanthuongvacotsong.bachmai.gov.vn/huong-dan-chan-doan-va-dieu-tri-tang-huyet-ap/ | https://web.archive.org/web/https://vncdc.gov.vn/huong-dan-chan-doan-va-dieu-tri-tang-huyet-ap-nd14594.html | https://web.archive.org/web/https://vncdc.gov.vn/huong-dan-chan-doan-va-dieu-tri-tang-huyet-ap-nd14594.html | https://chanthuongvacotsong.bachmai.gov.vn/huong-dan-chan-doan-va-dieu-tri-tang-huyet-ap/ | https://web.archive.org/web/https://chanthuongvacotsong.bachmai.gov.vn/huong-dan-chan-doan-va-dieu-tri-tang-huyet-ap/ | https://chanthuongvacotsong.bachmai.gov.vn/huong-dan-chan-doan-va-dieu-tri-tang-huyet-ap/"
"1733","INTE_6532162359","Intervention","Chuyển tuyến","Chuyển bệnh nhân lên tuyến cao hơn khi có biến chứng nặng. | Chuyển bệnh nhân lên tuyến cao hơn khi có biến chứng nặng. | Chuyển bệnh nhân từ tuyến xã lên tuyến huyện hoặc tỉnh khi có biến chứng nặng, không đạt mục tiêu điều trị. | Chuyển bệnh nhân từ tuyến xã lên tuyến huyện hoặc tỉnh khi có biến chứng nặng, không đạt mục tiêu điều trị. | Chuyển bệnh nhân lên tuyến cao hơn khi có biến chứng nặng.","https://web.archive.org/web/https://chanthuongvacotsong.bachmai.gov.vn/huong-dan-chan-doan-va-dieu-tri-dai-thao-duong-type-2/ | https://web.archive.org/web/https://vncdc.gov.vn/huong-dan-chan-doan-va-dieu-tri-benh-dai-thao-duong-tuyp-2-nd14582.html | https://chanthuongvacotsong.bachmai.gov.vn/huong-dan-chan-doan-va-dieu-tri-dai-thao-duong-type-2/ | https://web.archive.org/web/https://vncdc.gov.vn/huong-dan-chan-doan-va-dieu-tri-benh-dai-thao-duong-tuyp-2-nd14582.html | https://chanthuongvacotsong.bachmai.gov.vn/huong-dan-chan-doan-va-dieu-tri-dai-thao-duong-type-2/"
"1734","INTE_656fbab8e4","Intervention","Điều trị bằng clopidogrel","Can thiệp y tế nhằm ngăn ngừa sự kiện tim mạch, nhưng có nguy cơ tăng ở bệnh nhân đái tháo đường. | Can thiệp y tế nhằm ngăn ngừa tái phát nhồi máu cơ tim hoặc đột quỵ.","https://web.archive.org/web/http://www.tapchiyhocduphong.vn/tap-chi-y-hoc-du-phong/2019/09/nguy-co-bien-co-tim-mach-o-benh-nhan-su-dung-clopidogrel-mac-va-khong-mac-dai-th-o81E2084E.html"
"1735","INTE_66f8a06b8b","Intervention","Đặt stent động mạch thận","Phương pháp ít xâm lấn, mở rộng lòng mạch bằng bóng nong và đặt stent.","https://web.archive.org/web/https://medlatec.vn/tin-tuc/hep-dong-mach-than-la-gi-muc-do-nguy-hiem-va-phuong-phap-dieu-tri"
"1736","INTE_68c5199dd8","Intervention","Hạn chế muối","Giảm giữ nước trong cơ thể, giúp giảm gánh nặng cho tim.","https://bachmai.gov.vn/bai-viet/nhan-biet-dieu-tri-va-cham-soc-nguoi-benh-suy-tim?id=f55f8d26-9341-41d6-a243-00f543335069 | https://web.archive.org/web/https://bachmai.gov.vn/bai-viet/nhan-biet-dieu-tri-va-cham-soc-nguoi-benh-suy-tim?id=f55f8d26-9341-41d6-a243-00f543335069"
"1737","INTE_69085d737c","Intervention","Theo dõi huyết áp và cholesterol","Kiểm soát các yếu tố nguy cơ tim mạch để giảm biến chứng.","https://www.vinmec.com/vie/bai-viet/tong-quan-ve-benh-dai-thao-duong-vi"
"1738","INTE_69a1659ec1","Intervention","Phòng ngừa nguy cơ chuyển hóa","Cần thực hiện chiến lược dự phòng để giảm thiểu biến chứng liên quan đến dinh dưỡng. | Được đề xuất dựa trên mối liên hệ giữa dinh dưỡng và bệnh lý. | Cần được thực hiện đồng thời với can thiệp dinh dưỡng để giảm rủi ro. | Cần được triển khai để giảm thiểu tác động của thừa cân và béo phì. | Cần thực hiện chiến lược dự phòng để giảm thiểu biến chứng.","https://sti.vista.gov.vn/publication/view/tinh-trang-dinh-duong-va-mot-so-yeu-to-lien-quan-cua-nguoi-benh-dai-thao-duong-typ-2-dieu-tri-noi-tru-tai-benh-vien-da-khoa-xanh-pon-nam-2023-e7cc38bdc9220841bb8ade1a50eee813-455622.html | https://sti.vista.gov.vn/publication/view/tinh-trang-dinh-duong-va-mot-so-yeu-to-lien-quan-cua-nguoi-benh-dai-thao-duong-typ-2-dieu-tri-noi-tru-tai-benh-vien-da-khoa-xanh-pon-nam-2023-e7cc38bdc9220841bb8ade1a50eee813-455622.html | https://web.archive.org/web/https://sti.vista.gov.vn/publication/view/tinh-trang-dinh-duong-va-mot-so-yeu-to-lien-quan-cua-nguoi-benh-dai-thao-duong-typ-2-dieu-tri-noi-tru-tai-benh-vien-da-khoa-xanh-pon-nam-2023-e7cc38bdc9220841bb8ade1a50eee813-455622.html"
"1739","INTE_6a94eb512d","Intervention","Tập luyện thể dục","Giúp tăng nhạy cảm insulin và giảm đường huyết. | Luyện tập ít nhất 30 phút/ngày, 150 phút/tuần, kết hợp aerobic và kháng lực. | Luyện tập ít nhất 30 phút/ngày, 150 phút/tuần, kết hợp aerobic và kháng lực. | Luyện tập ít nhất 30 phút/ngày, 150 phút/tuần để cải thiện đề kháng insulin. | Giúp kiểm soát đường huyết và cân nặng, giảm nguy cơ biến chứng. | Giúp kiểm soát đường huyết và cải thiện sức khỏe tổng thể. | Giúp kiểm soát đường huyết và cải thiện sức khỏe tổng thể. | Hoạt động thể chất giúp giảm huyết áp và cải thiện sức khỏe tim mạch. | Hoạt động thể chất giúp giảm huyết áp và cải thiện sức khỏe tim mạch. | Các bài tập nhẹ nhàng như yoga, đi bộ giúp cải thiện hô hấp và sức khỏe tổng thể.","https://web.archive.org/web/https://benhvienquynhon.gov.vn/tin-tuc/hoat-dong-cua-ttyt/dai-thao-duong-va-nhung-dieu-ban-can-biet/ | https://web.archive.org/web/https://ttytiapa.gialai.gov.vn/van-ban/huong-dan-chan-doan-va-dieu-tri-benh-dai-thao-duong-tip-1-o-.html | https://benhvienquynhon.gov.vn/tin-tuc/hoat-dong-cua-ttyt/dai-thao-duong-va-nhung-dieu-ban-can-biet/ | https://web.archive.org/web/https://benhvienquynhon.gov.vn/tin-tuc/hoat-dong-cua-ttyt/dai-thao-duong-va-nhung-dieu-ban-can-biet/ | https://web.archive.org/web/https://bachmai.gov.vn/tin-chi-tiet/-/bai-viet/dai-thao-duong-can-benh-nhieu-bien-chung-nguy-hiem-8-trieu-nguoi-viet-nam-dang-mac-9624-146.html | https://bachmai.gov.vn/tin-chi-tiet/-/bai-viet/dai-thao-duong-can-benh-nhieu-bien-chung-nguy-hiem-8-trieu-nguoi-viet-nam-dang-mac-9624-146.html | https://web.archive.org/web/https://bachmai.gov.vn/tin-chi-tiet/-/bai-viet/dai-thao-duong-can-benh-nhieu-bien-chung-nguy-hiem-8-trieu-nguoi-viet-nam-dang-mac-9624-146.html | http://bvhoanghoa.ytethanhhoa.gov.vn/web/khoa-phong-chuc-nang/khoa-phong-chuc-nang/phong-cong-tac-xa-hoi/dieu-can-luu-y-khi-dieu-tri-tang-huyet-ap.html | http://bvhoanghoa.ytethanhhoa.gov.vn/web/khoa-phong-chuc-nang/khoa-phong-chuc-nang/phong-cong-tac-xa-hoi/dieu-can-luu-y-khi-dieu-tri-tang-huyet-ap.html | https://medlatec.vn/tin-tuc/benh-nhan-phoi-tac-nghen-phoi-man-tinh-song-duoc-bao-lau-cai-thien-tuoi-tho-bang-cach-nao"
"1740","INTE_6a9931aac1","Intervention","Nghiệm pháp co thắt phế quản bằng methacholin","Được dùng để xác định mức độ nhạy cảm của phế quản, nhưng chỉ thực hiện khi cần thiết và tại cơ sở y tế có trang bị cấp cứu.","https://hohap.bachmai.gov.vn/detail/14225/hen-phe-quan-%C2%A0-cach-nhan-biet-va-chan-doan.html"
"1741","INTE_6aadc09284","Intervention","Theo dõi huyết áp","Hành động quan trọng để kiểm soát và điều trị tăng huyết áp. | Kiểm tra định kỳ để phát hiện sớm và điều chỉnh.","https://bachmai.gov.vn/tin-chi-tiet/-/bai-viet/tang-huyet-ap-can-benh-tham-lang-nhung-nguy-hiem-8463-146.html | https://web.archive.org/web/https://bachmai.gov.vn/tin-chi-tiet/-/bai-viet/tang-huyet-ap-can-benh-tham-lang-nhung-nguy-hiem-8463-146.html"
"1742","INTE_6c34e32c3d","Intervention","Soi đáy mắt và điện tâm đồ","Phát hiện sớm tổn thương võng mạc, bệnh mạch vành. | Phát hiện sớm tổn thương võng mạc và bệnh lý mạch vành.","https://bachmai.gov.vn/bai-viet/bien-chung-cua-benh-dai-thao-duong?id=f17ffc43-5abb-5dcb-54d1-d3887440a421"
"1743","INTE_6c35543a70","Intervention","Điều trị bằng thuốc","Sử dụng thuốc khi thay đổi lối sống không đạt hiệu quả. | Sử dụng thuốc khi thay đổi lối sống không hiệu quả. | Biện pháp điều trị khi thay đổi lối sống không hiệu quả. | Sử dụng thuốc khi thay đổi lối sống không hiệu quả. | Sử dụng thuốc khi thay đổi lối sống không hiệu quả. | Sử dụng thuốc để kiểm soát huyết áp khi thay đổi lối sống không hiệu quả. | Sử dụng thuốc khi thay đổi lối sống không hiệu quả. | Sử dụng thuốc khi thay đổi lối sống không đủ hiệu quả để đạt mục tiêu huyết áp. | Sử dụng thuốc khi thay đổi lối sống không đủ hiệu quả. | Sử dụng thuốc khi thay đổi lối sống không đủ hiệu quả để đạt mục tiêu huyết áp. | Sử dụng thuốc khi thay đổi lối sống không đủ hiệu quả. | Sử dụng thuốc để kiểm soát huyết áp khi thay đổi lối sống không hiệu quả. | Sử dụng thuốc khi thay đổi lối sống không hiệu quả.","https://web.archive.org/web/http://bvhoanghoa.ytethanhhoa.gov.vn/web/khoa-phong-chuc-nang/khoa-phong-chuc-nang/to-cong-tac-xa-hoi/benh-tang-huyet-ap-ke-giet-nguoi-tham-lang.html | http://bvhoanghoa.ytethanhhoa.gov.vn/web/khoa-phong-chuc-nang/khoa-phong-chuc-nang/to-cong-tac-xa-hoi/benh-tang-huyet-ap-ke-giet-nguoi-tham-lang.html | https://web.archive.org/web/http://bvhoanghoa.ytethanhhoa.gov.vn/web/khoa-phong-chuc-nang/khoa-phong-chuc-nang/to-cong-tac-xa-hoi/benh-tang-huyet-ap-ke-giet-nguoi-tham-lang.html | http://bvhoanghoa.ytethanhhoa.gov.vn/web/khoa-phong-chuc-nang/khoa-phong-chuc-nang/to-cong-tac-xa-hoi/benh-tang-huyet-ap-ke-giet-nguoi-tham-lang.html | https://web.archive.org/web/http://bvhoanghoa.ytethanhhoa.gov.vn/web/khoa-phong-chuc-nang/khoa-phong-chuc-nang/to-cong-tac-xa-hoi/benh-tang-huyet-ap-ke-giet-nguoi-tham-lang.html | http://bvhoanghoa.ytethanhhoa.gov.vn/web/khoa-phong-chuc-nang/khoa-phong-chuc-nang/to-cong-tac-xa-hoi/benh-tang-huyet-ap-ke-giet-nguoi-tham-lang.html | https://web.archive.org/web/http://bvhoanghoa.ytethanhhoa.gov.vn/web/khoa-phong-chuc-nang/khoa-phong-chuc-nang/to-cong-tac-xa-hoi/benh-tang-huyet-ap-ke-giet-nguoi-tham-lang.html | http://bvhoanghoa.ytethanhhoa.gov.vn/web/khoa-phong-chuc-nang/khoa-phong-chuc-nang/to-cong-tac-xa-hoi/benh-tang-huyet-ap-ke-giet-nguoi-tham-lang.html | http://bvhoanghoa.ytethanhhoa.gov.vn/web/khoa-phong-chuc-nang/khoa-phong-chuc-nang/to-cong-tac-xa-hoi/benh-tang-huyet-ap-ke-giet-nguoi-tham-lang.html | https://web.archive.org/web/http://bvhoanghoa.ytethanhhoa.gov.vn/web/khoa-phong-chuc-nang/khoa-phong-chuc-nang/to-cong-tac-xa-hoi/benh-tang-huyet-ap-ke-giet-nguoi-tham-lang.html"
"1744","INTE_6ccd827eab","Intervention","Điều trị hạ đường huyết cấp tính","Cung cấp glucose tĩnh mạch hoặc uống ngay khi Glucose máu <3,1 mmol/l.","https://web.archive.org/web/https://bachmai.gov.vn/bai-viet/bien-chung-cua-benh-dai-thao-duong?id=f17ffc43-5abb-5dcb-54d1-d3887440a421"
"1745","INTE_6cea99253b","Intervention","Phẫu thuật tuyến thượng thận","Điều trị u tủy thượng thận gây cường aldosteron hoặc pheochromocytoma.","https://tamanhhospital.vn/tang-huyet-ap-thu-phat/"
"1746","INTE_6d584aecc6","Intervention","Sử dụng Breezhaler","Gồm ống hít và vỉ thuốc chứa viên nang, dùng cho người khó phối hợp.","https://web.archive.org/web/https://bachmai.gov.vn/tin-chi-tiet/-/bai-viet/huong-dan-su-dung-thuoc-hit-xit-o-nguoi-mac-benh-phoi-man-tinh-8626-146.html"
"1747","INTE_6d93e0baf8","Intervention","Phục hồi chức năng hô hấp","Tập luyện giúp cải thiện khả năng gắng sức và chất lượng cuộc sống.","https://web.archive.org/web/https://vncdc.gov.vn/huong-dan-chan-doan-va-dieu-tri-benh-phoi-tac-nghen-man-tinh-nd14577.html"
"1748","INTE_6edf8672a6","Intervention","Tiêm glucagon","Điều trị hạ glucose máu nặng khi người bệnh mất ý thức. | Cấp cứu hạ glucose máu nặng khi không có khả năng nuốt. | Cấp cứu hạ glucose máu nặng hoặc trung bình khi không thể uống. | Cấp cứu cho người bệnh hạ glucose máu trung bình hoặc nặng khi không thể uống. | Cấp cứu hạ glucose máu nặng khi không thể nuốt. | Điều trị hạ glucose máu nặng khi người bệnh mất ý thức. | Điều trị hạ glucose máu nặng khi người bệnh mất ý thức. | Điều trị hạ glucose máu nặng khi người bệnh mất ý thức. | Cấp cứu hạ glucose máu nặng khi không có khả năng nuốt. | Cấp cứu hạ glucose máu nặng hoặc trung bình khi không thể uống. | Điều trị hạ glucose máu nặng khi người bệnh mất ý thức. Liều 1 mg, tiêm dưới da hoặc tĩnh mạch. | Điều trị hạ glucose máu nặng khi người bệnh mất ý thức. | Điều trị hạ glucose máu nặng khi người bệnh mất ý thức. Liều 1 mg, tiêm dưới da hoặc tĩnh mạch. | Cấp cứu hạ glucose máu nặng hoặc trung bình khi không thể uống. | Cấp cứu hạ glucose máu nặng khi không có khả năng nuốt.","https://web.archive.org/web/https://vncdc.gov.vn/huong-dan-chan-doan-va-dieu-tri-benh-dai-thao-duong-tuyp-2-nd14582.html | https://chanthuongvacotsong.bachmai.gov.vn/huong-dan-chan-doan-va-dieu-tri-dai-thao-duong-type-2/ | https://web.archive.org/web/https://chanthuongvacotsong.bachmai.gov.vn/huong-dan-chan-doan-va-dieu-tri-dai-thao-duong-type-2/ | https://web.archive.org/web/https://vncdc.gov.vn/huong-dan-chan-doan-va-dieu-tri-benh-dai-thao-duong-tuyp-2-nd14582.html | https://web.archive.org/web/https://vncdc.gov.vn/huong-dan-chan-doan-va-dieu-tri-benh-dai-thao-duong-tuyp-2-nd14582.html | https://web.archive.org/web/https://vncdc.gov.vn/huong-dan-chan-doan-va-dieu-tri-benh-dai-thao-duong-tuyp-2-nd14582.html | https://web.archive.org/web/https://vncdc.gov.vn/huong-dan-chan-doan-va-dieu-tri-benh-dai-thao-duong-tuyp-2-nd14582.html | https://chanthuongvacotsong.bachmai.gov.vn/huong-dan-chan-doan-va-dieu-tri-dai-thao-duong-type-2/ | https://web.archive.org/web/https://chanthuongvacotsong.bachmai.gov.vn/huong-dan-chan-doan-va-dieu-tri-dai-thao-duong-type-2/ | https://web.archive.org/web/https://vncdc.gov.vn/huong-dan-chan-doan-va-dieu-tri-benh-dai-thao-duong-tuyp-2-nd14582.html | https://web.archive.org/web/https://vncdc.gov.vn/huong-dan-chan-doan-va-dieu-tri-benh-dai-thao-duong-tuyp-2-nd14582.html | https://chanthuongvacotsong.bachmai.gov.vn/huong-dan-chan-doan-va-dieu-tri-dai-thao-duong-type-2/ | https://web.archive.org/web/https://chanthuongvacotsong.bachmai.gov.vn/huong-dan-chan-doan-va-dieu-tri-dai-thao-duong-type-2/"
"1749","INTE_6f00fffda7","Intervention","Tư vấn y tế và điều trị theo chỉ định","Người bệnh cần tuân thủ hướng dẫn của bác sĩ về thuốc và sinh hoạt.","https://cdc.ninhbinh.gov.vn/tin-tuc-su-kien/benh-dai-thao-duong-va-cach-phong-ngua-benh2.html"
"1750","INTE_70d7d95aeb","Intervention","Sinh hoạt lành mạnh","Ăn đủ bữa, ngủ đủ giấc, tránh stress.","https://web.archive.org/web/https://vncdc.gov.vn/4-bien-phap-chu-yeu-phong-benh-tang-huyet-ap-nd14878.html"
"1751","INTE_7128193283","Intervention","Xử trí cơn hen tại nhà","Cần đúng cách để mang lại hiệu quả tốt nhất. | Các biện pháp cấp cứu và chăm sóc tại nhà khi trẻ lên cơn hen. | Cần đúng cách để mang lại hiệu quả tốt nhất.","https://benhviennhitrunguong.gov.vn/tag/hen-phe-quan | https://web.archive.org/web/https://benhviennhitrunguong.gov.vn/tag/hen-phe-quan | https://benhviennhitrunguong.gov.vn/tag/hen-phe-quan"
"1752","INTE_71316b2492","Intervention","Kiểm tra đường huyết thường xuyên","Giúp theo dõi mức glucose trong máu để điều chỉnh chế độ ăn và thuốc kịp thời.","http://ttyt.tamduong.laichau.gov.vn/quan-ly-nha-nuoc/hoat-dong-doan-doi/dai-thao-duong-tuyp-2-nguyen-nhan-trieu-chung-chan-doan-va-d.html"
"1753","INTE_713f22efd9","Intervention","Tuân thủ điều trị","Đảm bảo uống thuốc đúng giờ, đúng liều và duy trì chế độ dinh dưỡng, vận động. | Đảm bảo uống thuốc đúng giờ, đúng liều và duy trì chế độ dinh dưỡng, vận động. | Tuân thủ đúng - đều - đủ theo toa bác sĩ để duy trì huyết áp 'ĐÍCH'. | Tuân thủ đúng - đều - đủ theo toa bác sĩ để duy trì huyết áp 'ĐÍCH'. | Đảm bảo uống thuốc đúng giờ, đúng liều và duy trì chế độ dinh dưỡng, vận động. | Bao gồm tuân thủ chế độ dinh dưỡng, tập luyện và uống thuốc đúng toa. | Bao gồm tuân thủ chế độ dinh dưỡng, tập luyện và uống thuốc đúng theo toa. | Điều chỉnh chế độ dinh dưỡng, tập luyện và uống thuốc đúng theo toa bác sĩ. | Bao gồm tuân thủ chế độ dinh dưỡng, tập luyện và uống thuốc đúng - đều - đủ theo toa bác sĩ. | Đảm bảo uống thuốc đúng giờ, đúng liều và duy trì chế độ dinh dưỡng, vận động. | Tuân thủ đúng - đều - đủ theo toa bác sĩ để duy trì huyết áp 'ĐÍCH'. | Bao gồm tuân thủ chế độ dinh dưỡng, tập luyện và uống thuốc đúng liều, đúng giờ. | Điều chỉnh chế độ dinh dưỡng, tập luyện và uống thuốc đúng - đều - đủ theo toa bác sĩ. | Điều chỉnh chế độ dinh dưỡng, tập luyện và uống thuốc đúng - đều - đủ. | Bao gồm tuân thủ chế độ dinh dưỡng, tập luyện và uống thuốc đúng - đều - đủ theo toa bác sĩ. | Điều trị lâu dài, đúng - đều - đủ liều theo toa bác sĩ để kiểm soát huyết áp. | Điều chỉnh chế độ dinh dưỡng, tập luyện và uống thuốc đúng theo toa bác sĩ. | Bao gồm tuân thủ chế độ dinh dưỡng, tập luyện và uống thuốc đúng - đều - đủ. | Cần tuân thủ cả chế độ ăn, vận động và dùng thuốc đúng - đều - đủ theo toa bác sĩ.","http://bvhoanghoa.ytethanhhoa.gov.vn/web/khoa-phong-chuc-nang/khoa-phong-chuc-nang/phong-cong-tac-xa-hoi/dieu-can-luu-y-khi-dieu-tri-tang-huyet-ap.html | https://web.archive.org/web/http://bvhoanghoa.ytethanhhoa.gov.vn/web/khoa-phong-chuc-nang/khoa-phong-chuc-nang/phong-cong-tac-xa-hoi/dieu-can-luu-y-khi-dieu-tri-tang-huyet-ap.html | http://bvhoanghoa.ytethanhhoa.gov.vn/web/khoa-phong-chuc-nang/khoa-phong-chuc-nang/phong-cong-tac-xa-hoi/dieu-can-luu-y-khi-dieu-tri-tang-huyet-ap.html | https://web.archive.org/web/http://bvhoanghoa.ytethanhhoa.gov.vn/web/khoa-phong-chuc-nang/khoa-phong-chuc-nang/phong-cong-tac-xa-hoi/dieu-can-luu-y-khi-dieu-tri-tang-huyet-ap.html | http://bvhoanghoa.ytethanhhoa.gov.vn/web/khoa-phong-chuc-nang/khoa-phong-chuc-nang/to-cong-tac-xa-hoi/dieu-can-luu-y-khi-dieu-tri-tang-huyet-ap.html | https://web.archive.org/web/http://bvhoanghoa.ytethanhhoa.gov.vn/web/khoa-phong-chuc-nang/khoa-phong-chuc-nang/to-cong-tac-xa-hoi/dieu-can-luu-y-khi-dieu-tri-tang-huyet-ap.html | http://bvhoanghoa.ytethanhhoa.gov.vn/web/khoa-phong-chuc-nang/khoa-phong-chuc-nang/phong-cong-tac-xa-hoi/dieu-can-luu-y-khi-dieu-tri-tang-huyet-ap.html | https://web.archive.org/web/http://bvhoanghoa.ytethanhhoa.gov.vn/web/khoa-phong-chuc-nang/khoa-phong-chuc-nang/phong-cong-tac-xa-hoi/dieu-can-luu-y-khi-dieu-tri-tang-huyet-ap.html | http://bvhoanghoa.ytethanhhoa.gov.vn/web/khoa-phong-chuc-nang/khoa-phong-chuc-nang/phong-cong-tac-xa-hoi/dieu-can-luu-y-khi-dieu-tri-tang-huyet-ap.html | https://web.archive.org/web/http://bvhoanghoa.ytethanhhoa.gov.vn/web/khoa-phong-chuc-nang/khoa-phong-chuc-nang/phong-cong-tac-xa-hoi/dieu-can-luu-y-khi-dieu-tri-tang-huyet-ap.html | http://bvhoanghoa.ytethanhhoa.gov.vn/web/khoa-phong-chuc-nang/khoa-phong-chuc-nang/phong-cong-tac-xa-hoi/dieu-can-luu-y-khi-dieu-tri-tang-huyet-ap.html | https://web.archive.org/web/http://bvhoanghoa.ytethanhhoa.gov.vn/web/khoa-phong-chuc-nang/khoa-phong-chuc-nang/phong-cong-tac-xa-hoi/dieu-can-luu-y-khi-dieu-tri-tang-huyet-ap.html | http://bvhoanghoa.ytethanhhoa.gov.vn/web/khoa-phong-chuc-nang/khoa-phong-chuc-nang/to-cong-tac-xa-hoi/dieu-can-luu-y-khi-dieu-tri-tang-huyet-ap.html | https://web.archive.org/web/http://bvhoanghoa.ytethanhhoa.gov.vn/web/khoa-phong-chuc-nang/khoa-phong-chuc-nang/to-cong-tac-xa-hoi/dieu-can-luu-y-khi-dieu-tri-tang-huyet-ap.html | http://bvhoanghoa.ytethanhhoa.gov.vn/web/khoa-phong-chuc-nang/khoa-phong-chuc-nang/phong-cong-tac-xa-hoi/dieu-can-luu-y-khi-dieu-tri-tang-huyet-ap.html"
"1754","INTE_71697b4b9b","Intervention","Luyện tập thể dục","Tập 30-60 phút/ngày, 5 ngày/tuần để giảm huyết áp.","https://web.archive.org/web/https://vncdc.gov.vn/4-bien-phap-chu-yeu-phong-benh-tang-huyet-ap-nd14878.html"
"1755","INTE_71ac6b7bb3","Intervention","Tiêm Insulin","Phương pháp điều trị chính cho ĐTĐ típ 1.","https://benhviennhitrunguong.gov.vn/hoi-thao-xu-huong-dieu-tri-dai-thao-duong-tip-1-chung-ta-khong-the-dung-ngoai.html"
"1756","INTE_71ac6b7bb3","Intervention","Tiêm insulin","Phương pháp điều trị bắt buộc, cần tuân thủ đúng liều và thời gian tiêm. | Phương pháp điều trị chính, cần tuân thủ đúng liều lượng và thời điểm. | Phương pháp điều trị bắt buộc, cần tuân thủ đúng liều và thời gian tiêm. | Điều trị đái tháo đường týp 2 khi không đáp ứng với thuốc uống hoặc trong bệnh cấp tính. | Điều trị đái tháo đường týp 2 khi không đáp ứng với thuốc uống hoặc trong bệnh cấp tính. | Điều trị đái tháo đường týp 2 khi không đáp ứng với thuốc uống hoặc trong bệnh cấp tính. | Điều trị đái tháo đường týp 2 khi không đáp ứng với thuốc uống hoặc trong bệnh cấp tính. | Điều trị đái tháo đường týp 2 khi không đáp ứng với thuốc uống hoặc trong bệnh cấp tính.","http://soyte.hatinh.gov.vn/tin-tuc-su-kien/thong-tin-y-te/luu-y-khi-dieu-tri-dai-thao-duong-type-1.html | http://soyte.hatinh.gov.vn/tin-tuc-su-kien/thong-tin-y-te/luu-y-khi-dieu-tri-dai-thao-duong-type-1.html | https://web.archive.org/web/http://soyte.hatinh.gov.vn/tin-tuc-su-kien/thong-tin-y-te/luu-y-khi-dieu-tri-dai-thao-duong-type-1.html | https://web.archive.org/web/https://vncdc.gov.vn/huong-dan-chan-doan-va-dieu-tri-benh-dai-thao-duong-tuyp-2-nd14582.html | https://web.archive.org/web/https://vncdc.gov.vn/huong-dan-chan-doan-va-dieu-tri-benh-dai-thao-duong-tuyp-2-nd14582.html | https://web.archive.org/web/https://vncdc.gov.vn/huong-dan-chan-doan-va-dieu-tri-benh-dai-thao-duong-tuyp-2-nd14582.html | https://web.archive.org/web/https://vncdc.gov.vn/huong-dan-chan-doan-va-dieu-tri-benh-dai-thao-duong-tuyp-2-nd14582.html | https://web.archive.org/web/https://vncdc.gov.vn/huong-dan-chan-doan-va-dieu-tri-benh-dai-thao-duong-tuyp-2-nd14582.html"
"1757","INTE_71e6a01208","Intervention","Tập thể dục thường xuyên","Tăng cường trao đổi chất, giảm mỡ nội tạng và cải thiện chức năng tuyến tụy. | Giúp giảm đường huyết, cải thiện tính nhạy cảm insulin và ngăn ngừa biến chứng tim mạch. | Giúp cải thiện độ nhạy insulin, kiểm soát cân nặng và giảm nguy cơ biến chứng. | Tăng cường trao đổi chất, giảm mỡ nội tạng và cải thiện chức năng tuyến tụy. | Giúp kiểm soát cân nặng, cải thiện độ nhạy insulin và giảm đường huyết. | Giúp kiểm soát cân nặng và huyết áp, hỗ trợ chức năng thận. | Giảm huyết áp, kiểm soát cân nặng và cải thiện chức năng tuần hoàn. | Giúp kiểm soát cân nặng và huyết áp, hỗ trợ chức năng thận. | Giảm huyết áp, kiểm soát cân nặng và cải thiện chức năng tuần hoàn. | Giúp tăng sức khỏe, kiểm soát huyết áp và cải thiện giấc ngủ. | Giúp kiểm soát huyết áp, cải thiện giấc ngủ và sức khỏe tổng thể.","http://ttyt.tamduong.laichau.gov.vn/quan-ly-nha-nuoc/hoat-dong-doan-doi/dai-thao-duong-tuyp-2-nguyen-nhan-trieu-chung-chan-doan-va-d.html | https://web.archive.org/web/https://benhvientinh.caobang.gov.vn/index.php/vi/news/dich-vu/tiep-nhan-dieu-tri-benh-nhan-dai-thao-duong-tuyp-2-co-bien-chung-mo-mat-do-khong-di-kham-va-tam-soat-som-443.html | https://benhvientinh.caobang.gov.vn/index.php/vi/news/dich-vu/tiep-nhan-dieu-tri-benh-nhan-dai-thao-duong-tuyp-2-co-bien-chung-mo-mat-do-khong-di-kham-va-tam-soat-som-443.html | https://web.archive.org/web/http://ttyt.tamduong.laichau.gov.vn/quan-ly-nha-nuoc/hoat-dong-doan-doi/dai-thao-duong-tuyp-2-nguyen-nhan-trieu-chung-chan-doan-va-d.html | https://cdc.ninhbinh.gov.vn/tin-tuc-su-kien/benh-dai-thao-duong-va-cach-phong-ngua-benh2.html | https://web.archive.org/web/https://www.vinmec.com/vie/bai-viet/suy-o-nguoi-bi-cao-huyet-ap-nhung-dieu-can-chu-y-vi | https://www.vinmec.com/vie/bai-viet/suy-o-nguoi-bi-cao-huyet-ap-nhung-dieu-can-chu-y-vi | https://web.archive.org/web/https://www.vinmec.com/vie/bai-viet/suy-o-nguoi-bi-cao-huyet-ap-nhung-dieu-can-chu-y-vi | https://www.vinmec.com/vie/bai-viet/suy-o-nguoi-bi-cao-huyet-ap-nhung-dieu-can-chu-y-vi | https://web.archive.org/web/http://soyte.hatinh.gov.vn/tin-tuc-su-kien/pho-bien-kien-thuc/dau-hieu-benh-than-va-suy-than-.html | http://soyte.hatinh.gov.vn/tin-tuc-su-kien/pho-bien-kien-thuc/dau-hieu-benh-than-va-suy-than-.html"
"1758","INTE_72a9e29b51","Intervention","Học hỏi và quản lý bệnh","Cần hiểu biết về bệnh để kiểm soát tốt đường huyết và tránh biến chứng. | Cần hiểu rõ bệnh để kiểm soát tốt đường huyết và tránh biến chứng.","https://web.archive.org/web/https://benhviennhitrunguong.gov.vn/benh-dai-thao-duong-o-tre-em.html | https://benhviennhitrunguong.gov.vn/benh-dai-thao-duong-o-tre-em.html"
"1759","INTE_777a04c0c6","Intervention","Can thiệp đa yếu tố nguy cơ","Kết hợp kiểm soát đường huyết, huyết áp, lipid máu và dùng thuốc lợi tim mạch.","https://bachmai.gov.vn/bai-viet/dai-thao-duong-bien-chung-tim-mach-va-than-kinh-ngoai-bien-sat-thu-tham-lang?id=994f4df4-95c1-4760-8aee-8d07a69f9fe1"
"1760","INTE_787a96ee3e","Intervention","Tầm soát biến chứng định kỳ","Kiểm tra các biến chứng của đái tháo đường mỗi 6-12 tháng. | Đi khám chuyên khoa mỗi 6-12 tháng để phát hiện sớm và điều trị hiệu quả.","https://web.archive.org/web/https://bachmai.gov.vn/tin-chi-tiet/-/bai-viet/dai-thao-duong-can-benh-nhieu-bien-chung-nguy-hiem-8-trieu-nguoi-viet-nam-dang-mac-9624-146.html | https://bachmai.gov.vn/tin-chi-tiet/-/bai-viet/dai-thao-duong-can-benh-nhieu-bien-chung-nguy-hiem-8-trieu-nguoi-viet-nam-dang-mac-9624-146.html"
"1761","INTE_78884e902f","Intervention","Dùng thuốc dự phòng hàng ngày","Uống thuốc kháng viêm hoặc giãn phế quản để ngăn ngừa cơn hen.","https://web.archive.org/web/https://benhviennhitrunguong.gov.vn/tag/hen-phe-quan"
"1762","INTE_79a64ef9db","Intervention","Giáo dục sức khỏe cộng đồng","Cung cấp kiến thức về dinh dưỡng, kiểm soát cân nặng và phòng ngừa béo phì.","https://web.archive.org/web/https://sti.vista.gov.vn/publication/view/9adff40ef63a8d1369d3d79d00873f07-31f274dab6ec362c550c75293a9d13cd-448878.html"
"1763","INTE_79ab38c29a","Intervention","Tư vấn y tế","Bác sĩ tư vấn chế độ dinh dưỡng, tập luyện và thuốc để điều trị tăng huyết áp.","https://web.archive.org/web/http://bvhoanghoa.ytethanhhoa.gov.vn/web/khoa-phong-chuc-nang/khoa-phong-chuc-nang/to-cong-tac-xa-hoi/dieu-can-luu-y-khi-dieu-tri-tang-huyet-ap.html"
"1764","INTE_79b16dc8bf","Intervention","Theo dõi định kỳ tại cơ sở y tế","Để bác sĩ điều chỉnh phác đồ điều trị phù hợp với tình trạng bệnh nhân.","https://web.archive.org/web/https://benhvientinh.caobang.gov.vn/index.php/vi/news/dich-vu/tiep-nhan-dieu-tri-benh-nhan-dai-thao-duong-tuyp-2-co-bien-chung-mo-mat-do-khong-di-kham-va-tam-soat-som-443.html | https://benhvientinh.caobang.gov.vn/index.php/vi/news/dich-vu/tiep-nhan-dieu-tri-benh-nhan-dai-thao-duong-tuyp-2-co-bien-chung-mo-mat-do-khong-di-kham-va-tam-soat-som-443.html"
"1765","INTE_79f6077ce8","Intervention","Giảm muối và chất béo bão hòa","Điều chỉnh chế độ ăn để giảm huyết áp. | Chế độ ăn ít muối giúp giảm huyết áp; chất béo bão hòa gây xơ vữa mạch.","https://soyte.tuyenquang.gov.vn/tin-tuc/tang-huyet-ap-va-nhung-bien-chung-nguy-hiem.html"
"1766","INTE_79f82bb268","Intervention","Điều trị theo toa bác sĩ","Sử dụng thuốc hạ huyết áp đúng liều lượng và thời gian để kiểm soát huyết áp.","https://web.archive.org/web/http://bvhoanghoa.ytethanhhoa.gov.vn/web/khoa-phong-chuc-nang/khoa-phong-chuc-nang/to-cong-tac-xa-hoi/dieu-can-luu-y-khi-dieu-tri-tang-huyet-ap.html"
"1767","INTE_7adc0efee5","Intervention","Chế độ ăn kiêng","Giảm muối, chất béo bão hòa, tăng rau củ quả để kiểm soát huyết áp và suy thận. | Điều chỉnh chế độ dinh dưỡng theo giai đoạn suy thận để kiểm soát huyết áp và giảm tổn thương thận.","https://web.archive.org/web/https://www.vinmec.com/vie/bai-viet/suy-o-nguoi-bi-cao-huyet-ap-nhung-dieu-can-chu-y-vi | https://www.vinmec.com/vie/bai-viet/suy-o-nguoi-bi-cao-huyet-ap-nhung-dieu-can-chu-y-vi"
"1768","INTE_7b9c4bbdcb","Intervention","Luyện tập thể lực","Tăng cường hoạt động thể chất giúp cải thiện khả năng sử dụng glucose và giảm cân. | Đi bộ ít nhất 30 phút mỗi ngày, 5 lần/tuần. Tập kháng lực 2-3 lần/tuần. | Tăng cường hoạt động thể chất giúp cải thiện khả năng sử dụng glucose và giảm cân.","https://web.archive.org/web/https://vncdc.gov.vn/huong-dan-chan-doan-va-dieu-tri-benh-dai-thao-duong-tuyp-2-nd14582.html | https://web.archive.org/web/https://www.benhviendakhoasongma.gov.vn/bai-viet/benh-dai-thao-duong-220 | https://web.archive.org/web/https://vncdc.gov.vn/huong-dan-chan-doan-va-dieu-tri-benh-dai-thao-duong-tuyp-2-nd14582.html"
"1769","INTE_7baed5b5a1","Intervention","Phẫu thuật bắc cầu động mạch thận","Tạo đường máu mới để cung cấp máu ổn định cho thận.","https://web.archive.org/web/https://medlatec.vn/tin-tuc/hep-dong-mach-than-la-gi-muc-do-nguy-hiem-va-phuong-phap-dieu-tri"
"1770","INTE_7c56070266","Intervention","Duy trì cân nặng hợp lý","Giảm gánh nặng cho tim và thận, ngăn ngừa tăng huyết áp.","http://soyte.hatinh.gov.vn/tin-tuc-su-kien/pho-bien-kien-thuc/dau-hieu-benh-than-va-suy-than-.html"
"1771","INTE_7d3ac8cf75","Intervention","Kiểm tra đường huyết định kỳ","Để phát hiện sớm biến chứng và điều chỉnh chế độ ăn, vận động. | Theo dõi mức đường huyết để điều chỉnh chế độ ăn, thuốc và sinh hoạt.","https://xayenmo.ninhbinh.gov.vn/y-te-giao-duc/benh-dai-thao-duong-dau-hieu-nhan-biet-phan-loai-va-dieu-tri-389.html | https://cdc.ninhbinh.gov.vn/tin-tuc-su-kien/benh-dai-thao-duong-va-cach-phong-ngua-benh2.html"
"1772","INTE_7d7c01a7c6","Intervention","Chế độ ăn lành mạnh","Chế độ giàu tinh bột, cân bằng dinh dưỡng để phối hợp với insulin. | Cân bằng carbohydrate, giàu chất dinh dưỡng, hạn chế đường và chất béo. | Chế độ giàu tinh bột, cân bằng dinh dưỡng, phù hợp với liều insulin. | Cung cấp đủ tinh bột và cân bằng dinh dưỡng để phối hợp với insulin. | Cân bằng carbohydrate, giàu chất dinh dưỡng để hỗ trợ điều trị và kiểm soát đường huyết. | Cung cấp đủ tinh bột, cân bằng dinh dưỡng để phối hợp với insulin. | Chế độ giàu tinh bột, cân bằng dinh dưỡng để phối hợp với insulin. | Cung cấp đủ tinh bột, cân bằng dinh dưỡng để phối hợp với insulin. | Chế độ giàu tinh bột, cân bằng dinh dưỡng để phối hợp với insulin. | Cân bằng tinh bột và chất dinh dưỡng, phù hợp với liều insulin.","https://benhviennhitrunguong.gov.vn/benh-dai-thao-duong-o-tre-em.html | https://web.archive.org/web/https://benhviennhitrunguong.gov.vn/benh-dai-thao-duong-o-tre-em.html | https://web.archive.org/web/https://benhviennhitrunguong.gov.vn/benh-dai-thao-duong-o-tre-em.html | https://benhviennhitrunguong.gov.vn/benh-dai-thao-duong-o-tre-em.html | https://web.archive.org/web/https://benhviennhitrunguong.gov.vn/benh-dai-thao-duong-o-tre-em.html | https://web.archive.org/web/https://benhviennhitrunguong.gov.vn/benh-dai-thao-duong-o-tre-em.html | https://benhviennhitrunguong.gov.vn/benh-dai-thao-duong-o-tre-em.html | https://web.archive.org/web/https://benhviennhitrunguong.gov.vn/benh-dai-thao-duong-o-tre-em.html | https://benhviennhitrunguong.gov.vn/benh-dai-thao-duong-o-tre-em.html | https://benhviennhitrunguong.gov.vn/benh-dai-thao-duong-o-tre-em.html"
"1773","INTE_7da8f4255f","Intervention","Tầm soát đường máu","Xét nghiệm định kỳ để phát hiện sớm và can thiệp kịp thời.","http://soyte.hatinh.gov.vn/tin-tuc-su-kien/thong-tin-y-te/bai-truyen-thong-benh-dai-thao-duong-va-cach-phong-ngua-benh.html"
"1774","INTE_7ed9babc72","Intervention","Tăng cường vận động","Đi bộ, tập thể dục hàng ngày để kiểm soát đường huyết. | Người bệnh nên đi bộ, tập thể dục mỗi ngày để kiểm soát đường huyết. | Đi bộ, tập thể dục hàng ngày để kiểm soát đường huyết và cân nặng. | Người bệnh nên đi bộ, tập thể dục mỗi ngày và chơi thể thao phù hợp. | Người bệnh nên đi bộ, tập thể dục mỗi ngày để kiểm soát đường huyết. | Người bệnh nên đi bộ, tập thể dục mỗi ngày để kiểm soát đường huyết. | Người bệnh nên đi bộ, tập thể dục mỗi ngày để kiểm soát đường huyết. | Đi bộ, tập thể dục hàng ngày để kiểm soát đường huyết.","https://web.archive.org/web/https://xayenmo.ninhbinh.gov.vn/y-te-giao-duc/benh-dai-thao-duong-dau-hieu-nhan-biet-phan-loai-va-dieu-tri-389.html | https://xayenmo.ninhbinh.gov.vn/y-te-giao-duc/benh-dai-thao-duong-dau-hieu-nhan-biet-phan-loai-va-dieu-tri-389.html | https://xayenmo.ninhbinh.gov.vn/y-te-giao-duc/benh-dai-thao-duong-dau-hieu-nhan-biet-phan-loai-va-dieu-tri-389.html | https://web.archive.org/web/https://xayenmo.ninhbinh.gov.vn/y-te-giao-duc/benh-dai-thao-duong-dau-hieu-nhan-biet-phan-loai-va-dieu-tri-389.html | https://web.archive.org/web/https://xayenmo.ninhbinh.gov.vn/y-te-giao-duc/benh-dai-thao-duong-dau-hieu-nhan-biet-phan-loai-va-dieu-tri-389.html | https://xayenmo.ninhbinh.gov.vn/y-te-giao-duc/benh-dai-thao-duong-dau-hieu-nhan-biet-phan-loai-va-dieu-tri-389.html | https://xayenmo.ninhbinh.gov.vn/y-te-giao-duc/benh-dai-thao-duong-dau-hieu-nhan-biet-phan-loai-va-dieu-tri-389.html | https://xayenmo.ninhbinh.gov.vn/y-te-giao-duc/benh-dai-thao-duong-dau-hieu-nhan-biet-phan-loai-va-dieu-tri-389.html"
"1775","INTE_7ee9db8f36","Intervention","Điều trị lâu dài","Dùng thuốc giãn phế quản, corticosteroid để kiểm soát triệu chứng và ngăn ngừa tiến triển.","https://web.archive.org/web/http://benhvienphoi.hatinh.gov.vn/chi-tiet-tin-tuc?slug=hay-nhan-biet-som-va-phong-ngua-benh-phoi-tac-nghen-man-tinh-copd"
"1776","INTE_7f3e5d0c12","Intervention","Điều trị thuốc bảo vệ tim và thận","Sử dụng SGLT2i hoặc GLP-1 RA để giảm biến chứng tim mạch và thận.","https://bachmai.gov.vn/bai-viet/doi-moi-tu-duy-dieu-tri-dai-thao-duong-typ-2-va-chien-luoc-kiem-soat-toan-dien-bien-chung-than-kinh?id=090463d0-4515-40c8-919c-8bebc41e2c01"
"1777","INTE_7f6f5962bb","Intervention","Điều trị nội khoa","Chỉ định điều trị bằng phương pháp nội khoa tại khoa Nội 3.","https://nsti.vista.gov.vn/publication/view/dac-diem-lam-sang-can-lam-sang-va-bien-chung-mat-tren-benh-nhan-dai-thao-duong-type-2-dieu-tri-tai-khoa-noi-3-benh-vien-huu-nghi-viet-tiep-hai-phong-339420.html"
"1778","INTE_7fa8bd437c","Intervention","Thay đổi lối sống","Giảm cân, tăng hoạt động thể chất, ăn uống lành mạnh để phòng ngừa và kiểm soát đái tháo đường type 2. | Giảm cân, tăng hoạt động thể chất, ăn uống điều độ để phòng ngừa và kiểm soát type 2. | Giảm cân, tăng hoạt động, ăn uống lành mạnh để phòng ngừa hoặc kiểm soát đái tháo đường type 2. | Giảm cân, tăng hoạt động thể chất và ăn uống lành mạnh để phòng ngừa hoặc kiểm soát đái tháo đường type 2. | Tập luyện thường xuyên, giảm cân, kiểm soát căng thẳng. | Giảm cân, tăng vận động, ăn uống lành mạnh để cải thiện độ nhạy insulin. | Giảm cân, tăng vận động, ăn uống lành mạnh để cải thiện độ nhạy insulin. | Giảm cân, tăng vận động, ăn uống lành mạnh để cải thiện độ nhạy insulin. | Giảm cân, tăng cường vận động, điều chỉnh chế độ ăn uống để cải thiện độ nhạy insulin. | Giảm cân, tăng hoạt động thể chất, ăn uống điều độ để kiểm soát đái tháo đường type 2. | Giảm cân, tăng hoạt động thể chất, ăn uống lành mạnh để phòng ngừa và kiểm soát đái tháo đường type 2. | Bao gồm luyện tập thể lực, dinh dưỡng và thay đổi thói quen sinh hoạt. | Chế độ ăn uống và sinh hoạt điều chỉnh để phòng ngừa và kiểm soát bệnh. | Giảm cân, tăng hoạt động thể chất, ăn uống điều độ để kiểm soát đái tháo đường type 2. | Giảm cân, tăng hoạt động thể chất, ăn uống lành mạnh để phòng ngừa và kiểm soát đái tháo đường type 2. | Giảm cân, tăng hoạt động thể chất và ăn uống điều độ để kiểm soát đái tháo đường type 2. | Biện pháp cải thiện huyết áp thông qua chế độ ăn uống và sinh hoạt. | Bao gồm ăn kiêng, vận động và giảm căng thẳng. | Bao gồm ăn kiêng, vận động và kiểm soát cân nặng để cải thiện huyết áp. | Điều chỉnh chế độ ăn uống và sinh hoạt để kiểm soát huyết áp. | Chế độ ăn uống, vận động, giảm căng thẳng và bỏ thuốc lá nhằm kiểm soát huyết áp. | Chế độ ăn uống, vận động, giảm stress và kiểm soát cân nặng. | Điều chỉnh chế độ ăn uống và sinh hoạt để kiểm soát huyết áp. | Chế độ ăn uống, vận động, giảm căng thẳng và bỏ thuốc lá nhằm kiểm soát huyết áp. | Bao gồm chế độ ăn uống, vận động, giảm stress và duy trì cân nặng hợp lý. | Bao gồm chế độ ăn uống, vận động, giảm stress và kiểm soát cân nặng. | Bao gồm ăn kiêng, vận động thể chất và giảm căng thẳng để kiểm soát huyết áp. | Bao gồm ăn kiêng, vận động và kiểm soát cân nặng để cải thiện huyết áp. | Chế độ ăn uống, vận động, giảm stress và kiểm soát cân nặng. | Bao gồm chế độ ăn uống lành mạnh và tập thể dục nhiều hơn. | Chế độ ăn uống, vận động, giảm căng thẳng và bỏ thuốc lá nhằm kiểm soát huyết áp. | Bao gồm chế độ ăn uống lành mạnh và tập thể dục nhiều hơn. | Bao gồm chế độ ăn uống, vận động, giảm căng thẳng và bỏ thuốc lá - là nền tảng điều trị tăng huyết áp. | Bao gồm chế độ ăn uống, vận động, giảm căng thẳng và kiểm soát cân nặng. | Chế độ ăn uống, vận động, giảm stress và kiểm soát cân nặng nhằm hạ huyết áp. | Chế độ ăn uống, vận động, giảm stress và kiểm soát cân nặng. | Chế độ sinh hoạt, dinh dưỡng và vận động nhằm kiểm soát huyết áp. | Giải pháp điều trị không dùng thuốc, bao gồm tập luyện, ăn uống lành mạnh. | Chế độ ăn uống, vận động, giảm căng thẳng và bỏ thuốc lá nhằm kiểm soát huyết áp. | Chế độ ăn uống lành mạnh, tập luyện thể dục, hạn chế rượu bia. | Chế độ ăn uống, vận động, giảm căng thẳng và kiểm soát cân nặng nhằm hạ huyết áp. | Chế độ ăn uống, vận động, giảm căng thẳng và kiểm soát cân nặng để hạ huyết áp. | Chế độ sinh hoạt, dinh dưỡng và vận động nhằm kiểm soát huyết áp. | Chế độ ăn uống, vận động, giảm căng thẳng và kiểm soát cân nặng. | Giải pháp điều trị không dùng thuốc, bao gồm tập luyện, ăn uống lành mạnh. | Bao gồm ăn kiêng, vận động và giảm căng thẳng. | Bao gồm chế độ ăn uống, vận động, giảm căng thẳng và duy trì cân nặng hợp lý. | Bao gồm ăn kiêng, vận động thể chất và giảm căng thẳng. | Bao gồm ăn kiêng, vận động thể chất và giảm căng thẳng để kiểm soát huyết áp. | Bao gồm ăn kiêng, vận động và kiểm soát cân nặng để cải thiện huyết áp. | Bao gồm ăn ít muối, tập thể dục, giảm stress và duy trì cân nặng hợp lý. | Ăn kiêng, vận động, kiểm soát cân nặng để cải thiện huyết áp. | Bao gồm chế độ ăn, vận động, giảm cân, hạn chế rượu bia và bỏ thuốc lá. | Bao gồm ăn kiêng, vận động và kiểm soát cân nặng để giảm huyết áp. | Chế độ ăn uống, vận động và giảm căng thẳng giúp hạ huyết áp. | Bao gồm chế độ ăn uống, vận động, giảm stress và duy trì cân nặng. | Bao gồm chế độ ăn uống, vận động, giảm căng thẳng và không hút thuốc - là biện pháp điều trị đầu tiên. | Chế độ ăn uống, vận động, giảm stress và kiểm soát cân nặng nhằm hạ huyết áp. | Ăn kiêng, vận động, kiểm soát cân nặng để cải thiện huyết áp. | Bao gồm ăn kiêng, vận động và kiểm soát cân nặng để giảm huyết áp. | Bao gồm ăn kiêng, vận động thể chất và giảm căng thẳng để kiểm soát huyết áp. | Bao gồm ăn kiêng, vận động và kiểm soát cân nặng để cải thiện huyết áp. | Bao gồm chế độ ăn hợp lý, giảm cân, hạn chế rượu bia, bỏ thuốc lá và tăng hoạt động thể lực. | Điều chỉnh chế độ ăn uống và sinh hoạt để kiểm soát huyết áp.","https://benhviennhitrunguong.gov.vn/benh-dai-thao-duong-o-tre-em.html | https://web.archive.org/web/https://benhviennhitrunguong.gov.vn/benh-dai-thao-duong-o-tre-em.html | https://web.archive.org/web/https://benhviennhitrunguong.gov.vn/benh-dai-thao-duong-o-tre-em.html | https://benhviennhitrunguong.gov.vn/benh-dai-thao-duong-o-tre-em.html | http://ttyt.tamduong.laichau.gov.vn/quan-ly-nha-nuoc/hoat-dong-doan-doi/dai-thao-duong-tuyp-2-nguyen-nhan-trieu-chung-chan-doan-va-d.html | https://bachmai.gov.vn/bai-viet/kiem-soat-huyet-ap-va-can-nang-o-benh-nhan-dai-thao-duong-tip-2-viet-nam?id=d4b1411f-1da7-74f4-b337-1b88457dd69b | http://ttyt.tamduong.laichau.gov.vn/quan-ly-nha-nuoc/hoat-dong-doan-doi/dai-thao-duong-tuyp-2-nguyen-nhan-trieu-chung-chan-doan-va-d.html | http://ttyt.tamduong.laichau.gov.vn/quan-ly-nha-nuoc/hoat-dong-doan-doi/dai-thao-duong-tuyp-2-nguyen-nhan-trieu-chung-chan-doan-va-d.html | https://web.archive.org/web/http://ttyt.tamduong.laichau.gov.vn/quan-ly-nha-nuoc/hoat-dong-doan-doi/dai-thao-duong-tuyp-2-nguyen-nhan-trieu-chung-chan-doan-va-d.html | https://web.archive.org/web/https://benhviennhitrunguong.gov.vn/benh-dai-thao-duong-o-tre-em.html | https://web.archive.org/web/https://www.benhviendakhoasongma.gov.vn/bai-viet/benh-dai-thao-duong-220 | https://benhviennhitrunguong.gov.vn/benh-dai-thao-duong-o-tre-em.html | https://web.archive.org/web/https://bachmai.gov.vn/bai-viet/chan-doan-som-benh-dai-thao-duong-tip-2?id=59f9c51f-418e-9437-823c-a1a6c23c33e4 | https://web.archive.org/web/https://benhviennhitrunguong.gov.vn/benh-dai-thao-duong-o-tre-em.html | https://benhviennhitrunguong.gov.vn/benh-dai-thao-duong-o-tre-em.html | https://benhviennhitrunguong.gov.vn/benh-dai-thao-duong-o-tre-em.html | https://web.archive.org/web/http://bvhoanghoa.ytethanhhoa.gov.vn/web/khoa-phong-chuc-nang/khoa-phong-chuc-nang/to-cong-tac-xa-hoi/benh-tang-huyet-ap-ke-giet-nguoi-tham-lang.html | http://bvhoanghoa.ytethanhhoa.gov.vn/web/khoa-phong-chuc-nang/khoa-phong-chuc-nang/to-cong-tac-xa-hoi/benh-tang-huyet-ap-ke-giet-nguoi-tham-lang.html | https://web.archive.org/web/http://bvhoanghoa.ytethanhhoa.gov.vn/web/khoa-phong-chuc-nang/khoa-phong-chuc-nang/to-cong-tac-xa-hoi/benh-tang-huyet-ap-ke-giet-nguoi-tham-lang.html | http://bvhoanghoa.ytethanhhoa.gov.vn/web/khoa-phong-chuc-nang/khoa-phong-chuc-nang/phong-cong-tac-xa-hoi/dieu-can-luu-y-khi-dieu-tri-tang-huyet-ap.html | https://web.archive.org/web/http://bvhoanghoa.ytethanhhoa.gov.vn/web/khoa-phong-chuc-nang/khoa-phong-chuc-nang/phong-cong-tac-xa-hoi/dieu-can-luu-y-khi-dieu-tri-tang-huyet-ap.html | https://web.archive.org/web/http://bvhoanghoa.ytethanhhoa.gov.vn/web/khoa-phong-chuc-nang/khoa-phong-chuc-nang/to-cong-tac-xa-hoi/benh-tang-huyet-ap-ke-giet-nguoi-tham-lang.html | http://bvhoanghoa.ytethanhhoa.gov.vn/web/khoa-phong-chuc-nang/khoa-phong-chuc-nang/phong-cong-tac-xa-hoi/dieu-can-luu-y-khi-dieu-tri-tang-huyet-ap.html | http://bvhoanghoa.ytethanhhoa.gov.vn/web/khoa-phong-chuc-nang/khoa-phong-chuc-nang/phong-cong-tac-xa-hoi/dieu-can-luu-y-khi-dieu-tri-tang-huyet-ap.html | https://web.archive.org/web/http://bvhoanghoa.ytethanhhoa.gov.vn/web/khoa-phong-chuc-nang/khoa-phong-chuc-nang/phong-cong-tac-xa-hoi/dieu-can-luu-y-khi-dieu-tri-tang-huyet-ap.html | https://web.archive.org/web/http://bvhoanghoa.ytethanhhoa.gov.vn/web/khoa-phong-chuc-nang/khoa-phong-chuc-nang/to-cong-tac-xa-hoi/benh-tang-huyet-ap-ke-giet-nguoi-tham-lang.html | http://bvhoanghoa.ytethanhhoa.gov.vn/web/khoa-phong-chuc-nang/khoa-phong-chuc-nang/to-cong-tac-xa-hoi/benh-tang-huyet-ap-ke-giet-nguoi-tham-lang.html | https://www.vinmec.com/vie/bai-viet/tai-sao-mac-benh-thi-huyet-ap-lai-tang-cao-vi | https://web.archive.org/web/http://bvhoanghoa.ytethanhhoa.gov.vn/web/khoa-phong-chuc-nang/khoa-phong-chuc-nang/phong-cong-tac-xa-hoi/dieu-can-luu-y-khi-dieu-tri-tang-huyet-ap.html | http://bvhoanghoa.ytethanhhoa.gov.vn/web/khoa-phong-chuc-nang/khoa-phong-chuc-nang/phong-cong-tac-xa-hoi/dieu-can-luu-y-khi-dieu-tri-tang-huyet-ap.html | https://www.vinmec.com/vie/bai-viet/tai-sao-mac-benh-thi-huyet-ap-lai-tang-cao-vi | https://web.archive.org/web/http://bvhoanghoa.ytethanhhoa.gov.vn/web/khoa-phong-chuc-nang/khoa-phong-chuc-nang/phong-cong-tac-xa-hoi/dieu-can-luu-y-khi-dieu-tri-tang-huyet-ap.html | http://bvhoanghoa.ytethanhhoa.gov.vn/web/khoa-phong-chuc-nang/khoa-phong-chuc-nang/to-cong-tac-xa-hoi/dieu-can-luu-y-khi-dieu-tri-tang-huyet-ap.html | https://web.archive.org/web/http://bvhoanghoa.ytethanhhoa.gov.vn/web/khoa-phong-chuc-nang/khoa-phong-chuc-nang/to-cong-tac-xa-hoi/dieu-can-luu-y-khi-dieu-tri-tang-huyet-ap.html | http://bvhoanghoa.ytethanhhoa.gov.vn/web/khoa-phong-chuc-nang/khoa-phong-chuc-nang/phong-cong-tac-xa-hoi/dieu-can-luu-y-khi-dieu-tri-tang-huyet-ap.html | https://bachmai.gov.vn/tin-chi-tiet/-/bai-viet/tang-huyet-ap-can-benh-tham-lang-nhung-nguy-hiem-8463-146.html | https://web.archive.org/web/http://bvhoanghoa.ytethanhhoa.gov.vn/web/khoa-phong-chuc-nang/khoa-phong-chuc-nang/phong-cong-tac-xa-hoi/dieu-can-luu-y-khi-dieu-tri-tang-huyet-ap.html | https://web.archive.org/web/https://bachmai.gov.vn/tin-chi-tiet/-/bai-viet/tang-huyet-ap-can-benh-tham-lang-nhung-nguy-hiem-8463-146.html | http://bvhoanghoa.ytethanhhoa.gov.vn/web/khoa-phong-chuc-nang/khoa-phong-chuc-nang/phong-cong-tac-xa-hoi/dieu-can-luu-y-khi-dieu-tri-tang-huyet-ap.html | http://bvhoanghoa.ytethanhhoa.gov.vn/web/khoa-phong-chuc-nang/khoa-phong-chuc-nang/phong-cong-tac-xa-hoi/dieu-can-luu-y-khi-dieu-tri-tang-huyet-ap.html | https://bachmai.gov.vn/tin-chi-tiet/-/bai-viet/tang-huyet-ap-can-benh-tham-lang-nhung-nguy-hiem-8463-146.html | https://web.archive.org/web/http://bvhoanghoa.ytethanhhoa.gov.vn/web/khoa-phong-chuc-nang/khoa-phong-chuc-nang/phong-cong-tac-xa-hoi/dieu-can-luu-y-khi-dieu-tri-tang-huyet-ap.html | https://web.archive.org/web/https://bachmai.gov.vn/tin-chi-tiet/-/bai-viet/tang-huyet-ap-can-benh-tham-lang-nhung-nguy-hiem-8463-146.html | http://bvhoanghoa.ytethanhhoa.gov.vn/web/khoa-phong-chuc-nang/khoa-phong-chuc-nang/to-cong-tac-xa-hoi/benh-tang-huyet-ap-ke-giet-nguoi-tham-lang.html | https://web.archive.org/web/http://bvhoanghoa.ytethanhhoa.gov.vn/web/khoa-phong-chuc-nang/khoa-phong-chuc-nang/to-cong-tac-xa-hoi/benh-tang-huyet-ap-ke-giet-nguoi-tham-lang.html | http://bvhoanghoa.ytethanhhoa.gov.vn/web/khoa-phong-chuc-nang/khoa-phong-chuc-nang/to-cong-tac-xa-hoi/benh-tang-huyet-ap-ke-giet-nguoi-tham-lang.html | https://web.archive.org/web/https://chanthuongvacotsong.bachmai.gov.vn/huong-dan-chan-doan-va-dieu-tri-tang-huyet-ap/ | https://web.archive.org/web/http://bvhoanghoa.ytethanhhoa.gov.vn/web/khoa-phong-chuc-nang/khoa-phong-chuc-nang/to-cong-tac-xa-hoi/benh-tang-huyet-ap-ke-giet-nguoi-tham-lang.html | https://tamanhhospital.vn/tang-huyet-ap-thu-phat/ | http://bvhoanghoa.ytethanhhoa.gov.vn/web/khoa-phong-chuc-nang/khoa-phong-chuc-nang/to-cong-tac-xa-hoi/benh-tang-huyet-ap-ke-giet-nguoi-tham-lang.html | https://web.archive.org/web/http://bvhoanghoa.ytethanhhoa.gov.vn/web/khoa-phong-chuc-nang/khoa-phong-chuc-nang/phong-cong-tac-xa-hoi/dieu-can-luu-y-khi-dieu-tri-tang-huyet-ap.html | http://bvhoanghoa.ytethanhhoa.gov.vn/web/khoa-phong-chuc-nang/khoa-phong-chuc-nang/to-cong-tac-xa-hoi/dieu-can-luu-y-khi-dieu-tri-tang-huyet-ap.html | https://web.archive.org/web/http://bvhoanghoa.ytethanhhoa.gov.vn/web/khoa-phong-chuc-nang/khoa-phong-chuc-nang/to-cong-tac-xa-hoi/dieu-can-luu-y-khi-dieu-tri-tang-huyet-ap.html | http://bvhoanghoa.ytethanhhoa.gov.vn/web/khoa-phong-chuc-nang/khoa-phong-chuc-nang/phong-cong-tac-xa-hoi/dieu-can-luu-y-khi-dieu-tri-tang-huyet-ap.html | https://web.archive.org/web/http://bvhoanghoa.ytethanhhoa.gov.vn/web/khoa-phong-chuc-nang/khoa-phong-chuc-nang/to-cong-tac-xa-hoi/benh-tang-huyet-ap-ke-giet-nguoi-tham-lang.html | http://bvhoanghoa.ytethanhhoa.gov.vn/web/khoa-phong-chuc-nang/khoa-phong-chuc-nang/to-cong-tac-xa-hoi/benh-tang-huyet-ap-ke-giet-nguoi-tham-lang.html | https://web.archive.org/web/https://chanthuongvacotsong.bachmai.gov.vn/huong-dan-chan-doan-va-dieu-tri-tang-huyet-ap/ | https://web.archive.org/web/http://bvhoanghoa.ytethanhhoa.gov.vn/web/khoa-phong-chuc-nang/khoa-phong-chuc-nang/to-cong-tac-xa-hoi/benh-tang-huyet-ap-ke-giet-nguoi-tham-lang.html"
"1779","INTE_7fcaa18af6","Intervention","Điều chỉnh chế độ ăn uống","Chế độ dinh dưỡng phù hợp giúp kiểm soát đường huyết. | Giảm natri, tăng rau xanh và chất chống oxy hóa.","https://web.archive.org/web/https://bachmai.gov.vn/bai-viet/ca-the-hoa-dieu-tri-dai-thao-duong-tip-2-tai-cac-nuoc-dang-phat-trien-thach-thuc-va-co-hoi?id=4b51fe29-8515-42d1-bff3-85563163f16c | https://bachmai.gov.vn/bai-viet/kiem-soat-huyet-ap-va-can-nang-o-benh-nhan-dai-thao-duong-tip-2-viet-nam?id=d4b1411f-1da7-74f4-b337-1b88457dd69b"
"1780","INTE_801fd7cbd4","Intervention","Điều trị bệnh đồng mắc","Kiểm soát tăng huyết áp, rối loạn lipid máu, béo phì để ngăn ngừa biến chứng. | Kiểm soát tăng huyết áp, rối loạn lipid máu để ngăn ngừa biến chứng.","https://web.archive.org/web/https://bachmai.gov.vn/tin-chi-tiet/-/bai-viet/dai-thao-duong-can-benh-nhieu-bien-chung-nguy-hiem-8-trieu-nguoi-viet-nam-dang-mac-9624-146.html | https://bachmai.gov.vn/tin-chi-tiet/-/bai-viet/dai-thao-duong-can-benh-nhieu-bien-chung-nguy-hiem-8-trieu-nguoi-viet-nam-dang-mac-9624-146.html"
"1781","INTE_8209052586","Intervention","Hướng dẫn từ bác sĩ chuyên khoa","Cha mẹ cần tuân thủ hướng dẫn của bác sĩ để điều trị và theo dõi bệnh.","https://web.archive.org/web/https://benhviennhitrunguong.gov.vn/tag/hen-phe-quan"
"1782","INTE_823c5d0eed","Intervention","Tư vấn bác sĩ","Bác sĩ tư vấn chế độ dinh dưỡng, tập luyện và thuốc điều trị phù hợp. | Để được hướng dẫn chế độ dinh dưỡng, tập luyện và thuốc phù hợp với từng bệnh nhân. | Bác sĩ tư vấn chế độ dinh dưỡng, tập luyện và thuốc điều trị phù hợp. | Bác sĩ tư vấn chế độ dinh dưỡng, tập luyện và thuốc để đưa huyết áp về 'ĐÍCH'. | Bác sĩ tư vấn chế độ dinh dưỡng, tập luyện và thuốc điều trị phù hợp. | Bác sĩ tư vấn chế độ dinh dưỡng, tập luyện và thuốc để kiểm soát huyết áp.","http://bvhoanghoa.ytethanhhoa.gov.vn/web/khoa-phong-chuc-nang/khoa-phong-chuc-nang/phong-cong-tac-xa-hoi/dieu-can-luu-y-khi-dieu-tri-tang-huyet-ap.html | http://bvhoanghoa.ytethanhhoa.gov.vn/web/khoa-phong-chuc-nang/khoa-phong-chuc-nang/to-cong-tac-xa-hoi/dieu-can-luu-y-khi-dieu-tri-tang-huyet-ap.html | https://web.archive.org/web/http://bvhoanghoa.ytethanhhoa.gov.vn/web/khoa-phong-chuc-nang/khoa-phong-chuc-nang/to-cong-tac-xa-hoi/dieu-can-luu-y-khi-dieu-tri-tang-huyet-ap.html | http://bvhoanghoa.ytethanhhoa.gov.vn/web/khoa-phong-chuc-nang/khoa-phong-chuc-nang/phong-cong-tac-xa-hoi/dieu-can-luu-y-khi-dieu-tri-tang-huyet-ap.html | https://web.archive.org/web/http://bvhoanghoa.ytethanhhoa.gov.vn/web/khoa-phong-chuc-nang/khoa-phong-chuc-nang/phong-cong-tac-xa-hoi/dieu-can-luu-y-khi-dieu-tri-tang-huyet-ap.html | http://bvhoanghoa.ytethanhhoa.gov.vn/web/khoa-phong-chuc-nang/khoa-phong-chuc-nang/phong-cong-tac-xa-hoi/dieu-can-luu-y-khi-dieu-tri-tang-huyet-ap.html"
"1783","INTE_8464381d9e","Intervention","Thở oxy / thở máy","Hỗ trợ hô hấp trong giai đoạn nặng.","https://www.vinmec.com/vie/bai-viet/benh-phoi-tac-nghen-man-tinh-copd-vi"
"1784","INTE_856393836c","Intervention","Tập phục hồi chức năng phổi","Chương trình tập được hướng dẫn bởi bác sĩ, giúp kiểm soát khó thở và cải thiện chất lượng cuộc sống.","https://tamanhhospital.vn/giai-doan-benh-phoi-tac-nghen-man-tinh/"
"1785","INTE_86f0db6bcc","Intervention","Học hỏi về bệnh","Hiểu biết đầy đủ giúp kiểm soát tốt bệnh đái tháo đường type 1. | Hiểu biết đầy đủ giúp kiểm soát tốt và duy trì điều trị lâu dài. | Hiểu biết đầy đủ giúp kiểm soát tốt và duy trì điều trị lâu dài. | Cần hiểu rõ bệnh để kiểm soát tốt và duy trì điều trị lâu dài.","https://benhviennhitrunguong.gov.vn/benh-dai-thao-duong-o-tre-em.html | https://web.archive.org/web/https://benhviennhitrunguong.gov.vn/benh-dai-thao-duong-o-tre-em.html | https://web.archive.org/web/https://benhviennhitrunguong.gov.vn/benh-dai-thao-duong-o-tre-em.html | https://benhviennhitrunguong.gov.vn/benh-dai-thao-duong-o-tre-em.html"
"1786","INTE_86fdb77bc7","Intervention","Ăn nhiều bữa nhỏ","Dễ tiêu hóa và giúp kiểm soát cân nặng, giảm gánh nặng cho tim. | Giảm gánh nặng cho hệ tiêu hóa, giúp cơ thể hấp thu tốt hơn và tránh tăng cân đột ngột.","https://bachmai.gov.vn/bai-viet/nhan-biet-dieu-tri-va-cham-soc-nguoi-benh-suy-tim?id=f55f8d26-9341-41d6-a243-00f543335069 | https://web.archive.org/web/https://bachmai.gov.vn/bai-viet/nhan-biet-dieu-tri-va-cham-soc-nguoi-benh-suy-tim?id=f55f8d26-9341-41d6-a243-00f543335069"
"1787","INTE_875d316896","Intervention","Tầm soát sớm","Hoạt động sàng lọc cộng đồng nhằm phát hiện sớm bệnh võng mạc đái tháo đường, giúp điều trị kịp thời và ngăn ngừa mù lòa.","https://web.archive.org/web/https://benhvienmathanoi.gov.vn/tam-soat-benh-vong-mac-dai-thao-duong/ | https://benhvienmathanoi.gov.vn/tam-soat-benh-vong-mac-dai-thao-duong/"
"1788","INTE_892288a2d3","Intervention","Dinh dưỡng và chế độ ăn uống","Chế độ ăn ít carb, giàu chất xơ để kiểm soát đường huyết.","https://web.archive.org/web/https://ttytiapa.gialai.gov.vn/van-ban/huong-dan-chan-doan-va-dieu-tri-benh-dai-thao-duong-tip-1-o-.html"
"1789","INTE_8b39c6dc7c","Intervention","Chế độ dinh dưỡng và vận động","Điều chỉnh chế độ ăn uống và khuyến khích hoạt động thể chất để kiểm soát đường huyết.","https://bachmai.gov.vn/bai-viet/ca-the-hoa-dieu-tri-dai-thao-duong-tip-2-tai-cac-nuoc-dang-phat-trien-thach-thuc-va-co-hoi?id=4b51fe29-8515-42d1-bff3-85563163f16c"
"1790","INTE_8c73ab9c5b","Intervention","Tầm soát thần kinh ngoại biên hàng năm","Hành động phòng ngừa quan trọng để phát hiện sớm biến chứng thần kinh ngoại biên.","https://bachmai.gov.vn/bai-viet/dai-thao-duong-bien-chung-tim-mach-va-than-kinh-ngoai-bien-sat-thu-tham-lang?id=994f4df4-95c1-4760-8aee-8d07a69f9fe1"
"1791","INTE_8da44531c8","Intervention","Phun thuốc giãn phế quản","Cách điều trị cắt cơn hen cấp tính.","https://www.vinmec.com/vie/bai-viet/bien-chung-lau-dai-cua-benh-hen-phe-quan-vi"
"1792","INTE_8f3a28f310","Intervention","Chạy thận định kỳ","Điều trị thay thế thận cho người bị suy thận mạn giai đoạn cuối.","http://bvhoanghoa.ytethanhhoa.gov.vn/web/khoa-phong-chuc-nang/khoa-phong-chuc-nang/phong-cong-tac-xa-hoi/dieu-can-luu-y-khi-dieu-tri-tang-huyet-ap.html"
"1793","INTE_90060deffa","Intervention","Theo dõi HbA1c","Kiểm tra định kỳ 3 tháng để đánh giá hiệu quả điều trị. | Kiểm tra định kỳ 3 tháng để theo dõi quá trình điều trị. | Kiểm tra định kỳ 3 tháng/lần để đánh giá hiệu quả điều trị. | Kiểm tra định kỳ 3 tháng để đánh giá hiệu quả điều trị. | Kiểm tra định kỳ 3 tháng/lần để đánh giá hiệu quả điều trị. | Kiểm tra định kỳ 3 tháng để đánh giá kiểm soát đường huyết. | Kiểm tra định kỳ 3 tháng/lần để đánh giá hiệu quả điều trị. | Kiểm tra định kỳ 3 tháng/lần để đánh giá hiệu quả điều trị. | Kiểm tra định kỳ mỗi 3 tháng để đánh giá hiệu quả điều trị. | Kiểm tra định kỳ 3 tháng/lần để đánh giá kiểm soát đường huyết. | Kiểm tra định kỳ 3 tháng 1 lần để đánh giá hiệu quả điều trị. | Kiểm tra định kỳ 3 tháng để đánh giá hiệu quả điều trị.","https://bachmai.gov.vn/bai-viet/bien-chung-cua-benh-dai-thao-duong?id=f17ffc43-5abb-5dcb-54d1-d3887440a421 | https://web.archive.org/web/https://bachmai.gov.vn/bai-viet/bien-chung-cua-benh-dai-thao-duong?id=f17ffc43-5abb-5dcb-54d1-d3887440a421 | https://bachmai.gov.vn/bai-viet/bien-chung-cua-benh-dai-thao-duong?id=f17ffc43-5abb-5dcb-54d1-d3887440a421 | https://chanthuongvacotsong.bachmai.gov.vn/bien-chung-cua-benh-dai-thao-duong/ | https://bachmai.gov.vn/bai-viet/bien-chung-cua-benh-dai-thao-duong?id=f17ffc43-5abb-5dcb-54d1-d3887440a421 | https://bachmai.gov.vn/bai-viet/bien-chung-cua-benh-dai-thao-duong?id=f17ffc43-5abb-5dcb-54d1-d3887440a421 | https://chanthuongvacotsong.bachmai.gov.vn/bien-chung-cua-benh-dai-thao-duong/ | https://chanthuongvacotsong.bachmai.gov.vn/bien-chung-cua-benh-dai-thao-duong/ | https://bachmai.gov.vn/bai-viet/bien-chung-cua-benh-dai-thao-duong?id=f17ffc43-5abb-5dcb-54d1-d3887440a421 | https://bachmai.gov.vn/bai-viet/bien-chung-cua-benh-dai-thao-duong?id=f17ffc43-5abb-5dcb-54d1-d3887440a421 | https://web.archive.org/web/https://bachmai.gov.vn/bai-viet/bien-chung-cua-benh-dai-thao-duong?id=f17ffc43-5abb-5dcb-54d1-d3887440a421"
"1794","INTE_90f08730ec","Intervention","Duy trì chế độ dinh dưỡng và luyện tập nhẹ","Hỗ trợ kiểm soát hen phế quản bằng cách duy trì sức khỏe tổng thể.","https://web.archive.org/web/http://phacdo.soytequangninh.gov.vn/news/tin-tuc-su-kien/hen-phe-quan-hieu-dung-de-song-khoe-dieu-tri-hieu-qua-phong-ngua-chu-dong.html"
"1795","INTE_9109779957","Intervention","Theo dõi đường huyết tại nhà","Giúp bệnh nhân tự kiểm soát và điều chỉnh liều insulin phù hợp.","http://soyte.hatinh.gov.vn/tin-tuc-su-kien/thong-tin-y-te/luu-y-khi-dieu-tri-dai-thao-duong-type-1.html"
"1796","INTE_91e7da7421","Intervention","Tiêm insulin dưới da","Phương pháp điều trị chính cho đái tháo đường type 1, tiêm vào lớp mỡ dưới da. | Phương pháp điều trị chính cho đái tháo đường type 1, bổ sung lượng insulin thiếu hụt. | Phương pháp điều trị chính cho đái tháo đường type 1, tiêm vào lớp mỡ dưới da.","https://web.archive.org/web/https://benhviennhitrunguong.gov.vn/benh-dai-thao-duong-o-tre-em.html | https://benhviennhitrunguong.gov.vn/benh-dai-thao-duong-o-tre-em.html | https://benhviennhitrunguong.gov.vn/benh-dai-thao-duong-o-tre-em.html"
"1797","INTE_9252872203","Intervention","Cá thể hóa phác đồ","Chọn loại insulin nền hoặc phối hợp phù hợp với từng giai đoạn và hoàn cảnh cá nhân của bệnh nhân.","https://bachmai.gov.vn/bai-viet/dieu-tri-dai-thao-duong-tip-2-buoc-tien-moi-tu-insulin-nen-the-he-2-va-iglarlixi?id=5cdac324-549d-40aa-b3e6-80214932d112"
"1798","INTE_9291a65fa8","Intervention","Kiểm soát huyết áp","Giữ huyết áp dưới 130/80 mmHg để giảm gánh nặng lên thận. | Giữ huyết áp dưới 130/80 mmHg để giảm tổn thương mạch máu thận. | Cần kiểm soát để giảm nguy cơ biến chứng tim mạch và tử vong. | Là một trong bốn trụ cột quan trọng trong điều trị người bệnh ĐTĐ. | Cần được thực hiện song hành với kiểm soát đường huyết để giảm nguy cơ biến chứng tim mạch. | Trụ cột quan trọng trong điều trị người bệnh ĐTĐ để phòng ngừa biến chứng tim mạch. | Giữ huyết áp dưới 130/80 mmHg để giảm tổn thương thận. | Cần được thực hiện song hành với kiểm soát đường huyết để giảm nguy cơ biến chứng tim mạch. | Là một trong bốn trụ cột quan trọng để phòng ngừa biến chứng tim mạch và thần kinh ngoại biên. | Giữ huyết áp dưới 130/80 mmHg để giảm tổn thương mạch máu thận. | Cần thiết để giảm nguy cơ biến chứng tim mạch ở bệnh nhân ĐTĐ. | Trụ cột quan trọng trong điều trị người bệnh ĐTĐ để phòng ngừa biến chứng tim mạch và thần kinh ngoại biên. | Cần kiểm soát để giảm nguy cơ biến chứng tim mạch và tử vong. | Giữ huyết áp dưới 130/80 mmHg để bảo vệ thận. | Cần được thực hiện song hành với kiểm soát đường huyết để giảm nguy cơ biến chứng tim mạch. | Cần được thực hiện song hành với kiểm soát đường huyết để giảm nguy cơ biến chứng tim mạch. | Trụ cột quan trọng trong điều trị ĐTĐ để giảm nguy cơ biến chứng tim mạch.","https://web.archive.org/web/https://benhvientinh.caobang.gov.vn/index.php/vi/news/tin-tuc-su-kien/bien-chung-than-do-dai-thao-duong-6-dieu-nguoi-benh-phai-chu-y-710.html | https://benhvientinh.caobang.gov.vn/index.php/vi/news/tin-tuc-su-kien/bien-chung-than-do-dai-thao-duong-6-dieu-nguoi-benh-phai-chu-y-710.html | https://web.archive.org/web/https://bachmai.gov.vn/bai-viet/dai-thao-duong-bien-chung-tim-mach-va-than-kinh-ngoai-bien-sat-thu-tham-lang?id=994f4df4-95c1-4760-8aee-8d07a69f9fe1 | https://bachmai.gov.vn/bai-viet/dai-thao-duong-bien-chung-tim-mach-va-than-kinh-ngoai-bien-sat-thu-tham-lang?id=994f4df4-95c1-4760-8aee-8d07a69f9fe1 | https://web.archive.org/web/https://chanthuongvacotsong.bachmai.gov.vn/dai-thao-duong-bien-chung-tim-mach-va-than-kinh-ngoai-bien-sat-thu-tham-lang/ | https://web.archive.org/web/https://bachmai.gov.vn/bai-viet/dai-thao-duong-bien-chung-tim-mach-va-than-kinh-ngoai-bien-sat-thu-tham-lang?id=994f4df4-95c1-4760-8aee-8d07a69f9fe1 | https://bachmai.gov.vn/bai-viet/dai-thao-duong-bien-chung-tim-mach-va-than-kinh-ngoai-bien-sat-thu-tham-lang?id=994f4df4-95c1-4760-8aee-8d07a69f9fe1 | https://benhvientinh.caobang.gov.vn/index.php/vi/news/tin-tuc-su-kien/bien-chung-than-do-dai-thao-duong-6-dieu-nguoi-benh-phai-chu-y-710.html | https://web.archive.org/web/https://bachmai.gov.vn/bai-viet/dai-thao-duong-bien-chung-tim-mach-va-than-kinh-ngoai-bien-sat-thu-tham-lang?id=994f4df4-95c1-4760-8aee-8d07a69f9fe1 | https://bachmai.gov.vn/bai-viet/dai-thao-duong-bien-chung-tim-mach-va-than-kinh-ngoai-bien-sat-thu-tham-lang?id=994f4df4-95c1-4760-8aee-8d07a69f9fe1 | https://benhvientinh.caobang.gov.vn/index.php/vi/news/tin-tuc-su-kien/bien-chung-than-do-dai-thao-duong-6-dieu-nguoi-benh-phai-chu-y-710.html | https://bachmai.gov.vn/bai-viet/dai-thao-duong-bien-chung-tim-mach-va-than-kinh-ngoai-bien-sat-thu-tham-lang?id=994f4df4-95c1-4760-8aee-8d07a69f9fe1 | https://chanthuongvacotsong.bachmai.gov.vn/dai-thao-duong-bien-chung-tim-mach-va-than-kinh-ngoai-bien-sat-thu-tham-lang/ | https://bachmai.gov.vn/bai-viet/dai-thao-duong-bien-chung-tim-mach-va-than-kinh-ngoai-bien-sat-thu-tham-lang?id=994f4df4-95c1-4760-8aee-8d07a69f9fe1 | https://benhvientinh.caobang.gov.vn/index.php/vi/news/tin-tuc-su-kien/bien-chung-than-do-dai-thao-duong-6-dieu-nguoi-benh-phai-chu-y-710.html | https://web.archive.org/web/https://benhvientinh.caobang.gov.vn/index.php/vi/news/tin-tuc-su-kien/bien-chung-than-do-dai-thao-duong-6-dieu-nguoi-benh-phai-chu-y-710.html | https://web.archive.org/web/https://bachmai.gov.vn/bai-viet/dai-thao-duong-bien-chung-tim-mach-va-than-kinh-ngoai-bien-sat-thu-tham-lang?id=994f4df4-95c1-4760-8aee-8d07a69f9fe1 | https://bachmai.gov.vn/bai-viet/dai-thao-duong-bien-chung-tim-mach-va-than-kinh-ngoai-bien-sat-thu-tham-lang?id=994f4df4-95c1-4760-8aee-8d07a69f9fe1 | https://web.archive.org/web/https://bachmai.gov.vn/bai-viet/dai-thao-duong-bien-chung-tim-mach-va-than-kinh-ngoai-bien-sat-thu-tham-lang?id=994f4df4-95c1-4760-8aee-8d07a69f9fe1"
"1799","INTE_936047f338","Intervention","Dùng thuốc dự phòng","Để kiểm soát bệnh hen và ngăn ngừa cơn hen cấp. | Để kiểm soát bệnh hen phế quản và ngăn ngừa cơn hen cấp. | Để kiểm soát bệnh hen và ngăn ngừa cơn hen cấp. | Thuốc dự phòng giúp kiểm soát bệnh hen phế quản, ngăn ngừa cơn cấp. | Để kiểm soát bệnh hen và ngăn ngừa cơn hen cấp.","https://benhviennhitrunguong.gov.vn/tag/hen-phe-quan | https://web.archive.org/web/https://benhviennhitrunguong.gov.vn/tag/hen-phe-quan | https://benhviennhitrunguong.gov.vn/tag/hen-phe-quan"
"1800","INTE_94e600964b","Intervention","Hỗ trợ gia đình","Gia đình hỗ trợ trong việc điều trị, đặc biệt với trẻ em. | Gia đình đóng vai trò quan trọng trong việc hỗ trợ điều trị, đặc biệt với trẻ em. | Gia đình hỗ trợ trong việc điều trị, đặc biệt với trẻ em.","http://soyte.hatinh.gov.vn/tin-tuc-su-kien/thong-tin-y-te/luu-y-khi-dieu-tri-dai-thao-duong-type-1.html | http://soyte.hatinh.gov.vn/tin-tuc-su-kien/thong-tin-y-te/luu-y-khi-dieu-tri-dai-thao-duong-type-1.html | https://web.archive.org/web/http://soyte.hatinh.gov.vn/tin-tuc-su-kien/thong-tin-y-te/luu-y-khi-dieu-tri-dai-thao-duong-type-1.html"
"1801","INTE_9560a3104b","Intervention","Truyền dịch tĩnh mạch","Hỗ trợ điều trị toan ceton cấp tính. | Dùng để điều trị toan ceton nặng hoặc hạ đường huyết. | Hỗ trợ điều trị toan ceton cấp tính. | Điều trị hôn mê nhiễm toan ceton và tăng áp lực thẩm thấu bằng cách bù nước và điện giải. | Điều trị hôn mê nhiễm toan ceton và tăng áp lực thẩm thấu. | Được sử dụng trong cấp cứu hôn mê nhiễm toan ceton và hạ glucose máu nặng. | Điều trị cấp cứu trong hôn mê nhiễm toan ceton và hạ glucose máu. | Điều trị hôn mê nhiễm toan ceton và tăng áp lực thẩm thấu bằng cách bù nước và điện giải. | Điều trị hôn mê nhiễm toan ceton và tăng áp lực thẩm thấu bằng cách bù nước và điện giải. | Điều trị hôn mê nhiễm toan ceton và tăng áp lực thẩm thấu bằng cách bù nước và điện giải. | Điều trị nhiễm toan ceton và hôn mê tăng áp lực thẩm thấu. Cần bù nước, điện giải. | Điều trị hôn mê nhiễm toan ceton và tăng áp lực thẩm thấu. | Điều trị hôn mê nhiễm toan ceton và tăng áp lực thẩm thấu bằng cách bù nước và điện giải. | Điều trị nhiễm toan ceton và hôn mê tăng áp lực thẩm thấu. Cần bù nước, điện giải. | Điều trị hôn mê nhiễm toan ceton và tăng áp lực thẩm thấu. | Điều trị hôn mê nhiễm toan ceton và tăng áp lực thẩm thấu. | Được sử dụng để điều chỉnh cân bằng điện giải và hỗ trợ phục hồi. | Hỗ trợ điều trị cho bệnh nhân suy hô hấp hoặc sốc nhiễm trùng. | Hỗ trợ điều trị cho bệnh nhân suy hô hấp hoặc sốc nhiễm trùng. | Dùng để bổ sung năng lượng hoặc cân bằng điện giải khi bệnh nhân không ăn được. | Dùng để bổ sung nước và điện giải khi người bệnh bị phù hoặc mất nước. | Có thể được sử dụng trong trường hợp suy thận nặng để bổ sung chất lỏng và điện giải. | Dùng trong trường hợp cấp cứu hen nặng, hỗ trợ duy trì chức năng hô hấp.","https://benhviennhitrunguong.gov.vn/hoi-thao-xu-huong-dieu-tri-dai-thao-duong-tip-1-chung-ta-khong-the-dung-ngoai.html | https://web.archive.org/web/https://vncdc.gov.vn/huong-dan-chan-doan-va-dieu-tri-benh-dai-thao-duong-tuyp-2-nd14582.html | https://chanthuongvacotsong.bachmai.gov.vn/huong-dan-chan-doan-va-dieu-tri-dai-thao-duong-type-2/ | https://web.archive.org/web/https://chanthuongvacotsong.bachmai.gov.vn/huong-dan-chan-doan-va-dieu-tri-dai-thao-duong-type-2/ | https://web.archive.org/web/https://vncdc.gov.vn/huong-dan-chan-doan-va-dieu-tri-benh-dai-thao-duong-tuyp-2-nd14582.html | https://web.archive.org/web/https://vncdc.gov.vn/huong-dan-chan-doan-va-dieu-tri-benh-dai-thao-duong-tuyp-2-nd14582.html | https://web.archive.org/web/https://vncdc.gov.vn/huong-dan-chan-doan-va-dieu-tri-benh-dai-thao-duong-tuyp-2-nd14582.html | https://web.archive.org/web/https://vncdc.gov.vn/huong-dan-chan-doan-va-dieu-tri-benh-dai-thao-duong-tuyp-2-nd14582.html | https://chanthuongvacotsong.bachmai.gov.vn/huong-dan-chan-doan-va-dieu-tri-dai-thao-duong-type-2/ | https://web.archive.org/web/https://chanthuongvacotsong.bachmai.gov.vn/huong-dan-chan-doan-va-dieu-tri-dai-thao-duong-type-2/ | https://web.archive.org/web/https://vncdc.gov.vn/huong-dan-chan-doan-va-dieu-tri-benh-dai-thao-duong-tuyp-2-nd14582.html | https://web.archive.org/web/https://vncdc.gov.vn/huong-dan-chan-doan-va-dieu-tri-benh-dai-thao-duong-tuyp-2-nd14582.html | https://chanthuongvacotsong.bachmai.gov.vn/huong-dan-chan-doan-va-dieu-tri-dai-thao-duong-type-2/ | https://web.archive.org/web/https://chanthuongvacotsong.bachmai.gov.vn/huong-dan-chan-doan-va-dieu-tri-dai-thao-duong-type-2/ | https://web.archive.org/web/https://sti.vista.gov.vn/publication/view/a89fbc66bf10ab8ca38c2d64abf8f338-4b52a78cc238d65e911a803b4659b844-318299.html | https://chanthuongvacotsong.bachmai.gov.vn/huong-dan-chan-doan-va-dieu-tri-dai-thao-duong-type-2/ | https://web.archive.org/web/https://chanthuongvacotsong.bachmai.gov.vn/huong-dan-chan-doan-va-dieu-tri-dai-thao-duong-type-2/ | https://web.archive.org/web/http://www.tapchiyhocduphong.vn/tap-chi-y-hoc-du-phong/2015/08/kien-thuc-ve-benh-dai-thao-duong-va-mot-so-yeu-to-lien-quan-cua-nguoi-benh-tai-c-o81E20305.html | https://web.archive.org/web/http://www.tapchiyhocduphong.vn/tap-chi-y-hoc-du-phong/2015/08/kien-thuc-ve-benh-dai-thao-duong-va-mot-so-yeu-to-lien-quan-cua-nguoi-benh-tai-c-o81E20305.html | https://web.archive.org/web/https://bachmai.gov.vn/bai-viet/sai-lam-trong-dinh-duong-khien-suy-than-man-them-tram-trong-dau-la-giai-phap?id=1ff0d3d0-62f4-4159-a23b-758572e7f600 | https://bachmai.gov.vn/bai-viet/sai-lam-trong-dinh-duong-khien-suy-than-man-them-tram-trong-dau-la-giai-phap?id=1ff0d3d0-62f4-4159-a23b-758572e7f600 | https://web.archive.org/web/https://bachmai.gov.vn/bai-viet/sai-lam-trong-dinh-duong-khien-suy-than-man-them-tram-trong-dau-la-giai-phap?id=1ff0d3d0-62f4-4159-a23b-758572e7f600 | http://phacdo.soytequangninh.gov.vn/news/tin-tuc-su-kien/hen-phe-quan-hieu-dung-de-song-khoe-dieu-tri-hieu-qua-phong-ngua-chu-dong.html"
"1802","INTE_95f4a15b83","Intervention","Vệ sinh nhà cửa","Giữ môi trường sống sạch sẽ để giảm kích thích phế quản.","https://www.vinmec.com/vie/benh/hen-phe-quan-2949"
"1803","INTE_9675d38f35","Intervention","Chế độ ăn kiểm soát đạm, muối, kali, phospho","Điều chỉnh lượng chất dinh dưỡng để giảm gánh nặng cho thận và làm chậm tiến triển bệnh.","https://web.archive.org/web/https://bachmai.gov.vn/bai-viet/sai-lam-trong-dinh-duong-khien-suy-than-man-them-tram-trong-dau-la-giai-phap?id=1ff0d3d0-62f4-4159-a23b-758572e7f600"
"1804","INTE_9943d1fc1f","Intervention","Điều trị tại nhà","Sử dụng thiết bị thở máy tại nhà để cải thiện chất lượng sống.","https://bachmai.gov.vn/bai-viet/tho-may-khong-xam-nhap-trong-dieu-tri-benh-phoi-tac-nghen-man-tinh?id=828a5ae0-e152-ef2d-e6b5-48a6c8bafe5b"
"1805","INTE_997e36c3c9","Intervention","Can thiệp nội mạch chi dưới","Thực hiện can thiệp để cải thiện tuần hoàn máu ở chi dưới, ngăn ngừa loét. | Công nghệ can thiệp nhằm cải thiện lưu thông máu ở chi dưới, giảm nguy cơ loét.","https://bachmai.gov.vn/tin-chi-tiet/-/bai-viet/cap-nhat-chan-doan-dieu-tri-benh-dai-thao-duong-va-bien-chung-8971-144.html | https://web.archive.org/web/https://bachmai.gov.vn/tin-chi-tiet/-/bai-viet/cap-nhat-chan-doan-dieu-tri-benh-dai-thao-duong-va-bien-chung-8971-144.html"
"1806","INTE_9c7fbf8200","Intervention","Tập thể dục vừa sức","Giúp duy trì thể lực, giảm triệu chứng khó thở và cải thiện chất lượng cuộc sống.","https://tamanhhospital.vn/giai-doan-benh-phoi-tac-nghen-man-tinh/"
"1807","INTE_9dfa50b4f9","Intervention","Điều chỉnh thuốc theo diễn biến bệnh","Không tự ý ngừng thuốc, cần điều chỉnh phác đồ theo chỉ định bác sĩ.","https://bachmai.gov.vn/tin-chi-tiet/-/bai-viet/dai-thao-duong-can-benh-nhieu-bien-chung-nguy-hiem-8-trieu-nguoi-viet-nam-dang-mac-9624-146.html"
"1808","INTE_9e10f8ba7e","Intervention","Giáo dục bệnh nhân và gia đình","Cung cấp kiến thức về quản lý bệnh, cách sử dụng insulin và nhận biết biến chứng.","https://web.archive.org/web/https://ttytiapa.gialai.gov.vn/van-ban/huong-dan-chan-doan-va-dieu-tri-benh-dai-thao-duong-tip-1-o-.html"
"1809","INTE_9e71da7eba","Intervention","Dùng kháng sinh","Khi có bằng chứng nhiễm khuẩn, dùng kháng sinh phù hợp.","https://web.archive.org/web/https://benhviendakhoasongma.gov.vn/bai-viet/hon-me-tang-ap-luc-tham-thau-do-dai-thao-duong-210"
"1810","INTE_9eb07ae015","Intervention","Ăn nhiều rau và trái cây","Cung cấp kali, chất xơ và vitamin giúp kiểm soát huyết áp. | Cung cấp kali, chất xơ và vitamin giúp điều hòa huyết áp. | Cung cấp kali, vitamin D giúp điều hòa huyết áp.","https://soyte.tuyenquang.gov.vn/tin-tuc/tang-huyet-ap-va-nhung-bien-chung-nguy-hiem.html | https://web.archive.org/web/https://soyte.tuyenquang.gov.vn/tin-tuc/tang-huyet-ap-va-nhung-bien-chung-nguy-hiem.html | https://chanthuongvacotsong.bachmai.gov.vn/cao-huyet-ap-am-tham-ma-rat-hiem/"
"1811","INTE_9ecde4d378","Intervention","Dùng thảo mộc","Sử dụng các loại thảo mộc như tỏi, nghệ, hạt thì là đen, mật ong, gừng để hỗ trợ điều trị hen suyễn.","https://web.archive.org/web/https://vov.gov.vn/day-la-7-loai-thao-moc-dieu-tri-hen-suyen-hieu-qua-dtnew-491435 | https://vov.gov.vn/day-la-7-loai-thao-moc-dieu-tri-hen-suyen-hieu-qua-dtnew-491435"
"1812","INTE_9fe1db80af","Intervention","Điều trị biến chứng võng mạc","Phẫu thuật hoặc tiêm thuốc vào mắt, điều chỉnh đường huyết.","https://bachmai.gov.vn/bai-viet/bien-chung-cua-benh-dai-thao-duong?id=f17ffc43-5abb-5dcb-54d1-d3887440a421"
"1813","INTE_a03a95e7e5","Intervention","Thông khí không xâm lấn","Chỉ định khi bệnh nhân không thể tự hô hấp ổn định trở lại.","https://medlatec.vn/tu-dien-benh-ly/con-hen-ac-tinh"
"1814","INTE_a187048c34","Intervention","Chế độ ăn uống cân bằng","Giúp duy trì cân nặng hợp lý, cung cấp năng lượng và hỗ trợ phục hồi chức năng.","https://tamanhhospital.vn/giai-doan-benh-phoi-tac-nghen-man-tinh/"
"1815","INTE_a2039d479f","Intervention","Giảm muối","Hạn chế lượng natri để tránh giữ nước và tăng huyết áp.","https://web.archive.org/web/https://soyte.tuyenquang.gov.vn/tin-tuc/tang-huyet-ap-va-nhung-bien-chung-nguy-hiem.html"
"1816","INTE_a220eadf98","Intervention","Theo dõi đường huyết liên tục","Đo nồng độ glucose trong máu nhiều lần mỗi ngày để điều chỉnh liều insulin. | Sử dụng thiết bị theo dõi đường huyết liên tục để kiểm soát tốt hơn. | Sử dụng máy đo mao mạch hoặc CGM để theo dõi đường huyết hàng ngày. | Phương pháp hiện đại giúp kiểm soát đường huyết chính xác và kịp thời.","https://web.archive.org/web/https://ttytiapa.gialai.gov.vn/van-ban/huong-dan-chan-doan-va-dieu-tri-benh-dai-thao-duong-tip-1-o-.html | https://web.archive.org/web/https://bachmai.gov.vn/tin-chi-tiet/-/bai-viet/dai-thao-duong-can-benh-nhieu-bien-chung-nguy-hiem-8-trieu-nguoi-viet-nam-dang-mac-9624-146.html | https://bachmai.gov.vn/tin-chi-tiet/-/bai-viet/dai-thao-duong-can-benh-nhieu-bien-chung-nguy-hiem-8-trieu-nguoi-viet-nam-dang-mac-9624-146.html | https://web.archive.org/web/https://bachmai.gov.vn/tin-chi-tiet/-/bai-viet/cap-nhat-chan-doan-dieu-tri-benh-dai-thao-duong-va-bien-chung-8971-144.html"
"1817","INTE_a25072aba4","Intervention","Phẫu thuật sóng radio","Dùng năng lượng sóng radio để làm dãn đường thở ở bệnh nhân hen nặng.","https://web.archive.org/web/https://benhviennhitrunguong.gov.vn/loi-khuyen-cua-cac-chuyen-gia-di-ung-ve-benh-hen-2.html"
"1818","INTE_a256a84cea","Intervention","Điều trị theo chế độ ăn và vận động","Các biện pháp lâm sàng nhằm kiểm soát đường huyết và giảm nguy cơ biến chứng.","https://nsti.vista.gov.vn/publication/view/nghien-cuu-dac-diem-lam-sang-can-lam-sang-va-danh-gia-bien-chung-than-o-benh-nhan-dai-thao-duong-tip-2-tai-khoa-noi-tiet-benh-vien-trung-uong-103-quan-doi-nhan-dan-lao-373086.html"
"1819","INTE_a351debbae","Intervention","Tăng cường hoạt động thể lực","Luyện tập thể thao, đặc biệt là đi bộ để cải thiện sức khỏe. | Chọn môn thể thao phù hợp, đi bộ là phương pháp dễ thực hiện.","https://web.archive.org/web/http://soyte.hatinh.gov.vn/tin-tuc-su-kien/thong-tin-y-te/bai-truyen-thong-benh-dai-thao-duong-va-cach-phong-ngua-benh.html | http://soyte.hatinh.gov.vn/tin-tuc-su-kien/thong-tin-y-te/bai-truyen-thong-benh-dai-thao-duong-va-cach-phong-ngua-benh.html"
"1820","INTE_a36e489f05","Intervention","Điều trị sớm","Bắt đầu điều trị ngay khi phát hiện huyết áp vượt mức bình thường để ngăn ngừa biến chứng. | Phòng tránh tử vong và biến chứng bằng cách chẩn đoán và điều trị kịp thời.","https://web.archive.org/web/http://bvhoanghoa.ytethanhhoa.gov.vn/web/khoa-phong-chuc-nang/khoa-phong-chuc-nang/phong-cong-tac-xa-hoi/dieu-can-luu-y-khi-dieu-tri-tang-huyet-ap.html | https://bachmai.gov.vn/bai-viet/4-dau-hieu-dac-trung-cua-benh-hen?id=cfcfedc5-527d-7f6f-5a9e-002886825b9b"
"1821","INTE_a37879a4bf","Intervention","Tiêm truyền insulin","Điều trị hôn mê nhiễm toan ceton và hạ glucose máu. | Điều trị cấp cứu trong hôn mê nhiễm toan ceton và hạ glucose máu. | Điều trị hôn mê nhiễm toan ceton và hạ glucose máu.","https://web.archive.org/web/https://chanthuongvacotsong.bachmai.gov.vn/huong-dan-chan-doan-va-dieu-tri-dai-thao-duong-type-2/ | https://chanthuongvacotsong.bachmai.gov.vn/huong-dan-chan-doan-va-dieu-tri-dai-thao-duong-type-2/ | https://chanthuongvacotsong.bachmai.gov.vn/huong-dan-chan-doan-va-dieu-tri-dai-thao-duong-type-2/"
"1822","INTE_a3b6ed0cbf","Intervention","Can thiệp dinh dưỡng","Cần thiết để phòng ngừa nguy cơ chuyển hóa và cải thiện tình trạng dinh dưỡng. | Cần thiết để kiểm soát tình trạng thừa cân - béo phì và phòng ngừa nguy cơ chuyển hóa. | Cần thiết để phòng ngừa nguy cơ chuyển hóa và cải thiện tình trạng dinh dưỡng. | Cần thiết để phòng ngừa nguy cơ chuyển hóa và cải thiện tình trạng dinh dưỡng. | Cần thiết để điều chỉnh tình trạng thừa cân, béo phì và phòng ngừa chuyển hóa. | Cần thiết để phòng ngừa nguy cơ chuyển hóa và cải thiện tình trạng dinh dưỡng. | Cần thiết để điều chỉnh tình trạng thừa cân và phòng ngừa chuyển hóa. | Cần thiết để điều chỉnh tình trạng thừa cân - béo phì và phòng ngừa chuyển hóa. | Cần thiết để phòng ngừa nguy cơ chuyển hóa và cải thiện tình trạng dinh dưỡng. | Cần thiết để điều chỉnh BMI và giảm nguy cơ chuyển hóa.","https://sti.vista.gov.vn/publication/view/tinh-trang-dinh-duong-va-mot-so-yeu-to-lien-quan-cua-nguoi-benh-dai-thao-duong-typ-2-dieu-tri-noi-tru-tai-benh-vien-da-khoa-xanh-pon-nam-2023-e7cc38bdc9220841bb8ade1a50eee813-455622.html | https://web.archive.org/web/https://sti.vista.gov.vn/publication/view/tinh-trang-dinh-duong-va-mot-so-yeu-to-lien-quan-cua-nguoi-benh-dai-thao-duong-typ-2-dieu-tri-noi-tru-tai-benh-vien-da-khoa-xanh-pon-nam-2023-e7cc38bdc9220841bb8ade1a50eee813-455622.html"
"1823","INTE_a53c242acf","Intervention","Theo dõi glucose liên tục","Sử dụng CGM để theo dõi mức đường huyết liên tục.","https://benhviennhitrunguong.gov.vn/hoi-thao-xu-huong-dieu-tri-dai-thao-duong-tip-1-chung-ta-khong-the-dung-ngoai.html"
"1824","INTE_a5c37d954c","Intervention","Điện tâm đồ","Phát hiện sớm bệnh lý mạch vành, thiếu máu cơ tim.","https://web.archive.org/web/https://bachmai.gov.vn/bai-viet/bien-chung-cua-benh-dai-thao-duong?id=f17ffc43-5abb-5dcb-54d1-d3887440a421"
"1825","INTE_a646102964","Intervention","Hạn chế dịch","Giảm lượng nước uống để tránh ứ dịch, đặc biệt khi có phù hoặc suy tim nặng. | Giảm lượng dịch tiêu thụ mỗi ngày (1–2 lít) để tránh ứ dịch, đặc biệt khi có phù hoặc suy tim nặng.","https://bachmai.gov.vn/bai-viet/nhan-biet-dieu-tri-va-cham-soc-nguoi-benh-suy-tim?id=f55f8d26-9341-41d6-a243-00f543335069 | https://web.archive.org/web/https://bachmai.gov.vn/bai-viet/nhan-biet-dieu-tri-va-cham-soc-nguoi-benh-suy-tim?id=f55f8d26-9341-41d6-a243-00f543335069"
"1826","INTE_a6488185a8","Intervention","Chẩn đoán sớm","Giúp điều trị hiệu quả và phòng ngừa biến chứng.","http://benhvienphoi.hatinh.gov.vn/chi-tiet-tin-tuc?slug=hay-nhan-biet-som-va-phong-ngua-benh-phoi-tac-nghen-man-tinh-copd"
"1827","INTE_a75707855a","Intervention","Không tự mua thuốc","Tránh dùng thuốc không rõ nguồn gốc hoặc thông tin không chính thống. | Tránh dùng thuốc không rõ nguồn gốc hoặc tìm kiếm thông tin không chính thống.","http://bvhoanghoa.ytethanhhoa.gov.vn/web/khoa-phong-chuc-nang/khoa-phong-chuc-nang/phong-cong-tac-xa-hoi/dieu-can-luu-y-khi-dieu-tri-tang-huyet-ap.html"
"1828","INTE_a771507614","Intervention","Xét nghiệm HbA1c","Theo dõi điều trị định kỳ 3 tháng một lần để đánh giá hiệu quả kiểm soát đường huyết.","https://bachmai.gov.vn/bai-viet/bien-chung-cua-benh-dai-thao-duong?id=f17ffc43-5abb-5dcb-54d1-d3887440a421"
"1829","INTE_a8a3e536cb","Intervention","Sử dụng bơm insulin thế hệ mới","Công nghệ tiêm insulin tự động, giúp kiểm soát đường huyết chính xác hơn. | Công nghệ tiêm insulin tự động, giúp kiểm soát đường huyết chính xác và giảm gánh nặng cho người bệnh. | Công nghệ tiêm Insulin tự động, giúp kiểm soát đường huyết ổn định và giảm gánh nặng cho người bệnh. | Công nghệ tiêm insulin tự động, giúp kiểm soát đường huyết chính xác hơn.","https://web.archive.org/web/https://benhviennhitrunguong.gov.vn/hoi-thao-xu-huong-dieu-tri-dai-thao-duong-tip-1-chung-ta-khong-the-dung-ngoai.html"
"1830","INTE_a8d935cfc7","Intervention","Dùng insulin kiểm soát đường máu","Tiêm tĩnh mạch và truyền liên tục insulin theo liều điều chỉnh.","https://web.archive.org/web/https://benhviendakhoasongma.gov.vn/bai-viet/hon-me-tang-ap-luc-tham-thau-do-dai-thao-duong-210"
"1831","INTE_a8e5b8a4e1","Intervention","Điều trị theo cơ chế bệnh sinh","Cần áp dụng trong quản lý đau thần kinh ngoại biên, kết hợp với kiểm soát đường huyết.","https://web.archive.org/web/https://bachmai.gov.vn/bai-viet/dai-thao-duong-bien-chung-tim-mach-va-than-kinh-ngoai-bien-sat-thu-tham-lang?id=994f4df4-95c1-4760-8aee-8d07a69f9fe1"
"1832","INTE_a9aee3c69b","Intervention","Phẫu thuật cắt gân gấp","Công nghệ phẫu thuật điều trị loét ngón chân, phục hồi chức năng vận động. | Cắt gân để điều trị loét ngón chân, giúp cải thiện lưu thông máu.","https://bachmai.gov.vn/tin-chi-tiet/-/bai-viet/cap-nhat-chan-doan-dieu-tri-benh-dai-thao-duong-va-bien-chung-8971-144.html | https://web.archive.org/web/https://bachmai.gov.vn/tin-chi-tiet/-/bai-viet/cap-nhat-chan-doan-dieu-tri-benh-dai-thao-duong-va-bien-chung-8971-144.html"
"1833","INTE_aad38d6d4d","Intervention","Điều trị biến chứng thần kinh","Dùng thuốc chống viêm, bảo vệ thần kinh, điều chỉnh đường huyết. | Chữa triệu chứng tê bì, kiến bò bằng thuốc và can thiệp vật lý. | Dùng thuốc chống viêm, bảo vệ thần kinh, hỗ trợ chức năng vận động. | Dùng thuốc chống viêm, bảo vệ thần kinh, hỗ trợ chức năng vận động.","https://bachmai.gov.vn/bai-viet/bien-chung-cua-benh-dai-thao-duong?id=f17ffc43-5abb-5dcb-54d1-d3887440a421 | https://web.archive.org/web/https://bachmai.gov.vn/bai-viet/bien-chung-cua-benh-dai-thao-duong?id=f17ffc43-5abb-5dcb-54d1-d3887440a421 | https://chanthuongvacotsong.bachmai.gov.vn/bien-chung-cua-benh-dai-thao-duong/ | https://chanthuongvacotsong.bachmai.gov.vn/bien-chung-cua-benh-dai-thao-duong/"
"1834","INTE_ab72763cbd","Intervention","Tránh dị nguyên","Loại bỏ hoặc hạn chế tiếp xúc với các chất gây dị ứng như bụi, lông thú, phấn hoa. | Giảm nguy cơ khởi phát cơn hen.","https://web.archive.org/web/https://benhviennhitrunguong.gov.vn/tag/hen-phe-quan | https://www.vinmec.com/vie/bai-viet/bien-chung-lau-dai-cua-benh-hen-phe-quan-vi"
"1835","INTE_ad9f0eec55","Intervention","Luyện tập thể chất","Giúp giảm nồng độ đường huyết, cải thiện kiểm soát bệnh.","https://web.archive.org/web/http://bvthanhpho.ytethanhhoa.gov.vn/web/trang-chu/khoa-phong-chuc-nang/khoa-lam-sang/khoa-noi-nhi/benh-dai-thao-duong-va-dau-hieu-nhan-biet-benh-dai-thao-duong.html"
"1836","INTE_ae0148ac40","Intervention","Quản lý dinh dưỡng","Cung cấp chế độ ăn phù hợp để kiểm soát đường huyết.","https://benhviennhitrunguong.gov.vn/hoi-thao-xu-huong-dieu-tri-dai-thao-duong-tip-1-chung-ta-khong-the-dung-ngoai.html"
"1837","INTE_af7740f6d3","Intervention","Kiểm soát bệnh nền","Quản lý tốt các bệnh như đái tháo đường, tăng huyết áp giúp hạn chế tiến triển COPD.","https://bachmai.gov.vn/bai-viet/benh-phoi-tac-nghen-man-tinh-hieu-dung-phong-ngua-va-phat-hien-som-cung-chuyen-gia-benh-vien-bach-mai?id=bef483aa-6fde-433a-b2e8-b373eb7903a6"
"1838","INTE_af7ed8d091","Intervention","Theo dõi HbA1c định kỳ","Kiểm tra 3 tháng/lần để đánh giá hiệu quả điều trị. | Kiểm tra 3 tháng một lần để đánh giá hiệu quả điều trị. | Kiểm tra 3 tháng/lần để đánh giá hiệu quả điều trị. | Kiểm tra 3 tháng/lần để đánh giá hiệu quả điều trị. | Kiểm tra 3 tháng/lần để đánh giá hiệu quả điều trị.","https://bachmai.gov.vn/bai-viet/bien-chung-cua-benh-dai-thao-duong?id=f17ffc43-5abb-5dcb-54d1-d3887440a421 | https://web.archive.org/web/https://bachmai.gov.vn/bai-viet/bien-chung-cua-benh-dai-thao-duong?id=f17ffc43-5abb-5dcb-54d1-d3887440a421 | https://web.archive.org/web/https://bachmai.gov.vn/bai-viet/bien-chung-cua-benh-dai-thao-duong?id=f17ffc43-5abb-5dcb-54d1-d3887440a421 | https://bachmai.gov.vn/bai-viet/bien-chung-cua-benh-dai-thao-duong?id=f17ffc43-5abb-5dcb-54d1-d3887440a421 | https://web.archive.org/web/https://bachmai.gov.vn/bai-viet/bien-chung-cua-benh-dai-thao-duong?id=f17ffc43-5abb-5dcb-54d1-d3887440a421 | https://web.archive.org/web/https://bachmai.gov.vn/bai-viet/bien-chung-cua-benh-dai-thao-duong?id=f17ffc43-5abb-5dcb-54d1-d3887440a421 | https://web.archive.org/web/https://bachmai.gov.vn/bai-viet/bien-chung-cua-benh-dai-thao-duong?id=f17ffc43-5abb-5dcb-54d1-d3887440a421"
"1839","INTE_afc9c0082c","Intervention","Uống đường","Điều trị hạ glucose máu nhẹ và trung bình. Liều 10-15g carbonhydrate.","https://web.archive.org/web/https://vncdc.gov.vn/huong-dan-chan-doan-va-dieu-tri-benh-dai-thao-duong-tuyp-2-nd14582.html"
"1840","INTE_afdd5a77a6","Intervention","Dự phòng bằng thuốc hít","Sử dụng thuốc dự phòng đều đặn ngay cả khi không có triệu chứng để kiểm soát hen mạn tính.","http://phacdo.soytequangninh.gov.vn/news/tin-tuc-su-kien/hen-phe-quan-hieu-dung-de-song-khoe-dieu-tri-hieu-qua-phong-ngua-chu-dong.html"
"1841","INTE_b0208f363d","Intervention","Phân tầng nguy cơ tim mạch","Đánh giá mức độ rủi ro để lập kế hoạch điều trị cá thể hóa cho người bệnh ĐTĐ típ 2. | Cần thực hiện để có mục tiêu điều trị cụ thể và dự báo sớm biến chứng tim mạch, thận, chuyển hoá. | Cần thực hiện để có mục tiêu điều trị cụ thể và dự báo sớm biến chứng tim mạch, thận, chuyển hoá. | Đánh giá mức độ nguy cơ để lập kế hoạch điều trị cá thể hóa và dự báo sớm. | Đánh giá mức độ nguy cơ để lập kế hoạch điều trị cá thể hóa và dự báo sớm. | Cá thể hóa mục tiêu điều trị, dự báo sớm biến cố tim mạch. | Để xác định mục tiêu điều trị cụ thể và dự báo sớm nguy cơ.","https://bachmai.gov.vn/bai-viet/dai-thao-duong-bien-chung-tim-mach-va-than-kinh-ngoai-bien-sat-thu-tham-lang?id=994f4df4-95c1-4760-8aee-8d07a69f9fe1 | https://web.archive.org/web/https://chanthuongvacotsong.bachmai.gov.vn/dai-thao-duong-bien-chung-tim-mach-va-than-kinh-ngoai-bien-sat-thu-tham-lang/ | https://chanthuongvacotsong.bachmai.gov.vn/dai-thao-duong-bien-chung-tim-mach-va-than-kinh-ngoai-bien-sat-thu-tham-lang/ | https://web.archive.org/web/https://bachmai.gov.vn/bai-viet/dai-thao-duong-bien-chung-tim-mach-va-than-kinh-ngoai-bien-sat-thu-tham-lang?id=994f4df4-95c1-4760-8aee-8d07a69f9fe1 | https://bachmai.gov.vn/bai-viet/dai-thao-duong-bien-chung-tim-mach-va-than-kinh-ngoai-bien-sat-thu-tham-lang?id=994f4df4-95c1-4760-8aee-8d07a69f9fe1 | https://web.archive.org/web/https://bachmai.gov.vn/bai-viet/dai-thao-duong-bien-chung-tim-mach-va-than-kinh-ngoai-bien-sat-thu-tham-lang?id=994f4df4-95c1-4760-8aee-8d07a69f9fe1 | https://bachmai.gov.vn/bai-viet/dai-thao-duong-bien-chung-tim-mach-va-than-kinh-ngoai-bien-sat-thu-tham-lang?id=994f4df4-95c1-4760-8aee-8d07a69f9fe1"
"1842","INTE_b0836ab389","Intervention","Ngừng hút thuốc","Hành động quan trọng nhất để ngăn ngừa tiến triển COPD.","https://www.vinmec.com/vie/bai-viet/benh-phoi-tac-nghen-man-tinh-copd-vi"
"1843","INTE_b395edb07a","Intervention","Tránh thuốc lá","Thuốc lá làm tăng huyết áp và nguy cơ tim mạch. | Giảm nguy cơ tổn thương mạch máu do nicotine.","https://chanthuongvacotsong.bachmai.gov.vn/cao-huyet-ap-am-tham-ma-rat-hiem/"
"1844","INTE_b45e6d1cc8","Intervention","Dùng dạng khí dung","Thay thế cho dạng hít hoặc xịt nếu bệnh nhân gặp khó khăn trong việc sử dụng.","http://phacdo.soytequangninh.gov.vn/news/tin-tuc-su-kien/hen-phe-quan-hieu-dung-de-song-khoe-dieu-tri-hieu-qua-phong-ngua-chu-dong.html"
"1845","INTE_b4de514bb4","Intervention","Kiểm tra mắt định kỳ","Để phát hiện sớm bệnh võng mạc và ngăn ngừa mù lòa.","https://www.vinmec.com/vie/bai-viet/tong-quan-ve-benh-dai-thao-duong-vi"
"1846","INTE_b54bf8501c","Intervention","Chế độ ăn uống hợp lý","Hạn chế đường, rượu bia, đồ uống có cồn, tăng cường rau xanh. | Người bệnh cần tuân thủ chế độ ăn theo hướng dẫn bác sĩ, hạn chế đường, rượu bia, thuốc lá. | Người bệnh cần tuân thủ chế độ ăn kiêng hoa quả ngọt, hạn chế rượu bia, bỏ thuốc lá. | Hạn chế đường, rượu bia, đồ uống có cồn; tăng cường rau xanh và chất đạm. | Ăn nhiều rau, trái cây, hạn chế chất béo và đường, chia nhỏ bữa ăn. | Ăn nhiều rau, trái cây, thực phẩm tự nhiên; tránh thực phẩm chế biến sẵn và chất béo cao. | Ăn nhiều rau, trái cây, thực phẩm tự nhiên; tránh đồ chế biến sẵn và chất béo. | Ăn đủ dinh dưỡng, không quá no hoặc kiêng khem thái quá. | Ăn đủ dinh dưỡng, không quá no hoặc kiêng khem thái quá. | Cung cấp đủ dinh dưỡng, không gây tăng đường huyết sau ăn. | Người bệnh cần tuân thủ chế độ ăn uống theo hướng dẫn bác sĩ, hạn chế đường và cồn. | Người bệnh cần tuân thủ chế độ ăn theo hướng dẫn bác sĩ, hạn chế đường và rượu. | Người bệnh cần tuân thủ chế độ ăn theo hướng dẫn bác sĩ, hạn chế đường, rượu bia, thuốc lá. | Người bệnh cần tuân thủ chế độ ăn theo hướng dẫn bác sĩ, hạn chế đường và rượu. | Người bệnh cần tuân thủ chế độ ăn theo hướng dẫn bác sĩ, hạn chế đường và rượu. | Người bệnh cần tuân thủ chế độ ăn theo hướng dẫn bác sĩ, hạn chế đường và rượu. | Người bệnh cần tuân thủ chế độ ăn kiêng hoa quả ngọt, hạn chế rượu bia. | Ăn uống cân bằng, bổ sung rau xanh và trái cây để tăng sức đề kháng.","https://web.archive.org/web/https://xayenmo.ninhbinh.gov.vn/y-te-giao-duc/benh-dai-thao-duong-dau-hieu-nhan-biet-phan-loai-va-dieu-tri-389.html | https://xayenmo.ninhbinh.gov.vn/y-te-giao-duc/benh-dai-thao-duong-dau-hieu-nhan-biet-phan-loai-va-dieu-tri-389.html | https://cdc.ninhbinh.gov.vn/tin-tuc-su-kien/benh-dai-thao-duong-va-cach-phong-ngua-benh2.html | https://web.archive.org/web/http://soyte.hatinh.gov.vn/tin-tuc-su-kien/thong-tin-y-te/bai-truyen-thong-benh-dai-thao-duong-va-cach-phong-ngua-benh.html | http://soyte.hatinh.gov.vn/tin-tuc-su-kien/thong-tin-y-te/bai-truyen-thong-benh-dai-thao-duong-va-cach-phong-ngua-benh.html | https://web.archive.org/web/https://bachmai.gov.vn/tin-chi-tiet/-/bai-viet/dai-thao-duong-can-benh-nhieu-bien-chung-nguy-hiem-8-trieu-nguoi-viet-nam-dang-mac-9624-146.html | https://web.archive.org/web/https://bachmai.gov.vn/tin-chi-tiet/-/bai-viet/dai-thao-duong-can-benh-nhieu-bien-chung-nguy-hiem-8-trieu-nguoi-viet-nam-dang-mac-9624-146.html | https://web.archive.org/web/http://bvthanhpho.ytethanhhoa.gov.vn/web/trang-chu/khoa-phong-chuc-nang/khoa-lam-sang/khoa-noi-nhi/benh-dai-thao-duong-va-dau-hieu-nhan-biet-benh-dai-thao-duong.html | https://xayenmo.ninhbinh.gov.vn/y-te-giao-duc/benh-dai-thao-duong-dau-hieu-nhan-biet-phan-loai-va-dieu-tri-389.html | https://web.archive.org/web/https://xayenmo.ninhbinh.gov.vn/y-te-giao-duc/benh-dai-thao-duong-dau-hieu-nhan-biet-phan-loai-va-dieu-tri-389.html | https://web.archive.org/web/https://xayenmo.ninhbinh.gov.vn/y-te-giao-duc/benh-dai-thao-duong-dau-hieu-nhan-biet-phan-loai-va-dieu-tri-389.html | https://xayenmo.ninhbinh.gov.vn/y-te-giao-duc/benh-dai-thao-duong-dau-hieu-nhan-biet-phan-loai-va-dieu-tri-389.html | https://xayenmo.ninhbinh.gov.vn/y-te-giao-duc/benh-dai-thao-duong-dau-hieu-nhan-biet-phan-loai-va-dieu-tri-389.html | https://xayenmo.ninhbinh.gov.vn/y-te-giao-duc/benh-dai-thao-duong-dau-hieu-nhan-biet-phan-loai-va-dieu-tri-389.html | https://www.vinmec.com/vie/benh/hen-phe-quan-2949"
"1847","INTE_b5b07c44e5","Intervention","Kiểm soát huyết áp < 130/80 mmHg","Giảm áp lực lên mạch máu thận để ngăn ngừa tổn thương.","https://web.archive.org/web/https://benhvientinh.caobang.gov.vn/index.php/vi/news/tin-tuc-su-kien/bien-chung-than-do-dai-thao-duong-6-dieu-nguoi-benh-phai-chu-y-710.html"
"1848","INTE_b64bfacd36","Intervention","Tăng oxy qua mặt nạ","Cung cấp oxy với liều lượng từ 2 - 6 lít/phút nếu SpO₂ < 94%.","https://medlatec.vn/tu-dien-benh-ly/con-hen-ac-tinh"
"1849","INTE_b774a00c8a","Intervention","Điều trị giảm đau thần kinh","Sử dụng thuốc chống động kinh, chống trầm cảm ba vòng theo nguyên tắc cá thể hóa. | Sử dụng thuốc chống động kinh, chống trầm cảm ba vòng theo liều khởi đầu thấp và cá thể hóa.","https://bachmai.gov.vn/bai-viet/doi-moi-tu-duy-dieu-tri-dai-thao-duong-typ-2-va-chien-luoc-kiem-soat-toan-dien-bien-chung-than-kinh?id=090463d0-4515-40c8-919c-8bebc41e2c01"
"1850","INTE_b96e3a8e95","Intervention","Tầm soát định kỳ thần kinh ngoại biên","Thực hiện hàng năm để phát hiện sớm và can thiệp kịp thời, tránh tàn phế. | Giúp phát hiện sớm biến chứng, từ đó điều trị kịp thời và giảm gánh nặng y tế.","https://bachmai.gov.vn/bai-viet/dai-thao-duong-bien-chung-tim-mach-va-than-kinh-ngoai-bien-sat-thu-tham-lang?id=994f4df4-95c1-4760-8aee-8d07a69f9fe1"
"1851","INTE_b9a72d6d87","Intervention","Chế độ dinh dưỡng tốt và luyện tập thể lực nhẹ nhàng","Giúp ngăn ngừa sự khởi phát của cơn hen.","http://phacdo.soytequangninh.gov.vn/news/chuyen-khoa-sau/phong-benh-hen-phe-quan-khi-thoi-tiet-thay-doi.html"
"1852","INTE_b9bf38b306","Intervention","Giám sát chặt chẽ","Cần giám sát suốt quá trình điều trị để đảm bảo hiệu quả và giảm tác dụng phụ. | Cần giám sát liên tục trong suốt quá trình điều trị để đảm bảo hiệu quả và giảm tác dụng phụ. | Cần giám sát chặt chẽ trong suốt quá trình điều trị để đảm bảo hiệu quả và giảm thiểu tác dụng phụ. | Cần giám sát liên tục trong suốt quá trình điều trị để đảm bảo hiệu quả và giảm tác dụng phụ. | Cần giám sát suốt quá trình điều trị để đảm bảo hiệu quả và giảm tác dụng phụ. | Cần giám sát suốt quá trình điều trị để đảm bảo hiệu quả và giảm tác dụng phụ. | Cần giám sát liên tục trong suốt quá trình điều trị để đảm bảo hiệu quả và giảm tác dụng phụ.","https://web.archive.org/web/https://chanthuongvacotsong.bachmai.gov.vn/dai-thao-duong-bien-chung-tim-mach-va-than-kinh-ngoai-bien-sat-thu-tham-lang/ | https://web.archive.org/web/https://bachmai.gov.vn/bai-viet/dai-thao-duong-bien-chung-tim-mach-va-than-kinh-ngoai-bien-sat-thu-tham-lang?id=994f4df4-95c1-4760-8aee-8d07a69f9fe1 | https://bachmai.gov.vn/bai-viet/dai-thao-duong-bien-chung-tim-mach-va-than-kinh-ngoai-bien-sat-thu-tham-lang?id=994f4df4-95c1-4760-8aee-8d07a69f9fe1 | https://web.archive.org/web/https://bachmai.gov.vn/bai-viet/dai-thao-duong-bien-chung-tim-mach-va-than-kinh-ngoai-bien-sat-thu-tham-lang?id=994f4df4-95c1-4760-8aee-8d07a69f9fe1 | https://chanthuongvacotsong.bachmai.gov.vn/dai-thao-duong-bien-chung-tim-mach-va-than-kinh-ngoai-bien-sat-thu-tham-lang/ | https://web.archive.org/web/https://bachmai.gov.vn/bai-viet/dai-thao-duong-bien-chung-tim-mach-va-than-kinh-ngoai-bien-sat-thu-tham-lang?id=994f4df4-95c1-4760-8aee-8d07a69f9fe1 | https://web.archive.org/web/https://bachmai.gov.vn/bai-viet/dai-thao-duong-bien-chung-tim-mach-va-than-kinh-ngoai-bien-sat-thu-tham-lang?id=994f4df4-95c1-4760-8aee-8d07a69f9fe1 | https://web.archive.org/web/https://bachmai.gov.vn/bai-viet/dai-thao-duong-bien-chung-tim-mach-va-than-kinh-ngoai-bien-sat-thu-tham-lang?id=994f4df4-95c1-4760-8aee-8d07a69f9fe1"
"1853","INTE_ba177796ac","Intervention","Luyện tập thể lực nhẹ nhàng","Giúp duy trì sức khỏe và giảm nguy cơ cơn hen. | Giúp nâng cao sức đề kháng và ngăn ngừa cơn hen. | Giúp nâng cao sức đề kháng và ngăn ngừa cơn hen. | Giúp tăng sức bền hô hấp và cải thiện chức năng phổi, giảm nguy cơ cơn hen.","http://phacdo.soytequangninh.gov.vn/news/chuyen-khoa-sau/phong-benh-hen-phe-quan-khi-thoi-tiet-thay-doi.html | https://web.archive.org/web/http://phacdo.soytequangninh.gov.vn/news/chuyen-khoa-sau/phong-benh-hen-phe-quan-khi-thoi-tiet-thay-doi.html | http://phacdo.soytequangninh.gov.vn/news/tin-tuc-su-kien/hen-phe-quan-hieu-dung-de-song-khoe-dieu-tri-hieu-qua-phong-ngua-chu-dong.html"
"1854","INTE_ba3a9eae36","Intervention","Phẫu thuật điều trị tim mạch","Điều trị biến chứng đột quỵ do tiểu đường gây ra.","https://syt.dongnai.gov.vn/vi/news/Suc-khoe-cong-dong/nhung-bien-chung-nguy-hiem-cua-benh-tieu-duong-2511.html"
"1855","INTE_bab6d9b285","Intervention","Tiêm kháng sinh","Chỉ định khi có bội nhiễm đường hô hấp dưới.","https://medlatec.vn/tu-dien-benh-ly/con-hen-ac-tinh"
"1856","INTE_bae9aaa111","Intervention","Dùng thuốc giãn phế quản","Được dùng trong cơn hen để làm giảm co thắt, cải thiện triệu chứng. | Được dùng để làm giảm co thắt cơ trơn, giúp thở dễ dàng hơn trong cơn hen.","https://hohap.bachmai.gov.vn/detail/14225/hen-phe-quan-%C2%A0-cach-nhan-biet-va-chan-doan.html | https://www.vinmec.com/vie/bai-viet/lam-nao-de-chan-doan-hen-phe-quan-vi"
"1857","INTE_bb4628ffd2","Intervention","Tăng cường hoạt động thể chất","Khuyến khích người bệnh tham gia các hoạt động thể thao để kiểm soát đường huyết.","https://web.archive.org/web/http://www.tapchiyhocduphong.vn/tap-chi-y-hoc-du-phong/2015/08/kien-thuc-ve-benh-dai-thao-duong-va-mot-so-yeu-to-lien-quan-cua-nguoi-benh-tai-c-o81E20305.html"
"1858","INTE_bbb0f7d9c2","Intervention","Sử dụng thuốc điều trị","Thêm vào khi có bệnh lý đồng mắc hoặc biến chứng.","https://bachmai.gov.vn/bai-viet/kiem-soat-huyet-ap-va-can-nang-o-benh-nhan-dai-thao-duong-tip-2-viet-nam?id=d4b1411f-1da7-74f4-b337-1b88457dd69b"
"1859","INTE_bc863e8da4","Intervention","Theo dõi cân nặng hàng ngày","Giúp phát hiện sớm dấu hiệu ứ dịch, từ đó can thiệp kịp thời.","https://web.archive.org/web/https://bachmai.gov.vn/bai-viet/nhan-biet-dieu-tri-va-cham-soc-nguoi-benh-suy-tim?id=f55f8d26-9341-41d6-a243-00f543335069"
"1860","INTE_be51508c15","Intervention","Theo dõi và học hỏi","Cần hiểu rõ bệnh để kiểm soát tốt, đây là quá trình lâu dài.","https://web.archive.org/web/https://benhviennhitrunguong.gov.vn/benh-dai-thao-duong-o-tre-em.html"
"1861","INTE_bec75b606e","Intervention","Uống đường nhanh","Điều trị hạ glucose máu nhẹ và trung bình. | Điều trị cấp cứu hạ glucose máu nhẹ. | Điều trị hạ glucose máu nhẹ và trung bình.","https://web.archive.org/web/https://chanthuongvacotsong.bachmai.gov.vn/huong-dan-chan-doan-va-dieu-tri-dai-thao-duong-type-2/ | https://chanthuongvacotsong.bachmai.gov.vn/huong-dan-chan-doan-va-dieu-tri-dai-thao-duong-type-2/ | https://chanthuongvacotsong.bachmai.gov.vn/huong-dan-chan-doan-va-dieu-tri-dai-thao-duong-type-2/"
"1862","INTE_bf2447b79d","Intervention","Điều trị đợt cấp","Chống viêm, giảm ho, làm loãng đờm để kiểm soát các đợt cấp. | Điều trị đúng cách để giảm tần suất và mức độ nghiêm trọng của các đợt cấp.","http://benhvienphoi.hatinh.gov.vn/chi-tiet-tin-tuc?slug=hay-nhan-biet-som-va-phong-ngua-benh-phoi-tac-nghen-man-tinh-copd | https://web.archive.org/web/http://benhvienphoi.hatinh.gov.vn/chi-tiet-tin-tuc?slug=hay-nhan-biet-som-va-phong-ngua-benh-phoi-tac-nghen-man-tinh-copd"
"1863","INTE_bf55431d3c","Intervention","Tập luyện thể lực vừa phải","Hỗ trợ tăng sức khỏe hô hấp và giảm nguy cơ cơn hen.","https://www.vinmec.com/vie/bai-viet/bien-chung-lau-dai-cua-benh-hen-phe-quan-vi"
"1864","INTE_bfb9a34f8e","Intervention","Phẫu thuật hẹp eo động mạch chủ","Điều trị hẹp động mạch chủ để giảm áp lực và cải thiện lưu thông.","https://tamanhhospital.vn/tang-huyet-ap-thu-phat/"
"1865","INTE_bfbceb0b53","Intervention","Phối hợp insulin nền + GLP-1RA","Giải pháp đơn giản, hiệu quả kép, kiểm soát cả đường huyết đói và sau ăn, giảm nguy cơ hạ đường huyết.","https://web.archive.org/web/https://bachmai.gov.vn/bai-viet/dieu-tri-dai-thao-duong-tip-2-buoc-tien-moi-tu-insulin-nen-the-he-2-va-iglarlixi?id=5cdac324-549d-40aa-b3e6-80214932d112"
"1866","INTE_bfc749d85a","Intervention","Chạy thận nhân tạo","Điều trị suy thận mạn giai đoạn nặng. | Phương pháp thay thế chức năng thận khi suy thận mạn. | Phương pháp thay thế chức năng thận khi suy thận mạn.","https://syt.dongnai.gov.vn/vi/news/Suc-khoe-cong-dong/nhung-bien-chung-nguy-hiem-cua-benh-tieu-duong-2511.html | https://web.archive.org/web/https://syt.dongnai.gov.vn/vi/news/Suc-khoe-cong-dong/nhung-bien-chung-nguy-hiem-cua-benh-tieu-duong-2511.html | https://web.archive.org/web/https://syt.dongnai.gov.vn/vi/news/Suc-khoe-cong-dong/nhung-bien-chung-nguy-hiem-cua-benh-tieu-duong-2511.html"
"1867","INTE_bff860d58d","Intervention","Lọc máu","Phương pháp thay thế thận khi chức năng thận giảm dưới 15 ml/ph/1.73m2. | Phương pháp thay thế thận khi chức năng thận suy giảm nghiêm trọng. | Phương pháp thay thế thận khi chức năng thận giảm dưới 15 ml/ph/1.73m2.","https://bachmai.gov.vn/bai-viet/sai-lam-trong-dinh-duong-khien-suy-than-man-them-tram-trong-dau-la-giai-phap?id=1ff0d3d0-62f4-4159-a23b-758572e7f600 | https://web.archive.org/web/https://bachmai.gov.vn/bai-viet/sai-lam-trong-dinh-duong-khien-suy-than-man-them-tram-trong-dau-la-giai-phap?id=1ff0d3d0-62f4-4159-a23b-758572e7f600 | https://bachmai.gov.vn/bai-viet/sai-lam-trong-dinh-duong-khien-suy-than-man-them-tram-trong-dau-la-giai-phap?id=1ff0d3d0-62f4-4159-a23b-758572e7f600"
"1868","INTE_c05b798736","Intervention","Điều chỉnh liều thuốc","Chỉnh liều tối ưu hoặc bổ sung thuốc để đạt mục tiêu điều trị.","https://chanthuongvacotsong.bachmai.gov.vn/huong-dan-chan-doan-va-dieu-tri-tang-huyet-ap/"
"1869","INTE_c08dcc1c36","Intervention","Chế độ ăn uống và sinh hoạt","Hướng dẫn chế độ ăn ít đường, tăng vận động, giảm cân nếu cần. | Tuân thủ chế độ ăn uống lành mạnh, tập luyện thể dục, không ăn quá no hoặc kiêng quá mức.","https://web.archive.org/web/https://vncdc.gov.vn/quan-ly-benh-dai-thao-duong-nd14581.html | https://web.archive.org/web/https://bachmai.gov.vn/tin-chi-tiet/-/bai-viet/dai-thao-duong-can-benh-nhieu-bien-chung-nguy-hiem-8-trieu-nguoi-viet-nam-dang-mac-9624-146.html"
"1870","INTE_c0a2a06482","Intervention","Can thiệp sớm đau thần kinh ngoại biên","Sử dụng thuốc giảm đau như Pregabalin để cải thiện chất lượng sống.","https://bachmai.gov.vn/bai-viet/dai-thao-duong-bien-chung-tim-mach-va-than-kinh-ngoai-bien-sat-thu-tham-lang?id=994f4df4-95c1-4760-8aee-8d07a69f9fe1"
"1871","INTE_c28b9ab0a8","Intervention","Điều chỉnh điện giải đồ","Theo dõi và điều chỉnh natri, kali, glucose để duy trì cân bằng.","https://web.archive.org/web/https://benhviendakhoasongma.gov.vn/bai-viet/hon-me-tang-ap-luc-tham-thau-do-dai-thao-duong-210"
"1872","INTE_c290245707","Intervention","Dùng hỗn hợp quế + mật ong","Hỗn hợp này có tác dụng chống oxy hóa, kháng khuẩn, bảo vệ hệ hô hấp.","https://web.archive.org/web/https://vov.gov.vn/day-la-7-loai-thao-moc-dieu-tri-hen-suyen-hieu-qua-dtnew-491435"
"1873","INTE_c2b96b30fe","Intervention","Tuân thủ chỉ định y khoa","Không tự ý dùng thuốc hoặc bỏ thuốc. | Không tự ý dùng thuốc hoặc mách bảo để tránh hệ lụy. | Không tự ý dùng thuốc hoặc bỏ thuốc mà không có sự đồng ý của bác sĩ. | Không tự ý dùng thuốc hoặc theo mách bảo để tránh hệ lụy. | Không tự ý dùng thuốc hoặc mách bảo để tránh hệ lụy. | Không tự ý dùng thuốc hoặc bỏ thuốc. | Không tự ý dùng thuốc hoặc mách bảo để tránh hệ lụy. | Không tự ý dùng thuốc hoặc mách bảo để tránh hệ lụy.","https://web.archive.org/web/https://xayenmo.ninhbinh.gov.vn/y-te-giao-duc/benh-dai-thao-duong-dau-hieu-nhan-biet-phan-loai-va-dieu-tri-389.html | https://xayenmo.ninhbinh.gov.vn/y-te-giao-duc/benh-dai-thao-duong-dau-hieu-nhan-biet-phan-loai-va-dieu-tri-389.html | https://xayenmo.ninhbinh.gov.vn/y-te-giao-duc/benh-dai-thao-duong-dau-hieu-nhan-biet-phan-loai-va-dieu-tri-389.html | https://web.archive.org/web/https://xayenmo.ninhbinh.gov.vn/y-te-giao-duc/benh-dai-thao-duong-dau-hieu-nhan-biet-phan-loai-va-dieu-tri-389.html | https://web.archive.org/web/https://xayenmo.ninhbinh.gov.vn/y-te-giao-duc/benh-dai-thao-duong-dau-hieu-nhan-biet-phan-loai-va-dieu-tri-389.html | https://xayenmo.ninhbinh.gov.vn/y-te-giao-duc/benh-dai-thao-duong-dau-hieu-nhan-biet-phan-loai-va-dieu-tri-389.html | https://xayenmo.ninhbinh.gov.vn/y-te-giao-duc/benh-dai-thao-duong-dau-hieu-nhan-biet-phan-loai-va-dieu-tri-389.html | https://xayenmo.ninhbinh.gov.vn/y-te-giao-duc/benh-dai-thao-duong-dau-hieu-nhan-biet-phan-loai-va-dieu-tri-389.html"
"1874","INTE_c3b1eeb11e","Intervention","Phun hóa chất phòng dịch","Hỗ trợ kiểm soát dịch sốt xuất huyết Dengue trong cộng đồng.","https://web.archive.org/web/http://www.tapchiyhocduphong.vn/tap-chi-y-hoc-du-phong/2015/08/kien-thuc-ve-benh-dai-thao-duong-va-mot-so-yeu-to-lien-quan-cua-nguoi-benh-tai-c-o81E20305.html"
"1875","INTE_c545b045eb","Intervention","Luyện tập thường xuyên","Tập luyện 30-60 phút/ngày, 5 ngày/tuần để giảm stress và huyết áp.","http://soyte.hatinh.gov.vn/tin-tuc-su-kien/pho-bien-kien-thuc/4-bien-phap-chu-yeu-phong-benh-tang-huyet-ap.html | https://web.archive.org/web/http://soyte.hatinh.gov.vn/tin-tuc-su-kien/pho-bien-kien-thuc/4-bien-phap-chu-yeu-phong-benh-tang-huyet-ap.html"
"1876","INTE_c5aa5029d0","Intervention","Sử dụng thuốc có lợi cho tim mạch","Là một trong bốn trụ cột quan trọng trong điều trị người bệnh ĐTĐ. | Trụ cột quan trọng trong điều trị người bệnh ĐTĐ để phòng ngừa biến chứng tim mạch. | Là một trong bốn trụ cột quan trọng để phòng ngừa biến chứng tim mạch và thần kinh ngoại biên. | Trụ cột quan trọng trong điều trị người bệnh ĐTĐ để phòng ngừa biến chứng tim mạch và thần kinh ngoại biên. | Trụ cột quan trọng trong điều trị ĐTĐ để giảm nguy cơ biến chứng tim mạch.","https://web.archive.org/web/https://bachmai.gov.vn/bai-viet/dai-thao-duong-bien-chung-tim-mach-va-than-kinh-ngoai-bien-sat-thu-tham-lang?id=994f4df4-95c1-4760-8aee-8d07a69f9fe1 | https://bachmai.gov.vn/bai-viet/dai-thao-duong-bien-chung-tim-mach-va-than-kinh-ngoai-bien-sat-thu-tham-lang?id=994f4df4-95c1-4760-8aee-8d07a69f9fe1 | https://bachmai.gov.vn/bai-viet/dai-thao-duong-bien-chung-tim-mach-va-than-kinh-ngoai-bien-sat-thu-tham-lang?id=994f4df4-95c1-4760-8aee-8d07a69f9fe1 | https://bachmai.gov.vn/bai-viet/dai-thao-duong-bien-chung-tim-mach-va-than-kinh-ngoai-bien-sat-thu-tham-lang?id=994f4df4-95c1-4760-8aee-8d07a69f9fe1 | https://bachmai.gov.vn/bai-viet/dai-thao-duong-bien-chung-tim-mach-va-than-kinh-ngoai-bien-sat-thu-tham-lang?id=994f4df4-95c1-4760-8aee-8d07a69f9fe1 | https://bachmai.gov.vn/bai-viet/dai-thao-duong-bien-chung-tim-mach-va-than-kinh-ngoai-bien-sat-thu-tham-lang?id=994f4df4-95c1-4760-8aee-8d07a69f9fe1"
"1877","INTE_c5b6d26c8f","Intervention","Tuân thủ khám định kỳ","Theo dõi thường xuyên để phát hiện sớm biến chứng.","https://xayenmo.ninhbinh.gov.vn/y-te-giao-duc/benh-dai-thao-duong-dau-hieu-nhan-biet-phan-loai-va-dieu-tri-389.html"
"1878","INTE_c7a0ea3f4b","Intervention","Ghép thận","Phương pháp cuối cùng để thay thế chức năng thận khi không thể lọc máu. | Phương pháp cuối cùng để thay thế chức năng thận khi không thể lọc máu hoặc màng bụng. | Phương pháp cuối cùng để thay thế chức năng thận khi không thể lọc máu. | Phương pháp cuối cùng để thay thế chức năng thận khi không thể duy trì bằng lọc máu.","https://bachmai.gov.vn/bai-viet/sai-lam-trong-dinh-duong-khien-suy-than-man-them-tram-trong-dau-la-giai-phap?id=1ff0d3d0-62f4-4159-a23b-758572e7f600 | https://web.archive.org/web/https://bachmai.gov.vn/bai-viet/sai-lam-trong-dinh-duong-khien-suy-than-man-them-tram-trong-dau-la-giai-phap?id=1ff0d3d0-62f4-4159-a23b-758572e7f600 | https://bachmai.gov.vn/bai-viet/sai-lam-trong-dinh-duong-khien-suy-than-man-them-tram-trong-dau-la-giai-phap?id=1ff0d3d0-62f4-4159-a23b-758572e7f600"
"1879","INTE_c7cda855e5","Intervention","Điều trị hạ glucose máu","Cần xử trí ngay khi Glucose máu <3,1 mmol/l để tránh hôn mê. | Cần xử trí ngay khi Glucose máu <3,1 mmol/l. | Cần xử trí ngay khi Glucose máu <3,1 mmol/l. Có thể bao gồm truyền dung dịch đường. | Cung cấp glucose đường uống hoặc truyền tĩnh mạch để nâng mức đường huyết. | Cung cấp glucose tĩnh mạch, theo dõi sát sao và điều chỉnh liều thuốc. | Cần xử trí ngay khi Glucose máu <3,1 mmol/l để tránh hôn mê. | Cần xử trí ngay khi Glucose máu <3,1 mmol/l để tránh hôn mê. | Cần xử trí ngay khi Glucose máu <3,1 mmol/l. | Cần xử trí ngay khi Glucose máu <3,1 mmol/l để tránh hôn mê. | Cần xử trí ngay khi Glucose máu <3,1 mmol/l. | Cần xử trí ngay khi Glucose máu <3,1 mmol/l để tránh hôn mê. | Cung cấp glucose ngay lập tức nếu Glucose máu <3,1 mmol/l. | Cần xử trí ngay khi Glucose máu <3,1 mmol/l. | Cần xử trí ngay khi Glucose máu <3,1 mmol/l. | Cần xử trí ngay khi Glucose máu <3,1 mmol/l. | Cần xử trí ngay khi Glucose máu <3,1 mmol/l để tránh hôn mê.","https://bachmai.gov.vn/bai-viet/bien-chung-cua-benh-dai-thao-duong?id=f17ffc43-5abb-5dcb-54d1-d3887440a421 | https://bachmai.gov.vn/bai-viet/bien-chung-cua-benh-dai-thao-duong?id=f17ffc43-5abb-5dcb-54d1-d3887440a421 | https://web.archive.org/web/https://bachmai.gov.vn/bai-viet/bien-chung-cua-benh-dai-thao-duong?id=f17ffc43-5abb-5dcb-54d1-d3887440a421 | https://bachmai.gov.vn/bai-viet/bien-chung-cua-benh-dai-thao-duong?id=f17ffc43-5abb-5dcb-54d1-d3887440a421 | https://bachmai.gov.vn/bai-viet/bien-chung-cua-benh-dai-thao-duong?id=f17ffc43-5abb-5dcb-54d1-d3887440a421 | https://chanthuongvacotsong.bachmai.gov.vn/bien-chung-cua-benh-dai-thao-duong/ | https://web.archive.org/web/https://chanthuongvacotsong.bachmai.gov.vn/bien-chung-cua-benh-dai-thao-duong/ | https://bachmai.gov.vn/bai-viet/bien-chung-cua-benh-dai-thao-duong?id=f17ffc43-5abb-5dcb-54d1-d3887440a421"
"1880","INTE_c875c85216","Intervention","Theo dõi chức năng thận định kỳ","Kiểm tra chức năng thận để phát hiện sớm suy giảm.","https://web.archive.org/web/https://medlatec.vn/tin-tuc/hep-dong-mach-than-la-gi-muc-do-nguy-hiem-va-phuong-phap-dieu-tri"
"1881","INTE_c9177d8c94","Intervention","Chiến lược tuân thủ điều trị","Cải thiện khả năng tuân thủ để nâng cao hiệu quả quản lý bệnh. | Cần thiết để quản lý hiệu quả bệnh đái tháo đường khởi phát ở tuổi trẻ.","https://bachmai.gov.vn/bai-viet/cap-nhat-xu-huong-moi-trong-dieu-tri-dai-thao-duong-tip-2?id=d4ab61a0-919e-0805-1cdd-fe092c98c88e | https://web.archive.org/web/https://bachmai.gov.vn/bai-viet/cap-nhat-xu-huong-moi-trong-dieu-tri-dai-thao-duong-tip-2?id=d4ab61a0-919e-0805-1cdd-fe092c98c88e"
"1882","INTE_ca6ecd814c","Intervention","Chế độ dinh dưỡng khoa học","Giúp kiểm soát tiến triển bệnh, làm chậm lọc máu và cải thiện chất lượng sống.","https://bachmai.gov.vn/bai-viet/sai-lam-trong-dinh-duong-khien-suy-than-man-them-tram-trong-dau-la-giai-phap?id=1ff0d3d0-62f4-4159-a23b-758572e7f600"
"1883","INTE_ca895089da","Intervention","Biện pháp hỗ trợ","Các chiến lược hỗ trợ nhằm nâng cao mức độ tuân thủ điều trị.","https://web.archive.org/web/http://www.tapchiyhocduphong.vn/tap-chi-y-hoc-du-phong/2021/09/tuan-thu-dieu-tri-va-cac-yeu-to-lien-quan-o-benh-nhan-dai-thao-duong-tuyp-2-dieu-o81E20B40.html"
"1884","INTE_cc31cc4ddb","Intervention","Điều trị biến chứng mãn tính","Bao gồm điều trị rối loạn lipid, kiểm soát huyết áp, dùng thuốc bảo vệ thần kinh và mạch máu.","https://bachmai.gov.vn/bai-viet/bien-chung-cua-benh-dai-thao-duong?id=f17ffc43-5abb-5dcb-54d1-d3887440a421"
"1885","INTE_ced723cb47","Intervention","Chế độ ăn uống khoa học","Bổ sung rau xanh, trái cây, ngũ cốc thô, cá và chất béo không bão hòa. | Bổ sung rau xanh, trái cây, ngũ cốc thô, cá và chất béo không bão hòa để phòng ngừa THA.","https://web.archive.org/web/http://soyte.hatinh.gov.vn/tin-tuc-su-kien/pho-bien-kien-thuc/4-bien-phap-chu-yeu-phong-benh-tang-huyet-ap.html | http://soyte.hatinh.gov.vn/tin-tuc-su-kien/pho-bien-kien-thuc/4-bien-phap-chu-yeu-phong-benh-tang-huyet-ap.html | https://web.archive.org/web/https://vncdc.gov.vn/4-bien-phap-chu-yeu-phong-benh-tang-huyet-ap-nd14878.html"
"1886","INTE_cef6066f21","Intervention","Xét nghiệm dấu ấn sinh học mới","Sử dụng các dấu ấn sinh học như CysC, Gas6, βTP, NGAL, KIM-1, CCL5, miR-130b để chẩn đoán sớm tổn thương thận.","https://web.archive.org/web/https://vista.gov.vn/vi/news/cac-linh-vuc-khoa-hoc-va-cong-nghe/dau-an-sinh-hoc-moi-trong-phat-trien-som-bien-chung-than-do-dai-thao-duong-9409.html"
"1887","INTE_cffbc70880","Intervention","Dùng kẹo hoặc nước trái cây khi hạ đường huyết","Người bệnh mang theo đồ ăn chứa nhiều đường để xử lý tình trạng hạ đường huyết.","https://cdc.ninhbinh.gov.vn/tin-tuc-su-kien/benh-dai-thao-duong-va-cach-phong-ngua-benh2.html"
"1888","INTE_d04fc68bda","Intervention","Điều trị bằng thuốc giãn phế quản và corticoid","Phương pháp điều trị cơ bản cho COPD, giảm triệu chứng và tiến triển bệnh.","https://web.archive.org/web/https://bachmai.gov.vn/bai-viet/tho-may-khong-xam-nhap-trong-dieu-tri-benh-phoi-tac-nghen-man-tinh?id=828a5ae0-e152-ef2d-e6b5-48a6c8bafe5b"
"1889","INTE_d0de3f8818","Intervention","Điều trị tăng glucose máu","Cần điều chỉnh liều thuốc, hạn chế đường bột, điều trị nguyên nhân kèm theo. | Cần kiểm soát đường huyết, điều chỉnh chế độ ăn uống và thuốc. | Cần điều chỉnh chế độ ăn, dùng thuốc hạ đường huyết, hoặc truyền dịch. | Cần điều chỉnh liều thuốc, bù dịch, kiểm soát nhiễm trùng. | Dùng insulin hoặc thuốc hạ đường huyết, điều chỉnh chế độ ăn. | Bù dịch, dùng thuốc hạ đường huyết, điều chỉnh chế độ ăn. | Cần điều chỉnh chế độ ăn, dùng thuốc hạ đường huyết, và theo dõi sát để tránh hôn mê. | Cần kiểm soát đường huyết, hạn chế đường bột, điều chỉnh thuốc. | Cần kiểm soát đường huyết, điều chỉnh chế độ ăn uống và dùng thuốc. | Cần điều chỉnh liều thuốc, hạn chế đường bột, kiểm soát nhiễm trùng. | Cần điều chỉnh chế độ ăn, dùng thuốc hoặc hỗ trợ sinh lý để hạ đường huyết. | Cần kiểm soát đường huyết, điều chỉnh chế độ ăn uống và dùng thuốc. | Bù dịch, hạ đường huyết bằng insulin hoặc thuốc hạ đường huyết. Ngăn ngừa hôn mê. | Cần điều chỉnh chế độ ăn, dùng thuốc và theo dõi chặt chẽ để tránh hôn mê. | Cần kiểm soát đường huyết, hạn chế đường bột, điều chỉnh thuốc. | Cần kiểm soát đường huyết, điều chỉnh chế độ ăn uống và dùng thuốc.","https://bachmai.gov.vn/bai-viet/bien-chung-cua-benh-dai-thao-duong?id=f17ffc43-5abb-5dcb-54d1-d3887440a421 | https://bachmai.gov.vn/bai-viet/bien-chung-cua-benh-dai-thao-duong?id=f17ffc43-5abb-5dcb-54d1-d3887440a421 | https://web.archive.org/web/https://bachmai.gov.vn/bai-viet/bien-chung-cua-benh-dai-thao-duong?id=f17ffc43-5abb-5dcb-54d1-d3887440a421 | https://bachmai.gov.vn/bai-viet/bien-chung-cua-benh-dai-thao-duong?id=f17ffc43-5abb-5dcb-54d1-d3887440a421 | https://bachmai.gov.vn/bai-viet/bien-chung-cua-benh-dai-thao-duong?id=f17ffc43-5abb-5dcb-54d1-d3887440a421 | https://chanthuongvacotsong.bachmai.gov.vn/bien-chung-cua-benh-dai-thao-duong/ | https://web.archive.org/web/https://chanthuongvacotsong.bachmai.gov.vn/bien-chung-cua-benh-dai-thao-duong/ | https://bachmai.gov.vn/bai-viet/bien-chung-cua-benh-dai-thao-duong?id=f17ffc43-5abb-5dcb-54d1-d3887440a421"
"1890","INTE_d13c07f196","Intervention","Chế độ vận động","Tập luyện 30 phút/ngày, 150 phút/tuần (đi bộ, chạy, bơi...). | Tập luyện 30 phút/ngày, 150 phút/tuần (đi bộ, chạy, bơi…).","https://web.archive.org/web/https://bachmai.gov.vn/bai-viet/chan-doan-som-benh-dai-thao-duong-tip-2?id=59f9c51f-418e-9437-823c-a1a6c23c33e4 | https://web.archive.org/web/https://bachmai.gov.vn/tin-chi-tiet/-/bai-viet/chan-doan-som-benh-dai-thao-duong-tip-2-9427-146.html"
"1891","INTE_d16c7badf1","Intervention","Tâm lý tích cực","Giữ tâm thế bình an, thoải mái, vui tươi giúp cải thiện chất lượng cuộc sống.","https://web.archive.org/web/https://bachmai.gov.vn/tin-chi-tiet/-/bai-viet/dai-thao-duong-can-benh-nhieu-bien-chung-nguy-hiem-8-trieu-nguoi-viet-nam-dang-mac-9624-146.html"
"1892","INTE_d1b4fac379","Intervention","Chế độ ăn hợp lý","Kiểm soát lượng đường, tinh bột, giảm muối và chất béo, tăng đạm và vitamin. | Giảm lượng đường, tinh bột, muối, chất béo; tăng đạm, chất xơ và vitamin.","https://web.archive.org/web/https://benhvientinh.caobang.gov.vn/index.php/vi/news/dich-vu/tiep-nhan-dieu-tri-benh-nhan-dai-thao-duong-tuyp-2-co-bien-chung-mo-mat-do-khong-di-kham-va-tam-soat-som-443.html | https://benhvientinh.caobang.gov.vn/index.php/vi/news/dich-vu/tiep-nhan-dieu-tri-benh-nhan-dai-thao-duong-tuyp-2-co-bien-chung-mo-mat-do-khong-di-kham-va-tam-soat-som-443.html"
"1893","INTE_d1fefb0e07","Intervention","Dùng thuốc dự phòng theo chỉ dẫn","Người có nguy cơ cao nên sử dụng phác đồ thuốc dự phòng để ngăn ngừa cơn hen.","http://phacdo.soytequangninh.gov.vn/news/chuyen-khoa-sau/phong-benh-hen-phe-quan-khi-thoi-tiet-thay-doi.html"
"1894","INTE_d2c05060e3","Intervention","Tiêm phòng cúm và phế cầu","Người có tiền sử hen cần tiêm phòng đầy đủ trước mỗi đợt thay đổi thời tiết. | Chủ động tiêm trước mỗi đợt thay đổi thời tiết. | Cần thiết trước mỗi đợt thay đổi thời tiết. | Cần thiết trước mỗi đợt thay đổi thời tiết. | Chủ động tiêm trước mỗi đợt thay đổi thời tiết. | Hỗ trợ dự phòng cơn hen hoặc làm nhẹ mức độ cơn. | Giảm nguy cơ nhiễm trùng đường hô hấp, từ đó giảm kích hoạt cơn hen. | Giảm nguy cơ nhiễm trùng đường hô hấp gây cơn hen ở người có tiền sử.","http://phacdo.soytequangninh.gov.vn/news/chuyen-khoa-sau/phong-benh-hen-phe-quan-khi-thoi-tiet-thay-doi.html | https://web.archive.org/web/http://phacdo.soytequangninh.gov.vn/news/chuyen-khoa-sau/phong-benh-hen-phe-quan-khi-thoi-tiet-thay-doi.html | http://phacdo.soytequangninh.gov.vn/news/chuyen-khoa-sau/phong-benh-hen-phe-quan-khi-thoi-tiet-thay-doi.html | https://web.archive.org/web/http://phacdo.soytequangninh.gov.vn/news/tin-tuc-su-kien/hen-phe-quan-hieu-dung-de-song-khoe-dieu-tri-hieu-qua-phong-ngua-chu-dong.html | https://www.vinmec.com/vie/bai-viet/bien-chung-lau-dai-cua-benh-hen-phe-quan-vi | http://phacdo.soytequangninh.gov.vn/news/tin-tuc-su-kien/hen-phe-quan-hieu-dung-de-song-khoe-dieu-tri-hieu-qua-phong-ngua-chu-dong.html"
"1895","INTE_d3459ee2ae","Intervention","Điều trị nhiễm toan Ceton","Cần điều trị tích cực để tránh hôn mê. Có thể bao gồm truyền dịch, insulin.","https://bachmai.gov.vn/bai-viet/bien-chung-cua-benh-dai-thao-duong?id=f17ffc43-5abb-5dcb-54d1-d3887440a421"
"1896","INTE_d3459ee2ae","Intervention","Điều trị nhiễm toan ceton","Cần điều trị tích cực để tránh hôn mê và tử vong. | Cần xử trí kịp thời để tránh hôn mê và tử vong. | Cần điều trị tích cực bằng cách bù dịch, insulin và theo dõi acid ceton. | Hỗ trợ bằng dịch muối, insulin tĩnh mạch, điều chỉnh điện giải. | Hỗ trợ tuần hoàn, bù dịch, insulin tĩnh mạch, theo dõi acid ceton. | Cần xử trí kịp thời để tránh hôn mê và tử vong. | Cần điều trị tích cực để tránh hôn mê và tử vong, thường dùng insulin và bổ sung dịch. | Cần xử trí kịp thời để tránh hôn mê và tử vong. | Hỗ trợ tuần hoàn, bù dịch, insulin tĩnh mạch, theo dõi acid ceton. | Các biện pháp điều trị được áp dụng để giảm nồng độ axit trong máu và ổn định tình trạng bệnh nhân. | Các biện pháp điều trị nhằm làm giảm nồng độ axit trong máu và ổn định tình trạng bệnh nhân. | Cần xử trí kịp thời để tránh hôn mê và tử vong. | Cần xử trí kịp thời để tránh hôn mê và tử vong. | Hỗ trợ tuần hoàn, bù dịch, insulin tĩnh mạch, theo dõi acid ceton. | Hỗ trợ tuần hoàn, bù dịch, insulin tĩnh mạch, theo dõi acid ceton. | Cần xử trí kịp thời để tránh hôn mê và tử vong. | Hỗ trợ tuần hoàn, bù dịch, insulin tĩnh mạch. Nếu không xử trí kịp thời → hôn mê tử vong. | Cần điều trị tích cực để tránh hôn mê và tử vong. | Hỗ trợ tuần hoàn, bù dịch, insulin tĩnh mạch, theo dõi acid ceton. | Bao gồm truyền dịch tĩnh mạch, bổ sung insulin, theo dõi nồng độ glucose và axit beta-hydroxybutyric. | Bao gồm truyền dịch, bổ sung insulin, theo dõi nồng độ điện giải và acid-base. | Hỗ trợ tuần hoàn, bù dịch, insulin tĩnh mạch, theo dõi acid ceton. | Cần xử trí kịp thời để tránh hôn mê và tử vong. | Hỗ trợ tuần hoàn, bù dịch, insulin tĩnh mạch, theo dõi acid ceton. | Cần xử trí kịp thời để tránh hôn mê và tử vong.","https://bachmai.gov.vn/bai-viet/bien-chung-cua-benh-dai-thao-duong?id=f17ffc43-5abb-5dcb-54d1-d3887440a421 | https://bachmai.gov.vn/bai-viet/bien-chung-cua-benh-dai-thao-duong?id=f17ffc43-5abb-5dcb-54d1-d3887440a421 | https://web.archive.org/web/https://bachmai.gov.vn/bai-viet/bien-chung-cua-benh-dai-thao-duong?id=f17ffc43-5abb-5dcb-54d1-d3887440a421 | https://bachmai.gov.vn/bai-viet/bien-chung-cua-benh-dai-thao-duong?id=f17ffc43-5abb-5dcb-54d1-d3887440a421 | https://bachmai.gov.vn/bai-viet/bien-chung-cua-benh-dai-thao-duong?id=f17ffc43-5abb-5dcb-54d1-d3887440a421 | https://web.archive.org/web/https://bachmai.gov.vn/bai-viet/bien-chung-cua-benh-dai-thao-duong?id=f17ffc43-5abb-5dcb-54d1-d3887440a421 | https://web.archive.org/web/https://sti.vista.gov.vn/publication/view/a89fbc66bf10ab8ca38c2d64abf8f338-4b52a78cc238d65e911a803b4659b844-318299.html | https://chanthuongvacotsong.bachmai.gov.vn/bien-chung-cua-benh-dai-thao-duong/ | https://bachmai.gov.vn/bai-viet/bien-chung-cua-benh-dai-thao-duong?id=f17ffc43-5abb-5dcb-54d1-d3887440a421 | https://sti.vista.gov.vn/publication/view/a89fbc66bf10ab8ca38c2d64abf8f338-4b52a78cc238d65e911a803b4659b844-318299.html | https://bachmai.gov.vn/bai-viet/bien-chung-cua-benh-dai-thao-duong?id=f17ffc43-5abb-5dcb-54d1-d3887440a421 | https://web.archive.org/web/https://bachmai.gov.vn/bai-viet/bien-chung-cua-benh-dai-thao-duong?id=f17ffc43-5abb-5dcb-54d1-d3887440a421 | https://chanthuongvacotsong.bachmai.gov.vn/bien-chung-cua-benh-dai-thao-duong/ | https://bachmai.gov.vn/bai-viet/bien-chung-cua-benh-dai-thao-duong?id=f17ffc43-5abb-5dcb-54d1-d3887440a421 | https://web.archive.org/web/https://bachmai.gov.vn/bai-viet/bien-chung-cua-benh-dai-thao-duong?id=f17ffc43-5abb-5dcb-54d1-d3887440a421 | https://chanthuongvacotsong.bachmai.gov.vn/bien-chung-cua-benh-dai-thao-duong/ | https://web.archive.org/web/https://chanthuongvacotsong.bachmai.gov.vn/bien-chung-cua-benh-dai-thao-duong/ | https://chanthuongvacotsong.bachmai.gov.vn/bien-chung-cua-benh-dai-thao-duong/ | https://web.archive.org/web/https://bachmai.gov.vn/bai-viet/bien-chung-cua-benh-dai-thao-duong?id=f17ffc43-5abb-5dcb-54d1-d3887440a421 | https://sti.vista.gov.vn/publication/view/a89fbc66bf10ab8ca38c2d64abf8f338-4b52a78cc238d65e911a803b4659b844-318299.html | https://web.archive.org/web/https://sti.vista.gov.vn/publication/view/a89fbc66bf10ab8ca38c2d64abf8f338-4b52a78cc238d65e911a803b4659b844-318299.html | https://web.archive.org/web/https://bachmai.gov.vn/bai-viet/bien-chung-cua-benh-dai-thao-duong?id=f17ffc43-5abb-5dcb-54d1-d3887440a421 | https://bachmai.gov.vn/bai-viet/bien-chung-cua-benh-dai-thao-duong?id=f17ffc43-5abb-5dcb-54d1-d3887440a421 | https://web.archive.org/web/https://bachmai.gov.vn/bai-viet/bien-chung-cua-benh-dai-thao-duong?id=f17ffc43-5abb-5dcb-54d1-d3887440a421"
"1897","INTE_d373fc10b6","Intervention","Kiểm soát HbA1c < 7%","Mục tiêu điều trị để giảm tổn thương mạch máu thận.","https://web.archive.org/web/https://benhvientinh.caobang.gov.vn/index.php/vi/news/tin-tuc-su-kien/bien-chung-than-do-dai-thao-duong-6-dieu-nguoi-benh-phai-chu-y-710.html"
"1898","INTE_d3cdd6041d","Intervention","Chế độ dinh dưỡng theo tiêu chuẩn châu Á","Điều chỉnh chế độ ăn uống dựa trên chỉ số BMI và hướng dẫn WHO để cải thiện tình trạng dinh dưỡng.","https://sti.vista.gov.vn/publication/view/9adff40ef63a8d1369d3d79d00873f07-31f274dab6ec362c550c75293a9d13cd-448878.html | https://web.archive.org/web/https://sti.vista.gov.vn/publication/view/9adff40ef63a8d1369d3d79d00873f07-31f274dab6ec362c550c75293a9d13cd-448878.html"
"1899","INTE_d4b3988fb5","Intervention","Chăm sóc bàn chân","Kiểm tra thường xuyên để phát hiện sớm tổn thương thần kinh và nhiễm trùng, ngăn ngừa cắt cụt chi. | Kiểm tra bàn chân hàng ngày, cắt tỉa móng chân cẩn thận để ngăn ngừa nhiễm trùng và cắt cụt chi.","https://web.archive.org/web/https://www.vinmec.com/vie/bai-viet/tong-quan-ve-benh-dai-thao-duong-vi | https://www.vinmec.com/vie/bai-viet/tong-quan-ve-benh-dai-thao-duong-vi"
"1900","INTE_d54d2f2703","Intervention","Cải thiện môi trường sống","Đeo khẩu trang khi ra đường, đảm bảo thông thoáng và sạch sẽ ở nhà, nơi làm việc.","https://bachmai.gov.vn/bai-viet/benh-phoi-tac-nghen-man-tinh-hieu-dung-phong-ngua-va-phat-hien-som-cung-chuyen-gia-benh-vien-bach-mai?id=bef483aa-6fde-433a-b2e8-b373eb7903a6"
"1901","INTE_d5cf7e11c3","Intervention","Tầm soát sớm bằng xét nghiệm đường máu","Phát hiện sớm để tư vấn và điều chỉnh lối sống kịp thời.","https://web.archive.org/web/http://soyte.hatinh.gov.vn/tin-tuc-su-kien/thong-tin-y-te/bai-truyen-thong-benh-dai-thao-duong-va-cach-phong-ngua-benh.html"
"1902","INTE_d5f5789d2c","Intervention","Điều trị hạ đường huyết","Cần xử trí ngay khi Glucose máu <3,1 mmol/l. | Cung cấp glucose ngay lập tức để nâng mức đường máu, đặc biệt ở người cao tuổi. | Cung cấp glucose ngay lập tức để nâng mức đường máu, đặc biệt ở người cao tuổi. | Cần xử trí ngay khi Glucose máu <3,1 mmol/l.","https://web.archive.org/web/https://bachmai.gov.vn/bai-viet/bien-chung-cua-benh-dai-thao-duong?id=f17ffc43-5abb-5dcb-54d1-d3887440a421 | https://chanthuongvacotsong.bachmai.gov.vn/bien-chung-cua-benh-dai-thao-duong/ | https://chanthuongvacotsong.bachmai.gov.vn/bien-chung-cua-benh-dai-thao-duong/ | https://web.archive.org/web/https://bachmai.gov.vn/bai-viet/bien-chung-cua-benh-dai-thao-duong?id=f17ffc43-5abb-5dcb-54d1-d3887440a421"
"1903","INTE_d6362892e3","Intervention","Điều trị kiểm soát HbA1C","Các biện pháp điều chỉnh để duy trì mức HbA1C trong giới hạn an toàn.","https://nsti.vista.gov.vn/publication/view/nghien-cuu-dac-diem-lam-sang-can-lam-sang-va-danh-gia-bien-chung-than-o-benh-nhan-dai-thao-duong-type-2-tai-khoa-noi-3-benh-vien-huu-nghi-viet-tiep-hai-phong-350723.html"
"1904","INTE_d7f906a88d","Intervention","Phối hợp thuốc hạ huyết áp","Sử dụng 2 hoặc nhiều loại thuốc để kiểm soát huyết áp hiệu quả hơn.","https://web.archive.org/web/https://chanthuongvacotsong.bachmai.gov.vn/huong-dan-chan-doan-va-dieu-tri-tang-huyet-ap/ | https://chanthuongvacotsong.bachmai.gov.vn/huong-dan-chan-doan-va-dieu-tri-tang-huyet-ap/"
"1905","INTE_d820c8ea73","Intervention","Kiểm tra bàn chân hàng tuần","Phát hiện sớm tổn thương thần kinh ngoại biên để tránh cắt cụt chi.","https://www.vinmec.com/vie/bai-viet/tong-quan-ve-benh-dai-thao-duong-vi"
"1906","INTE_d8e5310ce0","Intervention","Tránh yếu tố kích thích","Điều chỉnh môi trường sống và hành vi để tránh các tác nhân gây hen. | Học cách tránh các yếu tố gây khởi phát cơn hen.","https://benhviennhitrunguong.gov.vn/loi-khuyen-cua-cac-chuyen-gia-di-ung-ve-benh-hen-2.html | https://web.archive.org/web/https://benhviennhitrunguong.gov.vn/loi-khuyen-cua-cac-chuyen-gia-di-ung-ve-benh-hen-2.html"
"1907","INTE_d904fa548e","Intervention","Tiêm vắc-xin phòng cúm","Giảm nguy cơ nhiễm trùng hô hấp, một yếu tố thúc đẩy tiến triển COPD.","https://bachmai.gov.vn/bai-viet/benh-phoi-tac-nghen-man-tinh-hieu-dung-phong-ngua-va-phat-hien-som-cung-chuyen-gia-benh-vien-bach-mai?id=bef483aa-6fde-433a-b2e8-b373eb7903a6"
"1908","INTE_db3f116061","Intervention","Phục hồi chức năng phổi","Chương trình tập luyện, thở, ho và giáo dục sức khỏe.","https://www.vinmec.com/vie/bai-viet/benh-phoi-tac-nghen-man-tinh-copd-vi"
"1909","INTE_dba70cb5b5","Intervention","Bù dịch nhanh","Đặt đường truyền tĩnh mạch lớn, truyền natriclorua 0,9% trong 1 giờ để bù nước.","https://web.archive.org/web/https://benhviendakhoasongma.gov.vn/bai-viet/hon-me-tang-ap-luc-tham-thau-do-dai-thao-duong-210"
"1910","INTE_dcc194f046","Intervention","Kiểm soát chỉ số đường huyết","Mục tiêu điều trị là kiểm soát tốt đường huyết để ngăn ngừa biến chứng.","https://web.archive.org/web/https://xayenmo.ninhbinh.gov.vn/y-te-giao-duc/benh-dai-thao-duong-dau-hieu-nhan-biet-phan-loai-va-dieu-tri-389.html"
"1911","INTE_dd4e447dd5","Intervention","Đo PEF và chức năng hô hấp","Công cụ chẩn đoán và theo dõi tiến triển của bệnh hen.","https://www.vinmec.com/vie/bai-viet/lam-nao-de-chan-doan-hen-phe-quan-vi"
"1912","INTE_dfa275d2c2","Intervention","Sử dụng máy đo huyết áp tại nhà","Giải pháp tiết kiệm, hiệu quả giúp theo dõi huyết áp tại gia đình, hỗ trợ điều trị và giảm biến chứng. | Giải pháp tiết kiệm, hiệu quả giúp theo dõi huyết áp tại gia đình, đặc biệt với người không thể đến bệnh viện thường xuyên.","http://cdc.hatinh.gov.vn/vi/%1Cbenh-khong-lay-nhiem/topic/6029 | https://web.archive.org/web/http://cdc.hatinh.gov.vn/vi/%1Cbenh-khong-lay-nhiem/topic/6029"
"1913","INTE_e0a1a518b1","Intervention","Chế độ dinh dưỡng hợp lý","Tăng cường rau xanh, trái cây ít ngọt, hạn chế đồ ngọt và nước ép. | Giảm lượng carbohydrate, tăng chất xơ và protein lành mạnh để kiểm soát đường huyết. | Ăn nhiều rau xanh, trái cây ít ngọt, hạn chế đồ ngọt và chất béo. | Giảm lượng carbohydrate, tăng protein và chất xơ, giúp kiểm soát glucose máu. | Hạn chế muối, tăng rau xanh và hoa quả nhằm kiểm soát huyết áp. | Hạn chế muối, tăng rau xanh và hoa quả nhằm kiểm soát huyết áp.","https://syt.dongnai.gov.vn/vi/news/Suc-khoe-cong-dong/nhung-bien-chung-nguy-hiem-cua-benh-tieu-duong-2511.html | https://web.archive.org/web/https://www.vinmec.com/vie/bai-viet/tong-quan-ve-benh-dai-thao-duong-vi | https://www.vinmec.com/vie/bai-viet/tong-quan-ve-benh-dai-thao-duong-vi | https://web.archive.org/web/https://syt.dongnai.gov.vn/vi/news/Suc-khoe-cong-dong/nhung-bien-chung-nguy-hiem-cua-benh-tieu-duong-2511.html | https://www.vinmec.com/vie/bai-viet/tong-quan-ve-benh-dai-thao-duong-vi | http://bvhoanghoa.ytethanhhoa.gov.vn/web/khoa-phong-chuc-nang/khoa-phong-chuc-nang/phong-cong-tac-xa-hoi/dieu-can-luu-y-khi-dieu-tri-tang-huyet-ap.html | http://bvhoanghoa.ytethanhhoa.gov.vn/web/khoa-phong-chuc-nang/khoa-phong-chuc-nang/phong-cong-tac-xa-hoi/dieu-can-luu-y-khi-dieu-tri-tang-huyet-ap.html"
"1914","INTE_e198e1678f","Intervention","Điều trị đa thuốc phối hợp","Sử dụng kết hợp các nhóm thuốc để kiểm soát đường huyết, lipid và huyết áp.","https://bachmai.gov.vn/bai-viet/doi-moi-tu-duy-dieu-tri-dai-thao-duong-typ-2-va-chien-luoc-kiem-soat-toan-dien-bien-chung-than-kinh?id=090463d0-4515-40c8-919c-8bebc41e2c01"
"1915","INTE_e1dc7246cc","Intervention","Quản lý huyết áp và cholesterol","Giảm huyết áp và lipid máu để ngăn ngừa biến chứng tim mạch, thận và mắt.","https://www.vinmec.com/vie/bai-viet/tong-quan-ve-benh-dai-thao-duong-vi"
"1916","INTE_e2e197a840","Intervention","Giáo dục bệnh nhân","Giúp bệnh nhân tự quản lý bệnh và tuân thủ điều trị.","https://web.archive.org/web/https://www.benhviendakhoasongma.gov.vn/bai-viet/benh-dai-thao-duong-220"
"1917","INTE_e4d0c195a3","Intervention","Duy trì chế độ ăn uống lành mạnh","Hạn chế thức ăn gây dị ứng, tăng cường vitamin D và chất chống oxy hóa.","https://web.archive.org/web/https://benhviennhitrunguong.gov.vn/tag/hen-phe-quan"
"1918","INTE_e4dd6ac4bd","Intervention","Soi đáy mắt","Phát hiện sớm tổn thương võng mạc để can thiệp kịp thời.","https://bachmai.gov.vn/bai-viet/bien-chung-cua-benh-dai-thao-duong?id=f17ffc43-5abb-5dcb-54d1-d3887440a421"
"1919","INTE_e7e495eb5e","Intervention","Giám sát chặt chẽ trong điều trị","Cần theo dõi liên tục các chỉ số sinh học và tác dụng phụ của thuốc.","https://bachmai.gov.vn/bai-viet/dai-thao-duong-bien-chung-tim-mach-va-than-kinh-ngoai-bien-sat-thu-tham-lang?id=994f4df4-95c1-4760-8aee-8d07a69f9fe1"
"1920","INTE_e87e280338","Intervention","Giáo dục sức khỏe","Cung cấp kiến thức về bệnh, kỹ thuật tiêm insulin và xử trí hạ đường huyết. | Cung cấp kiến thức về bệnh, kỹ thuật tiêm insulin và xử trí hạ đường huyết. | Cung cấp kiến thức về bệnh, kỹ thuật tiêm và xử trí khi hạ đường huyết. | Hành động nhằm nâng cao nhận thức của người bệnh về bệnh đái tháo đường và cách phòng ngừa. | Các hoạt động nhằm nâng cao kiến thức và thay đổi hành vi của người bệnh để phòng ngừa biến chứng. | Các hoạt động giáo dục nhằm nâng cao kiến thức và thay đổi hành vi người bệnh. | Tuyên truyền kiến thức phòng ngừa và điều trị tăng huyết áp. | Tổ chức các buổi sinh hoạt Câu lạc bộ người bệnh để nâng cao nhận thức. | Hỗ trợ bệnh nhân hiểu rõ bệnh để tuân thủ điều trị và phòng ngừa biến chứng. | Tổ chức các buổi sinh hoạt Câu lạc bộ người bệnh để nâng cao nhận thức.","http://soyte.hatinh.gov.vn/tin-tuc-su-kien/thong-tin-y-te/luu-y-khi-dieu-tri-dai-thao-duong-type-1.html | http://soyte.hatinh.gov.vn/tin-tuc-su-kien/thong-tin-y-te/luu-y-khi-dieu-tri-dai-thao-duong-type-1.html | https://web.archive.org/web/http://soyte.hatinh.gov.vn/tin-tuc-su-kien/thong-tin-y-te/luu-y-khi-dieu-tri-dai-thao-duong-type-1.html | https://web.archive.org/web/http://www.tapchiyhocduphong.vn/tap-chi-y-hoc-du-phong/2015/08/kien-thuc-ve-benh-dai-thao-duong-va-mot-so-yeu-to-lien-quan-cua-nguoi-benh-tai-c-o81E20305.html | https://web.archive.org/web/http://www.tapchiyhocduphong.vn/tap-chi-y-hoc-du-phong/2015/08/kien-thuc-ve-benh-dai-thao-duong-va-mot-so-yeu-to-lien-quan-cua-nguoi-benh-tai-c-o81E20305.html | https://web.archive.org/web/http://bvhoanghoa.ytethanhhoa.gov.vn/web/khoa-phong-chuc-nang/khoa-phong-chuc-nang/phong-cong-tac-xa-hoi/dieu-can-luu-y-khi-dieu-tri-tang-huyet-ap.html | https://bachmai.gov.vn/tin-chi-tiet/-/bai-viet/tang-huyet-ap-can-benh-tham-lang-nhung-nguy-hiem-8463-146.html | https://web.archive.org/web/https://bachmai.gov.vn/tin-chi-tiet/-/bai-viet/tang-huyet-ap-can-benh-tham-lang-nhung-nguy-hiem-8463-146.html | https://web.archive.org/web/https://bachmai.gov.vn/tin-chi-tiet/-/bai-viet/tang-huyet-ap-can-benh-tham-lang-nhung-nguy-hiem-8463-146.html"
"1921","INTE_e9478cd242","Intervention","Tránh tự ý dùng thuốc","Không dùng thuốc theo mách bảo để tránh hệ lụy.","https://xayenmo.ninhbinh.gov.vn/y-te-giao-duc/benh-dai-thao-duong-dau-hieu-nhan-biet-phan-loai-va-dieu-tri-389.html"
"1922","INTE_e98b26d193","Intervention","Cá thể hóa điều trị","Điều chỉnh thuốc theo từng đối tượng bệnh nhân, đặc biệt khi dùng kèm nhiều thuốc.","https://bachmai.gov.vn/bai-viet/dai-thao-duong-bien-chung-tim-mach-va-than-kinh-ngoai-bien-sat-thu-tham-lang?id=994f4df4-95c1-4760-8aee-8d07a69f9fe1"
"1923","INTE_eb01015b7b","Intervention","Chẩn đoán và điều trị nguyên nhân thuận lợi","Điều trị nhiễm khuẩn (viêm phổi, nhiễm khuẩn tiết niệu) hoặc bệnh lý kèm theo.","https://web.archive.org/web/https://benhviendakhoasongma.gov.vn/bai-viet/hon-me-tang-ap-luc-tham-thau-do-dai-thao-duong-210"
"1924","INTE_ec6285ff80","Intervention","Sàng lọc và chẩn đoán sớm","Xác định người có yếu tố nguy cơ, sàng lọc và chuyển tuyến khi cần.","https://web.archive.org/web/https://vncdc.gov.vn/quan-ly-benh-dai-thao-duong-nd14581.html"
"1925","INTE_eccc2f4353","Intervention","Chế độ ăn và luyện tập","Hướng dẫn bệnh nhân tuân thủ để kiểm soát đường huyết và giảm nguy cơ biến chứng. | Phương pháp điều trị nền tảng, kết hợp với thuốc. | Là biện pháp điều trị nền tảng để kiểm soát bệnh đái tháo đường. | Phương pháp điều trị nền tảng, kết hợp với thuốc.","https://nsti.vista.gov.vn/publication/view/nghien-cuu-dac-diem-lam-sang-can-lam-sang-va-danh-gia-bien-chung-than-o-benh-nhan-dai-thao-duong-type-2-tai-khoa-noi-3-benh-vien-huu-nghi-viet-tiep-hai-phong-350723.html | https://web.archive.org/web/https://chanthuongvacotsong.bachmai.gov.vn/huong-dan-chan-doan-va-dieu-tri-dai-thao-duong-type-2/ | https://nsti.vista.gov.vn/publication/view/nghien-cuu-dac-diem-lam-sang-can-lam-sang-va-danh-gia-bien-chung-than-o-benh-nhan-dai-thao-duong-type-2-tai-khoa-noi-3-benh-vien-huu-nghi-viet-tiep-hai-phong-350723.html | https://web.archive.org/web/https://chanthuongvacotsong.bachmai.gov.vn/huong-dan-chan-doan-va-dieu-tri-dai-thao-duong-type-2/"
"1926","INTE_ed86bdcc6c","Intervention","Chuyển tuyến chuyên khoa","Khi có THA kháng trị, tiến triển hoặc nghi ngờ nguyên nhân thứ phát. | Chuyển bệnh nhân đến tuyến trên khi có biến chứng hoặc kháng trị.","https://web.archive.org/web/https://vncdc.gov.vn/huong-dan-chan-doan-va-dieu-tri-tang-huyet-ap-nd14594.html | https://web.archive.org/web/https://chanthuongvacotsong.bachmai.gov.vn/huong-dan-chan-doan-va-dieu-tri-tang-huyet-ap/ | https://chanthuongvacotsong.bachmai.gov.vn/huong-dan-chan-doan-va-dieu-tri-tang-huyet-ap/"
"1927","INTE_ee228c5b79","Intervention","Phẫu thuật điều trị hen","Dùng thiết bị sóng radio để dãn đường thở, chỉ cho người 18 tuổi trở lên.","https://benhviennhitrunguong.gov.vn/loi-khuyen-cua-cac-chuyen-gia-di-ung-ve-benh-hen-2.html"
"1928","INTE_ef51342b35","Intervention","Chế độ ăn uống lành mạnh","Giảm lượng đường, tăng chất xơ, ưu tiên thực phẩm nguyên hạt.","https://web.archive.org/web/https://benhvienquynhon.gov.vn/tin-tuc/hoat-dong-cua-ttyt/dai-thao-duong-va-nhung-dieu-ban-can-biet/ | https://benhvienquynhon.gov.vn/tin-tuc/hoat-dong-cua-ttyt/dai-thao-duong-va-nhung-dieu-ban-can-biet/ | https://web.archive.org/web/https://benhvienquynhon.gov.vn/tin-tuc/hoat-dong-cua-ttyt/dai-thao-duong-va-nhung-dieu-ban-can-biet/"
"1929","INTE_f089bf431d","Intervention","Dùng thuốc dự phòng theo chỉ dẫn bác sĩ","Để dự phòng cơn hen ở người có nguy cơ cao.","http://phacdo.soytequangninh.gov.vn/news/chuyen-khoa-sau/phong-benh-hen-phe-quan-khi-thoi-tiet-thay-doi.html | https://web.archive.org/web/http://phacdo.soytequangninh.gov.vn/news/chuyen-khoa-sau/phong-benh-hen-phe-quan-khi-thoi-tiet-thay-doi.html | http://phacdo.soytequangninh.gov.vn/news/chuyen-khoa-sau/phong-benh-hen-phe-quan-khi-thoi-tiet-thay-doi.html"
"1930","INTE_f0bc5117c0","Intervention","Không uống rượu bia","Tránh tác động tiêu cực của cồn lên hệ tuần hoàn và tim mạch.","https://soyte.tuyenquang.gov.vn/tin-tuc/tang-huyet-ap-va-nhung-bien-chung-nguy-hiem.html"
"1931","INTE_f0bc5117c0","Intervention","Không uống rượu, bia","Tránh rượu để không làm tổn thương mạch máu và tăng huyết áp. | Tránh tác động của cồn lên hệ tuần hoàn và huyết áp.","https://soyte.tuyenquang.gov.vn/tin-tuc/tang-huyet-ap-va-nhung-bien-chung-nguy-hiem.html | https://web.archive.org/web/https://soyte.tuyenquang.gov.vn/tin-tuc/tang-huyet-ap-va-nhung-bien-chung-nguy-hiem.html"
"1932","INTE_f1821a3a4d","Intervention","Theo dõi huyết áp tại nhà","Đo liên tục và ghi lại để phát hiện sớm bất thường, báo ngay cho bác sĩ. | Giúp phát hiện sớm bất thường và điều chỉnh phác đồ điều trị kịp thời. | Giúp bệnh nhân tự theo dõi, ghi chép và báo cáo cho bác sĩ để điều chỉnh thuốc và lối sống. | Đo huyết áp hai lần mỗi ngày, ghi chép kết quả để theo dõi và điều chỉnh thuốc. | Ghi lại kết quả đo huyết áp để theo dõi và điều chỉnh thuốc, chế độ sống.","https://web.archive.org/web/https://www.vinmec.com/vie/bai-viet/suy-o-nguoi-bi-cao-huyet-ap-nhung-dieu-can-chu-y-vi | https://www.vinmec.com/vie/bai-viet/suy-o-nguoi-bi-cao-huyet-ap-nhung-dieu-can-chu-y-vi | https://web.archive.org/web/http://bvhoanghoa.ytethanhhoa.gov.vn/web/khoa-phong-chuc-nang/khoa-phong-chuc-nang/to-cong-tac-xa-hoi/dieu-can-luu-y-khi-dieu-tri-tang-huyet-ap.html | https://web.archive.org/web/http://bvhoanghoa.ytethanhhoa.gov.vn/web/khoa-phong-chuc-nang/khoa-phong-chuc-nang/phong-cong-tac-xa-hoi/dieu-can-luu-y-khi-dieu-tri-tang-huyet-ap.html | https://web.archive.org/web/http://bvhoanghoa.ytethanhhoa.gov.vn/web/khoa-phong-chuc-nang/khoa-phong-chuc-nang/to-cong-tac-xa-hoi/dieu-can-luu-y-khi-dieu-tri-tang-huyet-ap.html"
"1933","INTE_f2307fbf3a","Intervention","Sử dụng thiết bị hỗ trợ hô hấp","Các thiết bị y tế giúp duy trì chức năng hô hấp và kiểm soát bệnh tốt hơn.","https://medlatec.vn/tin-tuc/benh-nhan-phoi-tac-nghen-phoi-man-tinh-song-duoc-bao-lau-cai-thien-tuoi-tho-bang-cach-nao"
"1934","INTE_f2b812b71e","Intervention","Nếp sinh hoạt lành mạnh","Ăn đủ bữa, không thức khuya, ngủ đủ giấc, giữ tâm trạng thoải mái.","http://soyte.hatinh.gov.vn/tin-tuc-su-kien/pho-bien-kien-thuc/4-bien-phap-chu-yeu-phong-benh-tang-huyet-ap.html | https://web.archive.org/web/http://soyte.hatinh.gov.vn/tin-tuc-su-kien/pho-bien-kien-thuc/4-bien-phap-chu-yeu-phong-benh-tang-huyet-ap.html"
"1935","INTE_f37a127e1e","Intervention","Kiểm soát cân nặng","Giảm nguy cơ biến chứng và cải thiện nhạy cảm insulin. | Giảm béo phì giúp hạ huyết áp. | Giảm 7-10% cân nặng trong năm đầu tiên để kiểm soát huyết áp. | Giảm khối lượng cơ thể để giảm gánh nặng cho tim mạch. | Duy trì cân nặng hợp lý để giảm nguy cơ THA. | Giảm cân nếu béo phì để giảm gánh nặng cho tim mạch. | Giảm béo phì để giảm gánh nặng cho tim mạch và huyết áp. | Giảm khối lượng cơ thể giúp giảm gánh nặng cho tim và mạch.","https://web.archive.org/web/http://bvthanhpho.ytethanhhoa.gov.vn/web/trang-chu/khoa-phong-chuc-nang/khoa-lam-sang/khoa-noi-nhi/benh-dai-thao-duong-va-dau-hieu-nhan-biet-benh-dai-thao-duong.html | https://chanthuongvacotsong.bachmai.gov.vn/cao-huyet-ap-am-tham-ma-rat-hiem/ | https://web.archive.org/web/https://tamanhhospital.vn/tang-huyet-ap-trong-benh-than/ | https://soyte.tuyenquang.gov.vn/tin-tuc/tang-huyet-ap-va-nhung-bien-chung-nguy-hiem.html | https://web.archive.org/web/http://soyte.hatinh.gov.vn/tin-tuc-su-kien/pho-bien-kien-thuc/4-bien-phap-chu-yeu-phong-benh-tang-huyet-ap.html | http://soyte.hatinh.gov.vn/tin-tuc-su-kien/pho-bien-kien-thuc/4-bien-phap-chu-yeu-phong-benh-tang-huyet-ap.html | https://web.archive.org/web/https://vncdc.gov.vn/4-bien-phap-chu-yeu-phong-benh-tang-huyet-ap-nd14878.html | https://soyte.tuyenquang.gov.vn/tin-tuc/tang-huyet-ap-va-nhung-bien-chung-nguy-hiem.html | https://web.archive.org/web/https://soyte.tuyenquang.gov.vn/tin-tuc/tang-huyet-ap-va-nhung-bien-chung-nguy-hiem.html | https://chanthuongvacotsong.bachmai.gov.vn/cao-huyet-ap-am-tham-ma-rat-hiem/"
"1936","INTE_f3c2f798a9","Intervention","Khám sức khỏe định kỳ","Cảnh báo sớm thông qua xét nghiệm tăng acid uric máu và gen FTO. | Kiểm tra đường huyết hằng năm để phát hiện sớm. | Giúp kiểm soát tốt các yếu tố nguy cơ như tăng huyết áp, đái tháo đường. | Để phát hiện sớm tăng huyết áp và các biến chứng tiềm ẩn, đặc biệt ở người cao tuổi hoặc có yếu tố nguy cơ.","https://web.archive.org/web/https://sti.vista.gov.vn/projects/udnv/nghien-cuu-thuan-tap-5-nam-ve-benh-dai-thao-duong-typ-2-va-hoi-chung-chuyen-hoa-o-nguoi-viet-nam-vai-tro-yeu-to-di-truyen-va-loi-song-4221.html | https://web.archive.org/web/https://syt.dongnai.gov.vn/vi/news/Suc-khoe-cong-dong/nhung-bien-chung-nguy-hiem-cua-benh-tieu-duong-2511.html | https://web.archive.org/web/https://bachmai.gov.vn/bai-viet/nhan-biet-dieu-tri-va-cham-soc-nguoi-benh-suy-tim?id=f55f8d26-9341-41d6-a243-00f543335069 | https://web.archive.org/web/http://bvhoanghoa.ytethanhhoa.gov.vn/web/khoa-phong-chuc-nang/khoa-phong-chuc-nang/to-cong-tac-xa-hoi/dieu-can-luu-y-khi-dieu-tri-tang-huyet-ap.html"
"1937","INTE_f4c67efcad","Intervention","Phối hợp thuốc","Sử dụng kết hợp 2 hoặc nhiều loại thuốc để đạt hiệu quả kiểm soát tốt hơn.","https://web.archive.org/web/https://bachmai.gov.vn/bai-viet/doi-moi-tu-duy-dieu-tri-dai-thao-duong-typ-2-va-chien-luoc-kiem-soat-toan-dien-bien-chung-than-kinh?id=090463d0-4515-40c8-919c-8bebc41e2c01"
"1938","INTE_f54a42e881","Intervention","Xét nghiệm Ceton trong nước tiểu","Dùng để chẩn đoán nhiễm toan ceton.","https://web.archive.org/web/https://bachmai.gov.vn/bai-viet/bien-chung-cua-benh-dai-thao-duong?id=f17ffc43-5abb-5dcb-54d1-d3887440a421"
"1939","INTE_f58ab1e35d","Intervention","Chế độ dinh dưỡng","Cân bằng lượng tinh bột, chất đạm, chất béo và vitamin để kiểm soát đường huyết. | Chọn thực phẩm nguyên hạt, hạn chế đường và chất béo xấu. | Chế độ ăn uống kiểm soát đường huyết, giàu chất xơ và ít đường. | Hạn chế đường nhanh, có thể dùng chất ngọt thay thế như sacharin.","http://soyte.hatinh.gov.vn/tin-tuc-su-kien/thong-tin-y-te/luu-y-khi-dieu-tri-dai-thao-duong-type-1.html | http://soyte.hatinh.gov.vn/tin-tuc-su-kien/thong-tin-y-te/luu-y-khi-dieu-tri-dai-thao-duong-type-1.html | https://web.archive.org/web/http://soyte.hatinh.gov.vn/tin-tuc-su-kien/thong-tin-y-te/luu-y-khi-dieu-tri-dai-thao-duong-type-1.html | https://syt.dongnai.gov.vn/vi/news/Suc-khoe-cong-dong/nhung-bien-chung-nguy-hiem-cua-benh-tieu-duong-2511.html | https://web.archive.org/web/https://syt.dongnai.gov.vn/vi/news/Suc-khoe-cong-dong/nhung-bien-chung-nguy-hiem-cua-benh-tieu-duong-2511.html | https://web.archive.org/web/https://bachmai.gov.vn/tin-chi-tiet/-/bai-viet/chan-doan-som-benh-dai-thao-duong-tip-2-9427-146.html"
"1940","INTE_f5ba36fc64","Intervention","Phẫu thuật hẹp động mạch thận","Điều trị hẹp động mạch dẫn đến thận, giúp phục hồi tưới máu.","https://tamanhhospital.vn/tang-huyet-ap-thu-phat/"
"1941","INTE_f774f2bbfa","Intervention","Tự theo dõi huyết áp tại nhà","Để phát hiện sớm biến chứng và điều chỉnh thuốc kịp thời.","https://www.vinmec.com/vie/bai-viet/dieu-tri-tang-huyet-ap-kem-suy-man-vi"
"1942","INTE_f7e9a98dd5","Intervention","Không hút thuốc, không uống rượu","Giảm nguy cơ tổn thương mạch máu và thận.","https://benhvientinh.caobang.gov.vn/index.php/vi/news/tin-tuc-su-kien/bien-chung-than-do-dai-thao-duong-6-dieu-nguoi-benh-phai-chu-y-710.html"
"1943","INTE_f7f2b8769c","Intervention","Định lượng Glucose máu","Cần định lượng Glucose máu để chẩn đoán và xử trí kịp thời biến chứng hạ đường huyết. | Cần định lượng Glucose máu để chẩn đoán và xử trí hạ glucose máu. | Cần định lượng Glucose máu để chẩn đoán và xử trí hạ glucose máu. | Cần định lượng Glucose máu để chẩn đoán và xử trí hạ glucose máu. | Cần định lượng Glucose máu để chẩn đoán và xử trí hạ glucose máu. | Cần định lượng Glucose máu để chẩn đoán và xử trí kịp thời biến chứng hạ đường huyết. | Cần định lượng Glucose máu để chẩn đoán và xử trí hạ glucose máu. | Cần định lượng Glucose máu để chẩn đoán và xử trí kịp thời biến chứng hạ đường huyết. | Cần định lượng Glucose máu để chẩn đoán và xử trí hạ glucose máu. | Cần định lượng để chẩn đoán và xử trí hạ glucose máu, đặc biệt ở người cao tuổi. | Cần định lượng Glucose máu để chẩn đoán và xử trí hạ glucose máu. | Cần định lượng Glucose máu để chẩn đoán và xử trí hạ glucose máu. | Cần định lượng Glucose máu để chẩn đoán và xử trí kịp thời biến chứng hạ đường huyết.","https://web.archive.org/web/https://bachmai.gov.vn/bai-viet/bien-chung-cua-benh-dai-thao-duong?id=f17ffc43-5abb-5dcb-54d1-d3887440a421 | https://web.archive.org/web/https://bachmai.gov.vn/bai-viet/bien-chung-cua-benh-dai-thao-duong?id=f17ffc43-5abb-5dcb-54d1-d3887440a421 | https://bachmai.gov.vn/bai-viet/bien-chung-cua-benh-dai-thao-duong?id=f17ffc43-5abb-5dcb-54d1-d3887440a421 | https://web.archive.org/web/https://bachmai.gov.vn/bai-viet/bien-chung-cua-benh-dai-thao-duong?id=f17ffc43-5abb-5dcb-54d1-d3887440a421"
"1944","INTE_fb2e00723a","Intervention","Can thiệp sớm tổn thương thần kinh","Phát hiện và can thiệp kịp thời để ngăn ngừa loét, hoại tử và cắt cụt chi.","https://bachmai.gov.vn/bai-viet/doi-moi-tu-duy-dieu-tri-dai-thao-duong-typ-2-va-chien-luoc-kiem-soat-toan-dien-bien-chung-than-kinh?id=090463d0-4515-40c8-919c-8bebc41e2c01"
"1945","INTE_fc4536d07d","Intervention","Tầm soát COPD","Điều tra sớm để phát hiện bệnh trước khi tiến triển nặng, giúp quản lý tốt hơn. | Điều tra sớm bằng xét nghiệm hô hấp ký, đặc biệt cho người có yếu tố nguy cơ. | Điều tra sớm các dấu hiệu bệnh thông qua xét nghiệm hô hấp ký, giúp phát hiện và quản lý bệnh kịp thời. | Điều tra sớm bệnh thông qua đo chức năng thông khí, giúp phát hiện và quản lý kịp thời. | Điều tra sớm các dấu hiệu lâm sàng và thực hiện đo chức năng thông khí để phát hiện bệnh ở giai đoạn đầu. | Khám sàng lọc sớm để phát hiện bệnh trước khi tiến triển nặng, giúp quản lý tốt và cải thiện chất lượng sống.","https://web.archive.org/web/https://bachmai.gov.vn/bai-viet/benh-phoi-tac-nghen-man-tinh-hieu-dung-phong-ngua-va-phat-hien-som-cung-chuyen-gia-benh-vien-bach-mai?id=bef483aa-6fde-433a-b2e8-b373eb7903a6 | https://web.archive.org/web/https://bachmai.gov.vn/bai-viet/benh-phoi-tac-nghen-man-tinh-hieu-dung-phong-ngua-va-phat-hien-som-cung-chuyen-gia-benh-vien-bach-mai?id=bef483aa-6fde-433a-b2e8-b373eb7903a6 | https://bachmai.gov.vn/bai-viet/benh-phoi-tac-nghen-man-tinh-hieu-dung-phong-ngua-va-phat-hien-som-cung-chuyen-gia-benh-vien-bach-mai?id=bef483aa-6fde-433a-b2e8-b373eb7903a6"
"1946","INTE_fc90b9e2e5","Intervention","Tập thể dục và dinh dưỡng khoa học","Cải thiện sức khỏe tổng thể, tăng cường miễn dịch và chức năng phổi.","https://bachmai.gov.vn/bai-viet/benh-phoi-tac-nghen-man-tinh-hieu-dung-phong-ngua-va-phat-hien-som-cung-chuyen-gia-benh-vien-bach-mai?id=bef483aa-6fde-433a-b2e8-b373eb7903a6"
"1947","INTE_fd186da174","Intervention","Điều trị bằng clopidogrel kéo dài","Chương trình điều trị dùng clopidogrel trong thời gian dài nhằm ngăn ngừa sự kiện tim mạch.","https://web.archive.org/web/http://www.tapchiyhocduphong.vn/tap-chi-y-hoc-du-phong/2019/09/nguy-co-bien-co-tim-mach-o-benh-nhan-su-dung-clopidogrel-mac-va-khong-mac-dai-th-o81E2084E.html"
"1948","INTE_fe5e046579","Intervention","Hạn chế rượu bia và thuốc lá","Nguyên tắc sinh hoạt lành mạnh để kiểm soát bệnh. | Người bệnh cần bỏ thuốc lá, hạn chế rượu bia để kiểm soát đường huyết. | Người bệnh cần bỏ thuốc lá, hạn chế rượu bia để kiểm soát bệnh. | Người bệnh cần bỏ thuốc lá, hạn chế rượu bia để kiểm soát bệnh. | Người bệnh cần bỏ thuốc lá, hạn chế rượu bia để kiểm soát bệnh. | Nguyên tắc sinh hoạt lành mạnh để kiểm soát bệnh.","https://xayenmo.ninhbinh.gov.vn/y-te-giao-duc/benh-dai-thao-duong-dau-hieu-nhan-biet-phan-loai-va-dieu-tri-389.html | https://xayenmo.ninhbinh.gov.vn/y-te-giao-duc/benh-dai-thao-duong-dau-hieu-nhan-biet-phan-loai-va-dieu-tri-389.html | https://web.archive.org/web/https://xayenmo.ninhbinh.gov.vn/y-te-giao-duc/benh-dai-thao-duong-dau-hieu-nhan-biet-phan-loai-va-dieu-tri-389.html | https://xayenmo.ninhbinh.gov.vn/y-te-giao-duc/benh-dai-thao-duong-dau-hieu-nhan-biet-phan-loai-va-dieu-tri-389.html | https://xayenmo.ninhbinh.gov.vn/y-te-giao-duc/benh-dai-thao-duong-dau-hieu-nhan-biet-phan-loai-va-dieu-tri-389.html"
"1949","INTE_fec4119a80","Intervention","Chế độ dinh dưỡng tốt","Giúp tăng cường sức đề kháng và ngăn ngừa cơn hen.","http://phacdo.soytequangninh.gov.vn/news/chuyen-khoa-sau/phong-benh-hen-phe-quan-khi-thoi-tiet-thay-doi.html"
"1950","INTE_ff21b6b3a8","Intervention","Kê cao đầu khi ngủ","Giúp giảm khó thở về đêm bằng cách cải thiện lưu thông khí trong phổi.","https://web.archive.org/web/https://bachmai.gov.vn/bai-viet/nhan-biet-dieu-tri-va-cham-soc-nguoi-benh-suy-tim?id=f55f8d26-9341-41d6-a243-00f543335069"
"1951","INTE_ffc7e74782","Intervention","Tư vấn bệnh nhân","Giúp người bệnh hiểu lợi ích và nguy cơ của thuốc để hạn chế độc tính.","https://bachmai.gov.vn/bai-viet/dai-thao-duong-bien-chung-tim-mach-va-than-kinh-ngoai-bien-sat-thu-tham-lang?id=994f4df4-95c1-4760-8aee-8d07a69f9fe1"
