"node_index","node_id","node_type","node_name","node_description","node_source"
"996","RISK_0092ab3a09","RiskFactor","Thiếu tầm soát định kỳ","Không phát hiện sớm dẫn đến tiến triển nặng. | Không phát hiện sớm protein niệu hoặc tổn thương thận, dẫn đến tiến triển nặng. | Là yếu tố nguy cơ dẫn đến phát hiện muộn biến chứng thần kinh, gây hậu quả nặng nề.","https://web.archive.org/web/https://benhvientinh.caobang.gov.vn/index.php/vi/news/tin-tuc-su-kien/bien-chung-than-do-dai-thao-duong-6-dieu-nguoi-benh-phai-chu-y-710.html | https://benhvientinh.caobang.gov.vn/index.php/vi/news/tin-tuc-su-kien/bien-chung-than-do-dai-thao-duong-6-dieu-nguoi-benh-phai-chu-y-710.html | https://web.archive.org/web/https://bachmai.gov.vn/bai-viet/doi-moi-tu-duy-dieu-tri-dai-thao-duong-typ-2-va-chien-luoc-kiem-soat-toan-dien-bien-chung-than-kinh?id=090463d0-4515-40c8-919c-8bebc41e2c01"
"997","RISK_011f2bd641","RiskFactor","Yếu tố di truyền","Các biến thể gen (như đa hình gen) được phân tích để xác định vai trò trong nguy cơ mắc bệnh. | Được nghiên cứu để xác định vai trò trong đáp ứng can thiệp và tiên lượng bệnh. | Các biến thể gen (như đa hình gen) có vai trò trong nguy cơ mắc bệnh và phản ứng can thiệp. | Người có người thân cận kề mắc đái tháo đường týp 2 có nguy cơ cao hơn. | Gia đình có người bị hen phế quản làm tăng nguy cơ mắc bệnh.","https://vista.gov.vn/vi/news/ket-qua-nghien-cuu-trien-khai/nghien-cuu-thuan-tap-5-nam-ve-benh-dai-thao-duong-typ-2-va-hoi-chung-chuyen-hoa-o-nguoi-viet-nam-vai-tro-yeu-to-di-truyen-va-loi-song-8330.html | https://web.archive.org/web/https://vista.gov.vn/vi/news/ket-qua-nghien-cuu-trien-khai/nghien-cuu-thuan-tap-5-nam-ve-benh-dai-thao-duong-typ-2-va-hoi-chung-chuyen-hoa-o-nguoi-viet-nam-vai-tro-yeu-to-di-truyen-va-loi-song-8330.html | https://web.archive.org/web/https://vista.gov.vn/vi/news/ket-qua-nghien-cuu-trien-khai/nghien-cuu-thuan-tap-5-nam-ve-benh-dai-thao-duong-typ-2-va-hoi-chung-chuyen-hoa-o-nguoi-viet-nam-vai-tro-yeu-to-di-truyen-va-loi-song-8330.html | https://web.archive.org/web/https://vista.gov.vn/vi/news/ket-qua-nghien-cuu-trien-khai/nghien-cuu-thuan-tap-5-nam-ve-benh-dai-thao-duong-typ-2-va-hoi-chung-chuyen-hoa-o-nguoi-viet-nam-vai-tro-yeu-to-di-truyen-va-loi-song-8330.html | https://vista.gov.vn/vi/news/ket-qua-nghien-cuu-trien-khai/nghien-cuu-thuan-tap-5-nam-ve-benh-dai-thao-duong-typ-2-va-hoi-chung-chuyen-hoa-o-nguoi-viet-nam-vai-tro-yeu-to-di-truyen-va-loi-song-8330.html | https://web.archive.org/web/https://vncdc.gov.vn/huong-dan-chan-doan-va-dieu-tri-benh-dai-thao-duong-tuyp-2-nd14582.html | http://phacdo.soytequangninh.gov.vn/news/tin-tuc-su-kien/hen-phe-quan-hieu-dung-de-song-khoe-dieu-tri-hieu-qua-phong-ngua-chu-dong.html"
"998","RISK_0193f32a50","RiskFactor","Nơi ở xa trung tâm y tế","Khó khăn trong tiếp cận dịch vụ khám chữa bệnh ảnh hưởng đến tuân thủ điều trị.","https://web.archive.org/web/http://www.tapchiyhocduphong.vn/tap-chi-y-hoc-du-phong/2021/09/tuan-thu-dieu-tri-va-cac-yeu-to-lien-quan-o-benh-nhan-dai-thao-duong-tuyp-2-dieu-o81E20B40.html"
"999","RISK_01ad8a5559","RiskFactor","Sử dụng thuốc Biguanide thế hệ 1","Gây nhiễm toan acid lactic do giảm khả năng đào thải acid lactic.","https://web.archive.org/web/https://bachmai.gov.vn/bai-viet/bien-chung-cua-benh-dai-thao-duong?id=f17ffc43-5abb-5dcb-54d1-d3887440a421"
"1000","RISK_02161c64d8","RiskFactor","Không tuân thủ điều trị","Gây mất kiểm soát đường huyết, dễ dẫn đến hôn mê tăng áp lực thẩm thấu. | Gây biến chứng do không dùng insulin đúng liều hoặc không theo dõi đường huyết. | Là nguyên nhân chính dẫn đến biến chứng thận do đái tháo đường. | Là nguyên nhân chính dẫn đến biến chứng thận. | Gây biến chứng do không dùng insulin đúng liều hoặc không theo dõi đường huyết. | Gây biến chứng do không dùng insulin đúng liều hoặc không theo dõi đường huyết. | Nguyên nhân chính dẫn đến biến chứng do thiếu kiểm soát đường huyết. | Dẫn đến thất bại trong kiểm soát huyết áp và đường huyết. | Dùng thuốc không đúng giờ, liều lượng dẫn đến mất kiểm soát đường huyết. | Là yếu tố nguy cơ làm tăng nguy cơ biến chứng tim mạch và thần kinh ngoại biên, đặc biệt ở người bệnh ĐTĐ típ 2. | Là nguyên nhân chính dẫn đến biến chứng thận. | Là nguyên nhân chính dẫn đến tỷ lệ biến chứng thận cao. | Gây ra tình trạng kháng thuốc và biến chứng nặng do không dùng thuốc đúng liều. | Là nguyên nhân chính dẫn đến tỷ lệ biến chứng cao. | Là nguyên nhân chính dẫn đến tỷ lệ biến chứng thận cao. | Người bệnh không tuân thủ chỉ định thuốc hạ đường huyết và chế độ sinh hoạt. | Làm tăng nguy cơ biến chứng và làm mất cơ hội kiểm soát huyết áp. | Là yếu tố làm tăng nguy cơ biến chứng và thất bại trong điều trị. | Gây thất bại trong kiểm soát huyết áp, dẫn đến biến chứng. | Dẫn đến thất bại trong việc kiểm soát huyết áp và gia tăng biến chứng. | Gây thất bại trong kiểm soát huyết áp, dẫn đến biến chứng. | Người bệnh không uống thuốc đúng liều, đúng giờ sẽ không kiểm soát được huyết áp. | Người bệnh không uống thuốc đúng liều lượng hoặc không theo dõi huyết áp thường xuyên. | Là yếu tố nguy cơ chính dẫn đến biến chứng tim mạch do không kiểm soát huyết áp. | Người bệnh không uống thuốc hoặc không kiểm soát huyết áp sẽ có nguy cơ biến chứng cao. | Làm tăng nguy cơ biến chứng do không kiểm soát được huyết áp. | Không dùng thuốc dự phòng hoặc không khám định kỳ dẫn đến cơn hen cấp. | Nguyên nhân khiến COPD tiến triển nhanh do không kiểm soát triệu chứng và không dùng thuốc đúng cách. | Nguyên nhân khiến COPD tiến triển nhanh do không kiểm soát triệu chứng và không dùng thuốc đúng cách.","https://web.archive.org/web/https://benhviendakhoasongma.gov.vn/bai-viet/hon-me-tang-ap-luc-tham-thau-do-dai-thao-duong-210 | https://web.archive.org/web/https://benhvientinh.caobang.gov.vn/index.php/vi/news/tin-tuc-su-kien/bien-chung-than-do-dai-thao-duong-6-dieu-nguoi-benh-phai-chu-y-710.html | http://soyte.hatinh.gov.vn/tin-tuc-su-kien/thong-tin-y-te/luu-y-khi-dieu-tri-dai-thao-duong-type-1.html | https://benhvientinh.caobang.gov.vn/index.php/vi/news/tin-tuc-su-kien/bien-chung-than-do-dai-thao-duong-6-dieu-nguoi-benh-phai-chu-y-710.html | http://soyte.hatinh.gov.vn/tin-tuc-su-kien/thong-tin-y-te/luu-y-khi-dieu-tri-dai-thao-duong-type-1.html | http://soyte.hatinh.gov.vn/tin-tuc-su-kien/thong-tin-y-te/luu-y-khi-dieu-tri-dai-thao-duong-type-1.html | https://web.archive.org/web/http://soyte.hatinh.gov.vn/tin-tuc-su-kien/thong-tin-y-te/luu-y-khi-dieu-tri-dai-thao-duong-type-1.html | https://bachmai.gov.vn/bai-viet/kiem-soat-huyet-ap-va-can-nang-o-benh-nhan-dai-thao-duong-tip-2-viet-nam?id=d4b1411f-1da7-74f4-b337-1b88457dd69b | https://benhvientinh.caobang.gov.vn/index.php/vi/news/dich-vu/tiep-nhan-dieu-tri-benh-nhan-dai-thao-duong-tuyp-2-co-bien-chung-mo-mat-do-khong-di-kham-va-tam-soat-som-443.html | https://bachmai.gov.vn/bai-viet/dai-thao-duong-bien-chung-tim-mach-va-than-kinh-ngoai-bien-sat-thu-tham-lang?id=994f4df4-95c1-4760-8aee-8d07a69f9fe1 | https://benhvientinh.caobang.gov.vn/index.php/vi/news/tin-tuc-su-kien/bien-chung-than-do-dai-thao-duong-6-dieu-nguoi-benh-phai-chu-y-710.html | https://benhvientinh.caobang.gov.vn/index.php/vi/news/tin-tuc-su-kien/bien-chung-than-do-dai-thao-duong-6-dieu-nguoi-benh-phai-chu-y-710.html | https://web.archive.org/web/https://benhvientinh.caobang.gov.vn/index.php/vi/news/tin-tuc-su-kien/bien-chung-than-do-dai-thao-duong-6-dieu-nguoi-benh-phai-chu-y-710.html | https://bachmai.gov.vn/tin-chi-tiet/-/bai-viet/cap-nhat-chan-doan-dieu-tri-benh-dai-thao-duong-va-bien-chung-8971-144.html | https://benhvientinh.caobang.gov.vn/index.php/vi/news/tin-tuc-su-kien/bien-chung-than-do-dai-thao-duong-6-dieu-nguoi-benh-phai-chu-y-710.html | https://web.archive.org/web/https://benhvientinh.caobang.gov.vn/index.php/vi/news/tin-tuc-su-kien/bien-chung-than-do-dai-thao-duong-6-dieu-nguoi-benh-phai-chu-y-710.html | https://web.archive.org/web/http://www.tapchiyhocduphong.vn/tap-chi-y-hoc-du-phong/2015/08/kien-thuc-ve-benh-dai-thao-duong-va-mot-so-yeu-to-lien-quan-cua-nguoi-benh-tai-c-o81E20305.html | https://web.archive.org/web/http://bvhoanghoa.ytethanhhoa.gov.vn/web/khoa-phong-chuc-nang/khoa-phong-chuc-nang/phong-cong-tac-xa-hoi/dieu-can-luu-y-khi-dieu-tri-tang-huyet-ap.html | http://bvhoanghoa.ytethanhhoa.gov.vn/web/khoa-phong-chuc-nang/khoa-phong-chuc-nang/phong-cong-tac-xa-hoi/dieu-can-luu-y-khi-dieu-tri-tang-huyet-ap.html | https://web.archive.org/web/http://bvhoanghoa.ytethanhhoa.gov.vn/web/khoa-phong-chuc-nang/khoa-phong-chuc-nang/phong-cong-tac-xa-hoi/dieu-can-luu-y-khi-dieu-tri-tang-huyet-ap.html | http://bvhoanghoa.ytethanhhoa.gov.vn/web/khoa-phong-chuc-nang/khoa-phong-chuc-nang/to-cong-tac-xa-hoi/dieu-can-luu-y-khi-dieu-tri-tang-huyet-ap.html | http://bvhoanghoa.ytethanhhoa.gov.vn/web/khoa-phong-chuc-nang/khoa-phong-chuc-nang/phong-cong-tac-xa-hoi/dieu-can-luu-y-khi-dieu-tri-tang-huyet-ap.html | https://web.archive.org/web/http://bvhoanghoa.ytethanhhoa.gov.vn/web/khoa-phong-chuc-nang/khoa-phong-chuc-nang/phong-cong-tac-xa-hoi/dieu-can-luu-y-khi-dieu-tri-tang-huyet-ap.html | http://bvhoanghoa.ytethanhhoa.gov.vn/web/khoa-phong-chuc-nang/khoa-phong-chuc-nang/phong-cong-tac-xa-hoi/dieu-can-luu-y-khi-dieu-tri-tang-huyet-ap.html | http://bvhoanghoa.ytethanhhoa.gov.vn/web/khoa-phong-chuc-nang/khoa-phong-chuc-nang/to-cong-tac-xa-hoi/dieu-can-luu-y-khi-dieu-tri-tang-huyet-ap.html | https://web.archive.org/web/http://bvhoanghoa.ytethanhhoa.gov.vn/web/khoa-phong-chuc-nang/khoa-phong-chuc-nang/to-cong-tac-xa-hoi/dieu-can-luu-y-khi-dieu-tri-tang-huyet-ap.html | http://bvhoanghoa.ytethanhhoa.gov.vn/web/khoa-phong-chuc-nang/khoa-phong-chuc-nang/phong-cong-tac-xa-hoi/dieu-can-luu-y-khi-dieu-tri-tang-huyet-ap.html | https://web.archive.org/web/https://benhviennhitrunguong.gov.vn/tag/hen-phe-quan | https://tamanhhospital.vn/giai-doan-benh-phoi-tac-nghen-man-tinh/ | https://tamanhhospital.vn/giai-doan-benh-phoi-tac-nghen-man-tinh/"
"1001","RISK_0238b2bdae","RiskFactor","Thiếu hoạt động thể lực","Không vận động dẫn đến tích tụ mỡ và kháng insulin. | Không vận động làm giảm khả năng kiểm soát đường huyết và cân nặng. | Không vận động thường xuyên làm tăng nguy cơ mắc bệnh. | Tăng nguy cơ mắc tăng huyết áp và tổn thương cơ quan đích.","https://cdc.ninhbinh.gov.vn/tin-tuc-su-kien/benh-dai-thao-duong-va-cach-phong-ngua-benh2.html | https://web.archive.org/web/http://soyte.hatinh.gov.vn/tin-tuc-su-kien/thong-tin-y-te/bai-truyen-thong-benh-dai-thao-duong-va-cach-phong-ngua-benh.html | http://soyte.hatinh.gov.vn/tin-tuc-su-kien/thong-tin-y-te/bai-truyen-thong-benh-dai-thao-duong-va-cach-phong-ngua-benh.html | https://web.archive.org/web/https://vncdc.gov.vn/huong-dan-chan-doan-va-dieu-tri-tang-huyet-ap-nd14594.html"
"1002","RISK_024f9f4cef","RiskFactor","Dinh dưỡng không hợp lý","Ăn nhiều chất béo, đường, ít rau củ làm tăng nguy cơ. | Ăn nhiều thực phẩm chế biến sẵn, chất béo cao làm tăng nguy cơ. | Ăn nhiều thực phẩm chế biến sẵn, chất béo cao gây tăng nguy cơ.","https://cdc.ninhbinh.gov.vn/tin-tuc-su-kien/benh-dai-thao-duong-va-cach-phong-ngua-benh2.html | https://web.archive.org/web/http://soyte.hatinh.gov.vn/tin-tuc-su-kien/thong-tin-y-te/bai-truyen-thong-benh-dai-thao-duong-va-cach-phong-ngua-benh.html | http://soyte.hatinh.gov.vn/tin-tuc-su-kien/thong-tin-y-te/bai-truyen-thong-benh-dai-thao-duong-va-cach-phong-ngua-benh.html"
"1003","RISK_027b459ccb","RiskFactor","Rối loạn chức năng nội mô","Tổn thương mạch máu do viêm hoặc rối loạn nội mô. | Tổn thương mạch máu do viêm và rối loạn nội mô, làm tăng sức cản. | Tổn thương mạch máu do viêm và rối loạn nội mô, làm tăng sức cản.","https://web.archive.org/web/http://bvhoanghoa.ytethanhhoa.gov.vn/web/khoa-phong-chuc-nang/khoa-phong-chuc-nang/to-cong-tac-xa-hoi/benh-tang-huyet-ap-ke-giet-nguoi-tham-lang.html"
"1004","RISK_028d16dfa9","RiskFactor","Giảm mật độ mao mạch","Một yếu tố góp phần vào sự gia tăng kháng ngoại vi.","http://bvhoanghoa.ytethanhhoa.gov.vn/web/khoa-phong-chuc-nang/khoa-phong-chuc-nang/to-cong-tac-xa-hoi/benh-tang-huyet-ap-ke-giet-nguoi-tham-lang.html"
"1005","RISK_0373e645ae","RiskFactor","Tiền sử bệnh tim mạch do xơ vữa động mạch","Tăng nguy cơ mắc bệnh do tổn thương mạch máu.","https://web.archive.org/web/https://bachmai.gov.vn/tin-chi-tiet/-/bai-viet/chan-doan-som-benh-dai-thao-duong-tip-2-9427-146.html"
"1006","RISK_03aa2d7a55","RiskFactor","Chậm phát hiện biến chứng","Đợi đến khi có triệu chứng nặng mới đi khám khiến biến chứng đã ở giai đoạn muộn.","https://web.archive.org/web/https://bachmai.gov.vn/tin-chi-tiet/-/bai-viet/dai-thao-duong-can-benh-nhieu-bien-chung-nguy-hiem-8-trieu-nguoi-viet-nam-dang-mac-9624-146.html"
"1007","RISK_0418f2ca32","RiskFactor","Không tuân thủ chỉ định y khoa","Người bệnh không thực hiện đúng hướng dẫn của bác sĩ về thuốc và sinh hoạt.","https://web.archive.org/web/https://bachmai.gov.vn/tin-chi-tiet/-/bai-viet/dai-thao-duong-can-benh-nhieu-bien-chung-nguy-hiem-8-trieu-nguoi-viet-nam-dang-mac-9624-146.html"
"1008","RISK_042ac6ea24","RiskFactor","Thói quen sinh hoạt thiếu vận động","Lối sống ít vận động làm gia tăng nguy cơ mắc bệnh.","https://web.archive.org/web/http://bvhoanghoa.ytethanhhoa.gov.vn/web/khoa-phong-chuc-nang/khoa-phong-chuc-nang/to-cong-tac-xa-hoi/benh-tang-huyet-ap-ke-giet-nguoi-tham-lang.html"
"1009","RISK_04d31a93e2","RiskFactor","Hút thuốc lá và uống rượu bia","Các yếu tố nguy cơ làm gia tăng huyết áp và tổn thương mạch máu.","http://bvhoanghoa.ytethanhhoa.gov.vn/web/khoa-phong-chuc-nang/khoa-phong-chuc-nang/phong-cong-tac-xa-hoi/dieu-can-luu-y-khi-dieu-tri-tang-huyet-ap.html"
"1010","RISK_04fd14a2cc","RiskFactor","Hút thuốc lá hoặc thuốc lào","Nguyên nhân hàng đầu gây BPTNMT, đặc biệt khi hút chủ động hoặc thụ động.","https://web.archive.org/web/https://vncdc.gov.vn/huong-dan-chan-doan-va-dieu-tri-benh-phoi-tac-nghen-man-tinh-nd14577.html"
"1011","RISK_050d4ef265","RiskFactor","Vùng bụng to","Chỉ số vòng eo lớn ở nam ≥ 90 cm, nữ ≥ 80 cm là dấu hiệu nguy cơ ĐTĐ. | Chỉ số vòng eo lớn là dấu hiệu của tích tụ mỡ nội tạng, tăng nguy cơ ĐTĐ.","https://web.archive.org/web/https://www.vinmec.com/vie/bai-viet/tong-quan-ve-benh-dai-thao-duong-vi | https://www.vinmec.com/vie/bai-viet/tong-quan-ve-benh-dai-thao-duong-vi"
"1012","RISK_0568b03f6c","RiskFactor","Dùng corticoid liều cao","Gây tăng glucose máu, đặc biệt ở type 2. | Gây tăng đường huyết cấp tính. | Gây tăng đường huyết, nguy cơ nhiễm trùng và biến chứng. | Gây tăng glucose máu và làm trầm trọng biến chứng. | Gây tăng glucose máu, đặc biệt trong điều trị viêm nhiễm. | Gây tăng glucose máu và làm trầm trọng biến chứng. | Gây tăng đường máu và các biến chứng cấp tính. | Gây tăng glucose máu. | Gây tăng glucose máu, đặc biệt ở type 2. | Gây tăng đường huyết, nguy cơ nhiễm trùng và biến chứng. | Gây tăng glucose máu, đặc biệt ở type 2. | Gây tăng glucose máu. | Gây tăng đường huyết, nguy cơ nhiễm trùng và biến chứng. | Gây tăng glucose máu và làm trầm trọng biến chứng. | Gây tăng đường máu và các biến chứng cấp tính. | Gây tăng glucose máu. | Gây tăng glucose máu và có thể dẫn đến biến chứng cấp tính. | Gây tăng glucose máu, đặc biệt ở type 2. | Gây tăng đường máu và các biến chứng cấp tính. | Gây tăng glucose máu và nguy cơ biến chứng cấp tính. | Gây tăng glucose máu. | Gây tăng đường huyết, nguy cơ nhiễm trùng và biến chứng. | Gây tăng đường máu và các biến chứng cấp tính. | Gây tăng đường huyết, nguy cơ nhiễm trùng và biến chứng. | Gây tăng glucose máu và các biến chứng cấp tính. | Gây tăng glucose máu. | Gây tăng glucose máu, đặc biệt ở type 2. | Gây tăng glucose máu, nguy cơ biến chứng cấp tính. | Gây tăng đường huyết, nguy cơ nhiễm trùng và biến chứng. | Gây tăng đường huyết cấp tính.","https://bachmai.gov.vn/bai-viet/bien-chung-cua-benh-dai-thao-duong?id=f17ffc43-5abb-5dcb-54d1-d3887440a421 | https://web.archive.org/web/https://bachmai.gov.vn/bai-viet/bien-chung-cua-benh-dai-thao-duong?id=f17ffc43-5abb-5dcb-54d1-d3887440a421 | https://bachmai.gov.vn/bai-viet/bien-chung-cua-benh-dai-thao-duong?id=f17ffc43-5abb-5dcb-54d1-d3887440a421 | https://bachmai.gov.vn/bai-viet/bien-chung-cua-benh-dai-thao-duong?id=f17ffc43-5abb-5dcb-54d1-d3887440a421 | https://chanthuongvacotsong.bachmai.gov.vn/bien-chung-cua-benh-dai-thao-duong/ | https://bachmai.gov.vn/bai-viet/bien-chung-cua-benh-dai-thao-duong?id=f17ffc43-5abb-5dcb-54d1-d3887440a421 | https://web.archive.org/web/https://bachmai.gov.vn/bai-viet/bien-chung-cua-benh-dai-thao-duong?id=f17ffc43-5abb-5dcb-54d1-d3887440a421 | https://web.archive.org/web/https://bachmai.gov.vn/bai-viet/bien-chung-cua-benh-dai-thao-duong?id=f17ffc43-5abb-5dcb-54d1-d3887440a421 | https://bachmai.gov.vn/bai-viet/bien-chung-cua-benh-dai-thao-duong?id=f17ffc43-5abb-5dcb-54d1-d3887440a421 | https://chanthuongvacotsong.bachmai.gov.vn/bien-chung-cua-benh-dai-thao-duong/ | https://bachmai.gov.vn/bai-viet/bien-chung-cua-benh-dai-thao-duong?id=f17ffc43-5abb-5dcb-54d1-d3887440a421 | https://web.archive.org/web/https://bachmai.gov.vn/bai-viet/bien-chung-cua-benh-dai-thao-duong?id=f17ffc43-5abb-5dcb-54d1-d3887440a421 | https://web.archive.org/web/https://chanthuongvacotsong.bachmai.gov.vn/bien-chung-cua-benh-dai-thao-duong/ | https://chanthuongvacotsong.bachmai.gov.vn/bien-chung-cua-benh-dai-thao-duong/ | https://web.archive.org/web/https://bachmai.gov.vn/bai-viet/bien-chung-cua-benh-dai-thao-duong?id=f17ffc43-5abb-5dcb-54d1-d3887440a421 | https://chanthuongvacotsong.bachmai.gov.vn/bien-chung-cua-benh-dai-thao-duong/ | https://web.archive.org/web/https://bachmai.gov.vn/bai-viet/bien-chung-cua-benh-dai-thao-duong?id=f17ffc43-5abb-5dcb-54d1-d3887440a421 | https://web.archive.org/web/https://bachmai.gov.vn/bai-viet/bien-chung-cua-benh-dai-thao-duong?id=f17ffc43-5abb-5dcb-54d1-d3887440a421 | https://bachmai.gov.vn/bai-viet/bien-chung-cua-benh-dai-thao-duong?id=f17ffc43-5abb-5dcb-54d1-d3887440a421 | https://web.archive.org/web/https://bachmai.gov.vn/bai-viet/bien-chung-cua-benh-dai-thao-duong?id=f17ffc43-5abb-5dcb-54d1-d3887440a421 | https://bachmai.gov.vn/bai-viet/bien-chung-cua-benh-dai-thao-duong?id=f17ffc43-5abb-5dcb-54d1-d3887440a421 | https://web.archive.org/web/https://bachmai.gov.vn/bai-viet/bien-chung-cua-benh-dai-thao-duong?id=f17ffc43-5abb-5dcb-54d1-d3887440a421"
"1013","RISK_066fdb6d94","RiskFactor","Lối sống thiếu vận động","Yếu tố nguy cơ chính dẫn đến hội chứng chuyển hóa và đái tháo đường. | Thiếu hoạt động thể chất làm gia tăng nguy cơ. | Thiếu hoạt động thể chất làm gia tăng nguy cơ mắc tăng huyết áp. | Thiếu hoạt động thể chất làm tăng nguy cơ mắc bệnh. | Thiếu hoạt động thể chất làm gia tăng nguy cơ mắc tăng huyết áp. | Thiếu hoạt động thể chất làm gia tăng nguy cơ mắc tăng huyết áp.","https://web.archive.org/web/https://sti.vista.gov.vn/projects/udnv/nghien-cuu-thuan-tap-5-nam-ve-benh-dai-thao-duong-typ-2-va-hoi-chung-chuyen-hoa-o-nguoi-viet-nam-vai-tro-yeu-to-di-truyen-va-loi-song-4221.html | http://bvhoanghoa.ytethanhhoa.gov.vn/web/khoa-phong-chuc-nang/khoa-phong-chuc-nang/to-cong-tac-xa-hoi/benh-tang-huyet-ap-ke-giet-nguoi-tham-lang.html | http://bvhoanghoa.ytethanhhoa.gov.vn/web/khoa-phong-chuc-nang/khoa-phong-chuc-nang/to-cong-tac-xa-hoi/benh-tang-huyet-ap-ke-giet-nguoi-tham-lang.html"
"1014","RISK_06e157fc0b","RiskFactor","Thiếu tuân thủ điều trị","Người bệnh không uống thuốc vì không hiểu tác dụng hoặc ngại dùng. | Không uống thuốc đúng giờ, không kiểm soát đường huyết, chế độ ăn uống thiếu tuân thủ. | Không uống thuốc đúng giờ, không kiểm soát đường huyết, chế độ ăn uống thiếu tuân thủ.","https://web.archive.org/web/https://bachmai.gov.vn/bai-viet/ca-the-hoa-dieu-tri-dai-thao-duong-tip-2-tai-cac-nuoc-dang-phat-trien-thach-thuc-va-co-hoi?id=4b51fe29-8515-42d1-bff3-85563163f16c | https://web.archive.org/web/https://bachmai.gov.vn/tin-chi-tiet/-/bai-viet/dai-thao-duong-can-benh-nhieu-bien-chung-nguy-hiem-8-trieu-nguoi-viet-nam-dang-mac-9624-146.html | https://web.archive.org/web/https://bachmai.gov.vn/tin-chi-tiet/-/bai-viet/dai-thao-duong-can-benh-nhieu-bien-chung-nguy-hiem-8-trieu-nguoi-viet-nam-dang-mac-9624-146.html"
"1015","RISK_0976b77bfb","RiskFactor","Người thân bị đái tháo đường","Có bố mẹ, anh chị em ruột, con đẻ bị bệnh.","https://web.archive.org/web/https://bachmai.gov.vn/bai-viet/chan-doan-som-benh-dai-thao-duong-tip-2?id=59f9c51f-418e-9437-823c-a1a6c23c33e4"
"1016","RISK_0a30f308d1","RiskFactor","Không khí khô lạnh","Làm bốc hơi lớp chất lỏng bảo vệ phế quản, gây kích ứng và sưng.","http://phacdo.soytequangninh.gov.vn/news/chuyen-khoa-sau/phong-benh-hen-phe-quan-khi-thoi-tiet-thay-doi.html"
"1017","RISK_0a4c4f839f","RiskFactor","Không điều trị đau thần kinh ngoại biên","Là yếu tố làm tăng nguy cơ tàn phế và gánh nặng y tế. | Gây suy giảm chất lượng sống nghiêm trọng và dẫn đến tàn phế. | Gây suy giảm chất lượng sống nghiêm trọng và nguy cơ tự tử cao. | Là yếu tố làm tăng nguy cơ tàn phế và tử vong do cơn đau mãn tính không kiểm soát được. | Gây suy giảm chất lượng sống nghiêm trọng và nguy cơ tự tử cao. | Dẫn đến mất ngủ, tự tử và gánh nặng y tế cao. | Gây suy giảm chất lượng sống, dẫn đến tàn phế và tăng chi phí điều trị. | Gây suy giảm chất lượng sống nghiêm trọng và dẫn đến tàn phế. | Gây suy giảm chất lượng sống, dẫn đến tàn phế và tăng chi phí điều trị. | Gây mất ngủ, tự tử và gánh nặng y tế cao gấp 5 lần. | Gây suy giảm chất lượng sống nghiêm trọng và nguy cơ tự tử cao. | Gây mất ngủ, tự tử và gánh nặng y tế cao. | Gây suy giảm chất lượng sống nghiêm trọng và nguy cơ tự tử cao.","https://bachmai.gov.vn/bai-viet/dai-thao-duong-bien-chung-tim-mach-va-than-kinh-ngoai-bien-sat-thu-tham-lang?id=994f4df4-95c1-4760-8aee-8d07a69f9fe1 | https://web.archive.org/web/https://chanthuongvacotsong.bachmai.gov.vn/dai-thao-duong-bien-chung-tim-mach-va-than-kinh-ngoai-bien-sat-thu-tham-lang/ | https://web.archive.org/web/https://bachmai.gov.vn/bai-viet/dai-thao-duong-bien-chung-tim-mach-va-than-kinh-ngoai-bien-sat-thu-tham-lang?id=994f4df4-95c1-4760-8aee-8d07a69f9fe1 | https://bachmai.gov.vn/bai-viet/dai-thao-duong-bien-chung-tim-mach-va-than-kinh-ngoai-bien-sat-thu-tham-lang?id=994f4df4-95c1-4760-8aee-8d07a69f9fe1 | https://web.archive.org/web/https://bachmai.gov.vn/bai-viet/dai-thao-duong-bien-chung-tim-mach-va-than-kinh-ngoai-bien-sat-thu-tham-lang?id=994f4df4-95c1-4760-8aee-8d07a69f9fe1 | https://bachmai.gov.vn/bai-viet/dai-thao-duong-bien-chung-tim-mach-va-than-kinh-ngoai-bien-sat-thu-tham-lang?id=994f4df4-95c1-4760-8aee-8d07a69f9fe1 | https://chanthuongvacotsong.bachmai.gov.vn/dai-thao-duong-bien-chung-tim-mach-va-than-kinh-ngoai-bien-sat-thu-tham-lang/ | https://web.archive.org/web/https://bachmai.gov.vn/bai-viet/dai-thao-duong-bien-chung-tim-mach-va-than-kinh-ngoai-bien-sat-thu-tham-lang?id=994f4df4-95c1-4760-8aee-8d07a69f9fe1 | https://web.archive.org/web/https://bachmai.gov.vn/bai-viet/dai-thao-duong-bien-chung-tim-mach-va-than-kinh-ngoai-bien-sat-thu-tham-lang?id=994f4df4-95c1-4760-8aee-8d07a69f9fe1 | https://bachmai.gov.vn/bai-viet/dai-thao-duong-bien-chung-tim-mach-va-than-kinh-ngoai-bien-sat-thu-tham-lang?id=994f4df4-95c1-4760-8aee-8d07a69f9fe1 | https://web.archive.org/web/https://bachmai.gov.vn/bai-viet/dai-thao-duong-bien-chung-tim-mach-va-than-kinh-ngoai-bien-sat-thu-tham-lang?id=994f4df4-95c1-4760-8aee-8d07a69f9fe1"
"1018","RISK_0a6d1f7436","RiskFactor","Sử dụng thuốc không phù hợp","Một số thuốc có thể làm nặng thêm tổn thương thận.","https://web.archive.org/web/https://benhvientinh.caobang.gov.vn/index.php/vi/news/tin-tuc-su-kien/bien-chung-than-do-dai-thao-duong-6-dieu-nguoi-benh-phai-chu-y-710.html | https://benhvientinh.caobang.gov.vn/index.php/vi/news/tin-tuc-su-kien/bien-chung-than-do-dai-thao-duong-6-dieu-nguoi-benh-phai-chu-y-710.html | https://benhvientinh.caobang.gov.vn/index.php/vi/news/tin-tuc-su-kien/bien-chung-than-do-dai-thao-duong-6-dieu-nguoi-benh-phai-chu-y-710.html"
"1019","RISK_0c13faba9b","RiskFactor","Tiền căn gia đình","Người có người thân bị tiểu đường dễ mắc hơn. | Người có người thân bị tiểu đường dễ mắc bệnh do di truyền. | Người có người thân bị tiểu đường dễ mắc bệnh hơn.","https://syt.dongnai.gov.vn/vi/news/Suc-khoe-cong-dong/nhung-bien-chung-nguy-hiem-cua-benh-tieu-duong-2511.html | https://web.archive.org/web/https://syt.dongnai.gov.vn/vi/news/Suc-khoe-cong-dong/nhung-bien-chung-nguy-hiem-cua-benh-tieu-duong-2511.html | https://syt.dongnai.gov.vn/vi/news/Suc-khoe-cong-dong/nhung-bien-chung-nguy-hiem-cua-benh-tieu-duong-2511.html"
"1020","RISK_0d93529fef","RiskFactor","Không kiểm soát huyết áp","Huyết áp cao làm tăng nguy cơ biến chứng tim mạch và thận, cần điều trị tích cực. | Tăng nguy cơ biến chứng tim mạch và suy giảm chức năng thận. | Là yếu tố nguy cơ chính dẫn đến biến chứng tim mạch và thần kinh ngoại biên. | Là yếu tố nguy cơ gây tổn thương mạch máu lớn và nhỏ, dẫn đến tử vong sớm. | Huyết áp cao gây tổn thương mạch máu thận, làm trầm trọng biến chứng. | Huyết áp tăng làm tổn thương mạch máu nhỏ trong thận. | Là yếu tố nguy cơ chính dẫn đến các biến chứng tim mạch và thần kinh ngoại biên. | Là một trong 4 trụ cột điều trị ĐTĐ, nếu không kiểm soát sẽ tăng nguy cơ tim mạch. | Huyết áp tăng làm tổn thương mạch máu nhỏ trong thận. | Gây tổn thương mạch máu nhỏ, làm trầm trọng biến chứng. | Tăng nguy cơ tổn thương thận và tim mạch ở người bệnh đái tháo đường. | Là một trong 4 trụ cột điều trị ĐTĐ, nếu không kiểm soát sẽ tăng nguy cơ tim mạch. | Gây tổn thương mạch máu lớn, tăng nguy cơ đột quỵ và tử vong. | Gây tổn thương mạch máu, tăng nguy cơ biến chứng tim mạch và thần kinh ngoại biên.","https://web.archive.org/web/https://bachmai.gov.vn/bai-viet/doi-moi-tu-duy-dieu-tri-dai-thao-duong-typ-2-va-chien-luoc-kiem-soat-toan-dien-bien-chung-than-kinh?id=090463d0-4515-40c8-919c-8bebc41e2c01 | https://bachmai.gov.vn/bai-viet/dai-thao-duong-bien-chung-tim-mach-va-than-kinh-ngoai-bien-sat-thu-tham-lang?id=994f4df4-95c1-4760-8aee-8d07a69f9fe1 | https://web.archive.org/web/https://bachmai.gov.vn/bai-viet/dai-thao-duong-bien-chung-tim-mach-va-than-kinh-ngoai-bien-sat-thu-tham-lang?id=994f4df4-95c1-4760-8aee-8d07a69f9fe1 | https://bachmai.gov.vn/bai-viet/dai-thao-duong-bien-chung-tim-mach-va-than-kinh-ngoai-bien-sat-thu-tham-lang?id=994f4df4-95c1-4760-8aee-8d07a69f9fe1 | https://benhvientinh.caobang.gov.vn/index.php/vi/news/tin-tuc-su-kien/bien-chung-than-do-dai-thao-duong-6-dieu-nguoi-benh-phai-chu-y-710.html | https://web.archive.org/web/https://benhvientinh.caobang.gov.vn/index.php/vi/news/tin-tuc-su-kien/bien-chung-than-do-dai-thao-duong-6-dieu-nguoi-benh-phai-chu-y-710.html | https://web.archive.org/web/https://bachmai.gov.vn/bai-viet/dai-thao-duong-bien-chung-tim-mach-va-than-kinh-ngoai-bien-sat-thu-tham-lang?id=994f4df4-95c1-4760-8aee-8d07a69f9fe1 | https://bachmai.gov.vn/bai-viet/dai-thao-duong-bien-chung-tim-mach-va-than-kinh-ngoai-bien-sat-thu-tham-lang?id=994f4df4-95c1-4760-8aee-8d07a69f9fe1 | https://benhvientinh.caobang.gov.vn/index.php/vi/news/tin-tuc-su-kien/bien-chung-than-do-dai-thao-duong-6-dieu-nguoi-benh-phai-chu-y-710.html | https://web.archive.org/web/https://benhvientinh.caobang.gov.vn/index.php/vi/news/tin-tuc-su-kien/bien-chung-than-do-dai-thao-duong-6-dieu-nguoi-benh-phai-chu-y-710.html | https://bachmai.gov.vn/bai-viet/dai-thao-duong-bien-chung-tim-mach-va-than-kinh-ngoai-bien-sat-thu-tham-lang?id=994f4df4-95c1-4760-8aee-8d07a69f9fe1 | https://bachmai.gov.vn/bai-viet/doi-moi-tu-duy-dieu-tri-dai-thao-duong-typ-2-va-chien-luoc-kiem-soat-toan-dien-bien-chung-than-kinh?id=090463d0-4515-40c8-919c-8bebc41e2c01 | https://web.archive.org/web/https://bachmai.gov.vn/bai-viet/dai-thao-duong-bien-chung-tim-mach-va-than-kinh-ngoai-bien-sat-thu-tham-lang?id=994f4df4-95c1-4760-8aee-8d07a69f9fe1 | https://bachmai.gov.vn/bai-viet/dai-thao-duong-bien-chung-tim-mach-va-than-kinh-ngoai-bien-sat-thu-tham-lang?id=994f4df4-95c1-4760-8aee-8d07a69f9fe1"
"1021","RISK_105461f9e0","RiskFactor","Không tập thể dục","Là yếu tố nguy cơ làm tăng huyết áp do không duy trì sức khỏe tim mạch.","https://tamanhhospital.vn/tang-huyet-ap-thu-phat/"
"1022","RISK_106abe7d55","RiskFactor","Lông động vật","Protein trong lông động vật gây phản ứng dị ứng.","https://www.vinmec.com/vie/benh/hen-phe-quan-2949"
"1023","RISK_127c64eacc","RiskFactor","Thời gian mắc bệnh từ 5-10 năm","Nguy cơ cao phát triển biến chứng thần kinh ngoại vi.","https://sti.vista.gov.vn/publication/view/nghien-cuu-dac-diem-lam-sang-can-lam-sang-va-chi-so-dien-than-kinh-co-o-nguoi-benh-dai-thao-duong-type-2-co-bien-chung-than-kinh-ngoai-vi-tai-benh-vie-d41b03674c28b600d59c115392319110-455331.html"
"1024","RISK_129754f1d1","RiskFactor","Vi khuẩn, vi rút hợp bào hô hấp","Là nguyên nhân gây viêm nhiễm đường hô hấp, làm trầm trọng cơn hen.","http://phacdo.soytequangninh.gov.vn/news/chuyen-khoa-sau/phong-benh-hen-phe-quan-khi-thoi-tiet-thay-doi.html"
"1025","RISK_1347fa8167","RiskFactor","Không tuân thủ chế độ ăn và luyện tập","Gây khó khăn trong kiểm soát đường huyết và tăng nguy cơ biến chứng.","https://nsti.vista.gov.vn/publication/view/nghien-cuu-dac-diem-lam-sang-can-lam-sang-va-danh-gia-bien-chung-than-o-benh-nhan-dai-thao-duong-type-2-tai-khoa-noi-3-benh-vien-huu-nghi-viet-tiep-hai-phong-350723.html"
"1026","RISK_1354010b63","RiskFactor","Sự thay đổi lối sống","Giảm hoạt động thể lực, chế độ ăn uống tăng tinh và giảm chất xơ gây dư thừa năng lượng.","https://web.archive.org/web/https://vncdc.gov.vn/huong-dan-chan-doan-va-dieu-tri-benh-dai-thao-duong-tuyp-2-nd14582.html"
"1027","RISK_13ee4bb6a5","RiskFactor","Tuổi cao","Tăng nguy cơ mắc tiểu đường và biến chứng do suy giảm chức năng cơ thể. | Yếu tố không thể can thiệp, nguy cơ mắc đái tháo đường và biến chứng tăng lên theo tuổi. | Yếu tố không thể can thiệp, làm tăng nguy cơ đái tháo đường. | Yếu tố không thể can thiệp, làm tăng nguy cơ mắc đái tháo đường týp 2. | Yếu tố không thể can thiệp, nguy cơ mắc đái tháo đường và biến chứng tăng lên theo tuổi. | Người lớn tuổi dễ mắc bệnh và biến chứng nặng hơn. | Tăng nguy cơ mắc bệnh và biến chứng nghiêm trọng. | Tăng nguy cơ mắc bệnh và biến chứng nặng. | Tăng nguy cơ mắc tiểu đường và biến chứng do suy giảm chức năng cơ thể. | Yếu tố không thể can thiệp, nguy cơ mắc đái tháo đường và biến chứng tăng lên theo tuổi. | Tăng nguy cơ mắc tiểu đường và biến chứng do suy giảm chức năng cơ thể. | Yếu tố không thể can thiệp, nguy cơ mắc đái tháo đường và biến chứng tăng lên theo tuổi. | Yếu tố không thể can thiệp, làm tăng nguy cơ đái tháo đường. | Yếu tố không thể can thiệp, nguy cơ mắc đái tháo đường và biến chứng tăng lên theo tuổi. | Yếu tố không thể can thiệp, làm tăng nguy cơ đái tháo đường. | Tăng nguy cơ do sự suy giảm chức năng mạch máu theo tuổi tác. | Yếu tố nguy cơ do hệ tuần hoàn suy giảm theo thời gian. | Tăng nguy cơ do sự suy giảm chức năng mạch máu và tim. | Tăng nguy cơ do quá trình lão hóa và tổn thương mạch máu. | Yếu tố nguy cơ do hệ tuần hoàn suy giảm theo thời gian. | Tăng nguy cơ mắc và biến chứng do hệ tuần hoàn suy yếu theo thời gian. | Nguy cơ tăng theo tuổi. | Nguy cơ THA tăng theo tuổi. | Tăng huyết áp thường gặp ở người lớn tuổi do sự suy giảm chức năng mạch máu và cơ tim.","https://web.archive.org/web/https://syt.dongnai.gov.vn/vi/news/Suc-khoe-cong-dong/nhung-bien-chung-nguy-hiem-cua-benh-tieu-duong-2511.html | https://web.archive.org/web/https://vncdc.gov.vn/huong-dan-chan-doan-va-dieu-tri-benh-dai-thao-duong-tuyp-2-nd14582.html | https://chanthuongvacotsong.bachmai.gov.vn/huong-dan-chan-doan-va-dieu-tri-dai-thao-duong-type-2/ | https://web.archive.org/web/https://chanthuongvacotsong.bachmai.gov.vn/huong-dan-chan-doan-va-dieu-tri-dai-thao-duong-type-2/ | https://web.archive.org/web/https://vncdc.gov.vn/huong-dan-chan-doan-va-dieu-tri-benh-dai-thao-duong-tuyp-2-nd14582.html | https://syt.dongnai.gov.vn/vi/news/Suc-khoe-cong-dong/nhung-bien-chung-nguy-hiem-cua-benh-tieu-duong-2511.html | https://web.archive.org/web/https://syt.dongnai.gov.vn/vi/news/Suc-khoe-cong-dong/nhung-bien-chung-nguy-hiem-cua-benh-tieu-duong-2511.html | https://web.archive.org/web/https://vncdc.gov.vn/huong-dan-chan-doan-va-dieu-tri-benh-dai-thao-duong-tuyp-2-nd14582.html | https://web.archive.org/web/https://syt.dongnai.gov.vn/vi/news/Suc-khoe-cong-dong/nhung-bien-chung-nguy-hiem-cua-benh-tieu-duong-2511.html | https://web.archive.org/web/https://vncdc.gov.vn/huong-dan-chan-doan-va-dieu-tri-benh-dai-thao-duong-tuyp-2-nd14582.html | https://web.archive.org/web/https://chanthuongvacotsong.bachmai.gov.vn/huong-dan-chan-doan-va-dieu-tri-dai-thao-duong-type-2/ | https://chanthuongvacotsong.bachmai.gov.vn/huong-dan-chan-doan-va-dieu-tri-dai-thao-duong-type-2/ | https://web.archive.org/web/https://vncdc.gov.vn/huong-dan-chan-doan-va-dieu-tri-benh-dai-thao-duong-tuyp-2-nd14582.html | https://chanthuongvacotsong.bachmai.gov.vn/huong-dan-chan-doan-va-dieu-tri-dai-thao-duong-type-2/ | https://web.archive.org/web/https://chanthuongvacotsong.bachmai.gov.vn/huong-dan-chan-doan-va-dieu-tri-dai-thao-duong-type-2/ | https://bachmai.gov.vn/tin-chi-tiet/-/bai-viet/tang-huyet-ap-can-benh-tham-lang-nhung-nguy-hiem-8463-146.html | https://web.archive.org/web/https://bachmai.gov.vn/tin-chi-tiet/-/bai-viet/tang-huyet-ap-can-benh-tham-lang-nhung-nguy-hiem-8463-146.html | https://web.archive.org/web/https://bachmai.gov.vn/tin-chi-tiet/-/bai-viet/tang-huyet-ap-can-benh-tham-lang-nhung-nguy-hiem-8463-146.html | https://soyte.tuyenquang.gov.vn/tin-tuc/tang-huyet-ap-va-nhung-bien-chung-nguy-hiem.html | https://web.archive.org/web/http://soyte.hatinh.gov.vn/tin-tuc-su-kien/pho-bien-kien-thuc/4-bien-phap-chu-yeu-phong-benh-tang-huyet-ap.html | http://soyte.hatinh.gov.vn/tin-tuc-su-kien/pho-bien-kien-thuc/4-bien-phap-chu-yeu-phong-benh-tang-huyet-ap.html | https://web.archive.org/web/https://vncdc.gov.vn/4-bien-phap-chu-yeu-phong-benh-tang-huyet-ap-nd14878.html | https://soyte.tuyenquang.gov.vn/tin-tuc/tang-huyet-ap-va-nhung-bien-chung-nguy-hiem.html"
"1028","RISK_14dc93ae36","RiskFactor","Tiếp xúc với khói bụi và hóa chất","Các yếu tố môi trường gây kích thích phế quản dẫn đến co thắt.","https://medlatec.vn/tu-dien-benh-ly/con-hen-ac-tinh"
"1029","RISK_1563f253da","RiskFactor","Sử dụng thuốc không đúng","Gây kháng thuốc và làm tăng nguy cơ tái phát bệnh.","https://web.archive.org/web/http://www.tapchiyhocduphong.vn/tap-chi-y-hoc-du-phong/2015/08/kien-thuc-ve-benh-dai-thao-duong-va-mot-so-yeu-to-lien-quan-cua-nguoi-benh-tai-c-o81E20305.html"
"1030","RISK_15a59c5ef4","RiskFactor","Gia đình có tiền sử dị ứng","Di truyền làm tăng nguy cơ mắc hen phế quản. | Tăng nguy cơ phát triển bệnh hen và dị ứng.","https://web.archive.org/web/https://benhviennhitrunguong.gov.vn/tag/hen-phe-quan | https://benhviennhitrunguong.gov.vn/tag/hen-phe-quan"
"1031","RISK_1632ed5aec","RiskFactor","Nhiễm khuẩn hô hấp tái diễn","Là yếu tố nguy cơ gây đợt cấp và tiến triển nặng của BPTNMT.","https://web.archive.org/web/https://vncdc.gov.vn/huong-dan-chan-doan-va-dieu-tri-benh-phoi-tac-nghen-man-tinh-nd14577.html"
"1032","RISK_1865452f5c","RiskFactor","Không tầm soát sớm","Nguyên nhân chính dẫn đến biến chứng do không phát hiện bệnh trong giai đoạn đầu.","https://benhvientinh.caobang.gov.vn/index.php/vi/news/dich-vu/tiep-nhan-dieu-tri-benh-nhan-dai-thao-duong-tuyp-2-co-bien-chung-mo-mat-do-khong-di-kham-va-tam-soat-som-443.html"
"1033","RISK_1924834758","RiskFactor","Di truyền FTO","Đa hình gen FTO làm tăng nhạy cảm với bệnh đái tháo đường týp 2.","https://web.archive.org/web/https://sti.vista.gov.vn/projects/udnv/nghien-cuu-thuan-tap-5-nam-ve-benh-dai-thao-duong-typ-2-va-hoi-chung-chuyen-hoa-o-nguoi-viet-nam-vai-tro-yeu-to-di-truyen-va-loi-song-4221.html"
"1034","RISK_19d54f9b98","RiskFactor","Tuổi tác","Tăng nguy cơ mắc bệnh do suy giảm chức năng tế bào beta và đề kháng insulin. | Tăng nguy cơ mắc bệnh do suy giảm chức năng tế bào beta và đề kháng insulin. | Nguy cơ tăng theo tuổi, đặc biệt ở người lớn tuổi. | Nguy cơ tăng theo tuổi, đặc biệt ở người lớn tuổi. | Nguy cơ tăng theo tuổi, đặc biệt sau 40 tuổi. | COPD thường xuất hiện sau tuổi 40, đặc biệt ở nam giới.","https://web.archive.org/web/https://benhvienquynhon.gov.vn/tin-tuc/hoat-dong-cua-ttyt/dai-thao-duong-va-nhung-dieu-ban-can-biet/ | https://benhvienquynhon.gov.vn/tin-tuc/hoat-dong-cua-ttyt/dai-thao-duong-va-nhung-dieu-ban-can-biet/ | https://web.archive.org/web/https://benhvienquynhon.gov.vn/tin-tuc/hoat-dong-cua-ttyt/dai-thao-duong-va-nhung-dieu-ban-can-biet/ | https://chanthuongvacotsong.bachmai.gov.vn/cao-huyet-ap-am-tham-ma-rat-hiem/ | https://chanthuongvacotsong.bachmai.gov.vn/cao-huyet-ap-am-tham-ma-rat-hiem/ | http://benhvienphoi.hatinh.gov.vn/chi-tiet-tin-tuc?slug=hay-nhan-biet-som-va-phong-ngua-benh-phoi-tac-nghen-man-tinh-copd"
"1035","RISK_1acd9766a9","RiskFactor","HDL cholesterol < 35 mg/dL","Tăng nguy cơ mắc bệnh do rối loạn lipid máu.","https://web.archive.org/web/https://bachmai.gov.vn/tin-chi-tiet/-/bai-viet/chan-doan-som-benh-dai-thao-duong-tip-2-9427-146.html"
"1036","RISK_1ad6663b9b","RiskFactor","Tiền sử đợt cấp","Người có tiền sử đợt cấp thường có tiên lượng sống thấp hơn.","https://medlatec.vn/tin-tuc/benh-nhan-phoi-tac-nghen-phoi-man-tinh-song-duoc-bao-lau-cai-thien-tuoi-tho-bang-cach-nao"
"1037","RISK_1b51ed5c39","RiskFactor","Lạm dụng thuốc corticoid","Gây ra các biến chứng như hội chứng Cushing, loãng xương.","https://www.vinmec.com/vie/bai-viet/bien-chung-lau-dai-cua-benh-hen-phe-quan-vi"
"1038","RISK_1c4f274f80","RiskFactor","Ăn mặn","Gây tăng huyết áp, cần hạn chế trong chế độ ăn. | Gây tăng giữ nước và làm gia tăng huyết áp. | Là yếu tố nguy cơ trực tiếp gây tăng huyết áp và tổn thương cơ quan đích. | Gây tăng giữ nước và làm gia tăng huyết áp. | Gây tăng huyết áp do làm tăng lượng muối trong cơ thể. | Yếu tố nguy cơ gây tăng huyết áp và khó kiểm soát. | Gây tăng huyết áp, cần hạn chế trong chế độ ăn. | Gây tăng huyết áp do natri dư thừa trong cơ thể. | Nguyên nhân gây tăng huyết áp do natri dư thừa làm tăng thể tích máu. | Nguyên nhân gây tăng huyết áp do natri dư thừa trong cơ thể. | Gây tăng huyết áp do natri tích tụ trong cơ thể. | Tăng natri gây giữ nước và làm tăng huyết áp. | Gây tăng giữ nước và làm gia tăng huyết áp. | Là yếu tố nguy cơ trực tiếp gây tăng huyết áp và tổn thương cơ quan đích. | Gây tăng huyết áp do tích tụ natri trong cơ thể. | Gây tăng giữ nước và làm gia tăng huyết áp. | Nguyên nhân gây tăng huyết áp do natri tích tụ trong cơ thể. | Natri dư thừa làm tăng huyết áp. | Gây giữ nước trong cơ thể, làm tăng huyết áp. | Chế độ ăn nhiều muối làm tăng huyết áp. | Tăng natri gây giữ nước và làm tăng huyết áp. | Nguyên nhân gây tăng huyết áp do natri dư thừa trong cơ thể. | Gây tăng huyết áp, cần hạn chế trong chế độ ăn. | Gây tăng huyết áp do natri dư thừa trong cơ thể - cần hạn chế để phòng bệnh. | Gây tăng huyết áp do làm tăng lượng muối trong cơ thể. | Nguyên nhân gây tăng huyết áp do natri dư thừa trong cơ thể. | Tăng natri trong chế độ ăn làm tăng huyết áp. | Tăng natri dẫn đến tăng huyết áp. | Yếu tố nguy cơ gây tăng huyết áp và ảnh hưởng đến chức năng thận. | Là yếu tố nguy cơ chính gây tăng huyết áp và làm nặng thêm tổn thương cơ quan đích.","https://chanthuongvacotsong.bachmai.gov.vn/huong-dan-chan-doan-va-dieu-tri-tang-huyet-ap/ | https://web.archive.org/web/https://vncdc.gov.vn/huong-dan-chan-doan-va-dieu-tri-tang-huyet-ap-nd14594.html | http://bvhoanghoa.ytethanhhoa.gov.vn/web/khoa-phong-chuc-nang/khoa-phong-chuc-nang/phong-cong-tac-xa-hoi/dieu-can-luu-y-khi-dieu-tri-tang-huyet-ap.html | https://web.archive.org/web/http://bvhoanghoa.ytethanhhoa.gov.vn/web/khoa-phong-chuc-nang/khoa-phong-chuc-nang/phong-cong-tac-xa-hoi/dieu-can-luu-y-khi-dieu-tri-tang-huyet-ap.html | http://bvhoanghoa.ytethanhhoa.gov.vn/web/khoa-phong-chuc-nang/khoa-phong-chuc-nang/phong-cong-tac-xa-hoi/dieu-can-luu-y-khi-dieu-tri-tang-huyet-ap.html | https://chanthuongvacotsong.bachmai.gov.vn/huong-dan-chan-doan-va-dieu-tri-tang-huyet-ap/ | https://web.archive.org/web/http://bvhoanghoa.ytethanhhoa.gov.vn/web/khoa-phong-chuc-nang/khoa-phong-chuc-nang/phong-cong-tac-xa-hoi/dieu-can-luu-y-khi-dieu-tri-tang-huyet-ap.html | http://bvhoanghoa.ytethanhhoa.gov.vn/web/khoa-phong-chuc-nang/khoa-phong-chuc-nang/phong-cong-tac-xa-hoi/dieu-can-luu-y-khi-dieu-tri-tang-huyet-ap.html | https://web.archive.org/web/http://bvhoanghoa.ytethanhhoa.gov.vn/web/khoa-phong-chuc-nang/khoa-phong-chuc-nang/phong-cong-tac-xa-hoi/dieu-can-luu-y-khi-dieu-tri-tang-huyet-ap.html | http://bvhoanghoa.ytethanhhoa.gov.vn/web/khoa-phong-chuc-nang/khoa-phong-chuc-nang/to-cong-tac-xa-hoi/dieu-can-luu-y-khi-dieu-tri-tang-huyet-ap.html | https://web.archive.org/web/http://bvhoanghoa.ytethanhhoa.gov.vn/web/khoa-phong-chuc-nang/khoa-phong-chuc-nang/to-cong-tac-xa-hoi/dieu-can-luu-y-khi-dieu-tri-tang-huyet-ap.html | http://bvhoanghoa.ytethanhhoa.gov.vn/web/khoa-phong-chuc-nang/khoa-phong-chuc-nang/phong-cong-tac-xa-hoi/dieu-can-luu-y-khi-dieu-tri-tang-huyet-ap.html | https://bachmai.gov.vn/tin-chi-tiet/-/bai-viet/tang-huyet-ap-can-benh-tham-lang-nhung-nguy-hiem-8463-146.html | https://web.archive.org/web/http://bvhoanghoa.ytethanhhoa.gov.vn/web/khoa-phong-chuc-nang/khoa-phong-chuc-nang/phong-cong-tac-xa-hoi/dieu-can-luu-y-khi-dieu-tri-tang-huyet-ap.html | https://web.archive.org/web/https://bachmai.gov.vn/tin-chi-tiet/-/bai-viet/tang-huyet-ap-can-benh-tham-lang-nhung-nguy-hiem-8463-146.html | http://bvhoanghoa.ytethanhhoa.gov.vn/web/khoa-phong-chuc-nang/khoa-phong-chuc-nang/phong-cong-tac-xa-hoi/dieu-can-luu-y-khi-dieu-tri-tang-huyet-ap.html | https://web.archive.org/web/https://vncdc.gov.vn/huong-dan-chan-doan-va-dieu-tri-tang-huyet-ap-nd14594.html | https://bachmai.gov.vn/tin-chi-tiet/-/bai-viet/tang-huyet-ap-can-benh-tham-lang-nhung-nguy-hiem-8463-146.html | https://web.archive.org/web/http://bvhoanghoa.ytethanhhoa.gov.vn/web/khoa-phong-chuc-nang/khoa-phong-chuc-nang/phong-cong-tac-xa-hoi/dieu-can-luu-y-khi-dieu-tri-tang-huyet-ap.html | https://web.archive.org/web/https://bachmai.gov.vn/tin-chi-tiet/-/bai-viet/tang-huyet-ap-can-benh-tham-lang-nhung-nguy-hiem-8463-146.html | http://bvhoanghoa.ytethanhhoa.gov.vn/web/khoa-phong-chuc-nang/khoa-phong-chuc-nang/phong-cong-tac-xa-hoi/dieu-can-luu-y-khi-dieu-tri-tang-huyet-ap.html | https://bachmai.gov.vn/tin-chi-tiet/-/bai-viet/tang-huyet-ap-can-benh-tham-lang-nhung-nguy-hiem-8463-146.html | https://web.archive.org/web/http://bvhoanghoa.ytethanhhoa.gov.vn/web/khoa-phong-chuc-nang/khoa-phong-chuc-nang/phong-cong-tac-xa-hoi/dieu-can-luu-y-khi-dieu-tri-tang-huyet-ap.html | https://web.archive.org/web/https://bachmai.gov.vn/tin-chi-tiet/-/bai-viet/tang-huyet-ap-can-benh-tham-lang-nhung-nguy-hiem-8463-146.html | http://bvhoanghoa.ytethanhhoa.gov.vn/web/khoa-phong-chuc-nang/khoa-phong-chuc-nang/phong-cong-tac-xa-hoi/dieu-can-luu-y-khi-dieu-tri-tang-huyet-ap.html | https://chanthuongvacotsong.bachmai.gov.vn/huong-dan-chan-doan-va-dieu-tri-tang-huyet-ap/ | https://web.archive.org/web/http://bvhoanghoa.ytethanhhoa.gov.vn/web/khoa-phong-chuc-nang/khoa-phong-chuc-nang/phong-cong-tac-xa-hoi/dieu-can-luu-y-khi-dieu-tri-tang-huyet-ap.html | http://bvhoanghoa.ytethanhhoa.gov.vn/web/khoa-phong-chuc-nang/khoa-phong-chuc-nang/to-cong-tac-xa-hoi/dieu-can-luu-y-khi-dieu-tri-tang-huyet-ap.html | https://web.archive.org/web/http://bvhoanghoa.ytethanhhoa.gov.vn/web/khoa-phong-chuc-nang/khoa-phong-chuc-nang/to-cong-tac-xa-hoi/dieu-can-luu-y-khi-dieu-tri-tang-huyet-ap.html | http://bvhoanghoa.ytethanhhoa.gov.vn/web/khoa-phong-chuc-nang/khoa-phong-chuc-nang/phong-cong-tac-xa-hoi/dieu-can-luu-y-khi-dieu-tri-tang-huyet-ap.html | https://web.archive.org/web/http://soyte.hatinh.gov.vn/tin-tuc-su-kien/pho-bien-kien-thuc/4-bien-phap-chu-yeu-phong-benh-tang-huyet-ap.html | http://soyte.hatinh.gov.vn/tin-tuc-su-kien/pho-bien-kien-thuc/4-bien-phap-chu-yeu-phong-benh-tang-huyet-ap.html | https://web.archive.org/web/https://vncdc.gov.vn/4-bien-phap-chu-yeu-phong-benh-tang-huyet-ap-nd14878.html | https://web.archive.org/web/https://chanthuongvacotsong.bachmai.gov.vn/huong-dan-chan-doan-va-dieu-tri-tang-huyet-ap/ | https://chanthuongvacotsong.bachmai.gov.vn/huong-dan-chan-doan-va-dieu-tri-tang-huyet-ap/"
"1039","RISK_1eb79a3c3c","RiskFactor","Chẩn đoán nhầm","Việc chẩn đoán sai bệnh lý dẫn đến nguy cơ cao hơn trong nhiễm toan ceton mức độ nặng. | Việc chẩn đoán sai bệnh lý dẫn đến nguy cơ cao hơn trong nhiễm toan ceton mức độ nặng. | Là yếu tố làm tăng nguy cơ nhiễm toan ceton mức độ nặng lên đến 6,42 lần.","https://web.archive.org/web/https://sti.vista.gov.vn/publication/view/a89fbc66bf10ab8ca38c2d64abf8f338-4b52a78cc238d65e911a803b4659b844-318299.html | https://sti.vista.gov.vn/publication/view/a89fbc66bf10ab8ca38c2d64abf8f338-4b52a78cc238d65e911a803b4659b844-318299.html | https://sti.vista.gov.vn/publication/view/a89fbc66bf10ab8ca38c2d64abf8f338-4b52a78cc238d65e911a803b4659b844-318299.html | https://web.archive.org/web/https://sti.vista.gov.vn/publication/view/a89fbc66bf10ab8ca38c2d64abf8f338-4b52a78cc238d65e911a803b4659b844-318299.html"
"1040","RISK_20302a260c","RiskFactor","Hẹp động mạch thận bẩm sinh","Do dị tật bẩm sinh gây hẹp từ khi sinh ra.","https://web.archive.org/web/https://medlatec.vn/tin-tuc/hep-dong-mach-than-la-gi-muc-do-nguy-hiem-va-phuong-phap-dieu-tri"
"1041","RISK_20739bab4c","RiskFactor","Thiếu vận động","Sống ít vận động làm tăng nguy cơ mắc tiểu đường và biến chứng. | Giảm khả năng sử dụng glucose, làm tăng nguy cơ mắc bệnh. | Yếu tố nguy cơ do giảm tiêu thụ năng lượng và tăng mỡ nội tạng. | Giảm khả năng sử dụng glucose và tăng nguy cơ kháng insulin. | Yếu tố môi trường làm tăng nguy cơ đái tháo đường. | Yếu tố môi trường làm tăng nguy cơ mắc đái tháo đường týp 2. | Giảm khả năng sử dụng glucose và tăng nguy cơ kháng insulin. | Không tập thể dục làm giảm khả năng kiểm soát đường huyết. | Sống ít vận động làm tăng nguy cơ mắc tiểu đường và biến chứng. | Sống ít vận động làm tăng nguy cơ mắc tiểu đường và biến chứng. | Giảm khả năng sử dụng glucose và tăng nguy cơ kháng insulin. | Yếu tố môi trường làm tăng nguy cơ đái tháo đường. | Giảm khả năng sử dụng glucose và tăng nguy cơ kháng insulin. | Yếu tố nguy cơ có thể can thiệp được. | Yếu tố nguy cơ có thể can thiệp được. | Yếu tố môi trường làm tăng nguy cơ đái tháo đường. | Yếu tố nguy cơ có thể can thiệp được gây ra đái tháo đường type 2. | Yếu tố môi trường làm tăng nguy cơ đái tháo đường. | Yếu tố nguy cơ có thể can thiệp được. | Yếu tố nguy cơ có thể can thiệp được. | Giảm khả năng kiểm soát huyết áp. | Giảm hoạt động thể chất dẫn đến tích tụ mỡ và tăng huyết áp.","https://web.archive.org/web/https://syt.dongnai.gov.vn/vi/news/Suc-khoe-cong-dong/nhung-bien-chung-nguy-hiem-cua-benh-tieu-duong-2511.html | https://benhvienquynhon.gov.vn/tin-tuc/hoat-dong-cua-ttyt/dai-thao-duong-va-nhung-dieu-ban-can-biet/ | https://web.archive.org/web/https://xayenmo.ninhbinh.gov.vn/y-te-giao-duc/benh-dai-thao-duong-dau-hieu-nhan-biet-phan-loai-va-dieu-tri-389.html | https://web.archive.org/web/https://vncdc.gov.vn/huong-dan-chan-doan-va-dieu-tri-benh-dai-thao-duong-tuyp-2-nd14582.html | https://chanthuongvacotsong.bachmai.gov.vn/huong-dan-chan-doan-va-dieu-tri-dai-thao-duong-type-2/ | https://web.archive.org/web/https://chanthuongvacotsong.bachmai.gov.vn/huong-dan-chan-doan-va-dieu-tri-dai-thao-duong-type-2/ | https://web.archive.org/web/https://vncdc.gov.vn/huong-dan-chan-doan-va-dieu-tri-benh-dai-thao-duong-tuyp-2-nd14582.html | https://web.archive.org/web/https://medlatec.vn/tin-tuc/benh-dai-thao-duong-anh-huong-nhu-the-nao-toi-suc-khoe-s195-n19438 | https://web.archive.org/web/https://syt.dongnai.gov.vn/vi/news/Suc-khoe-cong-dong/nhung-bien-chung-nguy-hiem-cua-benh-tieu-duong-2511.html | https://web.archive.org/web/https://vncdc.gov.vn/huong-dan-chan-doan-va-dieu-tri-benh-dai-thao-duong-tuyp-2-nd14582.html | https://web.archive.org/web/https://syt.dongnai.gov.vn/vi/news/Suc-khoe-cong-dong/nhung-bien-chung-nguy-hiem-cua-benh-tieu-duong-2511.html | https://web.archive.org/web/https://chanthuongvacotsong.bachmai.gov.vn/huong-dan-chan-doan-va-dieu-tri-dai-thao-duong-type-2/ | https://chanthuongvacotsong.bachmai.gov.vn/huong-dan-chan-doan-va-dieu-tri-dai-thao-duong-type-2/ | https://web.archive.org/web/https://vncdc.gov.vn/huong-dan-chan-doan-va-dieu-tri-benh-dai-thao-duong-tuyp-2-nd14582.html | https://xayenmo.ninhbinh.gov.vn/y-te-giao-duc/benh-dai-thao-duong-dau-hieu-nhan-biet-phan-loai-va-dieu-tri-389.html | https://xayenmo.ninhbinh.gov.vn/y-te-giao-duc/benh-dai-thao-duong-dau-hieu-nhan-biet-phan-loai-va-dieu-tri-389.html | https://web.archive.org/web/https://xayenmo.ninhbinh.gov.vn/y-te-giao-duc/benh-dai-thao-duong-dau-hieu-nhan-biet-phan-loai-va-dieu-tri-389.html | https://chanthuongvacotsong.bachmai.gov.vn/huong-dan-chan-doan-va-dieu-tri-dai-thao-duong-type-2/ | https://web.archive.org/web/https://chanthuongvacotsong.bachmai.gov.vn/huong-dan-chan-doan-va-dieu-tri-dai-thao-duong-type-2/ | https://chanthuongvacotsong.bachmai.gov.vn/huong-dan-chan-doan-va-dieu-tri-dai-thao-duong-type-2/ | https://web.archive.org/web/https://chanthuongvacotsong.bachmai.gov.vn/huong-dan-chan-doan-va-dieu-tri-dai-thao-duong-type-2/ | https://xayenmo.ninhbinh.gov.vn/y-te-giao-duc/benh-dai-thao-duong-dau-hieu-nhan-biet-phan-loai-va-dieu-tri-389.html | https://xayenmo.ninhbinh.gov.vn/y-te-giao-duc/benh-dai-thao-duong-dau-hieu-nhan-biet-phan-loai-va-dieu-tri-389.html | https://web.archive.org/web/http://soyte.hatinh.gov.vn/tin-tuc-su-kien/pho-bien-kien-thuc/4-bien-phap-chu-yeu-phong-benh-tang-huyet-ap.html | http://soyte.hatinh.gov.vn/tin-tuc-su-kien/pho-bien-kien-thuc/4-bien-phap-chu-yeu-phong-benh-tang-huyet-ap.html | https://web.archive.org/web/https://vncdc.gov.vn/4-bien-phap-chu-yeu-phong-benh-tang-huyet-ap-nd14878.html"
"1042","RISK_2191dc3fcd","RiskFactor","Không dùng thuốc có lợi cho tim mạch","Là yếu tố nguy cơ chính dẫn đến biến chứng tim mạch và thần kinh ngoại biên. | Là yếu tố nguy cơ dẫn đến biến cố tim mạch không được phòng ngừa. | Là yếu tố nguy cơ chính dẫn đến các biến chứng tim mạch và thần kinh ngoại biên.","https://web.archive.org/web/https://bachmai.gov.vn/bai-viet/dai-thao-duong-bien-chung-tim-mach-va-than-kinh-ngoai-bien-sat-thu-tham-lang?id=994f4df4-95c1-4760-8aee-8d07a69f9fe1 | https://bachmai.gov.vn/bai-viet/dai-thao-duong-bien-chung-tim-mach-va-than-kinh-ngoai-bien-sat-thu-tham-lang?id=994f4df4-95c1-4760-8aee-8d07a69f9fe1 | https://bachmai.gov.vn/bai-viet/dai-thao-duong-bien-chung-tim-mach-va-than-kinh-ngoai-bien-sat-thu-tham-lang?id=994f4df4-95c1-4760-8aee-8d07a69f9fe1"
"1043","RISK_23818b3187","RiskFactor","Di truyền","Các rối loạn di truyền trên nhiễm sắc thể ảnh hưởng đến tế bào beta hoặc hoạt tính insulin. | Yếu tố di truyền làm tăng nguy cơ mắc ĐTĐ típ 1, đặc biệt ở các gia đình có tiền sử bệnh. | Nguy cơ mắc ĐTĐ típ 1 tăng cao nếu có tiền sử gia đình mắc bệnh. | Yếu tố di truyền làm tăng nguy cơ mắc ĐTĐ típ 1, đặc biệt ở các gia đình có tiền sử bệnh. | Yếu tố di truyền làm tăng khả năng mắc đái tháo đường type 2. | Nguy cơ mắc đái tháo đường type 2 tăng nếu có người thân trong gia đình bị bệnh. | Yếu tố di truyền ảnh hưởng đến nguy cơ mắc đái tháo đường type 2. | Các rối loạn di truyền trên nhiễm sắc thể ảnh hưởng đến tế bào beta hoặc hoạt tính insulin. | Các hội chứng nhiễm sắc thể như Down, Klinefelter, Turner làm tăng nguy cơ. | Yếu tố di truyền làm tăng nguy cơ mắc ĐTĐ típ 1, đặc biệt khi có tiền sử gia đình. | Yếu tố di truyền làm tăng nguy cơ mắc ĐTĐ típ 1, đặc biệt trong các gia đình có tiền sử bệnh. | Yếu tố di truyền đóng vai trò quan trọng trong việc phát triển ĐTĐ típ 1. | Yếu tố di truyền làm tăng nguy cơ mắc ĐTĐ típ 1, đặc biệt khi có người thân trong gia đình bị bệnh. | Yếu tố di truyền làm tăng nguy cơ mắc đái tháo đường type 2. | Yếu tố di truyền làm tăng nguy cơ mắc ĐTĐ típ 1, đặc biệt ở các gia đình có tiền sử bệnh. | Yếu tố di truyền làm tăng nguy cơ mắc bệnh, đặc biệt với type 2. | Người có người thân mắc bệnh có nguy cơ cao hơn. | Yếu tố di truyền làm tăng khả năng mắc đái tháo đường type 2, đặc biệt ở những người không béo phì. | Yếu tố di truyền làm tăng nguy cơ mắc đái tháo đường type 2. | Yếu tố di truyền làm tăng khả năng mắc đái tháo đường type 2, đặc biệt ở những người không béo phì. | Yếu tố di truyền làm tăng nguy cơ mắc đái tháo đường type 2. | Nguy cơ cao nếu có người thân mắc bệnh đái tháo đường type 2. | Nguy cơ tăng cao nếu trong gia đình có người bị tăng huyết áp. | Người có gia đình mắc bệnh dễ mắc theo. | Người trong gia đình có tiền sử tăng huyết áp dễ mắc bệnh. | Nguy cơ do người thân trong gia đình mắc bệnh tăng huyết áp.","https://web.archive.org/web/https://benhviennhitrunguong.gov.vn/hoi-thao-xu-huong-dieu-tri-dai-thao-duong-tip-1-chung-ta-khong-the-dung-ngoai.html | https://web.archive.org/web/https://benhvienquynhon.gov.vn/tin-tuc/hoat-dong-cua-ttyt/dai-thao-duong-va-nhung-dieu-ban-can-biet/ | https://benhviennhitrunguong.gov.vn/hoi-thao-xu-huong-dieu-tri-dai-thao-duong-tip-1-chung-ta-khong-the-dung-ngoai.html | https://web.archive.org/web/https://benhviennhitrunguong.gov.vn/hoi-thao-xu-huong-dieu-tri-dai-thao-duong-tip-1-chung-ta-khong-the-dung-ngoai.html | https://benhviennhitrunguong.gov.vn/benh-dai-thao-duong-o-tre-em.html | https://web.archive.org/web/https://benhviennhitrunguong.gov.vn/benh-dai-thao-duong-o-tre-em.html | https://benhvienquynhon.gov.vn/tin-tuc/hoat-dong-cua-ttyt/dai-thao-duong-va-nhung-dieu-ban-can-biet/ | https://web.archive.org/web/https://benhviennhitrunguong.gov.vn/benh-dai-thao-duong-o-tre-em.html | https://web.archive.org/web/https://benhvienquynhon.gov.vn/tin-tuc/hoat-dong-cua-ttyt/dai-thao-duong-va-nhung-dieu-ban-can-biet/ | https://web.archive.org/web/https://benhviennhitrunguong.gov.vn/hoi-thao-xu-huong-dieu-tri-dai-thao-duong-tip-1-chung-ta-khong-the-dung-ngoai.html | https://benhviennhitrunguong.gov.vn/hoi-thao-xu-huong-dieu-tri-dai-thao-duong-tip-1-chung-ta-khong-the-dung-ngoai.html | https://benhviennhitrunguong.gov.vn/benh-dai-thao-duong-o-tre-em.html | https://web.archive.org/web/https://benhviennhitrunguong.gov.vn/hoi-thao-xu-huong-dieu-tri-dai-thao-duong-tip-1-chung-ta-khong-the-dung-ngoai.html | https://web.archive.org/web/https://benhviennhitrunguong.gov.vn/benh-dai-thao-duong-o-tre-em.html | https://web.archive.org/web/http://soyte.hatinh.gov.vn/tin-tuc-su-kien/thong-tin-y-te/bai-truyen-thong-benh-dai-thao-duong-va-cach-phong-ngua-benh.html | http://soyte.hatinh.gov.vn/tin-tuc-su-kien/thong-tin-y-te/bai-truyen-thong-benh-dai-thao-duong-va-cach-phong-ngua-benh.html | https://web.archive.org/web/https://benhviennhitrunguong.gov.vn/benh-dai-thao-duong-o-tre-em.html | https://benhviennhitrunguong.gov.vn/benh-dai-thao-duong-o-tre-em.html | https://web.archive.org/web/https://benhviennhitrunguong.gov.vn/benh-dai-thao-duong-o-tre-em.html | https://benhviennhitrunguong.gov.vn/benh-dai-thao-duong-o-tre-em.html | https://benhviennhitrunguong.gov.vn/benh-dai-thao-duong-o-tre-em.html | https://bachmai.gov.vn/tin-chi-tiet/-/bai-viet/tang-huyet-ap-can-benh-tham-lang-nhung-nguy-hiem-8463-146.html | https://bachmai.gov.vn/tin-chi-tiet/-/bai-viet/tang-huyet-ap-can-benh-tham-lang-nhung-nguy-hiem-8463-146.html | https://web.archive.org/web/https://bachmai.gov.vn/tin-chi-tiet/-/bai-viet/tang-huyet-ap-can-benh-tham-lang-nhung-nguy-hiem-8463-146.html | https://bachmai.gov.vn/tin-chi-tiet/-/bai-viet/tang-huyet-ap-can-benh-tham-lang-nhung-nguy-hiem-8463-146.html"
"1044","RISK_24c4f209b6","RiskFactor","Tăng huyết áp","Kết hợp với tăng glucose máu làm nặng tổn thương mạch máu nhỏ. | Tăng nguy cơ tổn thương mạch máu nhỏ, làm nặng thêm biến chứng. | Là yếu tố làm nặng tổn thương mạch máu nhỏ do đái tháo đường. | Yếu tố nguy cơ do liên quan đến các rối loạn chuyển hóa nội tiết. | Là yếu tố làm nặng tổn thương mạch máu nhỏ, tăng nguy cơ biến chứng. | Yếu tố nguy cơ làm tăng gấp 2,57 lần nguy cơ biến chứng thận. | Là yếu tố làm nặng tổn thương mạch máu nhỏ, tăng nguy cơ biến chứng. | Huyết áp ≥ 140/90 mmHg hoặc đang điều trị. | Yếu tố nguy cơ đồng mắc với đái tháo đường. | Kết hợp với tăng glucose máu làm nặng tổn thương mạch máu nhỏ. | Tăng nguy cơ tổn thương mạch máu nhỏ và các biến chứng mãn tính khác. | Là yếu tố nguy cơ làm tăng gấp 2,57 lần nguy cơ biến chứng thận. | Tăng nguy cơ tổn thương mạch máu nhỏ và các biến chứng mãn tính khác. | Huyết áp ≥ 140/90 mmHg hoặc đang điều trị tăng huyết áp. | Tăng nguy cơ tổn thương mạch máu nhỏ và các biến chứng mãn tính khác. | Tăng nguy cơ tổn thương mạch máu nhỏ và các biến chứng. | Tăng nguy cơ tổn thương mạch máu nhỏ, làm nặng thêm biến chứng. | Là yếu tố nguy cơ chính, làm tăng nguy cơ tim mạch và tổn thương cơ quan đích.","https://bachmai.gov.vn/bai-viet/bien-chung-cua-benh-dai-thao-duong?id=f17ffc43-5abb-5dcb-54d1-d3887440a421 | https://web.archive.org/web/https://bachmai.gov.vn/bai-viet/bien-chung-cua-benh-dai-thao-duong?id=f17ffc43-5abb-5dcb-54d1-d3887440a421 | https://web.archive.org/web/https://xayenmo.ninhbinh.gov.vn/y-te-giao-duc/benh-dai-thao-duong-dau-hieu-nhan-biet-phan-loai-va-dieu-tri-389.html | https://bachmai.gov.vn/bai-viet/bien-chung-cua-benh-dai-thao-duong?id=f17ffc43-5abb-5dcb-54d1-d3887440a421 | https://nsti.vista.gov.vn/publication/view/nghien-cuu-dac-diem-lam-sang-can-lam-sang-va-danh-gia-bien-chung-than-o-benh-nhan-dai-thao-duong-tip-2-tai-khoa-noi-tiet-benh-vien-trung-uong-103-quan-doi-nhan-dan-lao-373086.html | https://web.archive.org/web/https://bachmai.gov.vn/bai-viet/bien-chung-cua-benh-dai-thao-duong?id=f17ffc43-5abb-5dcb-54d1-d3887440a421 | https://web.archive.org/web/https://bachmai.gov.vn/bai-viet/chan-doan-som-benh-dai-thao-duong-tip-2?id=59f9c51f-418e-9437-823c-a1a6c23c33e4 | https://web.archive.org/web/https://www.benhviendakhoasongma.gov.vn/bai-viet/benh-dai-thao-duong-220 | https://chanthuongvacotsong.bachmai.gov.vn/bien-chung-cua-benh-dai-thao-duong/ | https://bachmai.gov.vn/bai-viet/bien-chung-cua-benh-dai-thao-duong?id=f17ffc43-5abb-5dcb-54d1-d3887440a421 | https://nsti.vista.gov.vn/publication/view/nghien-cuu-dac-diem-lam-sang-can-lam-sang-va-danh-gia-bien-chung-than-o-benh-nhan-dai-thao-duong-type-2-tai-khoa-noi-3-benh-vien-huu-nghi-viet-tiep-hai-phong-350723.html | https://chanthuongvacotsong.bachmai.gov.vn/bien-chung-cua-benh-dai-thao-duong/ | https://web.archive.org/web/https://bachmai.gov.vn/bai-viet/chan-doan-som-benh-dai-thao-duong-tip-2?id=59f9c51f-418e-9437-823c-a1a6c23c33e4 | https://chanthuongvacotsong.bachmai.gov.vn/bien-chung-cua-benh-dai-thao-duong/ | https://bachmai.gov.vn/bai-viet/bien-chung-cua-benh-dai-thao-duong?id=f17ffc43-5abb-5dcb-54d1-d3887440a421 | https://web.archive.org/web/https://bachmai.gov.vn/bai-viet/bien-chung-cua-benh-dai-thao-duong?id=f17ffc43-5abb-5dcb-54d1-d3887440a421 | https://web.archive.org/web/https://chanthuongvacotsong.bachmai.gov.vn/huong-dan-chan-doan-va-dieu-tri-tang-huyet-ap/"
"1045","RISK_25116e9c78","RiskFactor","Thuốc kháng sinh và thuốc điều trị đau khớp","Có thể làm nặng thêm biến chứng thận.","https://benhvientinh.caobang.gov.vn/index.php/vi/news/tin-tuc-su-kien/bien-chung-than-do-dai-thao-duong-6-dieu-nguoi-benh-phai-chu-y-710.html"
"1046","RISK_26663796a7","RiskFactor","Bệnh lý tăng huyết áp (THA)","Tăng nguy cơ biến chứng thận gấp 2,57 lần so với không có THA.","https://nsti.vista.gov.vn/publication/view/nghien-cuu-dac-diem-lam-sang-can-lam-sang-va-danh-gia-bien-chung-than-o-benh-nhan-dai-thao-duong-type-2-tai-khoa-noi-3-benh-vien-huu-nghi-viet-tiep-hai-phong-350723.html"
"1047","RISK_26d105d62c","RiskFactor","Khói bụi ô nhiễm","Bao gồm khói bếp, khói công nghiệp, hóa chất độc hại trong môi trường sống hoặc làm việc. | Bao gồm khói bếp, khói công nghiệp, hóa chất độc hại trong môi trường sống và làm việc. | Bao gồm khói bếp, khói công nghiệp, hóa chất độc hại trong môi trường sống hoặc làm việc.","https://web.archive.org/web/https://bachmai.gov.vn/bai-viet/benh-phoi-tac-nghen-man-tinh-hieu-dung-phong-ngua-va-phat-hien-som-cung-chuyen-gia-benh-vien-bach-mai?id=bef483aa-6fde-433a-b2e8-b373eb7903a6 | https://bachmai.gov.vn/bai-viet/benh-phoi-tac-nghen-man-tinh-hieu-dung-phong-ngua-va-phat-hien-som-cung-chuyen-gia-benh-vien-bach-mai?id=bef483aa-6fde-433a-b2e8-b373eb7903a6 | https://web.archive.org/web/https://bachmai.gov.vn/bai-viet/benh-phoi-tac-nghen-man-tinh-hieu-dung-phong-ngua-va-phat-hien-som-cung-chuyen-gia-benh-vien-bach-mai?id=bef483aa-6fde-433a-b2e8-b373eb7903a6"
"1048","RISK_26f5cd902d","RiskFactor","Lịch sử gia đình","Di truyền làm tăng nguy cơ mắc bệnh. | Tăng nguy cơ do di truyền từ cha mẹ hoặc anh chị em.","https://chanthuongvacotsong.bachmai.gov.vn/cao-huyet-ap-am-tham-ma-rat-hiem/"
"1049","RISK_2758f2b407","RiskFactor","Ít hoạt động thể lực","Sống ít vận động làm tăng nguy cơ béo phì và kháng insulin. | Người ít vận động có nguy cơ mắc bệnh cao hơn. | Yếu tố nguy cơ có thể can thiệp được gây ra đái tháo đường type 2. | Là yếu tố nguy cơ tim mạch, cần tăng cường vận động. | Là yếu tố nguy cơ tim mạch, cần tăng cường vận động. | Yếu tố nguy cơ tim mạch và tăng huyết áp do thiếu vận động.","https://web.archive.org/web/https://vncdc.gov.vn/quan-ly-benh-dai-thao-duong-nd14581.html | https://web.archive.org/web/https://bachmai.gov.vn/bai-viet/chan-doan-som-benh-dai-thao-duong-tip-2?id=59f9c51f-418e-9437-823c-a1a6c23c33e4 | https://web.archive.org/web/https://xayenmo.ninhbinh.gov.vn/y-te-giao-duc/benh-dai-thao-duong-dau-hieu-nhan-biet-phan-loai-va-dieu-tri-389.html | https://chanthuongvacotsong.bachmai.gov.vn/huong-dan-chan-doan-va-dieu-tri-tang-huyet-ap/ | https://chanthuongvacotsong.bachmai.gov.vn/huong-dan-chan-doan-va-dieu-tri-tang-huyet-ap/ | https://web.archive.org/web/https://chanthuongvacotsong.bachmai.gov.vn/huong-dan-chan-doan-va-dieu-tri-tang-huyet-ap/ | https://chanthuongvacotsong.bachmai.gov.vn/huong-dan-chan-doan-va-dieu-tri-tang-huyet-ap/"
"1050","RISK_27d684411b","RiskFactor","Không tiêm vắc-xin phòng cúm","Cúm là nguyên nhân phổ biến gây đợt cấp COPD.","https://bachmai.gov.vn/bai-viet/phong-dot-cap-benh-phoi-tac-nghen-man-tinh?id=28510cbf-b2a4-a5e6-65a7-7b91e89cf5eb"
"1051","RISK_29849baf47","RiskFactor","Chế độ ăn không lành mạnh","Ăn nhiều muối, chất béo bão hòa, thức ăn chế biến sẵn gây tăng huyết áp và tổn thương thận.","https://web.archive.org/web/https://www.vinmec.com/vie/bai-viet/suy-o-nguoi-bi-cao-huyet-ap-nhung-dieu-can-chu-y-vi"
"1052","RISK_299fea5465","RiskFactor","Nồng độ HDL cholesterol thấp","Yếu tố nguy cơ rối loạn lipid máu.","https://web.archive.org/web/https://www.benhviendakhoasongma.gov.vn/bai-viet/benh-dai-thao-duong-220"
"1053","RISK_29af8d4172","RiskFactor","Chi phí điều trị cao","Người bệnh không thể chi trả thuốc mới hoặc thiết bị hỗ trợ, dẫn đến không tuân thủ điều trị.","https://bachmai.gov.vn/bai-viet/ca-the-hoa-dieu-tri-dai-thao-duong-tip-2-tai-cac-nuoc-dang-phat-trien-thach-thuc-va-co-hoi?id=4b51fe29-8515-42d1-bff3-85563163f16c"
"1054","RISK_2b20ef88fe","RiskFactor","Thức ăn gây dị ứng","Các loại thức ăn như trứng, sữa, hải sản có thể là yếu tố kích thích cơn hen.","https://web.archive.org/web/https://benhviennhitrunguong.gov.vn/tag/hen-phe-quan"
"1055","RISK_2b8f0bf1cc","RiskFactor","Xơ vữa động mạch","Tích tụ mảng bám cholesterol gây thu hẹp lòng mạch.","https://web.archive.org/web/https://medlatec.vn/tin-tuc/hep-dong-mach-than-la-gi-muc-do-nguy-hiem-va-phuong-phap-dieu-tri"
"1056","RISK_2b9a93a31d","RiskFactor","Tập thể dục ngoài trời lạnh","Làm không khí khô đi trực tiếp vào phế quản, tăng nguy cơ lên cơn hen.","http://phacdo.soytequangninh.gov.vn/news/chuyen-khoa-sau/phong-benh-hen-phe-quan-khi-thoi-tiet-thay-doi.html"
"1057","RISK_2c25135e60","RiskFactor","Ăn uống không lành mạnh","Chế độ ăn giàu đường và tinh bột gây tăng cân và đề kháng insulin. | Chế độ ăn giàu đường, tinh bột, chất béo gây tăng cân và đề kháng insulin. | Chế độ ăn giàu đường và tinh bột gây tăng đường huyết và đề kháng insulin. | Chế độ ăn giàu đường và tinh bột gây tăng nguy cơ đái tháo đường type 2. | Chế độ ăn giàu đường và tinh bột gây tăng nguy cơ đái tháo đường type 2.","https://benhviennhitrunguong.gov.vn/benh-dai-thao-duong-o-tre-em.html | https://web.archive.org/web/https://benhviennhitrunguong.gov.vn/benh-dai-thao-duong-o-tre-em.html | https://benhviennhitrunguong.gov.vn/benh-dai-thao-duong-o-tre-em.html | https://web.archive.org/web/https://benhviennhitrunguong.gov.vn/benh-dai-thao-duong-o-tre-em.html | https://web.archive.org/web/https://benhviennhitrunguong.gov.vn/benh-dai-thao-duong-o-tre-em.html"
"1058","RISK_2deb8e21e7","RiskFactor","Khói thuốc lá","Chất độc trong khói thuốc gây kích thích phế quản.","https://www.vinmec.com/vie/benh/hen-phe-quan-2949"
"1059","RISK_2ec6ac323e","RiskFactor","Dị nguyên môi trường","Bụi nhà, lông chó mèo, gián, nấm, phấn hoa – yếu tố quan trọng nhất gây hen.","https://www.vinmec.com/vie/bai-viet/lam-nao-de-chan-doan-hen-phe-quan-vi"
"1060","RISK_2f48060407","RiskFactor","Thiếu dấu ấn sinh học","Sự thiếu hụt các dấu ấn sinh học ngoài albumin niệu làm khó chẩn đoán sớm tổn thương thận.","https://web.archive.org/web/https://vista.gov.vn/vi/news/cac-linh-vuc-khoa-hoc-va-cong-nghe/dau-an-sinh-hoc-moi-trong-phat-trien-som-bien-chung-than-do-dai-thao-duong-9409.html"
"1061","RISK_3025649434","RiskFactor","Ăn quá ít tinh bột","Gây hạ đường huyết do không đủ lượng glucose để duy trì. | Gây hạ đường huyết do không đủ lượng glucose để duy trì. | Gây hạ đường huyết do không đủ lượng glucose để đáp ứng insulin.","http://soyte.hatinh.gov.vn/tin-tuc-su-kien/thong-tin-y-te/luu-y-khi-dieu-tri-dai-thao-duong-type-1.html | http://soyte.hatinh.gov.vn/tin-tuc-su-kien/thong-tin-y-te/luu-y-khi-dieu-tri-dai-thao-duong-type-1.html | https://web.archive.org/web/http://soyte.hatinh.gov.vn/tin-tuc-su-kien/thong-tin-y-te/luu-y-khi-dieu-tri-dai-thao-duong-type-1.html"
"1062","RISK_3036de8530","RiskFactor","Lipid máu bất thường","Nguy cơ tim mạch cao, cần kiểm soát LDL-C bằng statin và phối hợp thuốc nếu không đạt mục tiêu.","https://bachmai.gov.vn/bai-viet/doi-moi-tu-duy-dieu-tri-dai-thao-duong-typ-2-va-chien-luoc-kiem-soat-toan-dien-bien-chung-than-kinh?id=090463d0-4515-40c8-919c-8bebc41e2c01"
"1063","RISK_30d0ea6a18","RiskFactor","Yếu tố tâm lý","Lo âu, căng thẳng, sang chấn tâm lý có thể làm nặng thêm triệu chứng hen.","https://web.archive.org/web/http://phacdo.soytequangninh.gov.vn/news/tin-tuc-su-kien/hen-phe-quan-hieu-dung-de-song-khoe-dieu-tri-hieu-qua-phong-ngua-chu-dong.html"
"1064","RISK_3228b8f838","RiskFactor","Tiểu đường","Là nguyên nhân phổ biến dẫn đến suy thận mạn do tổn thương mạch máu và tế bào thận. | Là một trong những nguyên nhân chính dẫn đến suy thận mạn.","https://bachmai.gov.vn/bai-viet/sai-lam-trong-dinh-duong-khien-suy-than-man-them-tram-trong-dau-la-giai-phap?id=1ff0d3d0-62f4-4159-a23b-758572e7f600 | https://web.archive.org/web/https://bachmai.gov.vn/bai-viet/sai-lam-trong-dinh-duong-khien-suy-than-man-them-tram-trong-dau-la-giai-phap?id=1ff0d3d0-62f4-4159-a23b-758572e7f600 | https://bachmai.gov.vn/bai-viet/sai-lam-trong-dinh-duong-khien-suy-than-man-them-tram-trong-dau-la-giai-phap?id=1ff0d3d0-62f4-4159-a23b-758572e7f600"
"1065","RISK_33c311ef89","RiskFactor","Gia đình có người bị đái tháo đường","Yếu tố di truyền làm tăng nguy cơ mắc bệnh.","https://web.archive.org/web/https://www.benhviendakhoasongma.gov.vn/bai-viet/benh-dai-thao-duong-220"
"1066","RISK_35aef44151","RiskFactor","Rối loạn đường huyết khi mang thai","Nguyên nhân dẫn đến đái tháo đường thai kỳ và tăng nguy cơ sau này. | Yếu tố nguy cơ có thể can thiệp được gây ra đái tháo đường type 2. | Yếu tố nguy cơ dẫn đến đái tháo đường type 2. | Yếu tố nguy cơ dẫn đến đái tháo đường type 2. | Yếu tố nguy cơ có thể can thiệp được gây ra đái tháo đường type 2. | Yếu tố nguy cơ dẫn đến đái tháo đường type 2. | Yếu tố nguy cơ dẫn đến đái tháo đường type 2.","https://web.archive.org/web/https://xayenmo.ninhbinh.gov.vn/y-te-giao-duc/benh-dai-thao-duong-dau-hieu-nhan-biet-phan-loai-va-dieu-tri-389.html | https://xayenmo.ninhbinh.gov.vn/y-te-giao-duc/benh-dai-thao-duong-dau-hieu-nhan-biet-phan-loai-va-dieu-tri-389.html | https://xayenmo.ninhbinh.gov.vn/y-te-giao-duc/benh-dai-thao-duong-dau-hieu-nhan-biet-phan-loai-va-dieu-tri-389.html | https://web.archive.org/web/https://xayenmo.ninhbinh.gov.vn/y-te-giao-duc/benh-dai-thao-duong-dau-hieu-nhan-biet-phan-loai-va-dieu-tri-389.html | https://xayenmo.ninhbinh.gov.vn/y-te-giao-duc/benh-dai-thao-duong-dau-hieu-nhan-biet-phan-loai-va-dieu-tri-389.html | https://xayenmo.ninhbinh.gov.vn/y-te-giao-duc/benh-dai-thao-duong-dau-hieu-nhan-biet-phan-loai-va-dieu-tri-389.html | https://xayenmo.ninhbinh.gov.vn/y-te-giao-duc/benh-dai-thao-duong-dau-hieu-nhan-biet-phan-loai-va-dieu-tri-389.html"
"1067","RISK_35e55eabdf","RiskFactor","Lối sống ít vận động","Gây tăng nguy cơ đái tháo đường type 2 do giảm khả năng sử dụng glucose. | Gây tăng nguy cơ mắc đái tháo đường type 2 do giảm tiêu thụ năng lượng và tăng mỡ nội tạng. | Gây tăng nguy cơ mắc bệnh đái tháo đường type 2 do giảm tiêu thụ năng lượng và tăng mỡ. | Gây tăng nguy cơ đái tháo đường type 2 do giảm khả năng sử dụng glucose. | Gây tăng nguy cơ mắc bệnh do giảm khả năng sử dụng glucose và tăng mỡ nội tạng. | Không tập thể dục dẫn đến tích tụ mỡ và kháng insulin gia tăng. | Không tập thể dục dẫn đến tích tụ mỡ và kháng insulin gia tăng. | Thiếu hoạt động thể chất làm giảm khả năng sử dụng insulin và tăng nguy cơ béo phì. | Không tập thể dục dẫn đến tích tụ mỡ và kháng insulin gia tăng. | Gây ảnh hưởng tiêu cực đến kiểm soát đường huyết và làm tăng nguy cơ mắc đái tháo đường típ 2. | Giảm khả năng chuyển hóa glucose, dẫn đến tích tụ đường trong máu. | Gây tăng nguy cơ đái tháo đường type 2 do giảm khả năng sử dụng glucose. | Gây tăng nguy cơ đái tháo đường type 2 do giảm khả năng sử dụng glucose. | Gây tăng nguy cơ đái tháo đường type 2 do giảm tiêu thụ năng lượng và ảnh hưởng đến insulin.","https://benhviennhitrunguong.gov.vn/benh-dai-thao-duong-o-tre-em.html | https://web.archive.org/web/https://benhviennhitrunguong.gov.vn/benh-dai-thao-duong-o-tre-em.html | https://web.archive.org/web/https://benhviennhitrunguong.gov.vn/benh-dai-thao-duong-o-tre-em.html | https://benhviennhitrunguong.gov.vn/benh-dai-thao-duong-o-tre-em.html | https://web.archive.org/web/https://benhviennhitrunguong.gov.vn/benh-dai-thao-duong-o-tre-em.html | http://ttyt.tamduong.laichau.gov.vn/quan-ly-nha-nuoc/hoat-dong-doan-doi/dai-thao-duong-tuyp-2-nguyen-nhan-trieu-chung-chan-doan-va-d.html | http://ttyt.tamduong.laichau.gov.vn/quan-ly-nha-nuoc/hoat-dong-doan-doi/dai-thao-duong-tuyp-2-nguyen-nhan-trieu-chung-chan-doan-va-d.html | https://web.archive.org/web/https://bachmai.gov.vn/bai-viet/cap-nhat-xu-huong-moi-trong-dieu-tri-dai-thao-duong-tip-2?id=d4ab61a0-919e-0805-1cdd-fe092c98c88e | http://ttyt.tamduong.laichau.gov.vn/quan-ly-nha-nuoc/hoat-dong-doan-doi/dai-thao-duong-tuyp-2-nguyen-nhan-trieu-chung-chan-doan-va-d.html | https://web.archive.org/web/http://ttyt.tamduong.laichau.gov.vn/quan-ly-nha-nuoc/hoat-dong-doan-doi/dai-thao-duong-tuyp-2-nguyen-nhan-trieu-chung-chan-doan-va-d.html | https://web.archive.org/web/https://benhviennhitrunguong.gov.vn/benh-dai-thao-duong-o-tre-em.html | https://benhviennhitrunguong.gov.vn/benh-dai-thao-duong-o-tre-em.html | https://web.archive.org/web/https://benhviennhitrunguong.gov.vn/benh-dai-thao-duong-o-tre-em.html | https://benhviennhitrunguong.gov.vn/benh-dai-thao-duong-o-tre-em.html | https://benhviennhitrunguong.gov.vn/benh-dai-thao-duong-o-tre-em.html"
"1068","RISK_366b4d2dc0","RiskFactor","Không tầm soát biến chứng thần kinh ngoại biên","60% bệnh nhân ĐTĐ mắc bệnh lý thần kinh ngoại biên không được chẩn đoán. | Là yếu tố nguy cơ dẫn đến chẩn đoán muộn, điều trị không hiệu quả và gánh nặng y tế cao. | Là yếu tố nguy cơ dẫn đến chẩn đoán muộn, điều trị không hiệu quả và gánh nặng y tế cao.","https://web.archive.org/web/https://bachmai.gov.vn/bai-viet/dai-thao-duong-bien-chung-tim-mach-va-than-kinh-ngoai-bien-sat-thu-tham-lang?id=994f4df4-95c1-4760-8aee-8d07a69f9fe1 | https://bachmai.gov.vn/bai-viet/dai-thao-duong-bien-chung-tim-mach-va-than-kinh-ngoai-bien-sat-thu-tham-lang?id=994f4df4-95c1-4760-8aee-8d07a69f9fe1 | https://bachmai.gov.vn/bai-viet/dai-thao-duong-bien-chung-tim-mach-va-than-kinh-ngoai-bien-sat-thu-tham-lang?id=994f4df4-95c1-4760-8aee-8d07a69f9fe1"
"1069","RISK_36b46ab61a","RiskFactor","Gia đình có người mắc đái tháo đường type 2","Yếu tố di truyền làm tăng nguy cơ mắc bệnh.","https://web.archive.org/web/https://vncdc.gov.vn/quan-ly-benh-dai-thao-duong-nd14581.html"
"1070","RISK_36dd58c3ba","RiskFactor","Gia đình có tiền sử dị ứng/hen","Tăng nguy cơ phát triển bệnh hen ở trẻ. | Tăng nguy cơ mắc bệnh ở trẻ em. | Tăng nguy cơ phát triển bệnh hen ở trẻ. | Tăng nguy cơ phát triển bệnh dị ứng và hen ở trẻ. | Tăng nguy cơ phát triển bệnh hen ở trẻ.","https://benhviennhitrunguong.gov.vn/tag/hen-phe-quan | https://web.archive.org/web/https://benhviennhitrunguong.gov.vn/tag/hen-phe-quan | https://benhviennhitrunguong.gov.vn/tag/hen-phe-quan"
"1071","RISK_37af0fd24a","RiskFactor","Tiền sử dị ứng","Người có tiền sử dị ứng dễ bị kích thích phế quản và phát triển cơn hen.","https://hohap.bachmai.gov.vn/detail/14225/hen-phe-quan-%C2%A0-cach-nhan-biet-va-chan-doan.html"
"1072","RISK_37d906d3dc","RiskFactor","Giao mùa","Thời tiết thay đổi thất thường và độ ẩm cao làm tăng nguy cơ.","https://benhviennhitrunguong.gov.vn/tag/hen-phe-quan"
"1073","RISK_384844e0b4","RiskFactor","Kiểm soát lipid máu","Sự rối loạn lipid máu góp phần vào tổn thương võng mạc.","https://nsti.vista.gov.vn/publication/view/dac-diem-lam-sang-can-lam-sang-va-bien-chung-mat-tren-benh-nhan-dai-thao-duong-type-2-dieu-tri-tai-khoa-noi-3-benh-vien-huu-nghi-viet-tiep-hai-phong-339420.html"
"1074","RISK_38d42e80c5","RiskFactor","Ăn uống thiếu điều độ","Ăn quá no, quá nhiều hoặc ăn kiêng quá mức gây rối loạn kiểm soát.","https://bachmai.gov.vn/tin-chi-tiet/-/bai-viet/dai-thao-duong-can-benh-nhieu-bien-chung-nguy-hiem-8-trieu-nguoi-viet-nam-dang-mac-9624-146.html"
"1075","RISK_38d839bd5c","RiskFactor","Di truyền từ bố/mẹ bị hen","Nguy cơ mắc bệnh cao nếu có người thân trong gia đình bị hen.","http://phacdo.soytequangninh.gov.vn/news/chuyen-khoa-sau/phong-benh-hen-phe-quan-khi-thoi-tiet-thay-doi.html | https://web.archive.org/web/http://phacdo.soytequangninh.gov.vn/news/chuyen-khoa-sau/phong-benh-hen-phe-quan-khi-thoi-tiet-thay-doi.html"
"1076","RISK_3a8cf96af3","RiskFactor","Căng thẳng tâm lý","Gây co thắt mạch máu tạm thời và làm tăng huyết áp ngắn hạn.","http://bvhoanghoa.ytethanhhoa.gov.vn/web/khoa-phong-chuc-nang/khoa-phong-chuc-nang/phong-cong-tac-xa-hoi/dieu-can-luu-y-khi-dieu-tri-tang-huyet-ap.html"
"1077","RISK_3ae6f00696","RiskFactor","Điều trị bằng insulin nền truyền thống","Có nguy cơ hạ đường huyết cao, đặc biệt về đêm, làm giảm hiệu quả điều trị.","https://web.archive.org/web/https://bachmai.gov.vn/bai-viet/dieu-tri-dai-thao-duong-tip-2-buoc-tien-moi-tu-insulin-nen-the-he-2-va-iglarlixi?id=5cdac324-549d-40aa-b3e6-80214932d112"
"1078","RISK_3c8d59cf03","RiskFactor","Chế độ ăn nhiều muối và chất béo bão hòa","Gây tăng huyết áp do làm rối loạn cân bằng điện giải và tăng sức cản mạch. | Muối làm giữ nước, tăng thể tích máu; chất béo bão hòa gây xơ vữa mạch.","https://soyte.tuyenquang.gov.vn/tin-tuc/tang-huyet-ap-va-nhung-bien-chung-nguy-hiem.html"
"1079","RISK_3d5e9afacd","RiskFactor","Chế độ ăn không điều độ","Ăn uống thiếu kiểm soát gây tăng đường huyết và phát triển bệnh.","https://web.archive.org/web/https://medlatec.vn/tin-tuc/benh-dai-thao-duong-anh-huong-nhu-the-nao-toi-suc-khoe-s195-n19438"
"1080","RISK_3d778ef512","RiskFactor","Hút thuốc","Gây tổn thương mạch máu và làm giảm nhạy cảm với insulin. | Gây tổn thương mạch máu và làm giảm độ nhạy với insulin. | Gây tổn thương mạch máu và làm giảm nhạy cảm với insulin.","http://ttyt.tamduong.laichau.gov.vn/quan-ly-nha-nuoc/hoat-dong-doan-doi/dai-thao-duong-tuyp-2-nguyen-nhan-trieu-chung-chan-doan-va-d.html | http://ttyt.tamduong.laichau.gov.vn/quan-ly-nha-nuoc/hoat-dong-doan-doi/dai-thao-duong-tuyp-2-nguyen-nhan-trieu-chung-chan-doan-va-d.html | https://web.archive.org/web/http://ttyt.tamduong.laichau.gov.vn/quan-ly-nha-nuoc/hoat-dong-doan-doi/dai-thao-duong-tuyp-2-nguyen-nhan-trieu-chung-chan-doan-va-d.html"
"1081","RISK_3d7add1c33","RiskFactor","Chế độ ăn kém dinh dưỡng","Ăn nhiều đường, chất béo xấu và thiếu chất xơ gây rối loạn chuyển hóa. | Ăn nhiều đường và chất béo xấu, thiếu chất xơ gây tăng đường huyết và kháng insulin. | Ăn nhiều đường, chất béo xấu và thiếu chất xơ gây rối loạn chuyển hóa glucose. | Ăn nhiều đường và chất béo xấu, thiếu chất xơ gây tăng đường huyết và kháng insulin. | Ăn nhiều đường, chất béo xấu và thiếu chất xơ gây rối loạn chuyển hóa. | Cung cấp quá nhiều chất béo chuyển hóa và đường bổ sung, gây rối loạn chuyển hóa. | Ăn nhiều đường và chất béo xấu, thiếu chất xơ gây tăng đường huyết và kháng insulin.","http://ttyt.tamduong.laichau.gov.vn/quan-ly-nha-nuoc/hoat-dong-doan-doi/dai-thao-duong-tuyp-2-nguyen-nhan-trieu-chung-chan-doan-va-d.html | http://ttyt.tamduong.laichau.gov.vn/quan-ly-nha-nuoc/hoat-dong-doan-doi/dai-thao-duong-tuyp-2-nguyen-nhan-trieu-chung-chan-doan-va-d.html | https://web.archive.org/web/http://ttyt.tamduong.laichau.gov.vn/quan-ly-nha-nuoc/hoat-dong-doan-doi/dai-thao-duong-tuyp-2-nguyen-nhan-trieu-chung-chan-doan-va-d.html | http://ttyt.tamduong.laichau.gov.vn/quan-ly-nha-nuoc/hoat-dong-doan-doi/dai-thao-duong-tuyp-2-nguyen-nhan-trieu-chung-chan-doan-va-d.html | https://web.archive.org/web/http://ttyt.tamduong.laichau.gov.vn/quan-ly-nha-nuoc/hoat-dong-doan-doi/dai-thao-duong-tuyp-2-nguyen-nhan-trieu-chung-chan-doan-va-d.html | https://web.archive.org/web/http://ttyt.tamduong.laichau.gov.vn/quan-ly-nha-nuoc/hoat-dong-doan-doi/dai-thao-duong-tuyp-2-nguyen-nhan-trieu-chung-chan-doan-va-d.html"
"1082","RISK_3dfcebbf61","RiskFactor","Tuổi tác cao","COPD thường xuất hiện sau tuổi 40, đặc biệt ở nam giới.","https://web.archive.org/web/http://benhvienphoi.hatinh.gov.vn/chi-tiet-tin-tuc?slug=hay-nhan-biet-som-va-phong-ngua-benh-phoi-tac-nghen-man-tinh-copd"
"1083","RISK_3e15e7b890","RiskFactor","Tác nhân nghề nghiệp","Các chất hóa học trong môi trường làm việc có thể gây dị ứng và hen.","https://www.vinmec.com/vie/bai-viet/lam-nao-de-chan-doan-hen-phe-quan-vi"
"1084","RISK_3fc66b2b1e","RiskFactor","Thuốc lá và rượu bia","Chất kích thích làm tăng huyết áp và tổn thương mạch máu. | Là yếu tố nguy cơ làm tăng huyết áp và tổn thương thận. | Chất kích thích làm tăng huyết áp và tổn thương mạch máu.","https://web.archive.org/web/https://tamanhhospital.vn/tang-huyet-ap-trong-benh-than/ | https://web.archive.org/web/http://bvhoanghoa.ytethanhhoa.gov.vn/web/khoa-phong-chuc-nang/khoa-phong-chuc-nang/phong-cong-tac-xa-hoi/dieu-can-luu-y-khi-dieu-tri-tang-huyet-ap.html | https://web.archive.org/web/http://bvhoanghoa.ytethanhhoa.gov.vn/web/khoa-phong-chuc-nang/khoa-phong-chuc-nang/phong-cong-tac-xa-hoi/dieu-can-luu-y-khi-dieu-tri-tang-huyet-ap.html"
"1085","RISK_4086f8d5ec","RiskFactor","Nhiễm trùng, chấn thương, stress","Là các yếu tố nguy cơ làm tăng nguy cơ nhiễm toan ceton.","http://soyte.hatinh.gov.vn/tin-tuc-su-kien/thong-tin-y-te/luu-y-khi-dieu-tri-dai-thao-duong-type-1.html"
"1086","RISK_41df522e64","RiskFactor","Rối loạn hệ renin-angiotensin","Một cơ chế sinh lý gây ra tăng huyết áp. | Bất thường trong cơ chế điều hòa muối và nước dẫn đến tăng huyết áp. | Hệ thống nội tiết ảnh hưởng đến điều hòa huyết áp. | Bất thường trong cơ chế điều hòa muối và nước dẫn đến tăng huyết áp. | Hệ thống nội tiết ảnh hưởng đến điều hòa huyết áp. | Hệ thống điều hòa muối và nước bị rối loạn, góp phần gây tăng huyết áp. | Hệ thống điều hòa muối và nước bị rối loạn, góp phần gây tăng huyết áp. | Một cơ chế sinh lý gây ra tăng huyết áp.","https://web.archive.org/web/http://bvhoanghoa.ytethanhhoa.gov.vn/web/khoa-phong-chuc-nang/khoa-phong-chuc-nang/to-cong-tac-xa-hoi/benh-tang-huyet-ap-ke-giet-nguoi-tham-lang.html | http://bvhoanghoa.ytethanhhoa.gov.vn/web/khoa-phong-chuc-nang/khoa-phong-chuc-nang/to-cong-tac-xa-hoi/benh-tang-huyet-ap-ke-giet-nguoi-tham-lang.html | https://web.archive.org/web/http://bvhoanghoa.ytethanhhoa.gov.vn/web/khoa-phong-chuc-nang/khoa-phong-chuc-nang/to-cong-tac-xa-hoi/benh-tang-huyet-ap-ke-giet-nguoi-tham-lang.html"
"1087","RISK_41fa67dae6","RiskFactor","Di truyền từ bố mẹ","Người có bố hoặc mẹ bị hen phế quản thì con cái có nguy cơ mắc bệnh cao.","http://phacdo.soytequangninh.gov.vn/news/chuyen-khoa-sau/phong-benh-hen-phe-quan-khi-thoi-tiet-thay-doi.html"
"1088","RISK_43474778d4","RiskFactor","Không điều trị đầy đủ","Gây nguy cơ tái phát và biến chứng nghiêm trọng. | Làm tăng nguy cơ cơn hen cấp và biến chứng. | Gây nguy cơ tái phát và biến chứng nghiêm trọng. | Việc không tuân thủ điều trị và khám định kỳ dẫn đến biến chứng nghiêm trọng. | Gây nguy cơ tái phát và biến chứng nghiêm trọng.","https://benhviennhitrunguong.gov.vn/tag/hen-phe-quan | https://web.archive.org/web/https://benhviennhitrunguong.gov.vn/tag/hen-phe-quan | https://benhviennhitrunguong.gov.vn/tag/hen-phe-quan"
"1089","RISK_44bd8bccfd","RiskFactor","Hội chứng buồng trứng đa nang","Tăng nguy cơ kháng insulin, dễ mắc đái tháo đường. | Tình trạng nội tiết ảnh hưởng đến khả năng phát triển bệnh. | Phụ nữ mắc hội chứng này có nguy cơ cao. | Phụ nữ mắc hội chứng này có nguy cơ cao.","https://web.archive.org/web/https://bachmai.gov.vn/bai-viet/chan-doan-som-benh-dai-thao-duong-tip-2?id=59f9c51f-418e-9437-823c-a1a6c23c33e4"
"1090","RISK_44ed0e9733","RiskFactor","Dùng thuốc Biguanide thế hệ 1","Nguy cơ nhiễm toan acid lactic do giảm khả năng đào thải acid lactic. | Tăng nguy cơ nhiễm toan acid lactic. | Tăng nguy cơ nhiễm toan acid lactic. | Tăng nguy cơ nhiễm toan acid lactic do giảm khả năng đào thải acid lactic. | Gây nhiễm toan acid lactic, đặc biệt ở bệnh nhân suy gan thận. | Nguy cơ nhiễm toan acid lactic do giảm khả năng đào thải acid lactic. | Gây nhiễm toan acid lactic do giảm khả năng đào thải acid lactic. | Tăng nguy cơ nhiễm toan acid lactic do giảm khả năng đào thải acid lactic. | Nguy cơ nhiễm toan acid lactic do giảm khả năng đào thải acid lactic. | Tăng nguy cơ nhiễm toan acid lactic. | Nguyên nhân gây nhiễm toan acid lactic. | Tăng nguy cơ nhiễm toan acid lactic. | Gây nhiễm toan acid lactic do giảm khả năng đào thải acid lactic. | Tăng nguy cơ nhiễm toan acid lactic. | Gây nhiễm toan acid lactic do giảm khả năng đào thải acid lactic. | Gây nhiễm toan acid lactic do tăng sản sinh acid lactic. | Tăng nguy cơ nhiễm toan acid lactic. | Gây nhiễm toan acid lactic do giảm khả năng đào thải acid lactic. | Nguy cơ nhiễm toan acid lactic do giảm khả năng đào thải acid lactic. | Gây nhiễm toan acid lactic do giảm khả năng đào thải acid lactic. | Tăng nguy cơ nhiễm toan acid lactic. | Tăng nguy cơ nhiễm toan acid lactic.","https://bachmai.gov.vn/bai-viet/bien-chung-cua-benh-dai-thao-duong?id=f17ffc43-5abb-5dcb-54d1-d3887440a421 | https://web.archive.org/web/https://bachmai.gov.vn/bai-viet/bien-chung-cua-benh-dai-thao-duong?id=f17ffc43-5abb-5dcb-54d1-d3887440a421 | https://web.archive.org/web/https://bachmai.gov.vn/bai-viet/bien-chung-cua-benh-dai-thao-duong?id=f17ffc43-5abb-5dcb-54d1-d3887440a421 | https://bachmai.gov.vn/bai-viet/bien-chung-cua-benh-dai-thao-duong?id=f17ffc43-5abb-5dcb-54d1-d3887440a421 | https://bachmai.gov.vn/bai-viet/bien-chung-cua-benh-dai-thao-duong?id=f17ffc43-5abb-5dcb-54d1-d3887440a421 | https://bachmai.gov.vn/bai-viet/bien-chung-cua-benh-dai-thao-duong?id=f17ffc43-5abb-5dcb-54d1-d3887440a421 | https://bachmai.gov.vn/bai-viet/bien-chung-cua-benh-dai-thao-duong?id=f17ffc43-5abb-5dcb-54d1-d3887440a421 | https://web.archive.org/web/https://bachmai.gov.vn/bai-viet/bien-chung-cua-benh-dai-thao-duong?id=f17ffc43-5abb-5dcb-54d1-d3887440a421 | https://web.archive.org/web/https://bachmai.gov.vn/bai-viet/bien-chung-cua-benh-dai-thao-duong?id=f17ffc43-5abb-5dcb-54d1-d3887440a421 | https://bachmai.gov.vn/bai-viet/bien-chung-cua-benh-dai-thao-duong?id=f17ffc43-5abb-5dcb-54d1-d3887440a421 | https://web.archive.org/web/https://chanthuongvacotsong.bachmai.gov.vn/bien-chung-cua-benh-dai-thao-duong/ | https://chanthuongvacotsong.bachmai.gov.vn/bien-chung-cua-benh-dai-thao-duong/ | https://web.archive.org/web/https://bachmai.gov.vn/bai-viet/bien-chung-cua-benh-dai-thao-duong?id=f17ffc43-5abb-5dcb-54d1-d3887440a421 | https://bachmai.gov.vn/bai-viet/bien-chung-cua-benh-dai-thao-duong?id=f17ffc43-5abb-5dcb-54d1-d3887440a421 | https://web.archive.org/web/https://bachmai.gov.vn/bai-viet/bien-chung-cua-benh-dai-thao-duong?id=f17ffc43-5abb-5dcb-54d1-d3887440a421 | https://bachmai.gov.vn/bai-viet/bien-chung-cua-benh-dai-thao-duong?id=f17ffc43-5abb-5dcb-54d1-d3887440a421 | https://web.archive.org/web/https://bachmai.gov.vn/bai-viet/bien-chung-cua-benh-dai-thao-duong?id=f17ffc43-5abb-5dcb-54d1-d3887440a421 | https://bachmai.gov.vn/bai-viet/bien-chung-cua-benh-dai-thao-duong?id=f17ffc43-5abb-5dcb-54d1-d3887440a421 | https://web.archive.org/web/https://bachmai.gov.vn/bai-viet/bien-chung-cua-benh-dai-thao-duong?id=f17ffc43-5abb-5dcb-54d1-d3887440a421"
"1091","RISK_457ee241b1","RiskFactor","Sử dụng thuốc corticosteroid","Gây tăng huyết áp do dư thừa cortisol trong cơ thể.","https://tamanhhospital.vn/tang-huyet-ap-thu-phat/"
"1092","RISK_45bd0b7fef","RiskFactor","Không dùng thuốc lợi tim mạch","Gây nguy cơ biến cố tim mạch cao, đặc biệt là ở người có rối loạn lipid máu.","https://bachmai.gov.vn/bai-viet/dai-thao-duong-bien-chung-tim-mach-va-than-kinh-ngoai-bien-sat-thu-tham-lang?id=994f4df4-95c1-4760-8aee-8d07a69f9fe1"
"1093","RISK_461da0252d","RiskFactor","Ăn nhiều muối","Muối gây tăng huyết áp, từ đó thúc đẩy suy thận. | Muối thúc đẩy tăng huyết áp – yếu tố nguy cơ chính gây suy thận.","https://web.archive.org/web/http://soyte.hatinh.gov.vn/tin-tuc-su-kien/pho-bien-kien-thuc/dau-hieu-benh-than-va-suy-than-.html | http://soyte.hatinh.gov.vn/tin-tuc-su-kien/pho-bien-kien-thuc/dau-hieu-benh-than-va-suy-than-.html"
"1094","RISK_47dc76d7c6","RiskFactor","Thiếu vận động thể lực","Yếu tố môi trường dễ can thiệp, tăng nguy cơ mắc bệnh. | Gây giảm nhạy cảm insulin và tăng nguy cơ mắc bệnh. | Yếu tố môi trường làm tăng nguy cơ mắc bệnh.","https://xayenmo.ninhbinh.gov.vn/y-te-giao-duc/benh-dai-thao-duong-dau-hieu-nhan-biet-phan-loai-va-dieu-tri-389.html"
"1095","RISK_48f0119315","RiskFactor","Thừa cân và béo phì","Tăng lượng mỡ cơ thể gây khó khăn trong việc sử dụng insulin, là yếu tố nguy cơ chính.","http://ttyt.tamduong.laichau.gov.vn/quan-ly-nha-nuoc/hoat-dong-doan-doi/dai-thao-duong-tuyp-2-nguyen-nhan-trieu-chung-chan-doan-va-d.html"
"1096","RISK_49b6832dbc","RiskFactor","Không thăm khám định kỳ","Làm tăng nguy cơ cơn hen cấp và biến chứng.","https://benhviennhitrunguong.gov.vn/tag/hen-phe-quan | https://web.archive.org/web/https://benhviennhitrunguong.gov.vn/tag/hen-phe-quan | https://benhviennhitrunguong.gov.vn/tag/hen-phe-quan"
"1097","RISK_4b49030ae2","RiskFactor","Không vận động","Gây tăng nguy cơ béo phì và kháng insulin. | Dẫn đến béo phì, tăng huyết áp và giảm sức khỏe tim mạch. | Thiếu hoạt động thể chất làm tăng nguy cơ mắc bệnh tim mạch. | Thiếu hoạt động thể chất dẫn đến tăng huyết áp và nguy cơ biến chứng cao. | Giảm sức bền tim mạch, làm tăng huyết áp. | Thiếu hoạt động thể chất dẫn đến tăng huyết áp và nguy cơ biến chứng cao. | Thiếu hoạt động thể lực làm giảm sức bền tim mạch và tăng nguy cơ. | Thiếu hoạt động thể chất dẫn đến tăng huyết áp và các biến chứng tim mạch. | Thiếu hoạt động thể chất làm giảm sức khỏe tim mạch và tăng nguy cơ tăng huyết áp.","https://syt.dongnai.gov.vn/vi/news/Suc-khoe-cong-dong/nhung-bien-chung-nguy-hiem-cua-benh-tieu-duong-2511.html | http://bvhoanghoa.ytethanhhoa.gov.vn/web/khoa-phong-chuc-nang/khoa-phong-chuc-nang/to-cong-tac-xa-hoi/dieu-can-luu-y-khi-dieu-tri-tang-huyet-ap.html | https://web.archive.org/web/http://bvhoanghoa.ytethanhhoa.gov.vn/web/khoa-phong-chuc-nang/khoa-phong-chuc-nang/to-cong-tac-xa-hoi/dieu-can-luu-y-khi-dieu-tri-tang-huyet-ap.html | http://bvhoanghoa.ytethanhhoa.gov.vn/web/khoa-phong-chuc-nang/khoa-phong-chuc-nang/phong-cong-tac-xa-hoi/dieu-can-luu-y-khi-dieu-tri-tang-huyet-ap.html | https://web.archive.org/web/http://bvhoanghoa.ytethanhhoa.gov.vn/web/khoa-phong-chuc-nang/khoa-phong-chuc-nang/phong-cong-tac-xa-hoi/dieu-can-luu-y-khi-dieu-tri-tang-huyet-ap.html | https://web.archive.org/web/http://bvhoanghoa.ytethanhhoa.gov.vn/web/khoa-phong-chuc-nang/khoa-phong-chuc-nang/phong-cong-tac-xa-hoi/dieu-can-luu-y-khi-dieu-tri-tang-huyet-ap.html | http://bvhoanghoa.ytethanhhoa.gov.vn/web/khoa-phong-chuc-nang/khoa-phong-chuc-nang/phong-cong-tac-xa-hoi/dieu-can-luu-y-khi-dieu-tri-tang-huyet-ap.html | https://soyte.tuyenquang.gov.vn/tin-tuc/tang-huyet-ap-va-nhung-bien-chung-nguy-hiem.html | https://web.archive.org/web/http://bvhoanghoa.ytethanhhoa.gov.vn/web/khoa-phong-chuc-nang/khoa-phong-chuc-nang/to-cong-tac-xa-hoi/dieu-can-luu-y-khi-dieu-tri-tang-huyet-ap.html | https://soyte.tuyenquang.gov.vn/tin-tuc/tang-huyet-ap-va-nhung-bien-chung-nguy-hiem.html"
"1098","RISK_4b6b3da337","RiskFactor","Thiếu hụt insulin nội sinh","Do hệ miễn dịch tấn công tế bào beta tuyến tụy, dẫn đến mất khả năng sản xuất insulin.","https://benhviennhitrunguong.gov.vn/hoi-thao-xu-huong-dieu-tri-dai-thao-duong-tip-1-chung-ta-khong-the-dung-ngoai.html"
"1099","RISK_4c1a553c05","RiskFactor","Tăng cholesterol LDL","Các rối loạn lipid góp phần vào biến chứng tim mạch do ĐTĐ.","https://www.vinmec.com/vie/bai-viet/tong-quan-ve-benh-dai-thao-duong-vi"
"1100","RISK_4d262ed5ec","RiskFactor","Dùng thuốc dãn phế quản liều cao","Nguy cơ tử vong do rối loạn nhịp tim hoặc hội chứng phổi ức chế.","https://www.vinmec.com/vie/bai-viet/bien-chung-lau-dai-cua-benh-hen-phe-quan-vi"
"1101","RISK_4e3c21207a","RiskFactor","Nhiễm trùng","Gây tăng glucose máu, đặc biệt ở type 2. | Gây tăng glucose máu do phản ứng viêm. | Gây tăng glucose máu, đặc biệt ở type 2. | Là yếu tố gây tăng glucose máu. | Gây tăng glucose máu do phản ứng viêm và kháng sinh. | Gây tăng glucose máu do phản ứng viêm. | Gây tăng glucose máu và làm trầm trọng biến chứng. | Yếu tố gây biến chứng cấp tính trong đái tháo đường. | Là yếu tố gây tăng glucose máu. | Yếu tố thuận lợi gây hôn mê nhiễm toan ceton. | Các nhiễm trùng cấp tính như viêm phổi, viêm màng não có thể gây nhiễm toan ceton ở người đái tháo đường. | Là yếu tố gây tăng glucose máu. | Gây tăng glucose máu và làm nặng biến chứng cấp tính. | Là yếu tố gây tăng glucose máu. | Gây tăng glucose máu, đặc biệt ở type 2. | Gây tăng đường huyết và biến chứng cấp tính như nhiễm toan ceton. | Gây tăng glucose máu, đặc biệt ở type 2. | Là yếu tố gây tăng glucose máu. | Gây tăng đường huyết và biến chứng cấp tính như nhiễm toan ceton. | Các nhiễm trùng cấp tính như viêm phổi, viêm màng não có thể gây nhiễm toan ceton ở người đái tháo đường. | Gây tăng glucose máu và làm trầm trọng biến chứng. | Gây tăng glucose máu và làm trầm trọng bệnh lý. | Các nhiễm trùng cấp tính như viêm phổi, viêm màng não có thể gây nhiễm toan ceton ở người đái tháo đường. | Gây tăng glucose máu do phản ứng viêm. | Gây tăng glucose máu, đặc biệt ở type 2. | Gây tăng glucose máu và nguy cơ biến chứng cấp tính. | Gây tăng đường huyết và biến chứng cấp tính như nhiễm toan ceton. | Yếu tố thuận lợi gây hôn mê nhiễm toan ceton. | Gây tăng đường huyết và biến chứng cấp tính như nhiễm toan ceton. | Là yếu tố gây tăng glucose máu. | Kèm theo gây tăng glucose máu và biến chứng cấp tính. | Là yếu tố gây tăng glucose máu. | Là yếu tố gây tăng glucose máu. | Gây tăng glucose máu, đặc biệt ở type 2. | Gây tăng đường huyết và biến chứng cấp tính như nhiễm toan ceton.","https://bachmai.gov.vn/bai-viet/bien-chung-cua-benh-dai-thao-duong?id=f17ffc43-5abb-5dcb-54d1-d3887440a421 | https://web.archive.org/web/https://bachmai.gov.vn/bai-viet/bien-chung-cua-benh-dai-thao-duong?id=f17ffc43-5abb-5dcb-54d1-d3887440a421 | https://bachmai.gov.vn/bai-viet/bien-chung-cua-benh-dai-thao-duong?id=f17ffc43-5abb-5dcb-54d1-d3887440a421 | https://chanthuongvacotsong.bachmai.gov.vn/huong-dan-chan-doan-va-dieu-tri-dai-thao-duong-type-2/ | https://web.archive.org/web/https://chanthuongvacotsong.bachmai.gov.vn/huong-dan-chan-doan-va-dieu-tri-dai-thao-duong-type-2/ | https://web.archive.org/web/https://bachmai.gov.vn/bai-viet/bien-chung-cua-benh-dai-thao-duong?id=f17ffc43-5abb-5dcb-54d1-d3887440a421 | https://web.archive.org/web/https://vncdc.gov.vn/huong-dan-chan-doan-va-dieu-tri-benh-dai-thao-duong-tuyp-2-nd14582.html | https://chanthuongvacotsong.bachmai.gov.vn/huong-dan-chan-doan-va-dieu-tri-dai-thao-duong-type-2/ | https://web.archive.org/web/https://chanthuongvacotsong.bachmai.gov.vn/huong-dan-chan-doan-va-dieu-tri-dai-thao-duong-type-2/ | https://web.archive.org/web/https://bachmai.gov.vn/bai-viet/bien-chung-cua-benh-dai-thao-duong?id=f17ffc43-5abb-5dcb-54d1-d3887440a421 | https://bachmai.gov.vn/bai-viet/bien-chung-cua-benh-dai-thao-duong?id=f17ffc43-5abb-5dcb-54d1-d3887440a421 | https://bachmai.gov.vn/bai-viet/bien-chung-cua-benh-dai-thao-duong?id=f17ffc43-5abb-5dcb-54d1-d3887440a421 | https://web.archive.org/web/https://bachmai.gov.vn/bai-viet/bien-chung-cua-benh-dai-thao-duong?id=f17ffc43-5abb-5dcb-54d1-d3887440a421 | https://web.archive.org/web/https://bachmai.gov.vn/bai-viet/bien-chung-cua-benh-dai-thao-duong?id=f17ffc43-5abb-5dcb-54d1-d3887440a421 | https://web.archive.org/web/https://vncdc.gov.vn/huong-dan-chan-doan-va-dieu-tri-benh-dai-thao-duong-tuyp-2-nd14582.html | https://bachmai.gov.vn/bai-viet/bien-chung-cua-benh-dai-thao-duong?id=f17ffc43-5abb-5dcb-54d1-d3887440a421 | https://web.archive.org/web/https://bachmai.gov.vn/bai-viet/bien-chung-cua-benh-dai-thao-duong?id=f17ffc43-5abb-5dcb-54d1-d3887440a421 | https://web.archive.org/web/https://chanthuongvacotsong.bachmai.gov.vn/bien-chung-cua-benh-dai-thao-duong/ | https://web.archive.org/web/https://vncdc.gov.vn/huong-dan-chan-doan-va-dieu-tri-benh-dai-thao-duong-tuyp-2-nd14582.html | https://chanthuongvacotsong.bachmai.gov.vn/bien-chung-cua-benh-dai-thao-duong/ | https://web.archive.org/web/https://bachmai.gov.vn/bai-viet/bien-chung-cua-benh-dai-thao-duong?id=f17ffc43-5abb-5dcb-54d1-d3887440a421 | https://bachmai.gov.vn/bai-viet/bien-chung-cua-benh-dai-thao-duong?id=f17ffc43-5abb-5dcb-54d1-d3887440a421 | https://web.archive.org/web/https://bachmai.gov.vn/bai-viet/bien-chung-cua-benh-dai-thao-duong?id=f17ffc43-5abb-5dcb-54d1-d3887440a421 | https://web.archive.org/web/https://bachmai.gov.vn/bai-viet/bien-chung-cua-benh-dai-thao-duong?id=f17ffc43-5abb-5dcb-54d1-d3887440a421 | https://chanthuongvacotsong.bachmai.gov.vn/huong-dan-chan-doan-va-dieu-tri-dai-thao-duong-type-2/ | https://web.archive.org/web/https://chanthuongvacotsong.bachmai.gov.vn/huong-dan-chan-doan-va-dieu-tri-dai-thao-duong-type-2/ | https://web.archive.org/web/https://bachmai.gov.vn/bai-viet/bien-chung-cua-benh-dai-thao-duong?id=f17ffc43-5abb-5dcb-54d1-d3887440a421 | https://web.archive.org/web/https://bachmai.gov.vn/bai-viet/bien-chung-cua-benh-dai-thao-duong?id=f17ffc43-5abb-5dcb-54d1-d3887440a421 | https://bachmai.gov.vn/bai-viet/bien-chung-cua-benh-dai-thao-duong?id=f17ffc43-5abb-5dcb-54d1-d3887440a421 | https://web.archive.org/web/https://bachmai.gov.vn/bai-viet/bien-chung-cua-benh-dai-thao-duong?id=f17ffc43-5abb-5dcb-54d1-d3887440a421"
"1102","RISK_4f21a12fcd","RiskFactor","Thói quen sinh hoạt không lành mạnh","Không kiểm soát chế độ ăn, ít vận động, căng thẳng có thể làm trầm trọng bệnh.","https://web.archive.org/web/http://bvhoanghoa.ytethanhhoa.gov.vn/web/khoa-phong-chuc-nang/khoa-phong-chuc-nang/to-cong-tac-xa-hoi/benh-tang-huyet-ap-ke-giet-nguoi-tham-lang.html"
"1103","RISK_4fb027617b","RiskFactor","Chế độ ăn uống","Ăn nhiều đường và ít vận động có thể làm tăng nguy cơ mắc ĐTĐ típ 1.","https://benhviennhitrunguong.gov.vn/hoi-thao-xu-huong-dieu-tri-dai-thao-duong-tip-1-chung-ta-khong-the-dung-ngoai.html"
"1104","RISK_51ad44d0c4","RiskFactor","Thiếu kiến thức về nguy cơ mắc bệnh kèm theo","Người bệnh không nhận biết được các biến chứng tiềm ẩn do đái tháo đường gây ra.","https://web.archive.org/web/http://www.tapchiyhocduphong.vn/tap-chi-y-hoc-du-phong/2015/08/kien-thuc-ve-benh-dai-thao-duong-va-mot-so-yeu-to-lien-quan-cua-nguoi-benh-tai-c-o81E20305.html"
"1105","RISK_51c0ab9fd1","RiskFactor","Thời tiết giao mùa","Độ ẩm cao, thay đổi thất thường là yếu tố nguy cơ làm bùng phát cơn hen. | Độ ẩm cao, nhiệt độ thay đổi thất thường kích thích đường thở. | Độ ẩm cao và thay đổi thất thường kích thích đường hô hấp.","https://web.archive.org/web/https://benhviennhitrunguong.gov.vn/tag/hen-phe-quan | https://benhviennhitrunguong.gov.vn/tag/hen-phe-quan"
"1106","RISK_527563b9ba","RiskFactor","Thừa cân - béo phì","Tăng nguy cơ mắc THA do lượng mỡ thừa gây áp lực lên tim mạch. | Tăng nguy cơ do khối lượng cơ thể lớn.","https://web.archive.org/web/http://soyte.hatinh.gov.vn/tin-tuc-su-kien/pho-bien-kien-thuc/4-bien-phap-chu-yeu-phong-benh-tang-huyet-ap.html | http://soyte.hatinh.gov.vn/tin-tuc-su-kien/pho-bien-kien-thuc/4-bien-phap-chu-yeu-phong-benh-tang-huyet-ap.html | https://web.archive.org/web/https://vncdc.gov.vn/4-bien-phap-chu-yeu-phong-benh-tang-huyet-ap-nd14878.html"
"1107","RISK_527563b9ba","RiskFactor","Thừa cân béo phì","Tăng nguy cơ đề kháng insulin, đặc biệt vùng bụng. | Tăng nguy cơ đề kháng insulin, đặc biệt vùng bụng. | Nguyên nhân chính gây ra đái tháo đường típ 2 do đề kháng insulin. | Tăng lượng mỡ trong cơ thể làm giảm khả năng sử dụng insulin hiệu quả. | Tăng lượng mỡ trong cơ thể làm giảm độ nhạy insulin và gây kháng insulin. | Tăng lượng mỡ trong cơ thể làm giảm khả năng sử dụng insulin hiệu quả. | Gây kháng insulin và làm giảm hiệu quả hoạt động của hormone insulin. | Tăng lượng mỡ trong cơ thể làm giảm khả năng sử dụng insulin hiệu quả. | Tăng lượng mỡ trong cơ thể làm giảm độ nhạy insulin và gây kháng insulin.","https://web.archive.org/web/https://benhvienquynhon.gov.vn/tin-tuc/hoat-dong-cua-ttyt/dai-thao-duong-va-nhung-dieu-ban-can-biet/ | https://benhvienquynhon.gov.vn/tin-tuc/hoat-dong-cua-ttyt/dai-thao-duong-va-nhung-dieu-ban-can-biet/ | https://web.archive.org/web/https://benhvienquynhon.gov.vn/tin-tuc/hoat-dong-cua-ttyt/dai-thao-duong-va-nhung-dieu-ban-can-biet/ | http://ttyt.tamduong.laichau.gov.vn/quan-ly-nha-nuoc/hoat-dong-doan-doi/dai-thao-duong-tuyp-2-nguyen-nhan-trieu-chung-chan-doan-va-d.html | http://ttyt.tamduong.laichau.gov.vn/quan-ly-nha-nuoc/hoat-dong-doan-doi/dai-thao-duong-tuyp-2-nguyen-nhan-trieu-chung-chan-doan-va-d.html | http://ttyt.tamduong.laichau.gov.vn/quan-ly-nha-nuoc/hoat-dong-doan-doi/dai-thao-duong-tuyp-2-nguyen-nhan-trieu-chung-chan-doan-va-d.html | https://web.archive.org/web/http://ttyt.tamduong.laichau.gov.vn/quan-ly-nha-nuoc/hoat-dong-doan-doi/dai-thao-duong-tuyp-2-nguyen-nhan-trieu-chung-chan-doan-va-d.html | https://web.archive.org/web/http://ttyt.tamduong.laichau.gov.vn/quan-ly-nha-nuoc/hoat-dong-doan-doi/dai-thao-duong-tuyp-2-nguyen-nhan-trieu-chung-chan-doan-va-d.html"
"1108","RISK_527563b9ba","RiskFactor","Thừa cân, béo phì","Tăng nguy cơ mắc tiểu đường tuýp 2 do kháng insulin. | Yếu tố môi trường làm tăng nguy cơ đái tháo đường týp 2. | Yếu tố môi trường làm tăng nguy cơ mắc đái tháo đường týp 2. | Tình trạng tăng cân làm gia tăng nguy cơ mắc tiểu đường tuýp 2. | Yếu tố nguy cơ chính cho tiểu đường tuýp 2. | Yếu tố nguy cơ chính gây ra tiểu đường tuýp 2. | Yếu tố nguy cơ chính dẫn đến tiểu đường tuýp 2. | Yếu tố môi trường làm tăng nguy cơ đái tháo đường týp 2. | Yếu tố môi trường làm tăng nguy cơ đái tháo đường týp 2.","https://syt.dongnai.gov.vn/vi/news/Suc-khoe-cong-dong/nhung-bien-chung-nguy-hiem-cua-benh-tieu-duong-2511.html | https://chanthuongvacotsong.bachmai.gov.vn/huong-dan-chan-doan-va-dieu-tri-dai-thao-duong-type-2/ | https://web.archive.org/web/https://chanthuongvacotsong.bachmai.gov.vn/huong-dan-chan-doan-va-dieu-tri-dai-thao-duong-type-2/ | https://chanthuongvacotsong.bachmai.gov.vn/huong-dan-chan-doan-va-dieu-tri-dai-thao-duong-type-2/ | https://syt.dongnai.gov.vn/vi/news/Suc-khoe-cong-dong/nhung-bien-chung-nguy-hiem-cua-benh-tieu-duong-2511.html | https://web.archive.org/web/https://syt.dongnai.gov.vn/vi/news/Suc-khoe-cong-dong/nhung-bien-chung-nguy-hiem-cua-benh-tieu-duong-2511.html | https://syt.dongnai.gov.vn/vi/news/Suc-khoe-cong-dong/nhung-bien-chung-nguy-hiem-cua-benh-tieu-duong-2511.html | https://web.archive.org/web/https://chanthuongvacotsong.bachmai.gov.vn/huong-dan-chan-doan-va-dieu-tri-dai-thao-duong-type-2/ | https://chanthuongvacotsong.bachmai.gov.vn/huong-dan-chan-doan-va-dieu-tri-dai-thao-duong-type-2/ | https://chanthuongvacotsong.bachmai.gov.vn/huong-dan-chan-doan-va-dieu-tri-dai-thao-duong-type-2/ | https://web.archive.org/web/https://chanthuongvacotsong.bachmai.gov.vn/huong-dan-chan-doan-va-dieu-tri-dai-thao-duong-type-2/"
"1109","RISK_52935c2128","RiskFactor","Tiêu thụ thủy hải sản thường xuyên","Tăng nguy cơ thừa cân - béo phì, OR = 2.13. | Tăng nguy cơ thừa cân - béo phì với OR = 2,13. | Tăng nguy cơ thừa cân - béo phì, OR = 2.13. | Tăng nguy cơ thừa cân - béo phì với OR = 2,13. | Tăng nguy cơ thừa cân, OR = 2,13. | Tăng nguy cơ thừa cân - béo phì với OR = 2,13.","https://sti.vista.gov.vn/publication/view/tinh-trang-dinh-duong-va-mot-so-yeu-to-lien-quan-cua-nguoi-benh-dai-thao-duong-typ-2-dieu-tri-noi-tru-tai-benh-vien-da-khoa-xanh-pon-nam-2023-e7cc38bdc9220841bb8ade1a50eee813-455622.html | https://web.archive.org/web/https://sti.vista.gov.vn/publication/view/tinh-trang-dinh-duong-va-mot-so-yeu-to-lien-quan-cua-nguoi-benh-dai-thao-duong-typ-2-dieu-tri-noi-tru-tai-benh-vien-da-khoa-xanh-pon-nam-2023-e7cc38bdc9220841bb8ade1a50eee813-455622.html | https://sti.vista.gov.vn/publication/view/tinh-trang-dinh-duong-va-mot-so-yeu-to-lien-quan-cua-nguoi-benh-dai-thao-duong-typ-2-dieu-tri-noi-tru-tai-benh-vien-da-khoa-xanh-pon-nam-2023-e7cc38bdc9220841bb8ade1a50eee813-455622.html | https://web.archive.org/web/https://sti.vista.gov.vn/publication/view/tinh-trang-dinh-duong-va-mot-so-yeu-to-lien-quan-cua-nguoi-benh-dai-thao-duong-typ-2-dieu-tri-noi-tru-tai-benh-vien-da-khoa-xanh-pon-nam-2023-e7cc38bdc9220841bb8ade1a50eee813-455622.html | https://sti.vista.gov.vn/publication/view/tinh-trang-dinh-duong-va-mot-so-yeu-to-lien-quan-cua-nguoi-benh-dai-thao-duong-typ-2-dieu-tri-noi-tru-tai-benh-vien-da-khoa-xanh-pon-nam-2023-e7cc38bdc9220841bb8ade1a50eee813-455622.html | https://sti.vista.gov.vn/publication/view/tinh-trang-dinh-duong-va-mot-so-yeu-to-lien-quan-cua-nguoi-benh-dai-thao-duong-typ-2-dieu-tri-noi-tru-tai-benh-vien-da-khoa-xanh-pon-nam-2023-e7cc38bdc9220841bb8ade1a50eee813-455622.html | https://web.archive.org/web/https://sti.vista.gov.vn/publication/view/tinh-trang-dinh-duong-va-mot-so-yeu-to-lien-quan-cua-nguoi-benh-dai-thao-duong-typ-2-dieu-tri-noi-tru-tai-benh-vien-da-khoa-xanh-pon-nam-2023-e7cc38bdc9220841bb8ade1a50eee813-455622.html | https://web.archive.org/web/https://sti.vista.gov.vn/publication/view/tinh-trang-dinh-duong-va-mot-so-yeu-to-lien-quan-cua-nguoi-benh-dai-thao-duong-typ-2-dieu-tri-noi-tru-tai-benh-vien-da-khoa-xanh-pon-nam-2023-e7cc38bdc9220841bb8ade1a50eee813-455622.html"
"1110","RISK_52d3e880a7","RiskFactor","Tuổi ≥45","Người lớn tuổi có nguy cơ cao do giảm chức năng nội tiết và chuyển hóa.","https://web.archive.org/web/https://vncdc.gov.vn/quan-ly-benh-dai-thao-duong-nd14581.html"
"1111","RISK_53067aad61","RiskFactor","Thiếu nước","Uống ít nước làm tăng nguy cơ tích tụ chất thải trong máu.","http://soyte.hatinh.gov.vn/tin-tuc-su-kien/pho-bien-kien-thuc/dau-hieu-benh-than-va-suy-than-.html"
"1112","RISK_531108b71e","RiskFactor","Môi trường sống thiếu an toàn","Thiếu dinh dưỡng, tiếp xúc với chất độc hại hoặc không được chăm sóc y tế kịp thời. | Thiếu sự chăm sóc y tế, dinh dưỡng kém và tiếp xúc với các yếu tố gây hại có thể làm tăng nguy cơ.","https://web.archive.org/web/https://benhviennhitrunguong.gov.vn/hoi-thao-xu-huong-dieu-tri-dai-thao-duong-tip-1-chung-ta-khong-the-dung-ngoai.html"
"1113","RISK_535eda69ca","RiskFactor","Tiêu thụ muối và chất béo cao","Là yếu tố nguy cơ gây tăng huyết áp, đặc biệt ở người có bệnh lý nền.","https://tamanhhospital.vn/tang-huyet-ap-thu-phat/"
"1114","RISK_53bcb4fb11","RiskFactor","Tiền sử bệnh tim mạch","Người có xơ vữa động mạch hoặc đã từng bị bệnh tim mạch. | Do xơ vữa động mạch.","https://web.archive.org/web/https://bachmai.gov.vn/bai-viet/chan-doan-som-benh-dai-thao-duong-tip-2?id=59f9c51f-418e-9437-823c-a1a6c23c33e4"
"1115","RISK_53d1bc6af9","RiskFactor","Dị nguyên thức ăn","Tôm cua, cá, sữa là các dị nguyên gây hen. | Tôm cua, cá, sữa – gây phản ứng dị ứng và khởi phát hen.","https://benhviennhitrunguong.gov.vn/loi-khuyen-cua-cac-chuyen-gia-di-ung-ve-benh-hen-2.html | https://web.archive.org/web/https://benhviennhitrunguong.gov.vn/loi-khuyen-cua-cac-chuyen-gia-di-ung-ve-benh-hen-2.html"
"1116","RISK_54bb09dfb4","RiskFactor","Hút thuốc lá chủ động","Yếu tố nguy cơ hàng đầu gây COPD, cả hút trực tiếp và thụ động đều tăng nguy cơ.","https://web.archive.org/web/https://bachmai.gov.vn/bai-viet/benh-phoi-tac-nghen-man-tinh-hieu-dung-phong-ngua-va-phat-hien-som-cung-chuyen-gia-benh-vien-bach-mai?id=bef483aa-6fde-433a-b2e8-b373eb7903a6"
"1117","RISK_57fe2c12a5","RiskFactor","Không kiểm soát glucose","Sự thiếu hụt hoặc không tuân thủ điều trị insulin dẫn đến các biến chứng nghiêm trọng.","https://benhviennhitrunguong.gov.vn/hoi-thao-xu-huong-dieu-tri-dai-thao-duong-tip-1-chung-ta-khong-the-dung-ngoai.html"
"1118","RISK_583dcd2d6b","RiskFactor","Ô nhiễm môi trường trong nhà và ngoài trời","Khói bếp củi, bụi công nghiệp, khí độc hóa chất làm tăng nguy cơ mắc bệnh.","https://web.archive.org/web/https://vncdc.gov.vn/huong-dan-chan-doan-va-dieu-tri-benh-phoi-tac-nghen-man-tinh-nd14577.html"
"1119","RISK_5840bde71a","RiskFactor","Ăn nhiều đồ ngọt, ăn vặt","Gây tăng đường huyết và béo phì, đặc biệt ở trẻ em.","https://syt.dongnai.gov.vn/vi/news/Suc-khoe-cong-dong/nhung-bien-chung-nguy-hiem-cua-benh-tieu-duong-2511.html"
"1120","RISK_589bdaebbf","RiskFactor","Tiếp xúc với dị nguyên","Nguyên nhân gây khởi phát cơn hen, đặc biệt ở trẻ em.","https://www.vinmec.com/vie/bai-viet/bien-chung-lau-dai-cua-benh-hen-phe-quan-vi"
"1121","RISK_58f28d5952","RiskFactor","Tiểu đường không kiểm soát","Gây tổn thương mạch máu thận, làm suy giảm chức năng lọc.","https://web.archive.org/web/https://bachmai.gov.vn/bai-viet/sai-lam-trong-dinh-duong-khien-suy-than-man-them-tram-trong-dau-la-giai-phap?id=1ff0d3d0-62f4-4159-a23b-758572e7f600"
"1122","RISK_5a92b9f477","RiskFactor","Không kiểm soát HbA1C","Là yếu tố nguy cơ làm tăng gấp 3,57 lần nguy cơ biến chứng thận giai đoạn 3+4.","https://nsti.vista.gov.vn/publication/view/nghien-cuu-dac-diem-lam-sang-can-lam-sang-va-danh-gia-bien-chung-than-o-benh-nhan-dai-thao-duong-type-2-tai-khoa-noi-3-benh-vien-huu-nghi-viet-tiep-hai-phong-350723.html"
"1123","RISK_5a92b9f477","RiskFactor","Không kiểm soát HbA1c","Tăng nguy cơ tổn thương thận ở mức độ nặng. | Mức HbA1c cao cho thấy kiểm soát đường huyết kém trong thời gian dài.","https://nsti.vista.gov.vn/publication/view/nghien-cuu-dac-diem-lam-sang-can-lam-sang-va-danh-gia-bien-chung-than-o-benh-nhan-dai-thao-duong-type-2-tai-khoa-noi-3-benh-vien-huu-nghi-viet-tiep-hai-phong-350723.html | https://nsti.vista.gov.vn/publication/view/nghien-cuu-dac-diem-lam-sang-can-lam-sang-va-danh-gia-bien-chung-than-o-benh-nhan-dai-thao-duong-tip-2-tai-khoa-noi-tiet-benh-vien-trung-uong-103-quan-doi-nhan-dan-lao-373086.html"
"1124","RISK_5c15e2246e","RiskFactor","Rối loạn đường huyết lúc mang thai","Yếu tố nguy cơ không can thiệp được gây ra đái tháo đường type 2.","https://web.archive.org/web/https://xayenmo.ninhbinh.gov.vn/y-te-giao-duc/benh-dai-thao-duong-dau-hieu-nhan-biet-phan-loai-va-dieu-tri-389.html"
"1125","RISK_5c5fd73360","RiskFactor","Không tầm soát bệnh đồng mắc","Thiếu kiểm tra các bệnh lý kèm theo như tăng huyết áp, mỡ máu làm biến chứng nặng hơn. | Chưa tầm soát tăng huyết áp, rối loạn lipid máu dẫn đến biến chứng nặng. | Tăng huyết áp, rối loạn lipid máu không được kiểm soát dẫn đến biến chứng nặng. | Chưa tầm soát tăng huyết áp, rối loạn lipid máu dẫn đến biến chứng nặng.","https://web.archive.org/web/https://bachmai.gov.vn/tin-chi-tiet/-/bai-viet/dai-thao-duong-can-benh-nhieu-bien-chung-nguy-hiem-8-trieu-nguoi-viet-nam-dang-mac-9624-146.html | https://bachmai.gov.vn/tin-chi-tiet/-/bai-viet/dai-thao-duong-can-benh-nhieu-bien-chung-nguy-hiem-8-trieu-nguoi-viet-nam-dang-mac-9624-146.html | https://web.archive.org/web/https://bachmai.gov.vn/tin-chi-tiet/-/bai-viet/dai-thao-duong-can-benh-nhieu-bien-chung-nguy-hiem-8-trieu-nguoi-viet-nam-dang-mac-9624-146.html"
"1126","RISK_5edadb3011","RiskFactor","Không tầm soát định kỳ","Yếu tố làm tăng nguy cơ phát hiện muộn biến chứng thần kinh, dẫn đến tàn phế. | Là yếu tố nguy cơ chính dẫn đến việc chẩn đoán muộn và điều trị không hiệu quả cho biến chứng thần kinh ngoại biên. | Là yếu tố nguy cơ chính dẫn đến việc chẩn đoán muộn và điều trị không hiệu quả cho biến chứng thần kinh ngoại biên. | Làm tăng nguy cơ biến chứng thần kinh ngoại biên, dẫn đến đau đớn và tàn phế. | Làm tăng nguy cơ phát hiện muộn biến chứng thần kinh và dẫn đến tàn phế.","https://bachmai.gov.vn/bai-viet/doi-moi-tu-duy-dieu-tri-dai-thao-duong-typ-2-va-chien-luoc-kiem-soat-toan-dien-bien-chung-than-kinh?id=090463d0-4515-40c8-919c-8bebc41e2c01 | https://bachmai.gov.vn/bai-viet/dai-thao-duong-bien-chung-tim-mach-va-than-kinh-ngoai-bien-sat-thu-tham-lang?id=994f4df4-95c1-4760-8aee-8d07a69f9fe1 | https://bachmai.gov.vn/bai-viet/dai-thao-duong-bien-chung-tim-mach-va-than-kinh-ngoai-bien-sat-thu-tham-lang?id=994f4df4-95c1-4760-8aee-8d07a69f9fe1 | https://bachmai.gov.vn/bai-viet/dai-thao-duong-bien-chung-tim-mach-va-than-kinh-ngoai-bien-sat-thu-tham-lang?id=994f4df4-95c1-4760-8aee-8d07a69f9fe1 | https://bachmai.gov.vn/bai-viet/doi-moi-tu-duy-dieu-tri-dai-thao-duong-typ-2-va-chien-luoc-kiem-soat-toan-dien-bien-chung-than-kinh?id=090463d0-4515-40c8-919c-8bebc41e2c01"
"1127","RISK_5f2646b473","RiskFactor","Lạm dụng rượu bia thuốc lá","Các chất kích thích gây rối loạn nhịp tim và tăng huyết áp. | Gây rối loạn chức năng mạch máu và tim.","https://web.archive.org/web/http://soyte.hatinh.gov.vn/tin-tuc-su-kien/pho-bien-kien-thuc/4-bien-phap-chu-yeu-phong-benh-tang-huyet-ap.html | http://soyte.hatinh.gov.vn/tin-tuc-su-kien/pho-bien-kien-thuc/4-bien-phap-chu-yeu-phong-benh-tang-huyet-ap.html | https://web.archive.org/web/https://vncdc.gov.vn/4-bien-phap-chu-yeu-phong-benh-tang-huyet-ap-nd14878.html"
"1128","RISK_5f2c6111f7","RiskFactor","Điều trị phức tạp","Phác đồ tiêm nhiều mũi/ngày gây khó khăn, làm giảm tuân thủ và chất lượng sống.","https://bachmai.gov.vn/bai-viet/dieu-tri-dai-thao-duong-tip-2-buoc-tien-moi-tu-insulin-nen-the-he-2-va-iglarlixi?id=5cdac324-549d-40aa-b3e6-80214932d112"
"1129","RISK_5fb9334d11","RiskFactor","Rối loạn lipid máu","Liên quan đến vòng eo cao, OR = 2.58. | Liên quan đến vòng eo cao và tăng nguy cơ chuyển hóa. | Tăng nguy cơ vòng eo cao, OR = 2.58. | Tăng OR (2,58) liên quan đến vòng eo cao. | Tăng nguy cơ vòng eo cao, OR = 2,58 (95% CI: 1,23–5,40). | Tăng OR (2,58) liên quan đến vòng eo cao.","https://sti.vista.gov.vn/publication/view/tinh-trang-dinh-duong-va-mot-so-yeu-to-lien-quan-cua-nguoi-benh-dai-thao-duong-typ-2-dieu-tri-noi-tru-tai-benh-vien-da-khoa-xanh-pon-nam-2023-e7cc38bdc9220841bb8ade1a50eee813-455622.html | https://web.archive.org/web/https://sti.vista.gov.vn/publication/view/tinh-trang-dinh-duong-va-mot-so-yeu-to-lien-quan-cua-nguoi-benh-dai-thao-duong-typ-2-dieu-tri-noi-tru-tai-benh-vien-da-khoa-xanh-pon-nam-2023-e7cc38bdc9220841bb8ade1a50eee813-455622.html | https://sti.vista.gov.vn/publication/view/tinh-trang-dinh-duong-va-mot-so-yeu-to-lien-quan-cua-nguoi-benh-dai-thao-duong-typ-2-dieu-tri-noi-tru-tai-benh-vien-da-khoa-xanh-pon-nam-2023-e7cc38bdc9220841bb8ade1a50eee813-455622.html"
"1130","RISK_60bc2861f5","RiskFactor","Sử dụng thuốc corticoid","Tăng đường huyết và làm giảm tác dụng của insulin.","https://web.archive.org/web/https://vncdc.gov.vn/huong-dan-chan-doan-va-dieu-tri-benh-dai-thao-duong-tuyp-2-nd14582.html"
"1131","RISK_6332515120","RiskFactor","Huyết áp cao","Yếu tố nguy cơ tim mạch và thận, cần kiểm soát dưới 130/80 mmHg. | Yếu tố đồng mắc phổ biến và tăng nguy cơ tim mạch. | Yếu tố đồng mắc phổ biến và tăng nguy cơ tim mạch. | Yếu tố đồng mắc phổ biến và tăng nguy cơ tim mạch. | Tăng nguy cơ tim mạch khi kết hợp với đái tháo đường và clopidogrel.","https://bachmai.gov.vn/bai-viet/doi-moi-tu-duy-dieu-tri-dai-thao-duong-typ-2-va-chien-luoc-kiem-soat-toan-dien-bien-chung-than-kinh?id=090463d0-4515-40c8-919c-8bebc41e2c01 | https://web.archive.org/web/http://www.tapchiyhocduphong.vn/tap-chi-y-hoc-du-phong/2019/09/nguy-co-bien-co-tim-mach-o-benh-nhan-su-dung-clopidogrel-mac-va-khong-mac-dai-th-o81E2084E.html | https://web.archive.org/web/http://www.tapchiyhocduphong.vn/tap-chi-y-hoc-du-phong/2019/09/nguy-co-bien-co-tim-mach-o-benh-nhan-su-dung-clopidogrel-mac-va-khong-mac-dai-th-o81E2084E.html | https://web.archive.org/web/http://www.tapchiyhocduphong.vn/tap-chi-y-hoc-du-phong/2019/09/nguy-co-bien-co-tim-mach-o-benh-nhan-su-dung-clopidogrel-mac-va-khong-mac-dai-th-o81E2084E.html"
"1132","RISK_633f6be483","RiskFactor","Thiếu giám sát định kỳ","Gây nguy cơ biến chứng do không phát hiện sớm dấu hiệu bất thường.","https://benhviennhitrunguong.gov.vn/hoi-thao-xu-huong-dieu-tri-dai-thao-duong-tip-1-chung-ta-khong-the-dung-ngoai.html"
"1133","RISK_640d04635c","RiskFactor","Không tiêm vắc-xin","Nguy cơ cao mắc nhiễm trùng hô hấp làm trầm trọng thêm COPD.","https://tamanhhospital.vn/giai-doan-benh-phoi-tac-nghen-man-tinh/"
"1134","RISK_645c2a09e5","RiskFactor","Không vận động thể chất","Thiếu hoạt động thể chất dẫn đến tăng huyết áp và nguy cơ tim mạch cao.","http://bvhoanghoa.ytethanhhoa.gov.vn/web/khoa-phong-chuc-nang/khoa-phong-chuc-nang/phong-cong-tac-xa-hoi/dieu-can-luu-y-khi-dieu-tri-tang-huyet-ap.html"
"1135","RISK_6525d588e9","RiskFactor","Chế độ ăn không cân bằng","Thiếu chất dinh dưỡng hoặc quá nhiều đường có thể làm tăng nguy cơ phát triển ĐTĐ típ 1.","https://benhviennhitrunguong.gov.vn/hoi-thao-xu-huong-dieu-tri-dai-thao-duong-tip-1-chung-ta-khong-the-dung-ngoai.html"
"1136","RISK_66131ac501","RiskFactor","Có người thân mắc bệnh","Di truyền làm tăng khả năng mắc bệnh do yếu tố gen liên quan đến insulin.","https://cdc.ninhbinh.gov.vn/tin-tuc-su-kien/benh-dai-thao-duong-va-cach-phong-ngua-benh2.html"
"1137","RISK_6682867bf9","RiskFactor","Không tiêm vắc xin phòng cúm/phế cầu","Tăng nguy cơ đợt cấp do nhiễm trùng đường hô hấp, đặc biệt ở người già và bệnh nhân suy hô hấp.","https://web.archive.org/web/https://vncdc.gov.vn/huong-dan-chan-doan-va-dieu-tri-benh-phoi-tac-nghen-man-tinh-nd14577.html"
"1138","RISK_676291e2d1","RiskFactor","Thực phẩm dị ứng","Các loại hải sản, trứng, thịt gà, lạc có thể gây cơn hen.","https://www.vinmec.com/vie/benh/hen-phe-quan-2949"
"1139","RISK_67d3e021bd","RiskFactor","Dùng NSAID lâu dài","Thuốc giảm đau chống viêm không steroid gây tổn thương thận.","http://soyte.hatinh.gov.vn/tin-tuc-su-kien/pho-bien-kien-thuc/dau-hieu-benh-than-va-suy-than-.html"
"1140","RISK_6830bb9bc5","RiskFactor","Thuốc lá","Gây co thắt mạch máu và làm tăng huyết áp. | Gây co thắt mạch máu và làm tăng huyết áp. | Gây co thắt mạch máu và làm tăng huyết áp ngắn hạn và dài hạn. | Gây tổn thương mạch máu, tăng huyết áp và nguy cơ đột quỵ. | Gây co thắt mạch máu và làm tăng huyết áp. | Gây co thắt mạch máu và làm tăng huyết áp ngắn hạn và dài hạn. | Gây co thắt mạch máu và làm tăng huyết áp. | Gây co thắt mạch máu, tăng huyết áp và nguy cơ tim mạch.","http://bvhoanghoa.ytethanhhoa.gov.vn/web/khoa-phong-chuc-nang/khoa-phong-chuc-nang/phong-cong-tac-xa-hoi/dieu-can-luu-y-khi-dieu-tri-tang-huyet-ap.html | https://web.archive.org/web/http://bvhoanghoa.ytethanhhoa.gov.vn/web/khoa-phong-chuc-nang/khoa-phong-chuc-nang/phong-cong-tac-xa-hoi/dieu-can-luu-y-khi-dieu-tri-tang-huyet-ap.html | http://bvhoanghoa.ytethanhhoa.gov.vn/web/khoa-phong-chuc-nang/khoa-phong-chuc-nang/phong-cong-tac-xa-hoi/dieu-can-luu-y-khi-dieu-tri-tang-huyet-ap.html | https://web.archive.org/web/http://bvhoanghoa.ytethanhhoa.gov.vn/web/khoa-phong-chuc-nang/khoa-phong-chuc-nang/to-cong-tac-xa-hoi/dieu-can-luu-y-khi-dieu-tri-tang-huyet-ap.html | https://web.archive.org/web/http://bvhoanghoa.ytethanhhoa.gov.vn/web/khoa-phong-chuc-nang/khoa-phong-chuc-nang/phong-cong-tac-xa-hoi/dieu-can-luu-y-khi-dieu-tri-tang-huyet-ap.html | http://bvhoanghoa.ytethanhhoa.gov.vn/web/khoa-phong-chuc-nang/khoa-phong-chuc-nang/phong-cong-tac-xa-hoi/dieu-can-luu-y-khi-dieu-tri-tang-huyet-ap.html | http://bvhoanghoa.ytethanhhoa.gov.vn/web/khoa-phong-chuc-nang/khoa-phong-chuc-nang/phong-cong-tac-xa-hoi/dieu-can-luu-y-khi-dieu-tri-tang-huyet-ap.html | https://web.archive.org/web/http://bvhoanghoa.ytethanhhoa.gov.vn/web/khoa-phong-chuc-nang/khoa-phong-chuc-nang/phong-cong-tac-xa-hoi/dieu-can-luu-y-khi-dieu-tri-tang-huyet-ap.html"
"1141","RISK_68ce3edee8","RiskFactor","Tiêu thụ hạt chứa dầu","Tăng nguy cơ thừa cân - béo phì với OR = 2,39. | Tăng nguy cơ thừa cân - béo phì, OR = 2.39. | Tăng nguy cơ thừa cân - béo phì, OR = 2.39. | Tăng nguy cơ thừa cân - béo phì. | Tăng nguy cơ thừa cân - béo phì với OR = 2,39. | Tăng nguy cơ thừa cân - béo phì với OR = 2,39. | Tăng nguy cơ thừa cân và béo phì, OR = 2.39. | Tăng nguy cơ thừa cân, OR = 2,39. | Tăng nguy cơ thừa cân - béo phì, OR = 2.39. | Tăng nguy cơ thừa cân - béo phì với OR = 2,39.","https://sti.vista.gov.vn/publication/view/tinh-trang-dinh-duong-va-mot-so-yeu-to-lien-quan-cua-nguoi-benh-dai-thao-duong-typ-2-dieu-tri-noi-tru-tai-benh-vien-da-khoa-xanh-pon-nam-2023-e7cc38bdc9220841bb8ade1a50eee813-455622.html | https://web.archive.org/web/https://sti.vista.gov.vn/publication/view/tinh-trang-dinh-duong-va-mot-so-yeu-to-lien-quan-cua-nguoi-benh-dai-thao-duong-typ-2-dieu-tri-noi-tru-tai-benh-vien-da-khoa-xanh-pon-nam-2023-e7cc38bdc9220841bb8ade1a50eee813-455622.html | https://web.archive.org/web/https://sti.vista.gov.vn/publication/view/tinh-trang-dinh-duong-va-mot-so-yeu-to-lien-quan-cua-nguoi-benh-dai-thao-duong-typ-2-dieu-tri-noi-tru-tai-benh-vien-da-khoa-xanh-pon-nam-2023-e7cc38bdc9220841bb8ade1a50eee813-455622.html"
"1142","RISK_690fc6f438","RiskFactor","Thiếu máu cục bộ thận","Gây kích thích dây thần kinh thận, làm tăng hoạt động hệ thần kinh giao cảm.","https://www.vinmec.com/vie/bai-viet/tai-sao-mac-benh-thi-huyet-ap-lai-tang-cao-vi"
"1143","RISK_6972521a92","RiskFactor","Di truyền từ gia đình","Nếu bố hoặc mẹ bị hen phế quản thì con cái có nguy cơ mắc bệnh cao.","http://phacdo.soytequangninh.gov.vn/news/chuyen-khoa-sau/phong-benh-hen-phe-quan-khi-thoi-tiet-thay-doi.html"
"1144","RISK_6a57564211","RiskFactor","Chi phí và kỹ thuật","Sự thiếu sẵn có, chi phí cao và sự khác biệt trong kỹ thuật làm giảm khả năng áp dụng dấu ấn sinh học lâm sàng.","https://web.archive.org/web/https://vista.gov.vn/vi/news/cac-linh-vuc-khoa-hoc-va-cong-nghe/dau-an-sinh-hoc-moi-trong-phat-trien-som-bien-chung-than-do-dai-thao-duong-9409.html"
"1145","RISK_6b254d7ff2","RiskFactor","Chi phí thuốc cao","Người bệnh không thể chi trả cho thuốc mới và hiệu quả.","https://web.archive.org/web/https://bachmai.gov.vn/bai-viet/ca-the-hoa-dieu-tri-dai-thao-duong-tip-2-tai-cac-nuoc-dang-phat-trien-thach-thuc-va-co-hoi?id=4b51fe29-8515-42d1-bff3-85563163f16c"
"1146","RISK_6be8ad8247","RiskFactor","Tiền sử gia đình mắc bệnh","Di truyền làm tăng nguy cơ đặc biệt ở type 1 và type 2. | Yếu tố di truyền làm tăng nguy cơ mắc bệnh type 1 và type 2.","https://xayenmo.ninhbinh.gov.vn/y-te-giao-duc/benh-dai-thao-duong-dau-hieu-nhan-biet-phan-loai-va-dieu-tri-389.html"
"1147","RISK_6ce293fc9b","RiskFactor","Chế độ ăn uống không hợp lý","Ăn quá no, quá nhiều, quá ít hoặc ăn kiêng quá mức.","https://web.archive.org/web/https://bachmai.gov.vn/tin-chi-tiet/-/bai-viet/dai-thao-duong-can-benh-nhieu-bien-chung-nguy-hiem-8-trieu-nguoi-viet-nam-dang-mac-9624-146.html"
"1148","RISK_6cf6b355a0","RiskFactor","Tiêu thụ mỡ động vật","Tăng nguy cơ thừa cân - béo phì, OR = 2.78. | Tăng nguy cơ thừa cân - béo phì với OR = 2,78. | Tăng nguy cơ thừa cân - béo phì, OR = 2.78. | Tăng nguy cơ thừa cân - béo phì. | Tăng nguy cơ thừa cân - béo phì với OR = 2,78. | Tăng nguy cơ thừa cân và béo phì, OR = 2.78. | Tăng nguy cơ thừa cân - béo phì với OR = 2,78. | Tăng nguy cơ thừa cân, OR = 2,78. | Tăng nguy cơ thừa cân - béo phì, OR = 2.78. | Tăng nguy cơ thừa cân - béo phì với OR = 2,78.","https://sti.vista.gov.vn/publication/view/tinh-trang-dinh-duong-va-mot-so-yeu-to-lien-quan-cua-nguoi-benh-dai-thao-duong-typ-2-dieu-tri-noi-tru-tai-benh-vien-da-khoa-xanh-pon-nam-2023-e7cc38bdc9220841bb8ade1a50eee813-455622.html | https://web.archive.org/web/https://sti.vista.gov.vn/publication/view/tinh-trang-dinh-duong-va-mot-so-yeu-to-lien-quan-cua-nguoi-benh-dai-thao-duong-typ-2-dieu-tri-noi-tru-tai-benh-vien-da-khoa-xanh-pon-nam-2023-e7cc38bdc9220841bb8ade1a50eee813-455622.html | https://web.archive.org/web/https://sti.vista.gov.vn/publication/view/tinh-trang-dinh-duong-va-mot-so-yeu-to-lien-quan-cua-nguoi-benh-dai-thao-duong-typ-2-dieu-tri-noi-tru-tai-benh-vien-da-khoa-xanh-pon-nam-2023-e7cc38bdc9220841bb8ade1a50eee813-455622.html"
"1149","RISK_6e9cc62b43","RiskFactor","Tiếp xúc khói bụi nghề nghiệp","Là yếu tố nguy cơ quan trọng dẫn đến đợt cấp COPD. | Người làm việc trong môi trường có hóa chất, khói bụi dễ mắc COPD do tổn thương phổi.","https://bachmai.gov.vn/bai-viet/phong-dot-cap-benh-phoi-tac-nghen-man-tinh?id=28510cbf-b2a4-a5e6-65a7-7b91e89cf5eb | http://benhvienphoi.hatinh.gov.vn/chi-tiet-tin-tuc?slug=hay-nhan-biet-som-va-phong-ngua-benh-phoi-tac-nghen-man-tinh-copd | https://web.archive.org/web/http://benhvienphoi.hatinh.gov.vn/chi-tiet-tin-tuc?slug=hay-nhan-biet-som-va-phong-ngua-benh-phoi-tac-nghen-man-tinh-copd"
"1150","RISK_6eaa1f7a5b","RiskFactor","Sử dụng corticoid liều cao","Là yếu tố gây tăng glucose máu. | Dẫn đến tăng glucose máu và các biến chứng cấp tính. | Là yếu tố gây tăng glucose máu. | Là yếu tố gây tăng glucose máu. | Là yếu tố gây tăng glucose máu. | Là yếu tố gây tăng glucose máu. | Là yếu tố gây tăng glucose máu.","https://web.archive.org/web/https://bachmai.gov.vn/bai-viet/bien-chung-cua-benh-dai-thao-duong?id=f17ffc43-5abb-5dcb-54d1-d3887440a421"
"1151","RISK_7030f62c28","RiskFactor","Không kiểm soát glucose máu đói","Gây tổn thương thận nặng hơn ở giai đoạn 3+4. | Là yếu tố nguy cơ làm tăng gấp 3,04 lần nguy cơ biến chứng thận giai đoạn 3+4.","https://nsti.vista.gov.vn/publication/view/nghien-cuu-dac-diem-lam-sang-can-lam-sang-va-danh-gia-bien-chung-than-o-benh-nhan-dai-thao-duong-type-2-tai-khoa-noi-3-benh-vien-huu-nghi-viet-tiep-hai-phong-350723.html"
"1152","RISK_709aa5935a","RiskFactor","Nồng độ C-peptid dưới 1,1 ng/ml","Yếu tố tăng nguy cơ nhiễm toan ceton và mức độ nặng của tình trạng này. | Là yếu tố tăng nguy cơ nhiễm toan ceton lên 5,13 lần và mức độ nặng lên 2,13 lần.","https://sti.vista.gov.vn/publication/view/a89fbc66bf10ab8ca38c2d64abf8f338-4b52a78cc238d65e911a803b4659b844-318299.html | https://web.archive.org/web/https://sti.vista.gov.vn/publication/view/a89fbc66bf10ab8ca38c2d64abf8f338-4b52a78cc238d65e911a803b4659b844-318299.html"
"1153","RISK_715eeee8df","RiskFactor","Căng thẳng thần kinh","Gây tăng huyết áp và ảnh hưởng đến điều trị. | Là yếu tố nguy cơ tim mạch và có thể làm tăng huyết áp. | Gây tăng huyết áp và ảnh hưởng đến điều trị. | Gây tăng huyết áp tạm thời và làm nặng thêm các biến chứng tim mạch.","https://chanthuongvacotsong.bachmai.gov.vn/huong-dan-chan-doan-va-dieu-tri-tang-huyet-ap/ | https://web.archive.org/web/https://vncdc.gov.vn/huong-dan-chan-doan-va-dieu-tri-tang-huyet-ap-nd14594.html | https://chanthuongvacotsong.bachmai.gov.vn/huong-dan-chan-doan-va-dieu-tri-tang-huyet-ap/ | https://web.archive.org/web/https://chanthuongvacotsong.bachmai.gov.vn/huong-dan-chan-doan-va-dieu-tri-tang-huyet-ap/"
"1154","RISK_718573ae2a","RiskFactor","Chủng tộc","Người da đen có nguy cơ cao hơn do yếu tố di truyền và sinh học.","https://chanthuongvacotsong.bachmai.gov.vn/cao-huyet-ap-am-tham-ma-rat-hiem/"
"1155","RISK_7435a89cb2","RiskFactor","Tăng hoạt động của hệ thần kinh giao cảm","Hệ thống thần kinh giao cảm hoạt động quá mức làm tăng huyết áp.","http://bvhoanghoa.ytethanhhoa.gov.vn/web/khoa-phong-chuc-nang/khoa-phong-chuc-nang/to-cong-tac-xa-hoi/benh-tang-huyet-ap-ke-giet-nguoi-tham-lang.html"
"1156","RISK_76c99bf6a5","RiskFactor","Tiền sử gia đình mắc đái tháo đường","Yếu tố di truyền làm tăng nguy cơ phát triển bệnh.","https://web.archive.org/web/https://ttytiapa.gialai.gov.vn/van-ban/huong-dan-chan-doan-va-dieu-tri-benh-dai-thao-duong-tip-1-o-.html"
"1157","RISK_77e0aa334f","RiskFactor","Thừa cân","Trọng lượng cơ thể vượt mức chuẩn làm tăng áp lực lên hệ tim mạch.","http://cdc.hatinh.gov.vn/vi/%1Cbenh-khong-lay-nhiem/topic/6029 | https://web.archive.org/web/http://cdc.hatinh.gov.vn/vi/%1Cbenh-khong-lay-nhiem/topic/6029"
"1158","RISK_7813839e3f","RiskFactor","Huyết áp >130/85 mmHg","Tăng huyết áp là yếu tố nguy cơ kèm theo hội chứng chuyển hóa.","https://web.archive.org/web/https://vncdc.gov.vn/quan-ly-benh-dai-thao-duong-nd14581.html"
"1159","RISK_78ea729137","RiskFactor","Uống thuốc tránh thai","Là một trong những yếu tố gây tăng huyết áp thứ phát.","https://tamanhhospital.vn/tang-huyet-ap-thu-phat/"
"1160","RISK_795724d695","RiskFactor","Rối loạn miễn dịch","Hệ miễn dịch tấn công tế bào beta tụy, dẫn đến thiếu hụt insulin.","https://web.archive.org/web/https://ttytiapa.gialai.gov.vn/van-ban/huong-dan-chan-doan-va-dieu-tri-benh-dai-thao-duong-tip-1-o-.html"
"1161","RISK_79cf39bdbb","RiskFactor","Uống nhiều rượu","Gây tăng glucose máu và ảnh hưởng đến chức năng gan thận. | Tăng nguy cơ tăng glucose máu và các biến chứng cấp tính. | Gây tăng glucose máu và làm nặng tổn thương cơ quan nội tạng. | Là yếu tố làm tăng đường huyết và gây tổn thương gan, thận. | Là yếu tố gây tăng đường huyết và biến chứng cấp tính. | Là yếu tố gây tăng glucose máu. | Là yếu tố gây tăng đường huyết và biến chứng cấp tính. | Tăng nguy cơ tăng glucose máu và biến chứng cấp tính. | Là yếu tố làm tăng đường huyết và gây tổn thương gan, thận. | Gây tăng glucose máu và làm trầm trọng các biến chứng. | Là yếu tố gây tăng đường huyết và biến chứng cấp tính. | Gây tăng glucose máu và ảnh hưởng đến chức năng gan thận. | Gây tăng glucose máu và tổn thương gan, thận. | Là yếu tố làm tăng đường huyết và nguy cơ biến chứng. | Là yếu tố gây tăng đường huyết và biến chứng cấp tính.","https://bachmai.gov.vn/bai-viet/bien-chung-cua-benh-dai-thao-duong?id=f17ffc43-5abb-5dcb-54d1-d3887440a421 | https://bachmai.gov.vn/bai-viet/bien-chung-cua-benh-dai-thao-duong?id=f17ffc43-5abb-5dcb-54d1-d3887440a421 | https://web.archive.org/web/https://bachmai.gov.vn/bai-viet/bien-chung-cua-benh-dai-thao-duong?id=f17ffc43-5abb-5dcb-54d1-d3887440a421 | https://chanthuongvacotsong.bachmai.gov.vn/bien-chung-cua-benh-dai-thao-duong/ | https://bachmai.gov.vn/bai-viet/bien-chung-cua-benh-dai-thao-duong?id=f17ffc43-5abb-5dcb-54d1-d3887440a421 | https://web.archive.org/web/https://bachmai.gov.vn/bai-viet/bien-chung-cua-benh-dai-thao-duong?id=f17ffc43-5abb-5dcb-54d1-d3887440a421 | https://web.archive.org/web/https://bachmai.gov.vn/bai-viet/bien-chung-cua-benh-dai-thao-duong?id=f17ffc43-5abb-5dcb-54d1-d3887440a421 | https://bachmai.gov.vn/bai-viet/bien-chung-cua-benh-dai-thao-duong?id=f17ffc43-5abb-5dcb-54d1-d3887440a421 | https://chanthuongvacotsong.bachmai.gov.vn/bien-chung-cua-benh-dai-thao-duong/ | https://web.archive.org/web/https://chanthuongvacotsong.bachmai.gov.vn/bien-chung-cua-benh-dai-thao-duong/ | https://chanthuongvacotsong.bachmai.gov.vn/bien-chung-cua-benh-dai-thao-duong/ | https://web.archive.org/web/https://bachmai.gov.vn/bai-viet/bien-chung-cua-benh-dai-thao-duong?id=f17ffc43-5abb-5dcb-54d1-d3887440a421 | https://bachmai.gov.vn/bai-viet/bien-chung-cua-benh-dai-thao-duong?id=f17ffc43-5abb-5dcb-54d1-d3887440a421 | https://web.archive.org/web/https://bachmai.gov.vn/bai-viet/bien-chung-cua-benh-dai-thao-duong?id=f17ffc43-5abb-5dcb-54d1-d3887440a421"
"1162","RISK_7d085988a4","RiskFactor","Tăng cân quá mức","Gây tổn thương tuyến tụy và đề kháng insulin, dẫn đến đái tháo đường type 2. | Gây tổn thương tế bào và làm giảm khả năng sử dụng insulin của cơ thể. | Gây tổn thương tế bào và làm giảm hiệu quả của insulin trong cơ thể. | Gây tổn thương tế bào và làm giảm hiệu quả hoạt động của insulin.","https://web.archive.org/web/https://benhviennhitrunguong.gov.vn/benh-dai-thao-duong-o-tre-em.html | https://benhviennhitrunguong.gov.vn/benh-dai-thao-duong-o-tre-em.html | https://web.archive.org/web/https://benhviennhitrunguong.gov.vn/benh-dai-thao-duong-o-tre-em.html | https://benhviennhitrunguong.gov.vn/benh-dai-thao-duong-o-tre-em.html"
"1163","RISK_7ddb802e76","RiskFactor","Uống nước bẩn","Không phải yếu tố trực tiếp gây đái tháo đường nhưng có thể gây nhiễm trùng.","https://web.archive.org/web/https://benhvienquynhon.gov.vn/tin-tuc/hoat-dong-cua-ttyt/dai-thao-duong-va-nhung-dieu-ban-can-biet/"
"1164","RISK_7deabb8e44","RiskFactor","Chế độ ăn mặn","Natri cao gây giữ nước, tăng huyết áp. | Natri cao trong chế độ ăn làm tăng huyết áp. | Tiêu thụ nhiều muối làm tăng huyết áp do rối loạn cân bằng nước và điện giải. | Gây tăng huyết áp và là yếu tố nguy cơ chính. | Tiêu thụ nhiều muối làm tăng huyết áp do rối loạn cân bằng nước và điện giải. | Tiêu thụ nhiều muối làm tăng huyết áp do rối loạn cân bằng nước và điện giải.","http://bvhoanghoa.ytethanhhoa.gov.vn/web/khoa-phong-chuc-nang/khoa-phong-chuc-nang/to-cong-tac-xa-hoi/benh-tang-huyet-ap-ke-giet-nguoi-tham-lang.html | https://web.archive.org/web/https://chanthuongvacotsong.bachmai.gov.vn/huong-dan-chan-doan-va-dieu-tri-tang-huyet-ap/ | http://bvhoanghoa.ytethanhhoa.gov.vn/web/khoa-phong-chuc-nang/khoa-phong-chuc-nang/to-cong-tac-xa-hoi/benh-tang-huyet-ap-ke-giet-nguoi-tham-lang.html | http://bvhoanghoa.ytethanhhoa.gov.vn/web/khoa-phong-chuc-nang/khoa-phong-chuc-nang/to-cong-tac-xa-hoi/benh-tang-huyet-ap-ke-giet-nguoi-tham-lang.html"
"1165","RISK_7e8a9933d3","RiskFactor","Tâm lý căng thẳng","Lo âu, căng thẳng, sang chấn tâm lý có thể kích hoạt cơn hen.","http://phacdo.soytequangninh.gov.vn/news/tin-tuc-su-kien/hen-phe-quan-hieu-dung-de-song-khoe-dieu-tri-hieu-qua-phong-ngua-chu-dong.html"
"1166","RISK_7fe6006ac7","RiskFactor","Thiếu tiếp cận y tế","Không được chẩn đoán sớm có thể dẫn đến biến chứng nghiêm trọng.","https://benhviennhitrunguong.gov.vn/hoi-thao-xu-huong-dieu-tri-dai-thao-duong-tip-1-chung-ta-khong-the-dung-ngoai.html"
"1167","RISK_80af14539b","RiskFactor","Thiếu nguồn lực y tế","Gây khó khăn trong chẩn đoán sớm và điều trị kịp thời.","https://benhviennhitrunguong.gov.vn/hoi-thao-xu-huong-dieu-tri-dai-thao-duong-tip-1-chung-ta-khong-the-dung-ngoai.html"
"1168","RISK_81e1993c0b","RiskFactor","Béo phì quá mức","Tăng nguy cơ suy hô hấp và khó thở.","https://bachmai.gov.vn/bai-viet/tho-may-khong-xam-nhap-trong-dieu-tri-benh-phoi-tac-nghen-man-tinh?id=828a5ae0-e152-ef2d-e6b5-48a6c8bafe5b"
"1169","RISK_83daeb6b66","RiskFactor","Mạch vành","Bệnh lý tim mạch phổ biến ở nhóm đái tháo đường, làm gia tăng rủi ro khi dùng clopidogrel.","https://web.archive.org/web/http://www.tapchiyhocduphong.vn/tap-chi-y-hoc-du-phong/2019/09/nguy-co-bien-co-tim-mach-o-benh-nhan-su-dung-clopidogrel-mac-va-khong-mac-dai-th-o81E2084E.html"
"1170","RISK_858a7a33be","RiskFactor","Rối loạn mỡ máu","Yếu tố nguy cơ có thể can thiệp được gây ra đái tháo đường type 2. | Tăng nguy cơ do rối loạn chuyển hóa lipid. | Tăng nguy cơ tổn thương mạch và nội tiết. | Yếu tố nguy cơ do ảnh hưởng đến chức năng nội tiết và chuyển hóa lipid. | Một dấu hiệu sinh học của chuyển hóa bất thường, tăng nguy cơ đái tháo đường và tim mạch. | Là yếu tố nguy cơ trực tiếp cho sự phát triển của béo phì và đái tháo đường. | Yếu tố nguy cơ không can thiệp được gây ra đái tháo đường type 2. | Yếu tố nguy cơ liên quan đến đái tháo đường type 2. | Yếu tố nguy cơ có thể can thiệp được gây ra đái tháo đường type 2. | Yếu tố nguy cơ liên quan đến đái tháo đường type 2. | Yếu tố nguy cơ dẫn đến đái tháo đường type 2. | Yếu tố nguy cơ dẫn đến đái tháo đường type 2. | Yếu tố nguy cơ liên quan đến chuyển hóa lipid và insulin.","https://web.archive.org/web/https://xayenmo.ninhbinh.gov.vn/y-te-giao-duc/benh-dai-thao-duong-dau-hieu-nhan-biet-phan-loai-va-dieu-tri-389.html | https://xayenmo.ninhbinh.gov.vn/y-te-giao-duc/benh-dai-thao-duong-dau-hieu-nhan-biet-phan-loai-va-dieu-tri-389.html | https://sti.vista.gov.vn/publication/view/9adff40ef63a8d1369d3d79d00873f07-31f274dab6ec362c550c75293a9d13cd-448878.html | https://web.archive.org/web/https://sti.vista.gov.vn/publication/view/9adff40ef63a8d1369d3d79d00873f07-31f274dab6ec362c550c75293a9d13cd-448878.html | https://xayenmo.ninhbinh.gov.vn/y-te-giao-duc/benh-dai-thao-duong-dau-hieu-nhan-biet-phan-loai-va-dieu-tri-389.html | https://web.archive.org/web/https://xayenmo.ninhbinh.gov.vn/y-te-giao-duc/benh-dai-thao-duong-dau-hieu-nhan-biet-phan-loai-va-dieu-tri-389.html | https://web.archive.org/web/https://xayenmo.ninhbinh.gov.vn/y-te-giao-duc/benh-dai-thao-duong-dau-hieu-nhan-biet-phan-loai-va-dieu-tri-389.html | https://xayenmo.ninhbinh.gov.vn/y-te-giao-duc/benh-dai-thao-duong-dau-hieu-nhan-biet-phan-loai-va-dieu-tri-389.html | https://xayenmo.ninhbinh.gov.vn/y-te-giao-duc/benh-dai-thao-duong-dau-hieu-nhan-biet-phan-loai-va-dieu-tri-389.html | https://xayenmo.ninhbinh.gov.vn/y-te-giao-duc/benh-dai-thao-duong-dau-hieu-nhan-biet-phan-loai-va-dieu-tri-389.html"
"1171","RISK_865c26dbfb","RiskFactor","Bệnh không được chẩn đoán","Người bệnh không phát hiện sớm triệu chứng, dễ dẫn đến hôn mê nghiêm trọng.","https://web.archive.org/web/https://benhviendakhoasongma.gov.vn/bai-viet/hon-me-tang-ap-luc-tham-thau-do-dai-thao-duong-210"
"1172","RISK_8684e84998","RiskFactor","Cholesterol HDL thấp","HDL cholesterol < 35 mg/dL.","https://web.archive.org/web/https://bachmai.gov.vn/bai-viet/chan-doan-som-benh-dai-thao-duong-tip-2?id=59f9c51f-418e-9437-823c-a1a6c23c33e4"
"1173","RISK_868ccc491c","RiskFactor","Ăn uống thiếu kiểm soát","Chế độ ăn giàu kali, phospho, muối làm tăng gánh nặng cho thận suy.","https://web.archive.org/web/https://bachmai.gov.vn/bai-viet/sai-lam-trong-dinh-duong-khien-suy-than-man-them-tram-trong-dau-la-giai-phap?id=1ff0d3d0-62f4-4159-a23b-758572e7f600"
"1174","RISK_874c3d3c86","RiskFactor","Viêm cầu thận mạn","Loại viêm mãn tính ảnh hưởng trực tiếp đến chức năng lọc của thận.","https://bachmai.gov.vn/bai-viet/sai-lam-trong-dinh-duong-khien-suy-than-man-them-tram-trong-dau-la-giai-phap?id=1ff0d3d0-62f4-4159-a23b-758572e7f600 | https://web.archive.org/web/https://bachmai.gov.vn/bai-viet/sai-lam-trong-dinh-duong-khien-suy-than-man-them-tram-trong-dau-la-giai-phap?id=1ff0d3d0-62f4-4159-a23b-758572e7f600 | https://bachmai.gov.vn/bai-viet/sai-lam-trong-dinh-duong-khien-suy-than-man-them-tram-trong-dau-la-giai-phap?id=1ff0d3d0-62f4-4159-a23b-758572e7f600"
"1175","RISK_87aafe6ee0","RiskFactor","Ăn muối nhiều","Muối làm giữ nước và tăng thể tích máu, gây gia tăng huyết áp.","https://web.archive.org/web/https://soyte.tuyenquang.gov.vn/tin-tuc/tang-huyet-ap-va-nhung-bien-chung-nguy-hiem.html"
"1176","RISK_8847f3f974","RiskFactor","Không kiểm soát lipid máu","Gây tăng LDL-C, làm gia tăng nguy cơ nhồi máu cơ tim và đột quỵ. | Là yếu tố nguy cơ chính dẫn đến biến chứng tim mạch và thần kinh ngoại biên. | Là yếu tố nguy cơ gây nhồi máu cơ tim, đột quỵ và tử vong do tim mạch. | Là yếu tố nguy cơ chính dẫn đến các biến chứng tim mạch và thần kinh ngoại biên. | Gây rối loạn lipid máu, tăng nguy cơ nhồi máu cơ tim, đột quỵ và tử vong do tim mạch.","https://bachmai.gov.vn/bai-viet/dai-thao-duong-bien-chung-tim-mach-va-than-kinh-ngoai-bien-sat-thu-tham-lang?id=994f4df4-95c1-4760-8aee-8d07a69f9fe1 | https://web.archive.org/web/https://bachmai.gov.vn/bai-viet/dai-thao-duong-bien-chung-tim-mach-va-than-kinh-ngoai-bien-sat-thu-tham-lang?id=994f4df4-95c1-4760-8aee-8d07a69f9fe1 | https://bachmai.gov.vn/bai-viet/dai-thao-duong-bien-chung-tim-mach-va-than-kinh-ngoai-bien-sat-thu-tham-lang?id=994f4df4-95c1-4760-8aee-8d07a69f9fe1 | https://bachmai.gov.vn/bai-viet/dai-thao-duong-bien-chung-tim-mach-va-than-kinh-ngoai-bien-sat-thu-tham-lang?id=994f4df4-95c1-4760-8aee-8d07a69f9fe1 | https://bachmai.gov.vn/bai-viet/dai-thao-duong-bien-chung-tim-mach-va-than-kinh-ngoai-bien-sat-thu-tham-lang?id=994f4df4-95c1-4760-8aee-8d07a69f9fe1"
"1177","RISK_8889366e54","RiskFactor","Tiếp xúc với phấn hoa/bụi bẩn","Là các tác nhân dị ứng dễ gây cơn hen.","http://phacdo.soytequangninh.gov.vn/news/chuyen-khoa-sau/phong-benh-hen-phe-quan-khi-thoi-tiet-thay-doi.html | https://web.archive.org/web/http://phacdo.soytequangninh.gov.vn/news/chuyen-khoa-sau/phong-benh-hen-phe-quan-khi-thoi-tiet-thay-doi.html"
"1178","RISK_8896424a42","RiskFactor","Chế độ ăn gây viêm","Thực phẩm chế biến sẵn làm tăng nguy cơ mắc hen suyễn. | Thực phẩm chế biến sẵn, đồ ăn nhiều dầu mỡ làm tăng nguy cơ hen suyễn.","https://web.archive.org/web/https://vov.gov.vn/day-la-7-loai-thao-moc-dieu-tri-hen-suyen-hieu-qua-dtnew-491435 | https://vov.gov.vn/day-la-7-loai-thao-moc-dieu-tri-hen-suyen-hieu-qua-dtnew-491435"
"1179","RISK_88f0bebcae","RiskFactor","Không khám mắt định kỳ","Việc không thực hiện khám mắt thường xuyên khiến bệnh tiến triển âm thầm và khó điều trị. | Việc không thăm khám mắt thường xuyên khiến bệnh tiến triển âm thầm đến giai đoạn nặng.","https://web.archive.org/web/https://benhvienmathanoi.gov.vn/tam-soat-benh-vong-mac-dai-thao-duong/ | https://benhvienmathanoi.gov.vn/tam-soat-benh-vong-mac-dai-thao-duong/"
"1180","RISK_894292a26b","RiskFactor","Dị nguyên hô hấp","Mạt nhà, vật nuôi, mốc và phấn hoa gây kích thích hen. | Gồm mạt nhà, vật nuôi, mốc và phấn hoa – gây kích thích hen.","https://benhviennhitrunguong.gov.vn/loi-khuyen-cua-cac-chuyen-gia-di-ung-ve-benh-hen-2.html | https://web.archive.org/web/https://benhviennhitrunguong.gov.vn/loi-khuyen-cua-cac-chuyen-gia-di-ung-ve-benh-hen-2.html"
"1181","RISK_89f9b9e0c4","RiskFactor","Uống rượu nhiều","Là yếu tố gây tăng đường huyết cấp tính. | Là yếu tố làm tăng đường huyết và gây tổn thương gan, thận. | Là yếu tố làm tăng đường huyết và gây tổn thương gan, thận. | Là yếu tố làm tăng đường huyết và gây tổn thương gan, thận. | Là yếu tố làm tăng đường huyết và gây tổn thương gan, thận. | Là yếu tố gây tăng đường huyết cấp tính.","https://web.archive.org/web/https://bachmai.gov.vn/bai-viet/bien-chung-cua-benh-dai-thao-duong?id=f17ffc43-5abb-5dcb-54d1-d3887440a421"
"1182","RISK_8a7af24870","RiskFactor","Môi trường sống","Sự thay đổi trong chế độ ăn uống và lối sống hiện đại làm tăng nguy cơ mắc ĐTĐ típ 1.","https://web.archive.org/web/https://benhviennhitrunguong.gov.vn/hoi-thao-xu-huong-dieu-tri-dai-thao-duong-tip-1-chung-ta-khong-the-dung-ngoai.html"
"1183","RISK_8aa576e51f","RiskFactor","Ăn nhiều đường bột","Gây tăng glucose máu, đặc biệt ở type 2 không kiểm soát tốt. | Dẫn đến tăng glucose máu, đặc biệt ở type 2. | Gây tăng glucose máu, đặc biệt ở type 2. | Gây tăng glucose máu, đặc biệt ở bệnh nhân type 2.","https://bachmai.gov.vn/bai-viet/bien-chung-cua-benh-dai-thao-duong?id=f17ffc43-5abb-5dcb-54d1-d3887440a421 | https://web.archive.org/web/https://bachmai.gov.vn/bai-viet/bien-chung-cua-benh-dai-thao-duong?id=f17ffc43-5abb-5dcb-54d1-d3887440a421 | https://bachmai.gov.vn/bai-viet/bien-chung-cua-benh-dai-thao-duong?id=f17ffc43-5abb-5dcb-54d1-d3887440a421 | https://bachmai.gov.vn/bai-viet/bien-chung-cua-benh-dai-thao-duong?id=f17ffc43-5abb-5dcb-54d1-d3887440a421"
"1184","RISK_8aeab83ade","RiskFactor","Không kiểm soát huyết áp và đường huyết","Là yếu tố nguy cơ chính gây tổn thương thận.","https://benhvientinh.caobang.gov.vn/index.php/vi/news/tin-tuc-su-kien/bien-chung-than-do-dai-thao-duong-6-dieu-nguoi-benh-phai-chu-y-710.html"
"1185","RISK_8b6c2fe24f","RiskFactor","Sử dụng thuốc kháng sinh không đúng","Một số kháng sinh có thể gây tổn thương thận.","http://soyte.hatinh.gov.vn/tin-tuc-su-kien/pho-bien-kien-thuc/dau-hieu-benh-than-va-suy-than-.html"
"1186","RISK_8ba20f1c41","RiskFactor","Viêm cầu thận","Là một nguyên nhân gây tổn thương thận, dẫn đến suy giảm chức năng.","https://www.vinmec.com/vie/bai-viet/tai-sao-mac-benh-thi-huyet-ap-lai-tang-cao-vi"
"1187","RISK_8c6a8c62ce","RiskFactor","Tăng sức cản ngoại vi do lão hóa","Sự thu hẹp động mạch nhỏ và tiểu động mạch làm gia tăng kháng lực.","https://web.archive.org/web/http://bvhoanghoa.ytethanhhoa.gov.vn/web/khoa-phong-chuc-nang/khoa-phong-chuc-nang/to-cong-tac-xa-hoi/benh-tang-huyet-ap-ke-giet-nguoi-tham-lang.html"
"1188","RISK_8d54ef72c3","RiskFactor","Không có chương trình sàng lọc sớm","Sự thiếu hụt trong việc phát hiện sớm và can thiệp kịp thời dẫn đến gia tăng số ca mắc mới.","https://web.archive.org/web/https://benhviennhitrunguong.gov.vn/hoi-thao-xu-huong-dieu-tri-dai-thao-duong-tip-1-chung-ta-khong-the-dung-ngoai.html"
"1189","RISK_8d9128f2b4","RiskFactor","Tác nhân nhiễm khuẩn","Bệnh lý viêm mũi, xoang, họng có thể gây cơn hen ở người có cơ địa dị ứng. | Viêm mũi, viêm xoang, viêm họng... là yếu tố khởi phát cơn hen ở người có cơ địa dị ứng.","https://web.archive.org/web/http://phacdo.soytequangninh.gov.vn/news/tin-tuc-su-kien/hen-phe-quan-hieu-dung-de-song-khoe-dieu-tri-hieu-qua-phong-ngua-chu-dong.html | http://phacdo.soytequangninh.gov.vn/news/tin-tuc-su-kien/hen-phe-quan-hieu-dung-de-song-khoe-dieu-tri-hieu-qua-phong-ngua-chu-dong.html"
"1190","RISK_8da5c98909","RiskFactor","Nhiễm trùng đường hô hấp","Cảm lạnh, viêm xoang – làm nặng hen. | Cả nhiễm trên và dưới đều có thể gây viêm, tăng tiết chất nhầy và co thắt phế quản. | Nguyên nhân gây đợt cấp COPD.","https://benhviennhitrunguong.gov.vn/loi-khuyen-cua-cac-chuyen-gia-di-ung-ve-benh-hen-2.html | https://medlatec.vn/tu-dien-benh-ly/con-hen-ac-tinh | https://web.archive.org/web/https://bachmai.gov.vn/bai-viet/tho-may-khong-xam-nhap-trong-dieu-tri-benh-phoi-tac-nghen-man-tinh?id=828a5ae0-e152-ef2d-e6b5-48a6c8bafe5b"
"1191","RISK_8e75a1be14","RiskFactor","Thuốc và hóa chất","Một số thuốc như corticoid, interferon alpha có thể gây đái tháo đường.","https://benhvienquynhon.gov.vn/tin-tuc/hoat-dong-cua-ttyt/dai-thao-duong-va-nhung-dieu-ban-can-biet/"
"1192","RISK_8e8132f4cf","RiskFactor","Stress tâm lý","Gây tăng huyết áp do phản ứng thần kinh - nội tiết.","https://bachmai.gov.vn/tin-chi-tiet/-/bai-viet/tang-huyet-ap-can-benh-tham-lang-nhung-nguy-hiem-8463-146.html"
"1193","RISK_8ea6f7b33f","RiskFactor","Rối loạn nội mô","Gây ảnh hưởng đến sinh lý bệnh của tăng huyết áp trong bệnh thận mạn.","https://www.vinmec.com/vie/bai-viet/tai-sao-mac-benh-thi-huyet-ap-lai-tang-cao-vi"
"1194","RISK_8f1346f719","RiskFactor","Bỏ thuốc khi đường huyết bình thường","Là hành vi nguy hiểm vì không duy trì kiểm soát ổn định.","https://bachmai.gov.vn/tin-chi-tiet/-/bai-viet/dai-thao-duong-can-benh-nhieu-bien-chung-nguy-hiem-8-trieu-nguoi-viet-nam-dang-mac-9624-146.html"
"1195","RISK_8f641920a0","RiskFactor","Dị nguyên trong môi trường sống","Các chất gây dị ứng như bụi nhà, lông thú, phấn hoa dễ kích thích cơn hen.","https://web.archive.org/web/https://benhviennhitrunguong.gov.vn/tag/hen-phe-quan"
"1196","RISK_8f766f3a96","RiskFactor","Không hoạt động thể chất","Lối sống ít vận động làm giảm khả năng sử dụng glucose của cơ thể, tăng nguy cơ bệnh.","http://ttyt.tamduong.laichau.gov.vn/quan-ly-nha-nuoc/hoat-dong-doan-doi/dai-thao-duong-tuyp-2-nguyen-nhan-trieu-chung-chan-doan-va-d.html | https://web.archive.org/web/http://ttyt.tamduong.laichau.gov.vn/quan-ly-nha-nuoc/hoat-dong-doan-doi/dai-thao-duong-tuyp-2-nguyen-nhan-trieu-chung-chan-doan-va-d.html"
"1197","RISK_8fdc57ac6c","RiskFactor","Dùng thuốc lợi tiểu và corticoid","Gây mất nước và làm trầm trọng tình trạng tăng áp lực thẩm thấu.","https://web.archive.org/web/https://benhviendakhoasongma.gov.vn/bai-viet/hon-me-tang-ap-luc-tham-thau-do-dai-thao-duong-210"
"1198","RISK_90f6fb7946","RiskFactor","Thiếu theo dõi y tế định kỳ","Không được tầm soát, điều chỉnh phác đồ kịp thời dẫn đến biến chứng nặng.","https://bachmai.gov.vn/tin-chi-tiet/-/bai-viet/dai-thao-duong-can-benh-nhieu-bien-chung-nguy-hiem-8-trieu-nguoi-viet-nam-dang-mac-9624-146.html"
"1199","RISK_91bfa1e499","RiskFactor","Chế độ ăn nhiều muối","Gây tăng huyết áp và nguy cơ biến chứng tim mạch. | Dẫn đến tăng huyết áp, đặc biệt khi vượt quá 2.400mg muối/ngày.","https://bachmai.gov.vn/bai-viet/kiem-soat-huyet-ap-va-can-nang-o-benh-nhan-dai-thao-duong-tip-2-viet-nam?id=d4b1411f-1da7-74f4-b337-1b88457dd69b | https://www.vinmec.com/vie/bai-viet/dieu-tri-tang-huyet-ap-kem-suy-man-vi"
"1200","RISK_9212099d50","RiskFactor","Không tiêm phòng vắc xin","Tăng nguy cơ mắc bệnh dại sau phơi nhiễm.","https://web.archive.org/web/http://www.tapchiyhocduphong.vn/tap-chi-y-hoc-du-phong/2015/08/kien-thuc-ve-benh-dai-thao-duong-va-mot-so-yeu-to-lien-quan-cua-nguoi-benh-tai-c-o81E20305.html"
"1201","RISK_93669b880c","RiskFactor","Cholesterol cao","Tăng nguy cơ tổn thương mạch máu và thần kinh ngoại vi. | Biến số sinh hóa liên quan đến nguy cơ biến chứng thần kinh.","https://web.archive.org/web/https://sti.vista.gov.vn/publication/view/nghien-cuu-dac-diem-lam-sang-can-lam-sang-va-chi-so-dien-than-kinh-co-o-nguoi-benh-dai-thao-duong-type-2-co-bien-chung-than-kinh-ngoai-vi-tai-benh-vie-d41b03674c28b600d59c115392319110-455331.html | https://sti.vista.gov.vn/publication/view/nghien-cuu-dac-diem-lam-sang-can-lam-sang-va-chi-so-dien-than-kinh-co-o-nguoi-benh-dai-thao-duong-type-2-co-bien-chung-than-kinh-ngoai-vi-tai-benh-vie-d41b03674c28b600d59c115392319110-455331.html"
"1202","RISK_94574052db","RiskFactor","Thay đổi thời tiết","Là yếu tố kích thích phổ biến gây cơn hen, đặc biệt vào ban đêm hoặc mùa lạnh. | Là yếu tố khởi phát khiến triệu chứng hen tái phát hoặc nặng lên. | Mùa giao mùa, thời tiết lạnh dễ kích hoạt cơn hen do viêm nhiễm đường hô hấp. | Gây kích thích đường hô hấp, làm nặng cơn hen.","https://bachmai.gov.vn/bai-viet/4-dau-hieu-dac-trung-cua-benh-hen?id=cfcfedc5-527d-7f6f-5a9e-002886825b9b | https://hohap.bachmai.gov.vn/detail/14225/hen-phe-quan-%C2%A0-cach-nhan-biet-va-chan-doan.html | https://web.archive.org/web/http://phacdo.soytequangninh.gov.vn/news/tin-tuc-su-kien/hen-phe-quan-hieu-dung-de-song-khoe-dieu-tri-hieu-qua-phong-ngua-chu-dong.html | https://www.vinmec.com/vie/bai-viet/bien-chung-lau-dai-cua-benh-hen-phe-quan-vi"
"1203","RISK_948d868265","RiskFactor","Không tầm soát biến chứng","Gây bỏ qua chẩn đoán, dẫn đến biến chứng nặng và tốn kém điều trị.","https://web.archive.org/web/https://bachmai.gov.vn/bai-viet/dai-thao-duong-bien-chung-tim-mach-va-than-kinh-ngoai-bien-sat-thu-tham-lang?id=994f4df4-95c1-4760-8aee-8d07a69f9fe1"
"1204","RISK_94fcd0ca3d","RiskFactor","Không kiểm soát glucose đói","Mức đường huyết cao khi đói làm gia tăng nguy cơ tổn thương thận.","https://nsti.vista.gov.vn/publication/view/nghien-cuu-dac-diem-lam-sang-can-lam-sang-va-danh-gia-bien-chung-than-o-benh-nhan-dai-thao-duong-tip-2-tai-khoa-noi-tiet-benh-vien-trung-uong-103-quan-doi-nhan-dan-lao-373086.html"
"1205","RISK_9582657078","RiskFactor","Thuốc kháng sinh","Một số thuốc như penicillin có thể gây phản ứng dị ứng.","https://www.vinmec.com/vie/benh/hen-phe-quan-2949"
"1206","RISK_958df34741","RiskFactor","Kháng insulin","Tình trạng tế bào không phản ứng đúng với insulin, dẫn đến tăng đường huyết. | Tình trạng tế bào không phản ứng đúng với insulin, dẫn đến tăng đường huyết. | Tế bào không phản ứng đúng với hormone insulin, dẫn đến tăng đường huyết. | Tình trạng tế bào không phản ứng đúng với insulin, dẫn đến tăng đường huyết.","http://ttyt.tamduong.laichau.gov.vn/quan-ly-nha-nuoc/hoat-dong-doan-doi/dai-thao-duong-tuyp-2-nguyen-nhan-trieu-chung-chan-doan-va-d.html | http://ttyt.tamduong.laichau.gov.vn/quan-ly-nha-nuoc/hoat-dong-doan-doi/dai-thao-duong-tuyp-2-nguyen-nhan-trieu-chung-chan-doan-va-d.html | https://web.archive.org/web/http://ttyt.tamduong.laichau.gov.vn/quan-ly-nha-nuoc/hoat-dong-doan-doi/dai-thao-duong-tuyp-2-nguyen-nhan-trieu-chung-chan-doan-va-d.html | https://web.archive.org/web/http://ttyt.tamduong.laichau.gov.vn/quan-ly-nha-nuoc/hoat-dong-doan-doi/dai-thao-duong-tuyp-2-nguyen-nhan-trieu-chung-chan-doan-va-d.html"
"1207","RISK_962de625e3","RiskFactor","Dùng thuốc NSAID","Thuốc nhóm NSAID có thể gây phản ứng dị ứng và cơn hen.","https://www.vinmec.com/vie/bai-viet/lam-nao-de-chan-doan-hen-phe-quan-vi"
"1208","RISK_987f37e5d6","RiskFactor","Chênh lệch điều kiện y tế vùng miền","Khoảng cách chăm sóc y tế giữa các vùng dân tộc là một rào cản trong quản lý bệnh.","https://bachmai.gov.vn/bai-viet/cap-nhat-xu-huong-moi-trong-dieu-tri-dai-thao-duong-tip-2?id=d4ab61a0-919e-0805-1cdd-fe092c98c88e"
"1209","RISK_9911ef28f0","RiskFactor","Thiếu kiến thức về bệnh","Không hiểu cách quản lý bệnh, dẫn đến kiểm soát kém. | Không hiểu cách quản lý bệnh, dẫn đến kiểm soát kém. | Nguyên nhân khiến bệnh nhân không đạt mục tiêu điều trị và dễ mắc biến chứng. | Nguyên nhân chính dẫn đến việc không tuân thủ điều trị và phòng ngừa. | Người bệnh thiếu hiểu biết về bệnh đái tháo đường và cách điều trị.","http://soyte.hatinh.gov.vn/tin-tuc-su-kien/thong-tin-y-te/luu-y-khi-dieu-tri-dai-thao-duong-type-1.html | http://soyte.hatinh.gov.vn/tin-tuc-su-kien/thong-tin-y-te/luu-y-khi-dieu-tri-dai-thao-duong-type-1.html | https://web.archive.org/web/http://soyte.hatinh.gov.vn/tin-tuc-su-kien/thong-tin-y-te/luu-y-khi-dieu-tri-dai-thao-duong-type-1.html | https://web.archive.org/web/http://www.tapchiyhocduphong.vn/tap-chi-y-hoc-du-phong/2015/08/kien-thuc-ve-benh-dai-thao-duong-va-mot-so-yeu-to-lien-quan-cua-nguoi-benh-tai-c-o81E20305.html | https://web.archive.org/web/http://www.tapchiyhocduphong.vn/tap-chi-y-hoc-du-phong/2015/08/kien-thuc-ve-benh-dai-thao-duong-va-mot-so-yeu-to-lien-quan-cua-nguoi-benh-tai-c-o81E20305.html"
"1210","RISK_9b09a9b1cc","RiskFactor","Thiếu men Alpha-1 antitrypsin","Di truyền khiến cơ thể không sản xuất đủ enzyme bảo vệ phổi, dẫn đến tổn thương. | Di truyền khiến cơ thể không sản xuất đủ enzyme bảo vệ phổi, dẫn đến COPD. | Di truyền gây tổn thương phổi, dẫn đến COPD. | Di truyền khiến cơ thể không sản xuất đủ enzyme bảo vệ phổi, dẫn đến tổn thương đường thở. | Di truyền khiến cơ thể không sản xuất đủ enzyme bảo vệ phổi, dẫn đến tổn thương phổi và COPD. | Di truyền khiến cơ thể không sản xuất đủ enzyme bảo vệ phổi, dẫn đến COPD. | Di truyền khiến cơ thể không sản xuất đủ enzyme bảo vệ phổi, dẫn đến COPD.","https://web.archive.org/web/https://bachmai.gov.vn/bai-viet/benh-phoi-tac-nghen-man-tinh-hieu-dung-phong-ngua-va-phat-hien-som-cung-chuyen-gia-benh-vien-bach-mai?id=bef483aa-6fde-433a-b2e8-b373eb7903a6 | https://bachmai.gov.vn/bai-viet/benh-phoi-tac-nghen-man-tinh-hieu-dung-phong-ngua-va-phat-hien-som-cung-chuyen-gia-benh-vien-bach-mai?id=bef483aa-6fde-433a-b2e8-b373eb7903a6"
"1211","RISK_9bef205db8","RiskFactor","Loạn sản xơ cơ","Thành động mạch phát triển bất thường, gây hẹp dần.","https://web.archive.org/web/https://medlatec.vn/tin-tuc/hep-dong-mach-than-la-gi-muc-do-nguy-hiem-va-phuong-phap-dieu-tri"
"1212","RISK_9c8499400a","RiskFactor","Có người thân đời thứ nhất mắc bệnh","Bố mẹ, anh chị em ruột, con đẻ bị đái tháo đường.","https://web.archive.org/web/https://bachmai.gov.vn/bai-viet/chan-doan-som-benh-dai-thao-duong-tip-2?id=59f9c51f-418e-9437-823c-a1a6c23c33e4"
"1213","RISK_9e1412102e","RiskFactor","Lạm dụng thuốc giãn phế quản","Dùng thuốc xịt (salbutamol) mà không dùng thuốc kiểm soát nền dẫn đến che giấu diễn tiến bệnh.","https://medlatec.vn/tu-dien-benh-ly/con-hen-ac-tinh"
"1214","RISK_9e6de30e31","RiskFactor","Dị nguyên thực phẩm","Hải sản, trứng, thịt gà, lạc... có thể gây cơn hen ở người dị ứng. | Thực phẩm như tôm, cá, trứng, lạc có thể gây cơn hen ở người dị ứng.","https://web.archive.org/web/http://phacdo.soytequangninh.gov.vn/news/tin-tuc-su-kien/hen-phe-quan-hieu-dung-de-song-khoe-dieu-tri-hieu-qua-phong-ngua-chu-dong.html | http://phacdo.soytequangninh.gov.vn/news/tin-tuc-su-kien/hen-phe-quan-hieu-dung-de-song-khoe-dieu-tri-hieu-qua-phong-ngua-chu-dong.html"
"1215","RISK_9e856eb2ba","RiskFactor","Bệnh đái tháo đường","Nguyên nhân phổ biến gây suy thận, tỷ lệ mắc huyết áp cao là 87%.","https://web.archive.org/web/https://tamanhhospital.vn/tang-huyet-ap-trong-benh-than/"
"1216","RISK_a04b7284b4","RiskFactor","Không tầm soát thần kinh ngoại biên","Gây bỏ lỡ chẩn đoán sớm, dẫn đến tàn phế và chi phí điều trị cao hơn nhiều lần. | Gây bỏ lỡ chẩn đoán sớm, dẫn đến biến chứng nặng và chi phí điều trị cao hơn. | Gây bỏ lỡ chẩn đoán sớm, dẫn đến biến chứng nặng và chi phí điều trị cao hơn. | Gây bỏ lỡ chẩn đoán sớm, dẫn đến biến chứng nặng và chi phí điều trị cao hơn. | Gây bỏ lỡ chẩn đoán, dẫn đến đau mãn tính và tàn phế. | Gây bỏ lỡ chẩn đoán sớm, dẫn đến biến chứng nặng và chi phí điều trị cao hơn. | Dẫn đến chẩn đoán muộn, điều trị không hiệu quả và hậu quả nặng nề.","https://bachmai.gov.vn/bai-viet/dai-thao-duong-bien-chung-tim-mach-va-than-kinh-ngoai-bien-sat-thu-tham-lang?id=994f4df4-95c1-4760-8aee-8d07a69f9fe1 | https://web.archive.org/web/https://chanthuongvacotsong.bachmai.gov.vn/dai-thao-duong-bien-chung-tim-mach-va-than-kinh-ngoai-bien-sat-thu-tham-lang/ | https://web.archive.org/web/https://bachmai.gov.vn/bai-viet/dai-thao-duong-bien-chung-tim-mach-va-than-kinh-ngoai-bien-sat-thu-tham-lang?id=994f4df4-95c1-4760-8aee-8d07a69f9fe1 | https://chanthuongvacotsong.bachmai.gov.vn/dai-thao-duong-bien-chung-tim-mach-va-than-kinh-ngoai-bien-sat-thu-tham-lang/ | https://bachmai.gov.vn/bai-viet/dai-thao-duong-bien-chung-tim-mach-va-than-kinh-ngoai-bien-sat-thu-tham-lang?id=994f4df4-95c1-4760-8aee-8d07a69f9fe1 | https://web.archive.org/web/https://bachmai.gov.vn/bai-viet/dai-thao-duong-bien-chung-tim-mach-va-than-kinh-ngoai-bien-sat-thu-tham-lang?id=994f4df4-95c1-4760-8aee-8d07a69f9fe1"
"1217","RISK_a072469db3","RiskFactor","Chế độ ăn thiếu kiểm soát","Ăn nhiều tinh bột, đường, chất béo gây tăng đường huyết và tổn thương mạch máu. | Ăn nhiều tinh bột và đường gây tăng đường huyết, làm trầm trọng biến chứng.","https://web.archive.org/web/https://benhvientinh.caobang.gov.vn/index.php/vi/news/dich-vu/tiep-nhan-dieu-tri-benh-nhan-dai-thao-duong-tuyp-2-co-bien-chung-mo-mat-do-khong-di-kham-va-tam-soat-som-443.html | https://benhvientinh.caobang.gov.vn/index.php/vi/news/dich-vu/tiep-nhan-dieu-tri-benh-nhan-dai-thao-duong-tuyp-2-co-bien-chung-mo-mat-do-khong-di-kham-va-tam-soat-som-443.html"
"1218","RISK_a0be6608a8","RiskFactor","Kiểm soát kém đường huyết","Nguyên nhân chính dẫn đến nhiều biến chứng như loét, nhiễm trùng, cắt cụt chi.","https://bachmai.gov.vn/tin-chi-tiet/-/bai-viet/cap-nhat-chan-doan-dieu-tri-benh-dai-thao-duong-va-bien-chung-8971-144.html"
"1219","RISK_a0eb00b551","RiskFactor","Lạm dụng rượu bia","Rượu làm rối loạn chuyển hóa glucose, tăng nguy cơ đái tháo đường. | Uống nhiều rượu gây rối loạn đường huyết và tổn thương cơ quan. | Ảnh hưởng đến chức năng gan và kiểm soát đường huyết. | Uống rượu thường xuyên làm tăng huyết áp và ảnh hưởng tim mạch.","https://cdc.ninhbinh.gov.vn/tin-tuc-su-kien/benh-dai-thao-duong-va-cach-phong-ngua-benh2.html | https://web.archive.org/web/http://soyte.hatinh.gov.vn/tin-tuc-su-kien/thong-tin-y-te/bai-truyen-thong-benh-dai-thao-duong-va-cach-phong-ngua-benh.html | http://soyte.hatinh.gov.vn/tin-tuc-su-kien/thong-tin-y-te/bai-truyen-thong-benh-dai-thao-duong-va-cach-phong-ngua-benh.html | http://cdc.hatinh.gov.vn/vi/%1Cbenh-khong-lay-nhiem/topic/6029 | https://web.archive.org/web/http://cdc.hatinh.gov.vn/vi/%1Cbenh-khong-lay-nhiem/topic/6029"
"1220","RISK_a1fdb6cb82","RiskFactor","Bệnh đi kèm","Các bệnh lý khác như viêm, stress oxy hóa ảnh hưởng đến độ tin cậy của dấu ấn sinh học.","https://web.archive.org/web/https://vista.gov.vn/vi/news/cac-linh-vuc-khoa-hoc-va-cong-nghe/dau-an-sinh-hoc-moi-trong-phat-trien-som-bien-chung-than-do-dai-thao-duong-9409.html"
"1221","RISK_a30500fdf0","RiskFactor","Chấn thương vùng bụng","Có thể gây tổn thương trực tiếp đến động mạch thận.","https://web.archive.org/web/https://medlatec.vn/tin-tuc/hep-dong-mach-than-la-gi-muc-do-nguy-hiem-va-phuong-phap-dieu-tri"
"1222","RISK_a3acc235e3","RiskFactor","Sử dụng thuốc hoặc hóa chất","Một số thuốc có thể gây đái tháo đường týp 2 hoặc làm trầm trọng thêm tình trạng.","https://web.archive.org/web/https://vncdc.gov.vn/huong-dan-chan-doan-va-dieu-tri-benh-dai-thao-duong-tuyp-2-nd14582.html"
"1223","RISK_a42e54cf78","RiskFactor","Tăng hoạt động giao cảm","Hệ thần kinh giao cảm bị kích thích làm tăng huyết áp. | Hệ thần kinh giao cảm bị rối loạn làm tăng huyết áp. | Hệ thần kinh giao cảm bị kích thích làm tăng huyết áp.","http://bvhoanghoa.ytethanhhoa.gov.vn/web/khoa-phong-chuc-nang/khoa-phong-chuc-nang/to-cong-tac-xa-hoi/benh-tang-huyet-ap-ke-giet-nguoi-tham-lang.html"
"1224","RISK_a513a83316","RiskFactor","Mức độ kiểm soát đường máu","Kiểm soát kém là yếu tố làm tăng nguy cơ biến chứng mắt.","https://nsti.vista.gov.vn/publication/view/dac-diem-lam-sang-can-lam-sang-va-bien-chung-mat-tren-benh-nhan-dai-thao-duong-type-2-dieu-tri-tai-khoa-noi-3-benh-vien-huu-nghi-viet-tiep-hai-phong-339420.html"
"1225","RISK_a59dfed74b","RiskFactor","Tuổi thọ ngày càng tăng","Nguy cơ mắc bệnh đái tháo đường týp 2 tăng theo tuổi. Không thể can thiệp.","https://web.archive.org/web/https://vncdc.gov.vn/huong-dan-chan-doan-va-dieu-tri-benh-dai-thao-duong-tuyp-2-nd14582.html"
"1226","RISK_a61901085c","RiskFactor","Tuân thủ kém","Nguyên nhân làm giảm hiệu quả điều trị và tăng nguy cơ biến chứng.","https://web.archive.org/web/https://bachmai.gov.vn/bai-viet/dieu-tri-dai-thao-duong-tip-2-buoc-tien-moi-tu-insulin-nen-the-he-2-va-iglarlixi?id=5cdac324-549d-40aa-b3e6-80214932d112"
"1227","RISK_a7429494c4","RiskFactor","Có tiền căn gia đình","Người có người thân bị tiểu đường dễ mắc bệnh hơn.","https://web.archive.org/web/https://syt.dongnai.gov.vn/vi/news/Suc-khoe-cong-dong/nhung-bien-chung-nguy-hiem-cua-benh-tieu-duong-2511.html"
"1228","RISK_a83948b8c5","RiskFactor","Thiếu kiểm soát glucose","Nguyên nhân chính gây tổn thương thần kinh và các biến chứng mạn tính, cần điều trị sớm.","https://bachmai.gov.vn/bai-viet/doi-moi-tu-duy-dieu-tri-dai-thao-duong-typ-2-va-chien-luoc-kiem-soat-toan-dien-bien-chung-than-kinh?id=090463d0-4515-40c8-919c-8bebc41e2c01"
"1229","RISK_aaff52edd9","RiskFactor","Không can thiệp sớm","Làm tăng nguy cơ tàn phế do tổn thương thần kinh không được phát hiện và điều trị kịp thời.","https://bachmai.gov.vn/bai-viet/doi-moi-tu-duy-dieu-tri-dai-thao-duong-typ-2-va-chien-luoc-kiem-soat-toan-dien-bien-chung-than-kinh?id=090463d0-4515-40c8-919c-8bebc41e2c01"
"1230","RISK_ab3f29a672","RiskFactor","Tiếp xúc khói bụi","Yếu tố nguy cơ gây tổn thương phổi do các hạt bụi độc hại trong môi trường làm việc.","https://tamanhhospital.vn/giai-doan-benh-phoi-tac-nghen-man-tinh/"
"1231","RISK_ab952bebf8","RiskFactor","Không tuân thủ điều trị y khoa","Ngưng thuốc mà không tham khảo bác sĩ có thể dẫn đến biến chứng nghiêm trọng.","https://web.archive.org/web/https://vov.gov.vn/day-la-7-loai-thao-moc-dieu-tri-hen-suyen-hieu-qua-dtnew-491435"
"1232","RISK_abe397d596","RiskFactor","Không kiểm soát đường huyết","Là yếu tố chính dẫn đến biến chứng mãn tính. | Là yếu tố chính dẫn đến biến chứng mãn tính như tổn thương mạch máu, thần kinh. | Là yếu tố chính dẫn đến biến chứng mãn tính. | Là yếu tố chính dẫn đến biến chứng mãn tính như tổn thương mạch máu, thần kinh. | Nguyên nhân chính dẫn đến biến chứng và cần điều trị bằng liệu pháp tiêm. | Dẫn đến tăng glucose máu, biến chứng cấp tính và mãn tính. | Là yếu tố chính dẫn đến các biến chứng tim mạch và thần kinh ngoại biên. | Là yếu tố chính dẫn đến các biến chứng mãn tính như tổn thương mạch máu, thần kinh. | Là yếu tố nguy cơ chính dẫn đến biến chứng tim mạch và thần kinh ngoại biên. | Là yếu tố làm tăng nguy cơ biến chứng tim mạch, thần kinh ngoại biên và tử vong. | Là yếu tố làm tăng nguy cơ biến chứng tim mạch và thần kinh ngoại biên. | Là yếu tố chính gây ra các biến chứng tim mạch và thần kinh ngoại biên. | Là yếu tố làm tăng nguy cơ biến chứng tim mạch và thần kinh ngoại biên. | Nguyên nhân chính gây ra biến chứng đái tháo đường. | Là yếu tố chính gây ra các biến chứng tim mạch và thần kinh ngoại biên. | Là nguyên nhân chính gây ra hầu hết các biến chứng của ĐTĐ. | Nguyên nhân chính gây ra hầu hết các biến chứng ĐTĐ. | Là yếu tố chính dẫn đến biến chứng mãn tính như tổn thương mạch máu, thần kinh. | Là yếu tố nguy cơ chính dẫn đến biến chứng mãn tính. | Là yếu tố chính dẫn đến biến chứng mãn tính. | Đường huyết cao gây tổn thương các mạch máu nhỏ trong thận. | Là yếu tố chính dẫn đến biến chứng mãn tính. | Là yếu tố chính gây ra các biến chứng tim mạch và thần kinh ngoại biên. | Là yếu tố chính dẫn đến biến chứng mãn tính. | Là yếu tố nguy cơ chính dẫn đến các biến chứng tim mạch và thần kinh ngoại biên. | Là yếu tố chính gây ra các biến chứng tim mạch và thần kinh ngoại biên. | Là yếu tố chính dẫn đến biến chứng mãn tính. | Là yếu tố làm tăng nguy cơ biến chứng tim mạch, thần kinh ngoại biên và tử vong. | Là yếu tố chính dẫn đến biến chứng mãn tính như tổn thương mạch máu, thần kinh. | Là yếu tố chính dẫn đến biến chứng mãn tính. | Là yếu tố nguy cơ chính dẫn đến biến chứng mãn tính. | Là yếu tố chính dẫn đến biến chứng mãn tính. | Là yếu tố chính dẫn đến biến chứng mãn tính. | Là yếu tố nguy cơ chính dẫn đến biến chứng mãn tính. | Là yếu tố chính dẫn đến biến chứng mãn tính. | Đường huyết cao gây tổn thương các mạch máu nhỏ trong thận. | Là yếu tố chính dẫn đến biến chứng mãn tính như tổn thương mạch máu, thần kinh. | Nguyên nhân chính dẫn đến tổn thương thần kinh và các biến chứng mạn tính. | Là yếu tố chính dẫn đến biến chứng mãn tính. | Là yếu tố nguy cơ chính dẫn đến biến chứng tim mạch và thần kinh ngoại biên. | Là yếu tố chính gây ra các biến chứng tim mạch và thần kinh ngoại biên. | Là yếu tố chính gây ra các biến chứng tim mạch và thần kinh ngoại biên. | Là yếu tố chính dẫn đến các biến chứng tim mạch và thần kinh ngoại biên. | Là yếu tố chính dẫn đến biến chứng mãn tính. | Là yếu tố chính gây ra các biến chứng tim mạch và thần kinh ngoại biên. | Là yếu tố nguy cơ chính dẫn đến các biến chứng tim mạch và thần kinh ngoại biên.","https://bachmai.gov.vn/bai-viet/bien-chung-cua-benh-dai-thao-duong?id=f17ffc43-5abb-5dcb-54d1-d3887440a421 | https://web.archive.org/web/https://bachmai.gov.vn/bai-viet/bien-chung-cua-benh-dai-thao-duong?id=f17ffc43-5abb-5dcb-54d1-d3887440a421 | https://web.archive.org/web/https://bachmai.gov.vn/bai-viet/bien-chung-cua-benh-dai-thao-duong?id=f17ffc43-5abb-5dcb-54d1-d3887440a421 | https://bachmai.gov.vn/bai-viet/bien-chung-cua-benh-dai-thao-duong?id=f17ffc43-5abb-5dcb-54d1-d3887440a421 | https://web.archive.org/web/https://bachmai.gov.vn/bai-viet/dieu-tri-dai-thao-duong-tip-2-buoc-tien-moi-tu-insulin-nen-the-he-2-va-iglarlixi?id=5cdac324-549d-40aa-b3e6-80214932d112 | https://bachmai.gov.vn/bai-viet/bien-chung-cua-benh-dai-thao-duong?id=f17ffc43-5abb-5dcb-54d1-d3887440a421 | https://bachmai.gov.vn/bai-viet/dai-thao-duong-bien-chung-tim-mach-va-than-kinh-ngoai-bien-sat-thu-tham-lang?id=994f4df4-95c1-4760-8aee-8d07a69f9fe1 | https://bachmai.gov.vn/bai-viet/bien-chung-cua-benh-dai-thao-duong?id=f17ffc43-5abb-5dcb-54d1-d3887440a421 | https://web.archive.org/web/https://bachmai.gov.vn/bai-viet/dai-thao-duong-bien-chung-tim-mach-va-than-kinh-ngoai-bien-sat-thu-tham-lang?id=994f4df4-95c1-4760-8aee-8d07a69f9fe1 | https://bachmai.gov.vn/bai-viet/dai-thao-duong-bien-chung-tim-mach-va-than-kinh-ngoai-bien-sat-thu-tham-lang?id=994f4df4-95c1-4760-8aee-8d07a69f9fe1 | https://web.archive.org/web/https://chanthuongvacotsong.bachmai.gov.vn/dai-thao-duong-bien-chung-tim-mach-va-than-kinh-ngoai-bien-sat-thu-tham-lang/ | https://web.archive.org/web/https://bachmai.gov.vn/bai-viet/dai-thao-duong-bien-chung-tim-mach-va-than-kinh-ngoai-bien-sat-thu-tham-lang?id=994f4df4-95c1-4760-8aee-8d07a69f9fe1 | https://bachmai.gov.vn/bai-viet/dai-thao-duong-bien-chung-tim-mach-va-than-kinh-ngoai-bien-sat-thu-tham-lang?id=994f4df4-95c1-4760-8aee-8d07a69f9fe1 | https://web.archive.org/web/https://bachmai.gov.vn/tin-chi-tiet/-/bai-viet/dai-thao-duong-can-benh-nhieu-bien-chung-nguy-hiem-8-trieu-nguoi-viet-nam-dang-mac-9624-146.html | https://web.archive.org/web/https://bachmai.gov.vn/bai-viet/dai-thao-duong-bien-chung-tim-mach-va-than-kinh-ngoai-bien-sat-thu-tham-lang?id=994f4df4-95c1-4760-8aee-8d07a69f9fe1 | https://bachmai.gov.vn/bai-viet/dai-thao-duong-bien-chung-tim-mach-va-than-kinh-ngoai-bien-sat-thu-tham-lang?id=994f4df4-95c1-4760-8aee-8d07a69f9fe1 | https://bachmai.gov.vn/tin-chi-tiet/-/bai-viet/dai-thao-duong-can-benh-nhieu-bien-chung-nguy-hiem-8-trieu-nguoi-viet-nam-dang-mac-9624-146.html | https://bachmai.gov.vn/tin-chi-tiet/-/bai-viet/dai-thao-duong-can-benh-nhieu-bien-chung-nguy-hiem-8-trieu-nguoi-viet-nam-dang-mac-9624-146.html | https://chanthuongvacotsong.bachmai.gov.vn/bien-chung-cua-benh-dai-thao-duong/ | https://bachmai.gov.vn/bai-viet/bien-chung-cua-benh-dai-thao-duong?id=f17ffc43-5abb-5dcb-54d1-d3887440a421 | https://benhvientinh.caobang.gov.vn/index.php/vi/news/tin-tuc-su-kien/bien-chung-than-do-dai-thao-duong-6-dieu-nguoi-benh-phai-chu-y-710.html | https://web.archive.org/web/https://bachmai.gov.vn/bai-viet/bien-chung-cua-benh-dai-thao-duong?id=f17ffc43-5abb-5dcb-54d1-d3887440a421 | https://web.archive.org/web/https://bachmai.gov.vn/bai-viet/bien-chung-cua-benh-dai-thao-duong?id=f17ffc43-5abb-5dcb-54d1-d3887440a421 | https://bachmai.gov.vn/bai-viet/dai-thao-duong-bien-chung-tim-mach-va-than-kinh-ngoai-bien-sat-thu-tham-lang?id=994f4df4-95c1-4760-8aee-8d07a69f9fe1 | https://web.archive.org/web/https://bachmai.gov.vn/bai-viet/bien-chung-cua-benh-dai-thao-duong?id=f17ffc43-5abb-5dcb-54d1-d3887440a421 | https://chanthuongvacotsong.bachmai.gov.vn/dai-thao-duong-bien-chung-tim-mach-va-than-kinh-ngoai-bien-sat-thu-tham-lang/ | https://web.archive.org/web/https://bachmai.gov.vn/bai-viet/dai-thao-duong-bien-chung-tim-mach-va-than-kinh-ngoai-bien-sat-thu-tham-lang?id=994f4df4-95c1-4760-8aee-8d07a69f9fe1 | https://bachmai.gov.vn/bai-viet/dai-thao-duong-bien-chung-tim-mach-va-than-kinh-ngoai-bien-sat-thu-tham-lang?id=994f4df4-95c1-4760-8aee-8d07a69f9fe1 | https://bachmai.gov.vn/bai-viet/bien-chung-cua-benh-dai-thao-duong?id=f17ffc43-5abb-5dcb-54d1-d3887440a421 | https://chanthuongvacotsong.bachmai.gov.vn/bien-chung-cua-benh-dai-thao-duong/ | https://bachmai.gov.vn/bai-viet/bien-chung-cua-benh-dai-thao-duong?id=f17ffc43-5abb-5dcb-54d1-d3887440a421 | https://web.archive.org/web/https://bachmai.gov.vn/bai-viet/bien-chung-cua-benh-dai-thao-duong?id=f17ffc43-5abb-5dcb-54d1-d3887440a421 | https://web.archive.org/web/https://bachmai.gov.vn/bai-viet/bien-chung-cua-benh-dai-thao-duong?id=f17ffc43-5abb-5dcb-54d1-d3887440a421 | https://chanthuongvacotsong.bachmai.gov.vn/bien-chung-cua-benh-dai-thao-duong/ | https://web.archive.org/web/https://bachmai.gov.vn/bai-viet/bien-chung-cua-benh-dai-thao-duong?id=f17ffc43-5abb-5dcb-54d1-d3887440a421 | https://web.archive.org/web/https://bachmai.gov.vn/bai-viet/bien-chung-cua-benh-dai-thao-duong?id=f17ffc43-5abb-5dcb-54d1-d3887440a421 | https://web.archive.org/web/https://benhvientinh.caobang.gov.vn/index.php/vi/news/tin-tuc-su-kien/bien-chung-than-do-dai-thao-duong-6-dieu-nguoi-benh-phai-chu-y-710.html | https://bachmai.gov.vn/bai-viet/bien-chung-cua-benh-dai-thao-duong?id=f17ffc43-5abb-5dcb-54d1-d3887440a421 | https://bachmai.gov.vn/bai-viet/dai-thao-duong-bien-chung-tim-mach-va-than-kinh-ngoai-bien-sat-thu-tham-lang?id=994f4df4-95c1-4760-8aee-8d07a69f9fe1 | https://bachmai.gov.vn/bai-viet/doi-moi-tu-duy-dieu-tri-dai-thao-duong-typ-2-va-chien-luoc-kiem-soat-toan-dien-bien-chung-than-kinh?id=090463d0-4515-40c8-919c-8bebc41e2c01 | https://bachmai.gov.vn/bai-viet/bien-chung-cua-benh-dai-thao-duong?id=f17ffc43-5abb-5dcb-54d1-d3887440a421 | https://web.archive.org/web/https://bachmai.gov.vn/bai-viet/dai-thao-duong-bien-chung-tim-mach-va-than-kinh-ngoai-bien-sat-thu-tham-lang?id=994f4df4-95c1-4760-8aee-8d07a69f9fe1 | https://bachmai.gov.vn/bai-viet/dai-thao-duong-bien-chung-tim-mach-va-than-kinh-ngoai-bien-sat-thu-tham-lang?id=994f4df4-95c1-4760-8aee-8d07a69f9fe1 | https://web.archive.org/web/https://bachmai.gov.vn/bai-viet/dai-thao-duong-bien-chung-tim-mach-va-than-kinh-ngoai-bien-sat-thu-tham-lang?id=994f4df4-95c1-4760-8aee-8d07a69f9fe1 | https://web.archive.org/web/https://bachmai.gov.vn/bai-viet/bien-chung-cua-benh-dai-thao-duong?id=f17ffc43-5abb-5dcb-54d1-d3887440a421"
"1233","RISK_ac595c16bc","RiskFactor","Thiếu giáo dục y tế","Người bệnh không hiểu rõ cách chăm sóc bàn chân và kiểm soát đường huyết.","https://bachmai.gov.vn/tin-chi-tiet/-/bai-viet/cap-nhat-chan-doan-dieu-tri-benh-dai-thao-duong-va-bien-chung-8971-144.html"
"1234","RISK_ad95d28960","RiskFactor","Tiếp xúc với khói thuốc lá","Là yếu tố gây dị ứng, kích thích phế quản. | Là một trong những yếu tố gây dị ứng và kích hoạt cơn hen. | Là một yếu tố gây kích thích phế quản và làm trầm trọng cơn hen. | Là một trong những yếu tố gây dị ứng và kích hoạt cơn hen. | Là một yếu tố gây kích thích phế quản và làm trầm trọng cơn hen.","http://phacdo.soytequangninh.gov.vn/news/chuyen-khoa-sau/phong-benh-hen-phe-quan-khi-thoi-tiet-thay-doi.html | https://web.archive.org/web/http://phacdo.soytequangninh.gov.vn/news/chuyen-khoa-sau/phong-benh-hen-phe-quan-khi-thoi-tiet-thay-doi.html | http://phacdo.soytequangninh.gov.vn/news/chuyen-khoa-sau/phong-benh-hen-phe-quan-khi-thoi-tiet-thay-doi.html"
"1235","RISK_ae15c8c3a0","RiskFactor","Không dùng statin","Tăng nguy cơ biến cố tim mạch, đột quỵ và tử vong do nguyên nhân tim mạch. | Là yếu tố làm tăng nguy cơ biến cố tim mạch, đặc biệt ở người bệnh ĐTĐ típ 2. | Làm tăng nguy cơ biến cố tim mạch, đặc biệt ở người ĐTĐ típ 2. | Là yếu tố làm tăng nguy cơ biến cố tim mạch, đặc biệt ở người bệnh ĐTĐ típ 2. | Làm tăng nguy cơ biến cố tim mạch, đặc biệt ở người ĐTĐ típ 2. | Tăng nguy cơ biến cố tim mạch, tử vong và đột quỵ. | Tăng nguy cơ biến cố tim mạch, đột quỵ và tử vong do nguyên nhân tim mạch. | Gây tăng nguy cơ biến cố tim mạch, tử vong do nguyên nhân tim mạch. | Gây tăng nguy cơ biến cố tim mạch, tử vong do nguyên nhân tim mạch. | Làm tăng nguy cơ biến cố tim mạch, đặc biệt ở người ĐTĐ típ 2. | Tăng nguy cơ nhồi máu, đột quỵ và tử vong do tim mạch.","https://bachmai.gov.vn/bai-viet/dai-thao-duong-bien-chung-tim-mach-va-than-kinh-ngoai-bien-sat-thu-tham-lang?id=994f4df4-95c1-4760-8aee-8d07a69f9fe1 | https://web.archive.org/web/https://chanthuongvacotsong.bachmai.gov.vn/dai-thao-duong-bien-chung-tim-mach-va-than-kinh-ngoai-bien-sat-thu-tham-lang/ | https://web.archive.org/web/https://bachmai.gov.vn/bai-viet/dai-thao-duong-bien-chung-tim-mach-va-than-kinh-ngoai-bien-sat-thu-tham-lang?id=994f4df4-95c1-4760-8aee-8d07a69f9fe1 | https://bachmai.gov.vn/bai-viet/dai-thao-duong-bien-chung-tim-mach-va-than-kinh-ngoai-bien-sat-thu-tham-lang?id=994f4df4-95c1-4760-8aee-8d07a69f9fe1 | https://web.archive.org/web/https://bachmai.gov.vn/bai-viet/dai-thao-duong-bien-chung-tim-mach-va-than-kinh-ngoai-bien-sat-thu-tham-lang?id=994f4df4-95c1-4760-8aee-8d07a69f9fe1 | https://bachmai.gov.vn/bai-viet/dai-thao-duong-bien-chung-tim-mach-va-than-kinh-ngoai-bien-sat-thu-tham-lang?id=994f4df4-95c1-4760-8aee-8d07a69f9fe1 | https://chanthuongvacotsong.bachmai.gov.vn/dai-thao-duong-bien-chung-tim-mach-va-than-kinh-ngoai-bien-sat-thu-tham-lang/ | https://web.archive.org/web/https://bachmai.gov.vn/bai-viet/dai-thao-duong-bien-chung-tim-mach-va-than-kinh-ngoai-bien-sat-thu-tham-lang?id=994f4df4-95c1-4760-8aee-8d07a69f9fe1 | https://web.archive.org/web/https://bachmai.gov.vn/bai-viet/dai-thao-duong-bien-chung-tim-mach-va-than-kinh-ngoai-bien-sat-thu-tham-lang?id=994f4df4-95c1-4760-8aee-8d07a69f9fe1 | https://bachmai.gov.vn/bai-viet/dai-thao-duong-bien-chung-tim-mach-va-than-kinh-ngoai-bien-sat-thu-tham-lang?id=994f4df4-95c1-4760-8aee-8d07a69f9fe1 | https://web.archive.org/web/https://bachmai.gov.vn/bai-viet/dai-thao-duong-bien-chung-tim-mach-va-than-kinh-ngoai-bien-sat-thu-tham-lang?id=994f4df4-95c1-4760-8aee-8d07a69f9fe1"
"1236","RISK_ae30279124","RiskFactor","Dùng thuốc hạ đường huyết liều cao","Gây hạ glucose máu, đặc biệt nguy hiểm ở người cao tuổi. | Gây hạ glucose máu và nhiễm toan ceton. | Gây hạ glucose máu và nhiễm toan ceton. | Gây hạ glucose máu và nhiễm toan ceton. | Gây hạ đường huyết cấp tính và nhiễm toan ceton. | Gây hạ glucose máu và nhiễm toan ceton. | Gây hạ đường huyết cấp tính, đặc biệt nguy hiểm ở người già. | Gây hạ đường huyết cấp tính và nhiễm toan ceton. | Gây hạ đường huyết cấp tính, đặc biệt nguy hiểm ở người già. | Gây hạ đường huyết cấp tính và nhiễm toan ceton. | Gây hạ đường huyết cấp tính, đặc biệt nguy hiểm ở người già. | Gây hạ glucose máu và nhiễm toan ceton. | Gây hạ glucose máu và nhiễm toan ceton. | Gây hạ đường huyết cấp tính, đặc biệt nguy hiểm ở người già.","https://bachmai.gov.vn/bai-viet/bien-chung-cua-benh-dai-thao-duong?id=f17ffc43-5abb-5dcb-54d1-d3887440a421 | https://web.archive.org/web/https://bachmai.gov.vn/bai-viet/bien-chung-cua-benh-dai-thao-duong?id=f17ffc43-5abb-5dcb-54d1-d3887440a421 | https://web.archive.org/web/https://bachmai.gov.vn/bai-viet/bien-chung-cua-benh-dai-thao-duong?id=f17ffc43-5abb-5dcb-54d1-d3887440a421 | https://web.archive.org/web/https://bachmai.gov.vn/bai-viet/bien-chung-cua-benh-dai-thao-duong?id=f17ffc43-5abb-5dcb-54d1-d3887440a421 | https://chanthuongvacotsong.bachmai.gov.vn/bien-chung-cua-benh-dai-thao-duong/ | https://bachmai.gov.vn/bai-viet/bien-chung-cua-benh-dai-thao-duong?id=f17ffc43-5abb-5dcb-54d1-d3887440a421 | https://web.archive.org/web/https://bachmai.gov.vn/bai-viet/bien-chung-cua-benh-dai-thao-duong?id=f17ffc43-5abb-5dcb-54d1-d3887440a421 | https://chanthuongvacotsong.bachmai.gov.vn/bien-chung-cua-benh-dai-thao-duong/ | https://web.archive.org/web/https://bachmai.gov.vn/bai-viet/bien-chung-cua-benh-dai-thao-duong?id=f17ffc43-5abb-5dcb-54d1-d3887440a421 | https://chanthuongvacotsong.bachmai.gov.vn/bien-chung-cua-benh-dai-thao-duong/ | https://web.archive.org/web/https://bachmai.gov.vn/bai-viet/bien-chung-cua-benh-dai-thao-duong?id=f17ffc43-5abb-5dcb-54d1-d3887440a421 | https://web.archive.org/web/https://bachmai.gov.vn/bai-viet/bien-chung-cua-benh-dai-thao-duong?id=f17ffc43-5abb-5dcb-54d1-d3887440a421"
"1237","RISK_b060a2a3ea","RiskFactor","Chấn thương nặng hoặc phẫu thuật lớn","Stress sinh lý và viêm nhiễm làm tăng nguy cơ phát triển bệnh.","https://web.archive.org/web/https://ttytiapa.gialai.gov.vn/van-ban/huong-dan-chan-doan-va-dieu-tri-benh-dai-thao-duong-tip-1-o-.html"
"1238","RISK_b093274fc4","RiskFactor","Tiêu thụ chất kích thích (cocaïne)","Gây tăng huyết áp do tác động trực tiếp lên hệ thần kinh.","https://tamanhhospital.vn/tang-huyet-ap-thu-phat/"
"1239","RISK_b3317bc60f","RiskFactor","Không kiểm soát đường huyết, huyết áp và mỡ máu","Sự thiếu kiểm soát các chỉ số sinh hóa này làm tăng nguy cơ tổn thương võng mạc.","https://web.archive.org/web/https://benhvienmathanoi.gov.vn/tam-soat-benh-vong-mac-dai-thao-duong/"
"1240","RISK_b438006399","RiskFactor","Không giám sát chặt chẽ","Dẫn đến việc điều trị không hiệu quả, tăng nguy cơ biến chứng và tử vong.","https://web.archive.org/web/https://chanthuongvacotsong.bachmai.gov.vn/dai-thao-duong-bien-chung-tim-mach-va-than-kinh-ngoai-bien-sat-thu-tham-lang/ | https://chanthuongvacotsong.bachmai.gov.vn/dai-thao-duong-bien-chung-tim-mach-va-than-kinh-ngoai-bien-sat-thu-tham-lang/"
"1241","RISK_b4778a0f30","RiskFactor","Thừa cân hoặc béo phì","Tăng nhu cầu lưu lượng máu dẫn đến tăng huyết áp.","https://chanthuongvacotsong.bachmai.gov.vn/cao-huyet-ap-am-tham-ma-rat-hiem/"
"1242","RISK_b6d62366d5","RiskFactor","Căng thẳng kéo dài","Gây tăng huyết áp tạm thời và lâu dài nếu không kiểm soát.","https://web.archive.org/web/http://bvhoanghoa.ytethanhhoa.gov.vn/web/khoa-phong-chuc-nang/khoa-phong-chuc-nang/phong-cong-tac-xa-hoi/dieu-can-luu-y-khi-dieu-tri-tang-huyet-ap.html"
"1243","RISK_b76f98bc52","RiskFactor","Chế độ ăn uống thiếu kiểm soát","Ăn nhiều đường, ít vận động làm tăng nguy cơ biến chứng.","https://web.archive.org/web/https://bachmai.gov.vn/bai-viet/ca-the-hoa-dieu-tri-dai-thao-duong-tip-2-tai-cac-nuoc-dang-phat-trien-thach-thuc-va-co-hoi?id=4b51fe29-8515-42d1-bff3-85563163f16c"
"1244","RISK_b7d4da1985","RiskFactor","Tăng sức cản ngoại vi","Yếu tố sinh lý chính gây ra tăng huyết áp. | Yếu tố sinh lý chính gây tăng huyết áp do thu hẹp động mạch. | Do thu hẹp động mạch nhỏ và tiểu động mạch, làm tăng áp lực máu. | Do thu hẹp động mạch nhỏ và tiểu động mạch, làm tăng áp lực máu. | Yếu tố sinh lý chính gây ra tăng huyết áp.","https://web.archive.org/web/http://bvhoanghoa.ytethanhhoa.gov.vn/web/khoa-phong-chuc-nang/khoa-phong-chuc-nang/to-cong-tac-xa-hoi/benh-tang-huyet-ap-ke-giet-nguoi-tham-lang.html"
"1245","RISK_b7e986ca63","RiskFactor","Tiếp xúc với động vật hoang dã","Nguyên nhân chính gây bệnh dại ở người.","https://web.archive.org/web/http://www.tapchiyhocduphong.vn/tap-chi-y-hoc-du-phong/2015/08/kien-thuc-ve-benh-dai-thao-duong-va-mot-so-yeu-to-lien-quan-cua-nguoi-benh-tai-c-o81E20305.html"
"1246","RISK_b82709aebe","RiskFactor","Dùng thuốc hạ đường huyết quá liều","Gây hạ glucose máu, có thể dẫn đến hôn mê.","https://bachmai.gov.vn/bai-viet/bien-chung-cua-benh-dai-thao-duong?id=f17ffc43-5abb-5dcb-54d1-d3887440a421"
"1247","RISK_b87792b420","RiskFactor","Béo phì ở trẻ em","Một trong những yếu tố thúc đẩy tăng nguy cơ mắc đái tháo đường típ 2 ở người trẻ. | Yếu tố thúc đẩy bệnh đái tháo đường típ 2 gia tăng ở người trẻ.","https://bachmai.gov.vn/bai-viet/cap-nhat-xu-huong-moi-trong-dieu-tri-dai-thao-duong-tip-2?id=d4ab61a0-919e-0805-1cdd-fe092c98c88e | https://web.archive.org/web/https://bachmai.gov.vn/bai-viet/cap-nhat-xu-huong-moi-trong-dieu-tri-dai-thao-duong-tip-2?id=d4ab61a0-919e-0805-1cdd-fe092c98c88e"
"1248","RISK_ba34013d82","RiskFactor","Lạm dụng thuốc nhuận tràng và lợi tiểu","Các loại thuốc này có thể gây tổn thương thận nếu dùng không đúng cách. | Các loại thuốc này làm rối loạn cân bằng điện giải và chức năng thận.","https://web.archive.org/web/http://soyte.hatinh.gov.vn/tin-tuc-su-kien/pho-bien-kien-thuc/dau-hieu-benh-than-va-suy-than-.html | http://soyte.hatinh.gov.vn/tin-tuc-su-kien/pho-bien-kien-thuc/dau-hieu-benh-than-va-suy-than-.html"
"1249","RISK_ba9d56a7f7","RiskFactor","Nhận thông tin qua TV và internet","Nguồn thông tin không chuyên môn có thể dẫn đến hiểu sai về dinh dưỡng. | Nguồn thông tin không chuyên môn có thể dẫn đến hiểu biết sai lệch về dinh dưỡng.","https://sti.vista.gov.vn/publication/view/khao-sat-kien-thuc-ve-che-do-dinh-duong-o-nguoi-benh-dai-thao-duong-type-ii-den-kham-tai-phong-kham-noi-tiet-benh-vien-dai-hoc-y-ha-noi-cc2d1ac3287d1daec58af981357fec82-456065.html"
"1250","RISK_bc01f132c3","RiskFactor","Không kiểm tra định kỳ","Chưa phát hiện bệnh sớm dẫn đến biến chứng nguy hiểm. | Dẫn đến phát hiện muộn và biến chứng nặng. | Chưa phát hiện bệnh sớm dẫn đến biến chứng nguy hiểm.","https://web.archive.org/web/https://syt.dongnai.gov.vn/vi/news/Suc-khoe-cong-dong/nhung-bien-chung-nguy-hiem-cua-benh-tieu-duong-2511.html | https://syt.dongnai.gov.vn/vi/news/Suc-khoe-cong-dong/nhung-bien-chung-nguy-hiem-cua-benh-tieu-duong-2511.html | https://web.archive.org/web/https://syt.dongnai.gov.vn/vi/news/Suc-khoe-cong-dong/nhung-bien-chung-nguy-hiem-cua-benh-tieu-duong-2511.html"
"1251","RISK_bc03630797","RiskFactor","Di truyền hiếm gặp","Các rối loạn di truyền khiến phổi dễ tổn thương hơn. | Yếu tố di truyền khiến phổi dễ tổn thương hơn, thường gặp ở các bệnh như alpha-1 antitrypsin deficiency. | Yếu tố di truyền khiến phổi dễ tổn thương hơn, thường gặp ở các bệnh như alpha-1 antitrypsin deficiency.","https://www.vinmec.com/vie/bai-viet/benh-phoi-tac-nghen-man-tinh-copd-vi | https://tamanhhospital.vn/giai-doan-benh-phoi-tac-nghen-man-tinh/ | https://tamanhhospital.vn/giai-doan-benh-phoi-tac-nghen-man-tinh/"
"1252","RISK_bc29a5753f","RiskFactor","Cao huyết áp","Gây tổn thương mạch máu thận, làm giảm chức năng lọc máu theo thời gian. | Gây tổn thương mạch máu thận, làm giảm chức năng lọc của thận.","https://bachmai.gov.vn/bai-viet/sai-lam-trong-dinh-duong-khien-suy-than-man-them-tram-trong-dau-la-giai-phap?id=1ff0d3d0-62f4-4159-a23b-758572e7f600 | https://web.archive.org/web/https://bachmai.gov.vn/bai-viet/sai-lam-trong-dinh-duong-khien-suy-than-man-them-tram-trong-dau-la-giai-phap?id=1ff0d3d0-62f4-4159-a23b-758572e7f600 | https://bachmai.gov.vn/bai-viet/sai-lam-trong-dinh-duong-khien-suy-than-man-them-tram-trong-dau-la-giai-phap?id=1ff0d3d0-62f4-4159-a23b-758572e7f600"
"1253","RISK_bc90d9a9e4","RiskFactor","Căng thẳng","Gây co thắt mạch máu và làm tăng huyết áp tạm thời và lâu dài. | Sự căng thẳng kéo dài gây ảnh hưởng tiêu cực đến huyết áp và tim mạch. | Gây co thắt mạch máu và làm tăng huyết áp tạm thời và lâu dài. | Gây tăng huyết áp tạm thời và lâu dài nếu không kiểm soát. | Stress gây tăng huyết áp tạm thời và lâu dài nếu không kiểm soát. | Gây co thắt mạch máu và làm tăng huyết áp tạm thời và lâu dài. | Stress gây tăng huyết áp tạm thời và lâu dài nếu không kiểm soát. | Gây tăng huyết áp tạm thời và lâu dài nếu không được kiểm soát.","http://bvhoanghoa.ytethanhhoa.gov.vn/web/khoa-phong-chuc-nang/khoa-phong-chuc-nang/phong-cong-tac-xa-hoi/dieu-can-luu-y-khi-dieu-tri-tang-huyet-ap.html | http://cdc.hatinh.gov.vn/vi/%1Cbenh-khong-lay-nhiem/topic/6029 | https://web.archive.org/web/http://cdc.hatinh.gov.vn/vi/%1Cbenh-khong-lay-nhiem/topic/6029 | http://bvhoanghoa.ytethanhhoa.gov.vn/web/khoa-phong-chuc-nang/khoa-phong-chuc-nang/phong-cong-tac-xa-hoi/dieu-can-luu-y-khi-dieu-tri-tang-huyet-ap.html | http://bvhoanghoa.ytethanhhoa.gov.vn/web/khoa-phong-chuc-nang/khoa-phong-chuc-nang/to-cong-tac-xa-hoi/dieu-can-luu-y-khi-dieu-tri-tang-huyet-ap.html | https://web.archive.org/web/http://bvhoanghoa.ytethanhhoa.gov.vn/web/khoa-phong-chuc-nang/khoa-phong-chuc-nang/to-cong-tac-xa-hoi/dieu-can-luu-y-khi-dieu-tri-tang-huyet-ap.html | http://bvhoanghoa.ytethanhhoa.gov.vn/web/khoa-phong-chuc-nang/khoa-phong-chuc-nang/phong-cong-tac-xa-hoi/dieu-can-luu-y-khi-dieu-tri-tang-huyet-ap.html | http://bvhoanghoa.ytethanhhoa.gov.vn/web/khoa-phong-chuc-nang/khoa-phong-chuc-nang/phong-cong-tac-xa-hoi/dieu-can-luu-y-khi-dieu-tri-tang-huyet-ap.html | https://web.archive.org/web/http://bvhoanghoa.ytethanhhoa.gov.vn/web/khoa-phong-chuc-nang/khoa-phong-chuc-nang/phong-cong-tac-xa-hoi/dieu-can-luu-y-khi-dieu-tri-tang-huyet-ap.html | https://web.archive.org/web/http://bvhoanghoa.ytethanhhoa.gov.vn/web/khoa-phong-chuc-nang/khoa-phong-chuc-nang/to-cong-tac-xa-hoi/dieu-can-luu-y-khi-dieu-tri-tang-huyet-ap.html"
"1254","RISK_bdf5b0d681","RiskFactor","Thiếu vitamin B6","Có thể ảnh hưởng đến chức năng thận và hệ tuần hoàn, cần bổ sung đầy đủ.","https://www.vinmec.com/vie/bai-viet/dieu-tri-tang-huyet-ap-kem-suy-man-vi"
"1255","RISK_be02c73a21","RiskFactor","Thiếu kiến thức y khoa","Người dân không nhận biết sớm các dấu hiệu, dẫn đến chẩn đoán muộn và điều trị kém hiệu quả. | Người dân không nhận biết sớm dấu hiệu ĐTĐ, dẫn đến chẩn đoán muộn và điều trị kém hiệu quả. | Người dân không nhận biết sớm các dấu hiệu, dẫn đến chẩn đoán muộn và điều trị kém hiệu quả.","https://web.archive.org/web/https://benhviennhitrunguong.gov.vn/hoi-thao-xu-huong-dieu-tri-dai-thao-duong-tip-1-chung-ta-khong-the-dung-ngoai.html"
"1256","RISK_c099171a6c","RiskFactor","Kiến thức sai về thuốc hạ đường huyết","Người bệnh thiếu hiểu biết về cách dùng và tác dụng của thuốc điều trị đái tháo đường.","https://web.archive.org/web/http://www.tapchiyhocduphong.vn/tap-chi-y-hoc-du-phong/2015/08/kien-thuc-ve-benh-dai-thao-duong-va-mot-so-yeu-to-lien-quan-cua-nguoi-benh-tai-c-o81E20305.html"
"1257","RISK_c1325dc5a4","RiskFactor","Béo phì, thừa cân","Yếu tố môi trường dễ can thiệp, liên quan trực tiếp đến type 2. | Yếu tố môi trường gây kháng insulin và tăng nguy cơ đái tháo đường type 2. | Yếu tố nguy cơ có thể can thiệp được gây ra đái tháo đường type 2. | Yếu tố nguy cơ chính gây ra đái tháo đường type 2.","https://xayenmo.ninhbinh.gov.vn/y-te-giao-duc/benh-dai-thao-duong-dau-hieu-nhan-biet-phan-loai-va-dieu-tri-389.html | https://web.archive.org/web/https://xayenmo.ninhbinh.gov.vn/y-te-giao-duc/benh-dai-thao-duong-dau-hieu-nhan-biet-phan-loai-va-dieu-tri-389.html | https://xayenmo.ninhbinh.gov.vn/y-te-giao-duc/benh-dai-thao-duong-dau-hieu-nhan-biet-phan-loai-va-dieu-tri-389.html"
"1258","RISK_c21d44296d","RiskFactor","Tiêm insulin sai kỹ thuật","Gây hạ đường huyết hoặc không kiểm soát tốt đường huyết.","http://soyte.hatinh.gov.vn/tin-tuc-su-kien/thong-tin-y-te/luu-y-khi-dieu-tri-dai-thao-duong-type-1.html"
"1259","RISK_c2dafaca8a","RiskFactor","Lối sống","Một trong hai yếu tố chính (cùng với di truyền) ảnh hưởng đến sự phát triển của bệnh đái tháo đường týp 2 và hội chứng chuyển hóa.","https://vista.gov.vn/vi/news/ket-qua-nghien-cuu-trien-khai/nghien-cuu-thuan-tap-5-nam-ve-benh-dai-thao-duong-typ-2-va-hoi-chung-chuyen-hoa-o-nguoi-viet-nam-vai-tro-yeu-to-di-truyen-va-loi-song-8330.html | https://web.archive.org/web/https://vista.gov.vn/vi/news/ket-qua-nghien-cuu-trien-khai/nghien-cuu-thuan-tap-5-nam-ve-benh-dai-thao-duong-typ-2-va-hoi-chung-chuyen-hoa-o-nguoi-viet-nam-vai-tro-yeu-to-di-truyen-va-loi-song-8330.html | https://web.archive.org/web/https://vista.gov.vn/vi/news/ket-qua-nghien-cuu-trien-khai/nghien-cuu-thuan-tap-5-nam-ve-benh-dai-thao-duong-typ-2-va-hoi-chung-chuyen-hoa-o-nguoi-viet-nam-vai-tro-yeu-to-di-truyen-va-loi-song-8330.html | https://web.archive.org/web/https://vista.gov.vn/vi/news/ket-qua-nghien-cuu-trien-khai/nghien-cuu-thuan-tap-5-nam-ve-benh-dai-thao-duong-typ-2-va-hoi-chung-chuyen-hoa-o-nguoi-viet-nam-vai-tro-yeu-to-di-truyen-va-loi-song-8330.html | https://vista.gov.vn/vi/news/ket-qua-nghien-cuu-trien-khai/nghien-cuu-thuan-tap-5-nam-ve-benh-dai-thao-duong-typ-2-va-hoi-chung-chuyen-hoa-o-nguoi-viet-nam-vai-tro-yeu-to-di-truyen-va-loi-song-8330.html"
"1260","RISK_c389b67ee8","RiskFactor","Bệnh tim mạch","Tăng nguy cơ thừa cân và vòng eo cao, OR = 2.68 (thừa cân) và 3.02 (vòng eo cao). | Tăng OR = 2.68 liên quan đến thừa cân - béo phì và vòng eo cao. | Tăng nguy cơ thừa cân và béo phì, với OR = 2,68. | Tăng OR (2,68) liên quan đến thừa cân - béo phì. | Tăng nguy cơ thừa cân - béo phì, OR = 2,68 (95% CI: 1,26–6,49). | Tăng OR (2,68) liên quan đến thừa cân - béo phì.","https://sti.vista.gov.vn/publication/view/tinh-trang-dinh-duong-va-mot-so-yeu-to-lien-quan-cua-nguoi-benh-dai-thao-duong-typ-2-dieu-tri-noi-tru-tai-benh-vien-da-khoa-xanh-pon-nam-2023-e7cc38bdc9220841bb8ade1a50eee813-455622.html | https://web.archive.org/web/https://sti.vista.gov.vn/publication/view/tinh-trang-dinh-duong-va-mot-so-yeu-to-lien-quan-cua-nguoi-benh-dai-thao-duong-typ-2-dieu-tri-noi-tru-tai-benh-vien-da-khoa-xanh-pon-nam-2023-e7cc38bdc9220841bb8ade1a50eee813-455622.html | https://sti.vista.gov.vn/publication/view/tinh-trang-dinh-duong-va-mot-so-yeu-to-lien-quan-cua-nguoi-benh-dai-thao-duong-typ-2-dieu-tri-noi-tru-tai-benh-vien-da-khoa-xanh-pon-nam-2023-e7cc38bdc9220841bb8ade1a50eee813-455622.html"
"1261","RISK_c393559f63","RiskFactor","Điều trị bằng nhiều thuốc uống không hiệu quả","Người bệnh cần chuyển sang liệu pháp tiêm do thuốc uống không kiểm soát được đường huyết.","https://bachmai.gov.vn/bai-viet/dieu-tri-dai-thao-duong-tip-2-buoc-tien-moi-tu-insulin-nen-the-he-2-va-iglarlixi?id=5cdac324-549d-40aa-b3e6-80214932d112"
"1262","RISK_c41c6f75a4","RiskFactor","Thiếu hạ tầng y tế","Hệ thống khám chữa bệnh chưa đủ mạnh, thiếu thiết bị và nhân lực chuyên môn tại các vùng sâu vùng xa.","https://bachmai.gov.vn/bai-viet/ca-the-hoa-dieu-tri-dai-thao-duong-tip-2-tai-cac-nuoc-dang-phat-trien-thach-thuc-va-co-hoi?id=4b51fe29-8515-42d1-bff3-85563163f16c"
"1263","RISK_c4d91de065","RiskFactor","Ăn nhiều chất béo bão hòa","Chất béo bão hòa làm tăng cholesterol, góp phần hình thành mảng xơ vữa mạch.","https://web.archive.org/web/https://soyte.tuyenquang.gov.vn/tin-tuc/tang-huyet-ap-va-nhung-bien-chung-nguy-hiem.html"
"1264","RISK_c5393226fd","RiskFactor","Tiếp xúc khói/bụi độc hại","Các chất gây viêm phổi mãn tính từ môi trường lao động hoặc sinh hoạt.","https://www.vinmec.com/vie/bai-viet/benh-phoi-tac-nghen-man-tinh-copd-vi"
"1265","RISK_c5e73507f2","RiskFactor","Thiếu rau và trái cây","Chế độ ăn thiếu chất xơ, kali và vitamin làm tăng nguy cơ tăng huyết áp.","https://web.archive.org/web/https://soyte.tuyenquang.gov.vn/tin-tuc/tang-huyet-ap-va-nhung-bien-chung-nguy-hiem.html"
"1266","RISK_c63f7df7e8","RiskFactor","Nhiễm trùng phế quản","Nguyên nhân gây đợt cấp COPD, làm tăng nguy cơ suy hô hấp. | Nguyên nhân gây đợt cấp COPD.","https://bachmai.gov.vn/bai-viet/tho-may-khong-xam-nhap-trong-dieu-tri-benh-phoi-tac-nghen-man-tinh?id=828a5ae0-e152-ef2d-e6b5-48a6c8bafe5b"
"1267","RISK_c7f28c5e2a","RiskFactor","Không kiểm soát huyết áp và lipid máu","Là yếu tố làm tăng nguy cơ biến chứng tim mạch ở người bệnh ĐTĐ. | Là yếu tố nguy cơ chính gây biến chứng tim mạch ở bệnh nhân ĐTĐ. | Là yếu tố nguy cơ chính gây biến chứng tim mạch ở bệnh nhân ĐTĐ. | Là yếu tố nguy cơ chính gây ra biến chứng tim mạch ở bệnh nhân ĐTĐ. | Là yếu tố nguy cơ chính gây biến chứng tim mạch ở bệnh nhân ĐTĐ. | Là 3 trụ cột quan trọng để phòng ngừa biến cố tim mạch.","https://bachmai.gov.vn/bai-viet/dai-thao-duong-bien-chung-tim-mach-va-than-kinh-ngoai-bien-sat-thu-tham-lang?id=994f4df4-95c1-4760-8aee-8d07a69f9fe1 | https://web.archive.org/web/https://bachmai.gov.vn/bai-viet/dai-thao-duong-bien-chung-tim-mach-va-than-kinh-ngoai-bien-sat-thu-tham-lang?id=994f4df4-95c1-4760-8aee-8d07a69f9fe1 | https://web.archive.org/web/https://bachmai.gov.vn/bai-viet/dai-thao-duong-bien-chung-tim-mach-va-than-kinh-ngoai-bien-sat-thu-tham-lang?id=994f4df4-95c1-4760-8aee-8d07a69f9fe1 | https://bachmai.gov.vn/bai-viet/dai-thao-duong-bien-chung-tim-mach-va-than-kinh-ngoai-bien-sat-thu-tham-lang?id=994f4df4-95c1-4760-8aee-8d07a69f9fe1 | https://bachmai.gov.vn/bai-viet/dai-thao-duong-bien-chung-tim-mach-va-than-kinh-ngoai-bien-sat-thu-tham-lang?id=994f4df4-95c1-4760-8aee-8d07a69f9fe1 | https://web.archive.org/web/https://bachmai.gov.vn/bai-viet/dai-thao-duong-bien-chung-tim-mach-va-than-kinh-ngoai-bien-sat-thu-tham-lang?id=994f4df4-95c1-4760-8aee-8d07a69f9fe1"
"1268","RISK_cb3d5b7b80","RiskFactor","Tăng huyết áp (≥ 140/90 mmHg)","Tăng nguy cơ mắc bệnh do tổn thương mạch máu.","https://web.archive.org/web/https://bachmai.gov.vn/tin-chi-tiet/-/bai-viet/chan-doan-som-benh-dai-thao-duong-tip-2-9427-146.html"
"1269","RISK_cbdcc618fb","RiskFactor","Lão hóa","Gia tăng cứng động mạch và áp lực mạch do tuổi tác. | Sự cứng động mạch do tuổi tác làm tăng áp lực mạch. | Sự cứng động mạch do tuổi tác làm tăng áp lực mạch.","http://bvhoanghoa.ytethanhhoa.gov.vn/web/khoa-phong-chuc-nang/khoa-phong-chuc-nang/to-cong-tac-xa-hoi/benh-tang-huyet-ap-ke-giet-nguoi-tham-lang.html | https://web.archive.org/web/http://bvhoanghoa.ytethanhhoa.gov.vn/web/khoa-phong-chuc-nang/khoa-phong-chuc-nang/to-cong-tac-xa-hoi/benh-tang-huyet-ap-ke-giet-nguoi-tham-lang.html | https://web.archive.org/web/http://bvhoanghoa.ytethanhhoa.gov.vn/web/khoa-phong-chuc-nang/khoa-phong-chuc-nang/to-cong-tac-xa-hoi/benh-tang-huyet-ap-ke-giet-nguoi-tham-lang.html"
"1270","RISK_cc1143aece","RiskFactor","Giới tính nữ","Phụ nữ có nguy cơ cao hơn về béo phì và tỉ số VE/VM cao, do ảnh hưởng sinh lý và hành vi. | Phụ nữ có nguy cơ mắc béo phì và tỉ số VE/VM cao hơn nam giới đáng kể.","https://sti.vista.gov.vn/publication/view/9adff40ef63a8d1369d3d79d00873f07-31f274dab6ec362c550c75293a9d13cd-448878.html | https://web.archive.org/web/https://sti.vista.gov.vn/publication/view/9adff40ef63a8d1369d3d79d00873f07-31f274dab6ec362c550c75293a9d13cd-448878.html"
"1271","RISK_cd5ac4a840","RiskFactor","Tăng acid uric máu","Yếu tố sinh học tăng nguy cơ mắc bệnh đái tháo đường.","https://web.archive.org/web/https://sti.vista.gov.vn/projects/udnv/nghien-cuu-thuan-tap-5-nam-ve-benh-dai-thao-duong-typ-2-va-hoi-chung-chuyen-hoa-o-nguoi-viet-nam-vai-tro-yeu-to-di-truyen-va-loi-song-4221.html"
"1272","RISK_cde295c000","RiskFactor","Sử dụng insulin nền truyền thống","Nguy cơ hạ đường huyết cao, đặc biệt vào ban đêm, dẫn đến tự ý giảm liều hoặc ngừng điều trị.","https://bachmai.gov.vn/bai-viet/dieu-tri-dai-thao-duong-tip-2-buoc-tien-moi-tu-insulin-nen-the-he-2-va-iglarlixi?id=5cdac324-549d-40aa-b3e6-80214932d112"
"1273","RISK_cef630da07","RiskFactor","Tổn thương phế quản","Nguyên nhân gây đợt cấp COPD, làm suy giảm chức năng hô hấp. | Nguyên nhân gây tắc nghẽn đường thở trong COPD.","https://bachmai.gov.vn/bai-viet/tho-may-khong-xam-nhap-trong-dieu-tri-benh-phoi-tac-nghen-man-tinh?id=828a5ae0-e152-ef2d-e6b5-48a6c8bafe5b | https://web.archive.org/web/https://bachmai.gov.vn/bai-viet/tho-may-khong-xam-nhap-trong-dieu-tri-benh-phoi-tac-nghen-man-tinh?id=828a5ae0-e152-ef2d-e6b5-48a6c8bafe5b"
"1274","RISK_cf941b9fb7","RiskFactor","Không kiểm soát đường huyết tốt","Gây tăng glucose máu, nhiễm toan ceton, tổn thương đa cơ quan.","https://bachmai.gov.vn/bai-viet/bien-chung-cua-benh-dai-thao-duong?id=f17ffc43-5abb-5dcb-54d1-d3887440a421"
"1275","RISK_cfd4ea4fc2","RiskFactor","Thiếu giáo dục sức khỏe","Gây khó khăn trong phát hiện sớm và quản lý bệnh. | Không biết cách kiểm soát đường huyết có thể dẫn đến biến chứng. | Gây khó khăn trong phát hiện sớm và quản lý bệnh. | Người bệnh không hiểu về bệnh lý và vai trò của thuốc, dẫn đến không tuân thủ hoặc bỏ dở điều trị.","https://benhviennhitrunguong.gov.vn/hoi-thao-xu-huong-dieu-tri-dai-thao-duong-tip-1-chung-ta-khong-the-dung-ngoai.html | https://bachmai.gov.vn/bai-viet/ca-the-hoa-dieu-tri-dai-thao-duong-tip-2-tai-cac-nuoc-dang-phat-trien-thach-thuc-va-co-hoi?id=4b51fe29-8515-42d1-bff3-85563163f16c"
"1276","RISK_d090ef7e72","RiskFactor","Vòng bụng to","Yếu tố nguy cơ béo phì và đái tháo đường.","https://web.archive.org/web/https://www.benhviendakhoasongma.gov.vn/bai-viet/benh-dai-thao-duong-220"
"1277","RISK_d130e472cd","RiskFactor","Không tiếp cận thông tin y tế","Người bệnh không được cung cấp đầy đủ hoặc chính xác thông tin về bệnh và điều trị.","https://web.archive.org/web/http://www.tapchiyhocduphong.vn/tap-chi-y-hoc-du-phong/2015/08/kien-thuc-ve-benh-dai-thao-duong-va-mot-so-yeu-to-lien-quan-cua-nguoi-benh-tai-c-o81E20305.html"
"1278","RISK_d366f8f621","RiskFactor","BMI ≥23 kg/m²","Chỉ số khối cơ thể trên mức bình thường là yếu tố nguy cơ.","https://web.archive.org/web/https://vncdc.gov.vn/quan-ly-benh-dai-thao-duong-nd14581.html"
"1279","RISK_d5384c6ee5","RiskFactor","Buồng trứng đa nang","Rối loạn nội tiết thường đi kèm với đề kháng insulin và nguy cơ ĐTĐ. | Rối loạn nội tiết liên quan đến insulin làm tăng nguy cơ ĐTĐ.","https://web.archive.org/web/https://www.vinmec.com/vie/bai-viet/tong-quan-ve-benh-dai-thao-duong-vi | https://www.vinmec.com/vie/bai-viet/tong-quan-ve-benh-dai-thao-duong-vi"
"1280","RISK_d618bb0a6f","RiskFactor","Béo trung tâm","Tình trạng tích tụ mỡ quanh bụng làm tăng nguy cơ đái tháo đường type 2. | Tình trạng tích tụ mỡ ở vùng bụng là yếu tố nguy cơ cao cho đái tháo đường type 2. | Tích tụ mỡ ở vùng bụng làm tăng nguy cơ đái tháo đường type 2. | Tình trạng tích tụ mỡ ở vùng bụng là yếu tố nguy cơ cao cho đái tháo đường type 2. | Tích tụ mỡ ở vùng bụng làm tăng nguy cơ đái tháo đường type 2.","https://benhviennhitrunguong.gov.vn/benh-dai-thao-duong-o-tre-em.html | https://web.archive.org/web/https://benhviennhitrunguong.gov.vn/benh-dai-thao-duong-o-tre-em.html | https://benhviennhitrunguong.gov.vn/benh-dai-thao-duong-o-tre-em.html | https://web.archive.org/web/https://benhviennhitrunguong.gov.vn/benh-dai-thao-duong-o-tre-em.html | https://benhviennhitrunguong.gov.vn/benh-dai-thao-duong-o-tre-em.html"
"1281","RISK_d7d2492bbe","RiskFactor","Tiếp xúc với yếu tố khởi phát","Các yếu tố gây kích thích đường thở dẫn đến hen.","https://bachmai.gov.vn/bai-viet/4-dau-hieu-dac-trung-cua-benh-hen?id=cfcfedc5-527d-7f6f-5a9e-002886825b9b"
"1282","RISK_d82b0a639d","RiskFactor","Uống rượu bia quá mức","Gây tăng huyết áp và tổn thương cơ quan đích. | Gây tăng huyết áp và tổn thương cơ quan đích. | Gây tổn thương tim mạch và tăng huyết áp, cần hạn chế lượng uống.","https://chanthuongvacotsong.bachmai.gov.vn/huong-dan-chan-doan-va-dieu-tri-tang-huyet-ap/ | https://web.archive.org/web/https://chanthuongvacotsong.bachmai.gov.vn/huong-dan-chan-doan-va-dieu-tri-tang-huyet-ap/ | https://chanthuongvacotsong.bachmai.gov.vn/huong-dan-chan-doan-va-dieu-tri-tang-huyet-ap/"
"1283","RISK_d8949e241c","RiskFactor","Nhiễm khuẩn","Nguyên nhân hay gặp nhất (57,1%), phổ biến là viêm phổi, nhiễm khuẩn tiết niệu.","https://web.archive.org/web/https://benhviendakhoasongma.gov.vn/bai-viet/hon-me-tang-ap-luc-tham-thau-do-dai-thao-duong-210"
"1284","RISK_d95b2a1432","RiskFactor","Không kiểm soát cân nặng","Là yếu tố nguy cơ chính dẫn đến đái tháo đường típ 2 và các biến chứng. | Tăng cân làm tăng gánh nặng lên hệ tuần hoàn và gây tăng huyết áp, từ đó ảnh hưởng đến chức năng thận.","https://bachmai.gov.vn/bai-viet/kiem-soat-huyet-ap-va-can-nang-o-benh-nhan-dai-thao-duong-tip-2-viet-nam?id=d4b1411f-1da7-74f4-b337-1b88457dd69b | https://web.archive.org/web/https://www.vinmec.com/vie/bai-viet/suy-o-nguoi-bi-cao-huyet-ap-nhung-dieu-can-chu-y-vi"
"1285","RISK_db826bb666","RiskFactor","Bệnh thận đa nang","Đặc điểm di truyền làm suy giảm chức năng thận theo thời gian. | Disease di truyền làm suy giảm chức năng thận theo thời gian.","https://bachmai.gov.vn/bai-viet/sai-lam-trong-dinh-duong-khien-suy-than-man-them-tram-trong-dau-la-giai-phap?id=1ff0d3d0-62f4-4159-a23b-758572e7f600 | https://web.archive.org/web/https://bachmai.gov.vn/bai-viet/sai-lam-trong-dinh-duong-khien-suy-than-man-them-tram-trong-dau-la-giai-phap?id=1ff0d3d0-62f4-4159-a23b-758572e7f600 | https://bachmai.gov.vn/bai-viet/sai-lam-trong-dinh-duong-khien-suy-than-man-them-tram-trong-dau-la-giai-phap?id=1ff0d3d0-62f4-4159-a23b-758572e7f600"
"1286","RISK_de8c7894f5","RiskFactor","Huyết áp độ 1","Yếu tố nguy cơ kèm theo, ảnh hưởng đến tiến triển của biến chứng.","https://sti.vista.gov.vn/publication/view/nghien-cuu-dac-diem-lam-sang-can-lam-sang-va-chi-so-dien-than-kinh-co-o-nguoi-benh-dai-thao-duong-type-2-co-bien-chung-than-kinh-ngoai-vi-tai-benh-vie-d41b03674c28b600d59c115392319110-455331.html"
"1287","RISK_dedafda8ae","RiskFactor","Rối loạn thần kinh giao cảm","Tăng hoạt động thần kinh gây tăng huyết áp.","http://bvhoanghoa.ytethanhhoa.gov.vn/web/khoa-phong-chuc-nang/khoa-phong-chuc-nang/to-cong-tac-xa-hoi/benh-tang-huyet-ap-ke-giet-nguoi-tham-lang.html"
"1288","RISK_df7b1dd447","RiskFactor","Tiếp xúc với hóa chất độc hại","Hóa chất có thể gây tổn thương tế bào beta tụy, dẫn đến thiếu hụt insulin.","https://web.archive.org/web/https://ttytiapa.gialai.gov.vn/van-ban/huong-dan-chan-doan-va-dieu-tri-benh-dai-thao-duong-tip-1-o-.html"
"1289","RISK_dfc0448fcd","RiskFactor","Nhiễm virus gây tổn thương tụy","Virus như Coxsackie B, Echo virus có thể kích hoạt phản ứng tự miễn.","https://web.archive.org/web/https://ttytiapa.gialai.gov.vn/van-ban/huong-dan-chan-doan-va-dieu-tri-benh-dai-thao-duong-tip-1-o-.html"
"1290","RISK_dff0193519","RiskFactor","Uống rượu bia","Tác động tiêu cực đến hệ tuần hoàn và gây tăng huyết áp. | Tăng nguy cơ tăng huyết áp do tác động lên hệ tuần hoàn. | Rượu bia gây giãn mạch và ảnh hưởng đến chức năng tim mạch. | Tăng huyết áp và làm trầm trọng thêm các biến chứng tim mạch. | Rượu bia làm tăng huyết áp và ảnh hưởng đến chức năng tim mạch. | Tăng nguy cơ tăng huyết áp và tổn thương tim mạch. | Rượu bia làm tăng huyết áp và ảnh hưởng đến chức năng tim mạch. | Tăng huyết áp tạm thời và lâu dài nếu sử dụng thường xuyên. | Gây giãn mạch, rối loạn chức năng tim mạch và làm tăng huyết áp. | Là yếu tố nguy cơ làm tăng huyết áp và gây tổn thương tim mạch.","https://web.archive.org/web/http://bvhoanghoa.ytethanhhoa.gov.vn/web/khoa-phong-chuc-nang/khoa-phong-chuc-nang/phong-cong-tac-xa-hoi/dieu-can-luu-y-khi-dieu-tri-tang-huyet-ap.html | http://bvhoanghoa.ytethanhhoa.gov.vn/web/khoa-phong-chuc-nang/khoa-phong-chuc-nang/phong-cong-tac-xa-hoi/dieu-can-luu-y-khi-dieu-tri-tang-huyet-ap.html | http://bvhoanghoa.ytethanhhoa.gov.vn/web/khoa-phong-chuc-nang/khoa-phong-chuc-nang/to-cong-tac-xa-hoi/dieu-can-luu-y-khi-dieu-tri-tang-huyet-ap.html | https://web.archive.org/web/http://bvhoanghoa.ytethanhhoa.gov.vn/web/khoa-phong-chuc-nang/khoa-phong-chuc-nang/to-cong-tac-xa-hoi/dieu-can-luu-y-khi-dieu-tri-tang-huyet-ap.html | http://bvhoanghoa.ytethanhhoa.gov.vn/web/khoa-phong-chuc-nang/khoa-phong-chuc-nang/phong-cong-tac-xa-hoi/dieu-can-luu-y-khi-dieu-tri-tang-huyet-ap.html | https://web.archive.org/web/http://bvhoanghoa.ytethanhhoa.gov.vn/web/khoa-phong-chuc-nang/khoa-phong-chuc-nang/phong-cong-tac-xa-hoi/dieu-can-luu-y-khi-dieu-tri-tang-huyet-ap.html | http://bvhoanghoa.ytethanhhoa.gov.vn/web/khoa-phong-chuc-nang/khoa-phong-chuc-nang/phong-cong-tac-xa-hoi/dieu-can-luu-y-khi-dieu-tri-tang-huyet-ap.html | https://soyte.tuyenquang.gov.vn/tin-tuc/tang-huyet-ap-va-nhung-bien-chung-nguy-hiem.html | https://web.archive.org/web/http://bvhoanghoa.ytethanhhoa.gov.vn/web/khoa-phong-chuc-nang/khoa-phong-chuc-nang/to-cong-tac-xa-hoi/dieu-can-luu-y-khi-dieu-tri-tang-huyet-ap.html"
"1291","RISK_dff0193519","RiskFactor","Uống rượu, bia","Tác động tiêu cực đến hệ tuần hoàn và gây tăng huyết áp. | Là yếu tố nguy cơ tim mạch và tăng huyết áp. | Rượu gây giãn mạch nhưng lâu dài làm tổn thương và tăng huyết áp.","https://web.archive.org/web/https://vncdc.gov.vn/huong-dan-chan-doan-va-dieu-tri-tang-huyet-ap-nd14594.html | http://bvhoanghoa.ytethanhhoa.gov.vn/web/khoa-phong-chuc-nang/khoa-phong-chuc-nang/phong-cong-tac-xa-hoi/dieu-can-luu-y-khi-dieu-tri-tang-huyet-ap.html | https://soyte.tuyenquang.gov.vn/tin-tuc/tang-huyet-ap-va-nhung-bien-chung-nguy-hiem.html"
"1292","RISK_e03c9d25d6","RiskFactor","Stress và thiếu vận động","Gây căng thẳng cho tim mạch và làm tăng huyết áp.","https://web.archive.org/web/http://bvhoanghoa.ytethanhhoa.gov.vn/web/khoa-phong-chuc-nang/khoa-phong-chuc-nang/phong-cong-tac-xa-hoi/dieu-can-luu-y-khi-dieu-tri-tang-huyet-ap.html"
"1293","RISK_e1d07a8e5f","RiskFactor","Không điều trị lipid máu","Tăng nguy cơ biến cố tim mạch và tử vong do LDL-C cao.","https://bachmai.gov.vn/bai-viet/doi-moi-tu-duy-dieu-tri-dai-thao-duong-typ-2-va-chien-luoc-kiem-soat-toan-dien-bien-chung-than-kinh?id=090463d0-4515-40c8-919c-8bebc41e2c01"
"1294","RISK_e20261edb7","RiskFactor","Phụ nữ bị hội chứng buồng trứng đa nang","Tăng nguy cơ mắc bệnh do rối loạn nội tiết.","https://web.archive.org/web/https://bachmai.gov.vn/tin-chi-tiet/-/bai-viet/chan-doan-som-benh-dai-thao-duong-tip-2-9427-146.html"
"1295","RISK_e2368302fd","RiskFactor","Uống rượu","Gây tăng glucose máu và làm nặng tổn thương gan, thận. | Là yếu tố gây tăng glucose máu và biến chứng cấp tính. | Gây tăng glucose máu và làm trầm trọng biến chứng. | Gây tăng glucose máu và tổn thương gan thận. | Gây tăng glucose máu và tổn thương gan, làm trầm trọng biến chứng. | Gây tăng glucose máu và tổn thương gan thận. | Gây tăng glucose máu và tổn thương gan thận. | Gây tăng glucose máu và làm nặng biến chứng cấp tính. | Gây tăng glucose máu và tổn thương gan thận. | Gây tăng glucose máu và tổn thương gan thận. | Gây tăng glucose máu và ảnh hưởng đến chức năng gan thận. | Gây tăng glucose máu và tổn thương gan thận. | Gây tăng glucose máu và tổn thương gan thận. | Gây tăng nguy cơ tai biến mạch não và đề kháng thuốc điều trị tăng huyết áp. | Tăng huyết áp do tác động của cồn lên hệ tuần hoàn. | Tác động của cồn lên hệ thần kinh và mạch máu gây tăng huyết áp. | Rượu gây ảnh hưởng đến hệ tuần hoàn và huyết áp. | Tác động của cồn lên hệ thần kinh và mạch máu gây tăng huyết áp. | Rượu làm tăng huyết áp tạm thời và lâu dài nếu sử dụng thường xuyên.","https://bachmai.gov.vn/bai-viet/bien-chung-cua-benh-dai-thao-duong?id=f17ffc43-5abb-5dcb-54d1-d3887440a421 | https://web.archive.org/web/https://bachmai.gov.vn/bai-viet/bien-chung-cua-benh-dai-thao-duong?id=f17ffc43-5abb-5dcb-54d1-d3887440a421 | https://web.archive.org/web/https://bachmai.gov.vn/bai-viet/bien-chung-cua-benh-dai-thao-duong?id=f17ffc43-5abb-5dcb-54d1-d3887440a421 | https://web.archive.org/web/https://bachmai.gov.vn/bai-viet/bien-chung-cua-benh-dai-thao-duong?id=f17ffc43-5abb-5dcb-54d1-d3887440a421 | https://bachmai.gov.vn/bai-viet/bien-chung-cua-benh-dai-thao-duong?id=f17ffc43-5abb-5dcb-54d1-d3887440a421 | https://web.archive.org/web/https://bachmai.gov.vn/bai-viet/bien-chung-cua-benh-dai-thao-duong?id=f17ffc43-5abb-5dcb-54d1-d3887440a421 | https://bachmai.gov.vn/bai-viet/bien-chung-cua-benh-dai-thao-duong?id=f17ffc43-5abb-5dcb-54d1-d3887440a421 | https://bachmai.gov.vn/bai-viet/bien-chung-cua-benh-dai-thao-duong?id=f17ffc43-5abb-5dcb-54d1-d3887440a421 | https://web.archive.org/web/https://bachmai.gov.vn/bai-viet/bien-chung-cua-benh-dai-thao-duong?id=f17ffc43-5abb-5dcb-54d1-d3887440a421 | https://web.archive.org/web/https://bachmai.gov.vn/bai-viet/bien-chung-cua-benh-dai-thao-duong?id=f17ffc43-5abb-5dcb-54d1-d3887440a421 | https://www.vinmec.com/vie/bai-viet/dieu-tri-tang-huyet-ap-kem-suy-man-vi | https://bachmai.gov.vn/tin-chi-tiet/-/bai-viet/tang-huyet-ap-can-benh-tham-lang-nhung-nguy-hiem-8463-146.html | https://web.archive.org/web/https://bachmai.gov.vn/tin-chi-tiet/-/bai-viet/tang-huyet-ap-can-benh-tham-lang-nhung-nguy-hiem-8463-146.html | https://bachmai.gov.vn/tin-chi-tiet/-/bai-viet/tang-huyet-ap-can-benh-tham-lang-nhung-nguy-hiem-8463-146.html | https://web.archive.org/web/https://bachmai.gov.vn/tin-chi-tiet/-/bai-viet/tang-huyet-ap-can-benh-tham-lang-nhung-nguy-hiem-8463-146.html | https://web.archive.org/web/https://soyte.tuyenquang.gov.vn/tin-tuc/tang-huyet-ap-va-nhung-bien-chung-nguy-hiem.html"
"1296","RISK_e23db2b6bb","RiskFactor","Ô nhiễm không khí","Là yếu tố nguy cơ rõ ràng gây kích thích đường thở và cơn hen. | Yếu tố môi trường gây tổn thương phổi và làm trầm trọng bệnh. | Yếu tố kích hoạt đợt cấp COPD. | Nguyên nhân gây đợt cấp COPD, làm trầm trọng thêm triệu chứng. | Yếu tố kích hoạt đợt cấp COPD.","https://www.vinmec.com/vie/bai-viet/lam-nao-de-chan-doan-hen-phe-quan-vi | https://medlatec.vn/tin-tuc/benh-nhan-phoi-tac-nghen-phoi-man-tinh-song-duoc-bao-lau-cai-thien-tuoi-tho-bang-cach-nao | https://bachmai.gov.vn/bai-viet/tho-may-khong-xam-nhap-trong-dieu-tri-benh-phoi-tac-nghen-man-tinh?id=828a5ae0-e152-ef2d-e6b5-48a6c8bafe5b | https://web.archive.org/web/https://bachmai.gov.vn/bai-viet/tho-may-khong-xam-nhap-trong-dieu-tri-benh-phoi-tac-nghen-man-tinh?id=828a5ae0-e152-ef2d-e6b5-48a6c8bafe5b | https://bachmai.gov.vn/bai-viet/tho-may-khong-xam-nhap-trong-dieu-tri-benh-phoi-tac-nghen-man-tinh?id=828a5ae0-e152-ef2d-e6b5-48a6c8bafe5b"
"1297","RISK_e3ff391363","RiskFactor","Tuổi dậy thì sớm","Giai đoạn nội tiết thay đổi có thể làm tăng nguy cơ phát triển ĐTĐ típ 1. | Có thể làm tăng nguy cơ mắc đái tháo đường do sự thay đổi nội tiết và chuyển hóa.","https://benhviennhitrunguong.gov.vn/hoi-thao-xu-huong-dieu-tri-dai-thao-duong-tip-1-chung-ta-khong-the-dung-ngoai.html | https://web.archive.org/web/https://benhviennhitrunguong.gov.vn/benh-dai-thao-duong-o-tre-em.html"
"1298","RISK_e4e0c99de3","RiskFactor","Thiếu Insulin","Do tuyến tụy không còn khả năng sản xuất đủ Insulin.","https://benhviennhitrunguong.gov.vn/hoi-thao-xu-huong-dieu-tri-dai-thao-duong-tip-1-chung-ta-khong-the-dung-ngoai.html"
"1299","RISK_e56e1468ad","RiskFactor","Uống rượu quá mức","Gây tăng áp lực thẩm thấu không do đường huyết, cần phân biệt với TALTT do đái tháo đường.","https://web.archive.org/web/https://benhviendakhoasongma.gov.vn/bai-viet/hon-me-tang-ap-luc-tham-thau-do-dai-thao-duong-210"
"1300","RISK_e6627d518b","RiskFactor","Bệnh van tim","Tổn thương van tim làm giảm hiệu suất bơm máu, dẫn đến suy tim.","https://bachmai.gov.vn/bai-viet/nhan-biet-dieu-tri-va-cham-soc-nguoi-benh-suy-tim?id=f55f8d26-9341-41d6-a243-00f543335069"
"1301","RISK_e6c469b163","RiskFactor","Bệnh thận","Là yếu tố nguy cơ mạnh mẽ ảnh hưởng đến tuân thủ kiểm soát đường huyết.","https://web.archive.org/web/http://www.tapchiyhocduphong.vn/tap-chi-y-hoc-du-phong/2021/09/tuan-thu-dieu-tri-va-cac-yeu-to-lien-quan-o-benh-nhan-dai-thao-duong-tuyp-2-dieu-o81E20B40.html"
"1302","RISK_e757017a5a","RiskFactor","Tiêu thụ thủy hải sản","Liên quan đến tăng nguy cơ thừa cân - béo phì. | Tăng nguy cơ thừa cân và béo phì, OR = 2.13. | Tăng nguy cơ thừa cân - béo phì, OR = 2,13 (95% CI: 1,01–4,55).","https://web.archive.org/web/https://sti.vista.gov.vn/publication/view/tinh-trang-dinh-duong-va-mot-so-yeu-to-lien-quan-cua-nguoi-benh-dai-thao-duong-typ-2-dieu-tri-noi-tru-tai-benh-vien-da-khoa-xanh-pon-nam-2023-e7cc38bdc9220841bb8ade1a50eee813-455622.html | https://sti.vista.gov.vn/publication/view/tinh-trang-dinh-duong-va-mot-so-yeu-to-lien-quan-cua-nguoi-benh-dai-thao-duong-typ-2-dieu-tri-noi-tru-tai-benh-vien-da-khoa-xanh-pon-nam-2023-e7cc38bdc9220841bb8ade1a50eee813-455622.html | https://sti.vista.gov.vn/publication/view/tinh-trang-dinh-duong-va-mot-so-yeu-to-lien-quan-cua-nguoi-benh-dai-thao-duong-typ-2-dieu-tri-noi-tru-tai-benh-vien-da-khoa-xanh-pon-nam-2023-e7cc38bdc9220841bb8ade1a50eee813-455622.html"
"1303","RISK_e8830e8357","RiskFactor","Gia đình có người mắc ĐTĐ","Di truyền làm tăng nguy cơ phát triển bệnh. | Người có thân nhân cận kề bị đái tháo đường có nguy cơ cao do yếu tố di truyền và môi trường.","https://www.vinmec.com/vie/bai-viet/tong-quan-ve-benh-dai-thao-duong-vi"
"1304","RISK_e97c655788","RiskFactor","Không tuân thủ phác đồ điều trị","Gây tăng nguy cơ suy thận và làm trầm trọng thêm tình trạng tăng huyết áp. | Dẫn đến tiến triển bệnh suy thận và tăng huyết áp không kiểm soát. | Quên dùng thuốc hàng ngày hoặc bỏ thuốc giữa chừng khiến viêm mãn tính tiếp diễn.","https://web.archive.org/web/https://www.vinmec.com/vie/bai-viet/suy-o-nguoi-bi-cao-huyet-ap-nhung-dieu-can-chu-y-vi | https://www.vinmec.com/vie/bai-viet/suy-o-nguoi-bi-cao-huyet-ap-nhung-dieu-can-chu-y-vi | https://medlatec.vn/tu-dien-benh-ly/con-hen-ac-tinh"
"1305","RISK_e996a08235","RiskFactor","Béo phì và thừa cân","Nguyên nhân chính gây ra đái tháo đường type 2 ở trẻ em.","https://web.archive.org/web/https://benhviennhitrunguong.gov.vn/benh-dai-thao-duong-o-tre-em.html"
"1306","RISK_ea933fd8c1","RiskFactor","Nhiễm trùng hô hấp","Nguyên nhân kích hoạt cơn hen, đặc biệt ở người không có cơ địa dị ứng.","https://www.vinmec.com/vie/bai-viet/lam-nao-de-chan-doan-hen-phe-quan-vi"
"1307","RISK_eaa5bf58d9","RiskFactor","Viêm mạch máu và rối loạn nội mô","Các yếu tố góp phần làm tăng sức cản ngoại vi và tổn thương mạch.","http://bvhoanghoa.ytethanhhoa.gov.vn/web/khoa-phong-chuc-nang/khoa-phong-chuc-nang/to-cong-tac-xa-hoi/benh-tang-huyet-ap-ke-giet-nguoi-tham-lang.html"
"1308","RISK_ebdf1a1874","RiskFactor","Chế độ ăn uống thiếu tuân thủ","Ăn uống không đúng quy định làm tăng nguy cơ biến chứng. | Dẫn đến tăng nguy cơ biến chứng và làm giảm hiệu quả điều trị. | Ăn uống không đúng hướng dẫn, dẫn đến tăng nguy cơ biến chứng.","https://web.archive.org/web/https://bachmai.gov.vn/tin-chi-tiet/-/bai-viet/dai-thao-duong-can-benh-nhieu-bien-chung-nguy-hiem-8-trieu-nguoi-viet-nam-dang-mac-9624-146.html | https://bachmai.gov.vn/tin-chi-tiet/-/bai-viet/dai-thao-duong-can-benh-nhieu-bien-chung-nguy-hiem-8-trieu-nguoi-viet-nam-dang-mac-9624-146.html | https://bachmai.gov.vn/tin-chi-tiet/-/bai-viet/dai-thao-duong-can-benh-nhieu-bien-chung-nguy-hiem-8-trieu-nguoi-viet-nam-dang-mac-9624-146.html"
"1309","RISK_ebfe8c40bd","RiskFactor","Không tuân thủ chế độ ăn luyện tập","Thiếu sự phối hợp trong điều trị làm giảm hiệu quả kiểm soát bệnh.","https://nsti.vista.gov.vn/publication/view/nghien-cuu-dac-diem-lam-sang-can-lam-sang-va-danh-gia-bien-chung-than-o-benh-nhan-dai-thao-duong-tip-2-tai-khoa-noi-tiet-benh-vien-trung-uong-103-quan-doi-nhan-dan-lao-373086.html"
"1310","RISK_ecae72aa76","RiskFactor","Không đáp ứng thuốc uống","Người bệnh không kiểm soát tốt đường huyết bằng thuốc uống, cần chuyển sang liệu pháp tiêm.","https://bachmai.gov.vn/bai-viet/dieu-tri-dai-thao-duong-tip-2-buoc-tien-moi-tu-insulin-nen-the-he-2-va-iglarlixi?id=5cdac324-549d-40aa-b3e6-80214932d112"
"1311","RISK_ed27a8da6e","RiskFactor","Khói thuốc","Là một yếu tố kích thích hen, gây viêm đường thở.","https://benhviennhitrunguong.gov.vn/loi-khuyen-cua-cac-chuyen-gia-di-ung-ve-benh-hen-2.html"
"1312","RISK_ed5112940c","RiskFactor","Viêm mạch","Làm tổn thương thành mạch và gây hẹp.","https://web.archive.org/web/https://medlatec.vn/tin-tuc/hep-dong-mach-than-la-gi-muc-do-nguy-hiem-va-phuong-phap-dieu-tri"
"1313","RISK_ed6572a69b","RiskFactor","Thiếu kiểm soát huyết áp định kỳ","Không thăm khám thường xuyên dẫn đến phát hiện muộn, biến chứng nặng.","https://web.archive.org/web/http://bvhoanghoa.ytethanhhoa.gov.vn/web/khoa-phong-chuc-nang/khoa-phong-chuc-nang/to-cong-tac-xa-hoi/benh-tang-huyet-ap-ke-giet-nguoi-tham-lang.html"
"1314","RISK_edfa3d158b","RiskFactor","Béo phì","Nguyên nhân chính gây ra đái tháo đường type 2 do đề kháng insulin. | Yếu tố nguy cơ chính gây ra đái tháo đường type 2, đặc biệt ở trẻ em. | Yếu tố nguy cơ chính dẫn đến đái tháo đường type 2. | Nguyên nhân chính gây ra đái tháo đường type 2, do ảnh hưởng đến khả năng sử dụng insulin. | Nguyên nhân chính gây ra đái tháo đường type 2, do đề kháng insulin. | Yếu tố môi trường làm tăng nguy cơ đái tháo đường do kháng insulin. | BMI ≥ 23 kg/m² là yếu tố nguy cơ cao. | Yếu tố môi trường làm tăng nguy cơ đái tháo đường do kháng insulin. | Yếu tố tăng nguy cơ đái tháo đường và biến chứng tim mạch, cần điều trị GLP-1 RA. | Yếu tố môi trường làm tăng nguy cơ đái tháo đường do kháng insulin. | BMI ≥ 23 kg/m² là yếu tố nguy cơ cao. | BMI ≥ 23 kg/m² là yếu tố nguy cơ cao. | Tình trạng thừa cân làm tăng nguy cơ mắc tiểu đường tuýp 2. | Tình trạng thừa cân làm tăng nguy cơ mắc tiểu đường tuýp 2. | Yếu tố môi trường làm tăng nguy cơ đái tháo đường do kháng insulin. | Một yếu tố nguy cơ chính gây ra đái tháo đường tuýp 2. | Yếu tố môi trường làm tăng nguy cơ đái tháo đường do kháng insulin. | Nguyên nhân chính gây ra đái tháo đường type 2 do đề kháng insulin. | Nguyên nhân chính gây ra đái tháo đường type 2, đặc biệt ở trẻ em và thanh thiếu niên. | Yếu tố môi trường làm tăng nguy cơ đái tháo đường do kháng insulin. | Yếu tố nguy cơ chính dẫn đến đái tháo đường type 2. | Nguyên nhân chính gây ra đái tháo đường type 2 do đề kháng insulin. | Tích tụ mỡ nội tạng gây đề kháng insulin và tăng nguy cơ đái tháo đường type 2. | Nguyên nhân chính gây ra đái tháo đường type 2, đặc biệt ở trẻ em và thanh thiếu niên. | Yếu tố nguy cơ chính dẫn đến đái tháo đường type 2. | Yếu tố nguy cơ có thể can thiệp được gây ra đái tháo đường type 2. | Yếu tố nguy cơ chính dẫn đến đái tháo đường type 2. | Yếu tố nguy cơ chính dẫn đến đái tháo đường type 2. | Nguyên nhân chính gây ra đái tháo đường type 2 ở trẻ em, do tích tụ mỡ và ảnh hưởng đến chức năng tuyến tụy. | Tăng khối lượng cơ thể gây gánh nặng cho tim và tăng huyết áp. | Tăng nguy cơ mắc tăng huyết áp và tổn thương cơ quan đích. | Tăng khối lượng cơ thể gây gánh nặng cho tim và tăng huyết áp. | Tăng nguy cơ tăng huyết áp và suy thận mạn, đặc biệt ở nam giới BMI ≥ 23kg/m². | Tăng khối lượng cơ thể làm gia tăng áp lực lên hệ tuần hoàn. | Tăng khối lượng cơ thể gây gánh nặng cho tim và tăng huyết áp. | Tăng nguy cơ mắc tăng huyết áp và tổn thương cơ quan đích. | Tăng khối lượng cơ thể gây gánh nặng cho tim và tăng huyết áp. | Tăng nguy cơ tăng huyết áp và suy thận mạn, đặc biệt ở nam giới BMI ≥ 23kg/m². | Tăng khối lượng cơ thể làm gia tăng áp lực lên hệ tuần hoàn. | Tăng cân làm gia tăng gánh nặng cho tim và mạch máu. | Tăng khối lượng cơ thể làm gia tăng gánh nặng cho tim mạch. | Tăng cân làm gia tăng gánh nặng cho tim và gây tăng huyết áp. | Tăng cân gây gánh nặng cho tim, làm huyết áp gia tăng. | Tăng nguy cơ THA và các biến chứng, đặc biệt khi có vòng bụng lớn. | Tăng cân làm gia tăng gánh nặng cho tim mạch và thúc đẩy tăng huyết áp. | Tăng cân làm gia tăng gánh nặng cho hệ tim mạch, dễ dẫn đến tăng huyết áp. | Tăng huyết áp do tăng khối lượng cơ thể và ảnh hưởng đến lưu thông máu.","https://benhviennhitrunguong.gov.vn/benh-dai-thao-duong-o-tre-em.html | https://web.archive.org/web/https://benhviennhitrunguong.gov.vn/benh-dai-thao-duong-o-tre-em.html | https://web.archive.org/web/https://xayenmo.ninhbinh.gov.vn/y-te-giao-duc/benh-dai-thao-duong-dau-hieu-nhan-biet-phan-loai-va-dieu-tri-389.html | https://benhviennhitrunguong.gov.vn/benh-dai-thao-duong-o-tre-em.html | https://web.archive.org/web/https://benhviennhitrunguong.gov.vn/benh-dai-thao-duong-o-tre-em.html | https://web.archive.org/web/https://vncdc.gov.vn/huong-dan-chan-doan-va-dieu-tri-benh-dai-thao-duong-tuyp-2-nd14582.html | https://web.archive.org/web/https://bachmai.gov.vn/bai-viet/chan-doan-som-benh-dai-thao-duong-tip-2?id=59f9c51f-418e-9437-823c-a1a6c23c33e4 | https://bachmai.gov.vn/bai-viet/doi-moi-tu-duy-dieu-tri-dai-thao-duong-typ-2-va-chien-luoc-kiem-soat-toan-dien-bien-chung-than-kinh?id=090463d0-4515-40c8-919c-8bebc41e2c01 | https://web.archive.org/web/https://vncdc.gov.vn/huong-dan-chan-doan-va-dieu-tri-benh-dai-thao-duong-tuyp-2-nd14582.html | https://web.archive.org/web/https://vncdc.gov.vn/huong-dan-chan-doan-va-dieu-tri-benh-dai-thao-duong-tuyp-2-nd14582.html | https://web.archive.org/web/https://bachmai.gov.vn/bai-viet/chan-doan-som-benh-dai-thao-duong-tip-2?id=59f9c51f-418e-9437-823c-a1a6c23c33e4 | https://web.archive.org/web/https://bachmai.gov.vn/bai-viet/chan-doan-som-benh-dai-thao-duong-tip-2?id=59f9c51f-418e-9437-823c-a1a6c23c33e4 | https://web.archive.org/web/https://syt.dongnai.gov.vn/vi/news/Suc-khoe-cong-dong/nhung-bien-chung-nguy-hiem-cua-benh-tieu-duong-2511.html | https://web.archive.org/web/https://vncdc.gov.vn/huong-dan-chan-doan-va-dieu-tri-benh-dai-thao-duong-tuyp-2-nd14582.html | https://web.archive.org/web/https://syt.dongnai.gov.vn/vi/news/Suc-khoe-cong-dong/nhung-bien-chung-nguy-hiem-cua-benh-tieu-duong-2511.html | https://web.archive.org/web/https://vncdc.gov.vn/huong-dan-chan-doan-va-dieu-tri-benh-dai-thao-duong-tuyp-2-nd14582.html | https://web.archive.org/web/http://bvthanhpho.ytethanhhoa.gov.vn/web/trang-chu/khoa-phong-chuc-nang/khoa-lam-sang/khoa-noi-nhi/benh-dai-thao-duong-va-dau-hieu-nhan-biet-benh-dai-thao-duong.html | https://web.archive.org/web/https://benhviennhitrunguong.gov.vn/benh-dai-thao-duong-o-tre-em.html | https://benhviennhitrunguong.gov.vn/benh-dai-thao-duong-o-tre-em.html | https://web.archive.org/web/https://vncdc.gov.vn/huong-dan-chan-doan-va-dieu-tri-benh-dai-thao-duong-tuyp-2-nd14582.html | https://xayenmo.ninhbinh.gov.vn/y-te-giao-duc/benh-dai-thao-duong-dau-hieu-nhan-biet-phan-loai-va-dieu-tri-389.html | https://web.archive.org/web/https://benhviennhitrunguong.gov.vn/benh-dai-thao-duong-o-tre-em.html | https://www.vinmec.com/vie/bai-viet/tong-quan-ve-benh-dai-thao-duong-vi | https://benhviennhitrunguong.gov.vn/benh-dai-thao-duong-o-tre-em.html | https://web.archive.org/web/https://xayenmo.ninhbinh.gov.vn/y-te-giao-duc/benh-dai-thao-duong-dau-hieu-nhan-biet-phan-loai-va-dieu-tri-389.html | https://xayenmo.ninhbinh.gov.vn/y-te-giao-duc/benh-dai-thao-duong-dau-hieu-nhan-biet-phan-loai-va-dieu-tri-389.html | https://xayenmo.ninhbinh.gov.vn/y-te-giao-duc/benh-dai-thao-duong-dau-hieu-nhan-biet-phan-loai-va-dieu-tri-389.html | https://xayenmo.ninhbinh.gov.vn/y-te-giao-duc/benh-dai-thao-duong-dau-hieu-nhan-biet-phan-loai-va-dieu-tri-389.html | https://benhviennhitrunguong.gov.vn/benh-dai-thao-duong-o-tre-em.html | https://web.archive.org/web/https://vncdc.gov.vn/huong-dan-chan-doan-va-dieu-tri-tang-huyet-ap-nd14594.html | http://bvhoanghoa.ytethanhhoa.gov.vn/web/khoa-phong-chuc-nang/khoa-phong-chuc-nang/phong-cong-tac-xa-hoi/dieu-can-luu-y-khi-dieu-tri-tang-huyet-ap.html | http://bvhoanghoa.ytethanhhoa.gov.vn/web/khoa-phong-chuc-nang/khoa-phong-chuc-nang/phong-cong-tac-xa-hoi/dieu-can-luu-y-khi-dieu-tri-tang-huyet-ap.html | https://www.vinmec.com/vie/bai-viet/dieu-tri-tang-huyet-ap-kem-suy-man-vi | https://web.archive.org/web/https://vncdc.gov.vn/huong-dan-chan-doan-va-dieu-tri-tang-huyet-ap-nd14594.html | https://web.archive.org/web/https://bachmai.gov.vn/tin-chi-tiet/-/bai-viet/tang-huyet-ap-can-benh-tham-lang-nhung-nguy-hiem-8463-146.html | http://bvhoanghoa.ytethanhhoa.gov.vn/web/khoa-phong-chuc-nang/khoa-phong-chuc-nang/phong-cong-tac-xa-hoi/dieu-can-luu-y-khi-dieu-tri-tang-huyet-ap.html | https://www.vinmec.com/vie/bai-viet/dieu-tri-tang-huyet-ap-kem-suy-man-vi | http://bvhoanghoa.ytethanhhoa.gov.vn/web/khoa-phong-chuc-nang/khoa-phong-chuc-nang/phong-cong-tac-xa-hoi/dieu-can-luu-y-khi-dieu-tri-tang-huyet-ap.html | https://bachmai.gov.vn/tin-chi-tiet/-/bai-viet/tang-huyet-ap-can-benh-tham-lang-nhung-nguy-hiem-8463-146.html | https://web.archive.org/web/https://bachmai.gov.vn/tin-chi-tiet/-/bai-viet/tang-huyet-ap-can-benh-tham-lang-nhung-nguy-hiem-8463-146.html | https://soyte.tuyenquang.gov.vn/tin-tuc/tang-huyet-ap-va-nhung-bien-chung-nguy-hiem.html | http://bvhoanghoa.ytethanhhoa.gov.vn/web/khoa-phong-chuc-nang/khoa-phong-chuc-nang/to-cong-tac-xa-hoi/dieu-can-luu-y-khi-dieu-tri-tang-huyet-ap.html | http://bvhoanghoa.ytethanhhoa.gov.vn/web/khoa-phong-chuc-nang/khoa-phong-chuc-nang/phong-cong-tac-xa-hoi/dieu-can-luu-y-khi-dieu-tri-tang-huyet-ap.html | https://web.archive.org/web/https://chanthuongvacotsong.bachmai.gov.vn/huong-dan-chan-doan-va-dieu-tri-tang-huyet-ap/ | https://soyte.tuyenquang.gov.vn/tin-tuc/tang-huyet-ap-va-nhung-bien-chung-nguy-hiem.html | https://web.archive.org/web/https://soyte.tuyenquang.gov.vn/tin-tuc/tang-huyet-ap-va-nhung-bien-chung-nguy-hiem.html | https://web.archive.org/web/https://chanthuongvacotsong.bachmai.gov.vn/huong-dan-chan-doan-va-dieu-tri-tang-huyet-ap/ | https://chanthuongvacotsong.bachmai.gov.vn/huong-dan-chan-doan-va-dieu-tri-tang-huyet-ap/"
"1315","RISK_ee5328169a","RiskFactor","Không kiểm soát tốt HbA1c","Là yếu tố nguy cơ chính dẫn đến tổn thương thần kinh và các biến chứng khác.","https://web.archive.org/web/https://bachmai.gov.vn/bai-viet/doi-moi-tu-duy-dieu-tri-dai-thao-duong-typ-2-va-chien-luoc-kiem-soat-toan-dien-bien-chung-than-kinh?id=090463d0-4515-40c8-919c-8bebc41e2c01"
"1316","RISK_ee81856885","RiskFactor","Trình độ học vấn thấp","Người có trình độ học vấn thấp dễ bị ảnh hưởng bởi thói quen ăn uống và vận động không lành mạnh. | Người có trình độ học vấn thấp thường thiếu kiến thức dinh dưỡng và chăm sóc sức khỏe.","https://sti.vista.gov.vn/publication/view/9adff40ef63a8d1369d3d79d00873f07-31f274dab6ec362c550c75293a9d13cd-448878.html | https://web.archive.org/web/https://sti.vista.gov.vn/publication/view/9adff40ef63a8d1369d3d79d00873f07-31f274dab6ec362c550c75293a9d13cd-448878.html"
"1317","RISK_ee88260833","RiskFactor","Tình trạng ít vận động","Lối sống góp phần làm gia tăng nguy cơ mắc đái tháo đường típ 2 ở người trẻ.","https://bachmai.gov.vn/bai-viet/cap-nhat-xu-huong-moi-trong-dieu-tri-dai-thao-duong-tip-2?id=d4ab61a0-919e-0805-1cdd-fe092c98c88e"
"1318","RISK_ee8acc5e6d","RiskFactor","Rối loạn hệ thần kinh giao cảm","Một cơ chế sinh lý gây ra tăng huyết áp. | Tăng hoạt động của hệ thần kinh giao cảm làm tăng huyết áp. | Hệ thống thần kinh ảnh hưởng đến điều hòa huyết áp. | Tăng hoạt động của hệ thần kinh giao cảm làm tăng huyết áp. | Một cơ chế sinh lý gây ra tăng huyết áp.","https://web.archive.org/web/http://bvhoanghoa.ytethanhhoa.gov.vn/web/khoa-phong-chuc-nang/khoa-phong-chuc-nang/to-cong-tac-xa-hoi/benh-tang-huyet-ap-ke-giet-nguoi-tham-lang.html"
"1319","RISK_eef53a52eb","RiskFactor","Cao huyết áp kéo dài","Áp lực máu cao làm tổn thương các mạch máu nhỏ trong thận.","https://web.archive.org/web/https://bachmai.gov.vn/bai-viet/sai-lam-trong-dinh-duong-khien-suy-than-man-them-tram-trong-dau-la-giai-phap?id=1ff0d3d0-62f4-4159-a23b-758572e7f600"
"1320","RISK_efbc73aef0","RiskFactor","Hẹp động mạch thận","Nguyên nhân gây tăng huyết áp và suy thận, tỷ lệ mắc cao (93%).","https://web.archive.org/web/https://tamanhhospital.vn/tang-huyet-ap-trong-benh-than/"
"1321","RISK_f020f552c9","RiskFactor","Ăn kiêng quá mức","Là yếu tố gây hạ glucose máu, đặc biệt nguy hiểm khi kết hợp với thuốc. | Là yếu tố gây hạ glucose máu. | Gây hạ glucose máu, đặc biệt ở người cao tuổi. | Là yếu tố gây hạ glucose máu. | Là yếu tố gây hạ glucose máu. | Là yếu tố gây hạ glucose máu. | Là yếu tố gây hạ glucose máu. | Là yếu tố gây hạ glucose máu.","https://bachmai.gov.vn/bai-viet/bien-chung-cua-benh-dai-thao-duong?id=f17ffc43-5abb-5dcb-54d1-d3887440a421 | https://bachmai.gov.vn/bai-viet/bien-chung-cua-benh-dai-thao-duong?id=f17ffc43-5abb-5dcb-54d1-d3887440a421 | https://web.archive.org/web/https://bachmai.gov.vn/bai-viet/bien-chung-cua-benh-dai-thao-duong?id=f17ffc43-5abb-5dcb-54d1-d3887440a421 | https://web.archive.org/web/https://bachmai.gov.vn/bai-viet/bien-chung-cua-benh-dai-thao-duong?id=f17ffc43-5abb-5dcb-54d1-d3887440a421 | https://web.archive.org/web/https://bachmai.gov.vn/bai-viet/bien-chung-cua-benh-dai-thao-duong?id=f17ffc43-5abb-5dcb-54d1-d3887440a421 | https://bachmai.gov.vn/bai-viet/bien-chung-cua-benh-dai-thao-duong?id=f17ffc43-5abb-5dcb-54d1-d3887440a421 | https://web.archive.org/web/https://bachmai.gov.vn/bai-viet/bien-chung-cua-benh-dai-thao-duong?id=f17ffc43-5abb-5dcb-54d1-d3887440a421 | https://web.archive.org/web/https://bachmai.gov.vn/bai-viet/bien-chung-cua-benh-dai-thao-duong?id=f17ffc43-5abb-5dcb-54d1-d3887440a421 | https://web.archive.org/web/https://bachmai.gov.vn/bai-viet/bien-chung-cua-benh-dai-thao-duong?id=f17ffc43-5abb-5dcb-54d1-d3887440a421"
"1322","RISK_f3c0e7242c","RiskFactor","Di truyền tự miễn","Nguy cơ cao do gen liên quan đến hệ miễn dịch bị kích hoạt.","https://benhviennhitrunguong.gov.vn/hoi-thao-xu-huong-dieu-tri-dai-thao-duong-tip-1-chung-ta-khong-the-dung-ngoai.html"
"1323","RISK_f43dc8790e","RiskFactor","Stress","Gây tăng huyết áp tạm thời và lâu dài nếu không được kiểm soát. | Tăng huyết áp tạm thời và lâu dài do căng thẳng thần kinh. | Tình trạng căng thẳng kéo dài gây tăng huyết áp tạm thời và mãn tính. | Tăng huyết áp tạm thời và lâu dài do căng thẳng thần kinh. | Tình trạng căng thẳng kéo dài gây tăng huyết áp tạm thời và mãn tính.","http://bvhoanghoa.ytethanhhoa.gov.vn/web/khoa-phong-chuc-nang/khoa-phong-chuc-nang/phong-cong-tac-xa-hoi/dieu-can-luu-y-khi-dieu-tri-tang-huyet-ap.html | https://web.archive.org/web/http://bvhoanghoa.ytethanhhoa.gov.vn/web/khoa-phong-chuc-nang/khoa-phong-chuc-nang/phong-cong-tac-xa-hoi/dieu-can-luu-y-khi-dieu-tri-tang-huyet-ap.html | https://web.archive.org/web/http://bvhoanghoa.ytethanhhoa.gov.vn/web/khoa-phong-chuc-nang/khoa-phong-chuc-nang/phong-cong-tac-xa-hoi/dieu-can-luu-y-khi-dieu-tri-tang-huyet-ap.html | https://web.archive.org/web/http://bvhoanghoa.ytethanhhoa.gov.vn/web/khoa-phong-chuc-nang/khoa-phong-chuc-nang/phong-cong-tac-xa-hoi/dieu-can-luu-y-khi-dieu-tri-tang-huyet-ap.html"
"1324","RISK_f60356b256","RiskFactor","Ít vận động thể lực","Yếu tố nguy cơ làm tăng nguy cơ đái tháo đường. | Thiếu hoạt động thể chất làm tăng nguy cơ mắc bệnh tim mạch.","https://web.archive.org/web/https://www.benhviendakhoasongma.gov.vn/bai-viet/benh-dai-thao-duong-220 | http://cdc.hatinh.gov.vn/vi/%1Cbenh-khong-lay-nhiem/topic/6029 | https://web.archive.org/web/http://cdc.hatinh.gov.vn/vi/%1Cbenh-khong-lay-nhiem/topic/6029"
"1325","RISK_f6436124c9","RiskFactor","Thiếu hoạt động thể chất","Gây rối loạn chuyển hóa và tăng nguy cơ mắc bệnh.","https://web.archive.org/web/https://benhvienquynhon.gov.vn/tin-tuc/hoat-dong-cua-ttyt/dai-thao-duong-va-nhung-dieu-ban-can-biet/"
"1326","RISK_f6ef3afe5a","RiskFactor","Tiền đái tháo đường","Trạng thái tiền bệnh, dễ tiến triển thành đái tháo đường. | Yếu tố nguy cơ có thể can thiệp được gây ra đái tháo đường type 2. | Trạng thái tiền bệnh có nguy cơ cao tiến triển thành đái tháo đường type 2. | Trạng thái tiền bệnh, dễ tiến triển thành đái tháo đường. | Trạng thái tiền bệnh là yếu tố nguy cơ cao cho việc phát triển thành đái tháo đường tuýp 2. | Trạng thái tiền bệnh là yếu tố nguy cơ cao cho việc phát triển thành đái tháo đường tuýp 2. | Trạng thái tiền bệnh có mức glucose cao hơn bình thường nhưng chưa đạt tiêu chuẩn đái tháo đường. | Trạng thái tiền bệnh, nếu không can thiệp sẽ tiến triển thành đái tháo đường tuýp 2. | Trạng thái tiền bệnh là yếu tố nguy cơ cao cho việc phát triển thành đái tháo đường tuýp 2. | Yếu tố nguy cơ không can thiệp được gây ra đái tháo đường type 2. | Yếu tố nguy cơ dẫn đến đái tháo đường type 2. | Yếu tố nguy cơ dẫn đến đái tháo đường type 2. | Yếu tố nguy cơ có thể can thiệp được gây ra đái tháo đường type 2. | Yếu tố nguy cơ dẫn đến đái tháo đường type 2. | Yếu tố nguy cơ dẫn đến đái tháo đường type 2. | Trạng thái tiền bệnh, dễ tiến triển thành đái tháo đường.","https://web.archive.org/web/https://xayenmo.ninhbinh.gov.vn/y-te-giao-duc/benh-dai-thao-duong-dau-hieu-nhan-biet-phan-loai-va-dieu-tri-389.html | https://xayenmo.ninhbinh.gov.vn/y-te-giao-duc/benh-dai-thao-duong-dau-hieu-nhan-biet-phan-loai-va-dieu-tri-389.html | http://ttyt.tamduong.laichau.gov.vn/quan-ly-nha-nuoc/hoat-dong-doan-doi/dai-thao-duong-tuyp-2-nguyen-nhan-trieu-chung-chan-doan-va-d.html | http://ttyt.tamduong.laichau.gov.vn/quan-ly-nha-nuoc/hoat-dong-doan-doi/dai-thao-duong-tuyp-2-nguyen-nhan-trieu-chung-chan-doan-va-d.html | https://web.archive.org/web/http://ttyt.tamduong.laichau.gov.vn/quan-ly-nha-nuoc/hoat-dong-doan-doi/dai-thao-duong-tuyp-2-nguyen-nhan-trieu-chung-chan-doan-va-d.html | http://ttyt.tamduong.laichau.gov.vn/quan-ly-nha-nuoc/hoat-dong-doan-doi/dai-thao-duong-tuyp-2-nguyen-nhan-trieu-chung-chan-doan-va-d.html | https://web.archive.org/web/http://ttyt.tamduong.laichau.gov.vn/quan-ly-nha-nuoc/hoat-dong-doan-doi/dai-thao-duong-tuyp-2-nguyen-nhan-trieu-chung-chan-doan-va-d.html | https://xayenmo.ninhbinh.gov.vn/y-te-giao-duc/benh-dai-thao-duong-dau-hieu-nhan-biet-phan-loai-va-dieu-tri-389.html | https://web.archive.org/web/https://xayenmo.ninhbinh.gov.vn/y-te-giao-duc/benh-dai-thao-duong-dau-hieu-nhan-biet-phan-loai-va-dieu-tri-389.html | https://web.archive.org/web/https://xayenmo.ninhbinh.gov.vn/y-te-giao-duc/benh-dai-thao-duong-dau-hieu-nhan-biet-phan-loai-va-dieu-tri-389.html | https://xayenmo.ninhbinh.gov.vn/y-te-giao-duc/benh-dai-thao-duong-dau-hieu-nhan-biet-phan-loai-va-dieu-tri-389.html | https://xayenmo.ninhbinh.gov.vn/y-te-giao-duc/benh-dai-thao-duong-dau-hieu-nhan-biet-phan-loai-va-dieu-tri-389.html | https://xayenmo.ninhbinh.gov.vn/y-te-giao-duc/benh-dai-thao-duong-dau-hieu-nhan-biet-phan-loai-va-dieu-tri-389.html"
"1327","RISK_f708afc5d4","RiskFactor","Có người thân đời thứ nhất bị đái tháo đường","Tăng nguy cơ di truyền.","https://web.archive.org/web/https://bachmai.gov.vn/tin-chi-tiet/-/bai-viet/chan-doan-som-benh-dai-thao-duong-tip-2-9427-146.html"
"1328","RISK_f749590566","RiskFactor","Dị nguyên đường hô hấp","Các chất gây dị ứng như bụi nhà, phấn hoa, nấm mốc, khói thuốc lá có thể khởi phát cơn hen. | Bụi nhà, phấn hoa, nấm mốc, lông động vật, khói thuốc lá... là yếu tố khởi phát cơn hen phổ biến.","https://web.archive.org/web/http://phacdo.soytequangninh.gov.vn/news/tin-tuc-su-kien/hen-phe-quan-hieu-dung-de-song-khoe-dieu-tri-hieu-qua-phong-ngua-chu-dong.html | http://phacdo.soytequangninh.gov.vn/news/tin-tuc-su-kien/hen-phe-quan-hieu-dung-de-song-khoe-dieu-tri-hieu-qua-phong-ngua-chu-dong.html"
"1329","RISK_f75fead332","RiskFactor","Thời tiết lạnh đột ngột","Gây kích ứng phế quản, làm tăng khả năng lên cơn hen. | Gây khô lớp chất lỏng bảo vệ phế quản, làm tăng kích ứng và trầm trọng cơn hen. | Gây khô lớp chất lỏng bảo vệ phế quản và làm tăng kích ứng. | Gây khô lớp chất lỏng bảo vệ phế quản, làm tăng kích ứng và trầm trọng cơn hen. | Gây khô lớp chất lỏng bảo vệ phế quản và làm tăng kích ứng.","http://phacdo.soytequangninh.gov.vn/news/chuyen-khoa-sau/phong-benh-hen-phe-quan-khi-thoi-tiet-thay-doi.html | https://web.archive.org/web/http://phacdo.soytequangninh.gov.vn/news/chuyen-khoa-sau/phong-benh-hen-phe-quan-khi-thoi-tiet-thay-doi.html | http://phacdo.soytequangninh.gov.vn/news/chuyen-khoa-sau/phong-benh-hen-phe-quan-khi-thoi-tiet-thay-doi.html"
"1330","RISK_fa414e0554","RiskFactor","Tình trạng kinh tế","Ảnh hưởng đến khả năng tiếp cận thuốc và dịch vụ y tế.","https://web.archive.org/web/http://www.tapchiyhocduphong.vn/tap-chi-y-hoc-du-phong/2021/09/tuan-thu-dieu-tri-va-cac-yeu-to-lien-quan-o-benh-nhan-dai-thao-duong-tuyp-2-dieu-o81E20B40.html"
"1331","RISK_fa9888ea2f","RiskFactor","Stress cảm xúc","Yếu tố tâm lý kích hoạt cơn hen.","https://www.vinmec.com/vie/bai-viet/bien-chung-lau-dai-cua-benh-hen-phe-quan-vi"
"1332","RISK_faa8778226","RiskFactor","Ít vận động","Hoạt động thể chất thấp làm tăng nguy cơ mắc bệnh. | Giảm khả năng điều hòa đường huyết và tăng nguy cơ ĐTĐ. | Hoạt động thể lực thấp làm giảm khả năng điều hòa glucose, tăng nguy cơ đái tháo đường.","https://web.archive.org/web/https://bachmai.gov.vn/bai-viet/chan-doan-som-benh-dai-thao-duong-tip-2?id=59f9c51f-418e-9437-823c-a1a6c23c33e4 | https://www.vinmec.com/vie/bai-viet/tong-quan-ve-benh-dai-thao-duong-vi | https://www.vinmec.com/vie/bai-viet/tong-quan-ve-benh-dai-thao-duong-vi"
"1333","RISK_faf2536469","RiskFactor","Hút thuốc lá","Tác hại của nicotine làm tổn thương mạch máu, tăng nguy cơ đái tháo đường. | Gây tổn thương mạch máu, tăng nguy cơ biến chứng tim mạch. | Tác hại của nicotine và hóa chất trong thuốc làm tăng nguy cơ. | Là yếu tố nguy cơ tim mạch, cần ngừng hoàn toàn. | Gây tổn thương mạch máu và tăng huyết áp. | Gây tổn thương mạch máu và tăng huyết áp do nicotine. | Tác động của nicotine và các chất độc hại gây co thắt mạch máu. | Thuốc lá gây tổn thương nội mạc mạch máu. | Gây tổn thương mạch máu và tăng huyết áp. | Tăng nguy cơ tổn thương mạch máu và tim. | Thuốc lá làm tổn thương mạch máu và tăng huyết áp. | Tác động của nicotine và các chất độc hại gây co thắt mạch máu. | Là yếu tố nguy cơ tim mạch, cần ngừng hoàn toàn. | Gây tổn thương mạch máu, tăng nguy cơ tim mạch và huyết áp cao. | Yếu tố nguy cơ tim mạch, làm tăng huyết áp và tổn thương mạch. | Nguyên nhân chính gây COPD, càng nhiều và lâu thì nguy cơ càng cao. | Nguyên nhân chính gây tổn thương phổi kéo dài, dẫn đến COPD. | Nguyên nhân hàng đầu gây COPD, cả chủ động lẫn thụ động. | Yếu tố nguy cơ hàng đầu gây COPD, cả chủ động lẫn thụ động. | Nguyên nhân chính gây COPD do khói thuốc làm tổn thương phổi và gây viêm mãn tính. | Yếu tố nguy cơ hàng đầu gây COPD, cả chủ động lẫn thụ động. | Là yếu tố nguy cơ hàng đầu gây ra COPD, cả chủ động và thụ động. | Là yếu tố nguy cơ hàng đầu gây ra COPD, cả chủ động và thụ động đều tăng nguy cơ. | Nguyên nhân hàng đầu gây COPD và tăng nguy cơ đợt cấp. | Yếu tố nguy cơ hàng đầu gây COPD, cả chủ động lẫn thụ động. | Nguyên nhân hàng đầu gây COPD, đặc biệt ở nam giới hút thuốc lâu dài. | Là yếu tố nguy cơ hàng đầu gây ra COPD, cả chủ động và thụ động. | Yếu tố nguy cơ hàng đầu gây COPD, cả chủ động và thụ động. | Nguyên nhân chính gây COPD do khói thuốc làm tổn thương phổi và gây viêm mãn tính. | Nguyên nhân hàng đầu gây COPD, cả chủ động lẫn thụ động đều tăng nguy cơ.","https://cdc.ninhbinh.gov.vn/tin-tuc-su-kien/benh-dai-thao-duong-va-cach-phong-ngua-benh2.html | https://web.archive.org/web/http://soyte.hatinh.gov.vn/tin-tuc-su-kien/thong-tin-y-te/bai-truyen-thong-benh-dai-thao-duong-va-cach-phong-ngua-benh.html | http://soyte.hatinh.gov.vn/tin-tuc-su-kien/thong-tin-y-te/bai-truyen-thong-benh-dai-thao-duong-va-cach-phong-ngua-benh.html | https://chanthuongvacotsong.bachmai.gov.vn/huong-dan-chan-doan-va-dieu-tri-tang-huyet-ap/ | https://www.vinmec.com/vie/bai-viet/dieu-tri-tang-huyet-ap-kem-suy-man-vi | https://bachmai.gov.vn/tin-chi-tiet/-/bai-viet/tang-huyet-ap-can-benh-tham-lang-nhung-nguy-hiem-8463-146.html | https://web.archive.org/web/https://bachmai.gov.vn/tin-chi-tiet/-/bai-viet/tang-huyet-ap-can-benh-tham-lang-nhung-nguy-hiem-8463-146.html | https://www.vinmec.com/vie/bai-viet/dieu-tri-tang-huyet-ap-kem-suy-man-vi | https://bachmai.gov.vn/tin-chi-tiet/-/bai-viet/tang-huyet-ap-can-benh-tham-lang-nhung-nguy-hiem-8463-146.html | https://web.archive.org/web/https://bachmai.gov.vn/tin-chi-tiet/-/bai-viet/tang-huyet-ap-can-benh-tham-lang-nhung-nguy-hiem-8463-146.html | https://bachmai.gov.vn/tin-chi-tiet/-/bai-viet/tang-huyet-ap-can-benh-tham-lang-nhung-nguy-hiem-8463-146.html | https://web.archive.org/web/https://bachmai.gov.vn/tin-chi-tiet/-/bai-viet/tang-huyet-ap-can-benh-tham-lang-nhung-nguy-hiem-8463-146.html | https://web.archive.org/web/https://chanthuongvacotsong.bachmai.gov.vn/huong-dan-chan-doan-va-dieu-tri-tang-huyet-ap/ | https://chanthuongvacotsong.bachmai.gov.vn/huong-dan-chan-doan-va-dieu-tri-tang-huyet-ap/ | https://web.archive.org/web/https://chanthuongvacotsong.bachmai.gov.vn/huong-dan-chan-doan-va-dieu-tri-tang-huyet-ap/ | https://chanthuongvacotsong.bachmai.gov.vn/huong-dan-chan-doan-va-dieu-tri-tang-huyet-ap/ | https://www.vinmec.com/vie/bai-viet/benh-phoi-tac-nghen-man-tinh-copd-vi | https://tamanhhospital.vn/giai-doan-benh-phoi-tac-nghen-man-tinh/ | https://bachmai.gov.vn/bai-viet/benh-phoi-tac-nghen-man-tinh-hieu-dung-phong-ngua-va-phat-hien-som-cung-chuyen-gia-benh-vien-bach-mai?id=bef483aa-6fde-433a-b2e8-b373eb7903a6 | https://medlatec.vn/tin-tuc/benh-nhan-phoi-tac-nghen-phoi-man-tinh-song-duoc-bao-lau-cai-thien-tuoi-tho-bang-cach-nao | https://web.archive.org/web/https://bachmai.gov.vn/bai-viet/benh-phoi-tac-nghen-man-tinh-hieu-dung-phong-ngua-va-phat-hien-som-cung-chuyen-gia-benh-vien-bach-mai?id=bef483aa-6fde-433a-b2e8-b373eb7903a6 | https://web.archive.org/web/https://bachmai.gov.vn/bai-viet/benh-phoi-tac-nghen-man-tinh-hieu-dung-phong-ngua-va-phat-hien-som-cung-chuyen-gia-benh-vien-bach-mai?id=bef483aa-6fde-433a-b2e8-b373eb7903a6 | https://bachmai.gov.vn/bai-viet/benh-phoi-tac-nghen-man-tinh-hieu-dung-phong-ngua-va-phat-hien-som-cung-chuyen-gia-benh-vien-bach-mai?id=bef483aa-6fde-433a-b2e8-b373eb7903a6 | https://bachmai.gov.vn/bai-viet/phong-dot-cap-benh-phoi-tac-nghen-man-tinh?id=28510cbf-b2a4-a5e6-65a7-7b91e89cf5eb | https://bachmai.gov.vn/bai-viet/benh-phoi-tac-nghen-man-tinh-hieu-dung-phong-ngua-va-phat-hien-som-cung-chuyen-gia-benh-vien-bach-mai?id=bef483aa-6fde-433a-b2e8-b373eb7903a6 | https://web.archive.org/web/https://bachmai.gov.vn/bai-viet/benh-phoi-tac-nghen-man-tinh-hieu-dung-phong-ngua-va-phat-hien-som-cung-chuyen-gia-benh-vien-bach-mai?id=bef483aa-6fde-433a-b2e8-b373eb7903a6 | http://benhvienphoi.hatinh.gov.vn/chi-tiet-tin-tuc?slug=hay-nhan-biet-som-va-phong-ngua-benh-phoi-tac-nghen-man-tinh-copd | https://web.archive.org/web/http://benhvienphoi.hatinh.gov.vn/chi-tiet-tin-tuc?slug=hay-nhan-biet-som-va-phong-ngua-benh-phoi-tac-nghen-man-tinh-copd | https://tamanhhospital.vn/giai-doan-benh-phoi-tac-nghen-man-tinh/ | https://web.archive.org/web/https://bachmai.gov.vn/bai-viet/benh-phoi-tac-nghen-man-tinh-hieu-dung-phong-ngua-va-phat-hien-som-cung-chuyen-gia-benh-vien-bach-mai?id=bef483aa-6fde-433a-b2e8-b373eb7903a6 | https://bachmai.gov.vn/bai-viet/benh-phoi-tac-nghen-man-tinh-hieu-dung-phong-ngua-va-phat-hien-som-cung-chuyen-gia-benh-vien-bach-mai?id=bef483aa-6fde-433a-b2e8-b373eb7903a6"
"1334","RISK_faf8801c98","RiskFactor","Bệnh đồng mắc","Các bệnh như tim mạch, thận mạn làm tăng nguy cơ biến chứng và cần điều trị đa chiều.","https://web.archive.org/web/https://bachmai.gov.vn/bai-viet/doi-moi-tu-duy-dieu-tri-dai-thao-duong-typ-2-va-chien-luoc-kiem-soat-toan-dien-bien-chung-than-kinh?id=090463d0-4515-40c8-919c-8bebc41e2c01"
"1335","RISK_fc3f779f02","RiskFactor","Hạ đường huyết","Nguy cơ xảy ra khi điều trị không phù hợp, ảnh hưởng đến chất lượng cuộc sống và an toàn.","https://web.archive.org/web/https://bachmai.gov.vn/bai-viet/doi-moi-tu-duy-dieu-tri-dai-thao-duong-typ-2-va-chien-luoc-kiem-soat-toan-dien-bien-chung-than-kinh?id=090463d0-4515-40c8-919c-8bebc41e2c01"
"1336","RISK_fca0971f09","RiskFactor","Tiền căn gia đình bị tiểu đường","Tăng nguy cơ di truyền và phát triển bệnh.","https://syt.dongnai.gov.vn/vi/news/Suc-khoe-cong-dong/nhung-bien-chung-nguy-hiem-cua-benh-tieu-duong-2511.html"
"1337","RISK_fdb531b6a4","RiskFactor","Đái tháo đường","Yếu tố nguy cơ làm tăng đáng kể nguy cơ biến cố tim mạch khi dùng clopidogrel. | Yếu tố nguy cơ làm tăng tỷ lệ biến cố tim mạch và tử vong khi sử dụng clopidogrel.","https://web.archive.org/web/http://www.tapchiyhocduphong.vn/tap-chi-y-hoc-du-phong/2019/09/nguy-co-bien-co-tim-mach-o-benh-nhan-su-dung-clopidogrel-mac-va-khong-mac-dai-th-o81E2084E.html"
"1338","RISK_fdb5b78bab","RiskFactor","Stress và gắng sức thể chất","Ảnh hưởng đến hệ thần kinh thực vật, làm rối loạn điều hòa đường thở.","https://medlatec.vn/tu-dien-benh-ly/con-hen-ac-tinh"
"1339","RISK_fe13e7c573","RiskFactor","Tiếp xúc với bụi nhà","Bụi trong nhà là yếu tố kích thích thường gặp gây cơn hen.","https://www.vinmec.com/vie/benh/hen-phe-quan-2949"
"1340","RISK_fee0102222","RiskFactor","Thiếu dinh dưỡng","Gây rối loạn chuyển hóa glucose và tăng nguy cơ ĐTĐ típ 1.","https://benhviennhitrunguong.gov.vn/hoi-thao-xu-huong-dieu-tri-dai-thao-duong-tip-1-chung-ta-khong-the-dung-ngoai.html"
"1341","RISK_fee891a11a","RiskFactor","Chế độ ăn uống không lành mạnh","Nhiều đường, chất béo và tinh bột gây tăng cân và đề kháng insulin. | Ăn nhiều tinh bột, ít chất xơ gây dư thừa năng lượng và tăng nguy cơ đái tháo đường. | Tăng nguy cơ do năng lượng dư thừa và thiếu chất xơ. | Yếu tố môi trường làm tăng nguy cơ mắc đái tháo đường týp 2. | Ăn nhiều tinh bột, ít chất xơ gây dư thừa năng lượng và tăng nguy cơ đái tháo đường. | Ăn nhiều tinh bột, ít chất xơ gây dư thừa năng lượng và tăng nguy cơ đái tháo đường. | Tăng nguy cơ do năng lượng dư thừa và thiếu chất xơ. | Ăn nhiều tinh bột, ít chất xơ gây dư thừa năng lượng và tăng nguy cơ đái tháo đường. | Tăng nguy cơ do năng lượng dư thừa và thiếu chất xơ. | Nhiều đường, tinh bột và chất béo gây tăng cân và đề kháng insulin. | Nhiều muối, ít kali, vitamin D, rượu, thuốc lá. | Ăn nhiều muối, thiếu rau xanh và chất béo tốt làm tăng huyết áp. | Nhiều muối, ít kali, vitamin D, rượu, thuốc lá.","https://web.archive.org/web/https://benhviennhitrunguong.gov.vn/benh-dai-thao-duong-o-tre-em.html | https://web.archive.org/web/https://vncdc.gov.vn/huong-dan-chan-doan-va-dieu-tri-benh-dai-thao-duong-tuyp-2-nd14582.html | https://chanthuongvacotsong.bachmai.gov.vn/huong-dan-chan-doan-va-dieu-tri-dai-thao-duong-type-2/ | https://web.archive.org/web/https://chanthuongvacotsong.bachmai.gov.vn/huong-dan-chan-doan-va-dieu-tri-dai-thao-duong-type-2/ | https://web.archive.org/web/https://vncdc.gov.vn/huong-dan-chan-doan-va-dieu-tri-benh-dai-thao-duong-tuyp-2-nd14582.html | https://web.archive.org/web/https://vncdc.gov.vn/huong-dan-chan-doan-va-dieu-tri-benh-dai-thao-duong-tuyp-2-nd14582.html | https://web.archive.org/web/https://chanthuongvacotsong.bachmai.gov.vn/huong-dan-chan-doan-va-dieu-tri-dai-thao-duong-type-2/ | https://chanthuongvacotsong.bachmai.gov.vn/huong-dan-chan-doan-va-dieu-tri-dai-thao-duong-type-2/ | https://web.archive.org/web/https://vncdc.gov.vn/huong-dan-chan-doan-va-dieu-tri-benh-dai-thao-duong-tuyp-2-nd14582.html | https://chanthuongvacotsong.bachmai.gov.vn/huong-dan-chan-doan-va-dieu-tri-dai-thao-duong-type-2/ | https://web.archive.org/web/https://chanthuongvacotsong.bachmai.gov.vn/huong-dan-chan-doan-va-dieu-tri-dai-thao-duong-type-2/ | https://benhviennhitrunguong.gov.vn/benh-dai-thao-duong-o-tre-em.html | https://chanthuongvacotsong.bachmai.gov.vn/cao-huyet-ap-am-tham-ma-rat-hiem/ | http://cdc.hatinh.gov.vn/vi/%1Cbenh-khong-lay-nhiem/topic/6029 | https://web.archive.org/web/http://cdc.hatinh.gov.vn/vi/%1Cbenh-khong-lay-nhiem/topic/6029 | https://chanthuongvacotsong.bachmai.gov.vn/cao-huyet-ap-am-tham-ma-rat-hiem/"
"1342","RISK_ff5141e6a7","RiskFactor","Thời gian mắc đái tháo đường","Yếu tố nguy cơ chính dẫn đến tổn thương võng mạc. | Đây là yếu tố nguy cơ cao nhất dẫn đến sự phát triển của bệnh võng mạc đái tháo đường. | Đây là yếu tố nguy cơ cao nhất dẫn đến phát triển bệnh võng mạc, càng kéo dài thời gian mắc bệnh thì nguy cơ càng tăng.","https://nsti.vista.gov.vn/publication/view/dac-diem-lam-sang-can-lam-sang-va-bien-chung-mat-tren-benh-nhan-dai-thao-duong-type-2-dieu-tri-tai-khoa-noi-3-benh-vien-huu-nghi-viet-tiep-hai-phong-339420.html | https://web.archive.org/web/https://benhvienmathanoi.gov.vn/tam-soat-benh-vong-mac-dai-thao-duong/ | https://benhvienmathanoi.gov.vn/tam-soat-benh-vong-mac-dai-thao-duong/"
"1343","RISK_ffec7191bc","RiskFactor","Uống rượu bia nhiều","Gây tăng huyết áp và ảnh hưởng đến chức năng gan thận.","https://web.archive.org/web/https://chanthuongvacotsong.bachmai.gov.vn/huong-dan-chan-doan-va-dieu-tri-tang-huyet-ap/ | https://chanthuongvacotsong.bachmai.gov.vn/huong-dan-chan-doan-va-dieu-tri-tang-huyet-ap/"
