"node_index","node_id","node_type","node_name","node_description","node_source"
"226","SYMP_00b66d965e","Symptom","Châm chích bỏng rát","Cảm giác khó chịu do tổn thương thần kinh ngoại biên, thường xuất hiện ở tay chân.","https://bachmai.gov.vn/bai-viet/doi-moi-tu-duy-dieu-tri-dai-thao-duong-typ-2-va-chien-luoc-kiem-soat-toan-dien-bien-chung-than-kinh?id=090463d0-4515-40c8-919c-8bebc41e2c01"
"227","SYMP_010f16d5a9","Symptom","Rụng tóc","Triệu chứng kèm theo rối loạn chuyển hóa. | Triệu chứng liên quan đến rối loạn chuyển hóa và thiếu hụt dinh dưỡng.","https://xayenmo.ninhbinh.gov.vn/y-te-giao-duc/benh-dai-thao-duong-dau-hieu-nhan-biet-phan-loai-va-dieu-tri-389.html"
"228","SYMP_02161c64d8","Symptom","Không tuân thủ điều trị","Người bệnh khó chấp nhận hoặc không tuân thủ phác đồ tiêm phức tạp hơn (2-4 mũi/ngày).","https://bachmai.gov.vn/bai-viet/dieu-tri-dai-thao-duong-tip-2-buoc-tien-moi-tu-insulin-nen-the-he-2-va-iglarlixi?id=5cdac324-549d-40aa-b3e6-80214932d112"
"229","SYMP_02985fa837","Symptom","Khó thở ở người hút thuốc","Người hút thuốc lâu năm thường gặp triệu chứng khó thở sớm do tổn thương phổi.","https://web.archive.org/web/https://bachmai.gov.vn/bai-viet/benh-phoi-tac-nghen-man-tinh-hieu-dung-phong-ngua-va-phat-hien-som-cung-chuyen-gia-benh-vien-bach-mai?id=bef483aa-6fde-433a-b2e8-b373eb7903a6"
"230","SYMP_03216f1e75","Symptom","Tắc mạch dẫn đến cụt chi","Biến chứng do tắc nghẽn mạch máu, có thể dẫn đến mất chi.","https://web.archive.org/web/http://soyte.hatinh.gov.vn/tin-tuc-su-kien/thong-tin-y-te/bai-truyen-thong-benh-dai-thao-duong-va-cach-phong-ngua-benh.html | http://soyte.hatinh.gov.vn/tin-tuc-su-kien/thong-tin-y-te/bai-truyen-thong-benh-dai-thao-duong-va-cach-phong-ngua-benh.html"
"231","SYMP_04ced1b570","Symptom","Sút cân","Triệu chứng thường gặp khi mắc đái tháo đường type 1 hoặc type 2. | Triệu chứng kèm theo tăng đường huyết mạn tính. | Do cơ thể phân hủy chất béo và protein để cung cấp năng lượng khi không sử dụng glucose. | Triệu chứng thường gặp khi mắc đái tháo đường type 1 hoặc type 2. | Triệu chứng thường gặp khi mắc đái tháo đường type 1 hoặc type 2. | Triệu chứng thường gặp khi mắc đái tháo đường type 1 hoặc type 2. | Triệu chứng thường đi kèm với tăng đường huyết mạn tính.","https://web.archive.org/web/https://xayenmo.ninhbinh.gov.vn/y-te-giao-duc/benh-dai-thao-duong-dau-hieu-nhan-biet-phan-loai-va-dieu-tri-389.html | https://xayenmo.ninhbinh.gov.vn/y-te-giao-duc/benh-dai-thao-duong-dau-hieu-nhan-biet-phan-loai-va-dieu-tri-389.html | https://web.archive.org/web/http://bvthanhpho.ytethanhhoa.gov.vn/web/trang-chu/khoa-phong-chuc-nang/khoa-lam-sang/khoa-noi-nhi/benh-dai-thao-duong-va-dau-hieu-nhan-biet-benh-dai-thao-duong.html | https://xayenmo.ninhbinh.gov.vn/y-te-giao-duc/benh-dai-thao-duong-dau-hieu-nhan-biet-phan-loai-va-dieu-tri-389.html | https://web.archive.org/web/https://xayenmo.ninhbinh.gov.vn/y-te-giao-duc/benh-dai-thao-duong-dau-hieu-nhan-biet-phan-loai-va-dieu-tri-389.html | https://web.archive.org/web/https://xayenmo.ninhbinh.gov.vn/y-te-giao-duc/benh-dai-thao-duong-dau-hieu-nhan-biet-phan-loai-va-dieu-tri-389.html | https://xayenmo.ninhbinh.gov.vn/y-te-giao-duc/benh-dai-thao-duong-dau-hieu-nhan-biet-phan-loai-va-dieu-tri-389.html | https://xayenmo.ninhbinh.gov.vn/y-te-giao-duc/benh-dai-thao-duong-dau-hieu-nhan-biet-phan-loai-va-dieu-tri-389.html"
"232","SYMP_04ced1b570","Symptom","Sụt cân","Do cơ thể không hấp thu đủ glucose và chuyển sang phân giải chất béo. | Do cơ thể không sử dụng được glucose để tạo năng lượng, buộc phải phân giải mỡ và cơ bắp. | Do cơ thể không sử dụng được glucose để tạo năng lượng, buộc phải phân giải mỡ và protein. | Do cơ thể không sử dụng được glucose để tạo năng lượng, buộc phải phân giải mỡ và protein. | Do cơ thể không thể sử dụng glucose để tạo năng lượng, buộc phải phân giải mỡ và cơ bắp. | Do cơ thể không thể sử dụng glucose để tạo năng lượng, buộc phải phân giải mỡ và protein. | Do cơ thể không sử dụng được glucose để tạo năng lượng, buộc phải phân giải mỡ và cơ bắp. | Do cơ thể không thể sử dụng glucose để tạo năng lượng, buộc phải phân giải mỡ và cơ bắp. | Do cơ thể không sử dụng được glucose để tạo năng lượng, buộc phải phân giải mỡ và cơ bắp. | Do cơ thể không thể sử dụng glucose để tạo năng lượng, buộc phải phân giải mỡ và cơ bắp. | Do cơ thể không thể sử dụng glucose để tạo năng lượng, buộc phải phân giải mỡ và protein.","https://syt.dongnai.gov.vn/vi/news/Suc-khoe-cong-dong/nhung-bien-chung-nguy-hiem-cua-benh-tieu-duong-2511.html | https://benhviennhitrunguong.gov.vn/benh-dai-thao-duong-o-tre-em.html | https://web.archive.org/web/https://benhviennhitrunguong.gov.vn/benh-dai-thao-duong-o-tre-em.html | https://web.archive.org/web/https://benhviennhitrunguong.gov.vn/benh-dai-thao-duong-o-tre-em.html | https://benhviennhitrunguong.gov.vn/benh-dai-thao-duong-o-tre-em.html | https://web.archive.org/web/https://benhviennhitrunguong.gov.vn/benh-dai-thao-duong-o-tre-em.html | https://web.archive.org/web/https://benhviennhitrunguong.gov.vn/benh-dai-thao-duong-o-tre-em.html | https://benhviennhitrunguong.gov.vn/benh-dai-thao-duong-o-tre-em.html | https://web.archive.org/web/https://benhviennhitrunguong.gov.vn/benh-dai-thao-duong-o-tre-em.html | https://benhviennhitrunguong.gov.vn/benh-dai-thao-duong-o-tre-em.html | https://benhviennhitrunguong.gov.vn/benh-dai-thao-duong-o-tre-em.html"
"233","SYMP_04e6aa8ff1","Symptom","Thay đổi cảm xúc","Do rối loạn chuyển hóa năng lượng ảnh hưởng đến hệ thần kinh trung ương. | Do rối loạn chuyển hóa năng lượng và tác động của đường huyết bất thường lên hệ thần kinh. | Do rối loạn chuyển hóa năng lượng và tác động của đường huyết bất thường lên hệ thần kinh. | Do rối loạn chuyển hóa glucose ảnh hưởng đến hệ thần kinh trung ương, gây bất ổn tâm trạng. | Do rối loạn chuyển hóa năng lượng ảnh hưởng đến hệ thần kinh trung ương. | Do rối loạn chuyển hóa năng lượng ảnh hưởng đến hệ thần kinh trung ương. | Do rối loạn chuyển hóa năng lượng và tác động của đường huyết bất thường lên hệ thần kinh.","https://benhviennhitrunguong.gov.vn/benh-dai-thao-duong-o-tre-em.html | https://web.archive.org/web/https://benhviennhitrunguong.gov.vn/benh-dai-thao-duong-o-tre-em.html | https://web.archive.org/web/https://benhviennhitrunguong.gov.vn/benh-dai-thao-duong-o-tre-em.html | https://benhviennhitrunguong.gov.vn/benh-dai-thao-duong-o-tre-em.html | https://web.archive.org/web/https://benhviennhitrunguong.gov.vn/benh-dai-thao-duong-o-tre-em.html | https://web.archive.org/web/https://benhviennhitrunguong.gov.vn/benh-dai-thao-duong-o-tre-em.html | https://benhviennhitrunguong.gov.vn/benh-dai-thao-duong-o-tre-em.html | https://web.archive.org/web/https://benhviennhitrunguong.gov.vn/benh-dai-thao-duong-o-tre-em.html | https://benhviennhitrunguong.gov.vn/benh-dai-thao-duong-o-tre-em.html | https://benhviennhitrunguong.gov.vn/benh-dai-thao-duong-o-tre-em.html"
"234","SYMP_0531d980ab","Symptom","Tiểu nhiều","Do lượng glucose tăng trong máu không được hấp thu, dẫn đến tiểu nhiều. | Triệu chứng thường gặp khi mắc đái tháo đường type 1 hoặc type 2. | Do lượng glucose tăng trong máu không được hấp thu, dẫn đến tiểu nhiều. | Triệu chứng điển hình của đái tháo đường do cơ thể cố gắng loại bỏ lượng glucose dư thừa qua nước tiểu. | Do tăng lượng đường trong nước tiểu, gây mất nước và kích thích nhu cầu đi tiểu. | Triệu chứng điển hình của tăng glucose huyết trong đái tháo đường. | Triệu chứng thường gặp khi mắc đái tháo đường type 1 hoặc type 2. | Triệu chứng điển hình của đái tháo đường do cơ thể cố gắng loại bỏ lượng glucose dư thừa qua nước tiểu. | Triệu chứng thường gặp khi mắc đái tháo đường type 1 hoặc type 2. | Triệu chứng thường gặp khi mắc đái tháo đường type 1 hoặc type 2.","https://benhviennhitrunguong.gov.vn/hoi-thao-xu-huong-dieu-tri-dai-thao-duong-tip-1-chung-ta-khong-the-dung-ngoai.html | https://web.archive.org/web/https://xayenmo.ninhbinh.gov.vn/y-te-giao-duc/benh-dai-thao-duong-dau-hieu-nhan-biet-phan-loai-va-dieu-tri-389.html | https://benhviennhitrunguong.gov.vn/hoi-thao-xu-huong-dieu-tri-dai-thao-duong-tip-1-chung-ta-khong-the-dung-ngoai.html | https://web.archive.org/web/https://www.vinmec.com/vie/bai-viet/tong-quan-ve-benh-dai-thao-duong-vi | https://www.vinmec.com/vie/bai-viet/tong-quan-ve-benh-dai-thao-duong-vi | https://web.archive.org/web/http://bvthanhpho.ytethanhhoa.gov.vn/web/trang-chu/khoa-phong-chuc-nang/khoa-lam-sang/khoa-noi-nhi/benh-dai-thao-duong-va-dau-hieu-nhan-biet-benh-dai-thao-duong.html | https://web.archive.org/web/https://www.benhviendakhoasongma.gov.vn/bai-viet/benh-dai-thao-duong-220 | https://xayenmo.ninhbinh.gov.vn/y-te-giao-duc/benh-dai-thao-duong-dau-hieu-nhan-biet-phan-loai-va-dieu-tri-389.html | https://web.archive.org/web/https://xayenmo.ninhbinh.gov.vn/y-te-giao-duc/benh-dai-thao-duong-dau-hieu-nhan-biet-phan-loai-va-dieu-tri-389.html | https://www.vinmec.com/vie/bai-viet/tong-quan-ve-benh-dai-thao-duong-vi | https://web.archive.org/web/https://xayenmo.ninhbinh.gov.vn/y-te-giao-duc/benh-dai-thao-duong-dau-hieu-nhan-biet-phan-loai-va-dieu-tri-389.html | https://xayenmo.ninhbinh.gov.vn/y-te-giao-duc/benh-dai-thao-duong-dau-hieu-nhan-biet-phan-loai-va-dieu-tri-389.html | https://xayenmo.ninhbinh.gov.vn/y-te-giao-duc/benh-dai-thao-duong-dau-hieu-nhan-biet-phan-loai-va-dieu-tri-389.html"
"235","SYMP_07f0ab7986","Symptom","Đau mãn tính","Gây suy giảm chất lượng sống nghiêm trọng, gánh nặng điều trị cao gấp 5 lần so với người chỉ mắc ĐTĐ. | Loại đau thường gặp trong biến chứng thần kinh đái tháo đường, cần điều trị theo nguyên tắc cá thể hóa. | Gây gánh nặng y tế cao hơn nhiều so với các bệnh lý đau mãn tính khác, ảnh hưởng đến khả năng lao động và chất lượng cuộc sống. | Gây gánh nặng y tế cao hơn nhiều so với các bệnh lý đau mãn tính khác, kèm theo chi phí điều trị gấp 5 lần người chỉ mắc ĐTĐ. | Gây mất ngủ triền miên, thậm chí dẫn đến ý nghĩ tự tử ở người bệnh. | Gây suy giảm chất lượng sống nghiêm trọng, gánh nặng điều trị cao gấp 5 lần so với người chỉ mắc ĐTĐ. | Gây gánh nặng y tế cao hơn nhiều so với các bệnh lý đau mãn tính khác, ảnh hưởng đến khả năng lao động và chất lượng cuộc sống. | Gây suy giảm chất lượng sống nghiêm trọng, gánh nặng điều trị cao gấp 5 lần so với người chỉ mắc ĐTĐ. | Gây gánh nặng y tế cao hơn nhiều so với các bệnh lý đau mãn tính khác, ảnh hưởng đến khả năng lao động và chất lượng cuộc sống. | Gây gánh nặng y tế cao hơn nhiều so với các bệnh lý đau mãn tính khác, ảnh hưởng đến khả năng lao động và chất lượng cuộc sống. | Gây gánh nặng y tế cao hơn nhiều so với các bệnh lý đau mãn tính khác, ảnh hưởng đến khả năng lao động và chất lượng cuộc sống. | Gây suy giảm chất lượng sống nghiêm trọng, gánh nặng điều trị cao gấp 5 lần so với người chỉ mắc ĐTĐ. | Gây gánh nặng y tế cao hơn nhiều so với các bệnh lý đau mãn tính khác, kèm theo chi phí điều trị gấp 5 lần người chỉ mắc ĐTĐ. | Gây suy giảm chất lượng sống nghiêm trọng, gánh nặng điều trị cao gấp 5 lần so với người chỉ mắc ĐTĐ. | Gây suy giảm chất lượng sống nghiêm trọng, gánh nặng điều trị cao gấp 5 lần so với người chỉ mắc ĐTĐ. | Gây gánh nặng y tế cao hơn nhiều so với các bệnh lý đau mãn tính khác, ảnh hưởng đến khả năng lao động và chất lượng cuộc sống. | Gây suy giảm chất lượng sống nghiêm trọng, gánh nặng điều trị cao gấp 5 lần so với người chỉ mắc ĐTĐ.","https://web.archive.org/web/https://bachmai.gov.vn/bai-viet/doi-moi-tu-duy-dieu-tri-dai-thao-duong-typ-2-va-chien-luoc-kiem-soat-toan-dien-bien-chung-than-kinh?id=090463d0-4515-40c8-919c-8bebc41e2c01 | https://bachmai.gov.vn/bai-viet/doi-moi-tu-duy-dieu-tri-dai-thao-duong-typ-2-va-chien-luoc-kiem-soat-toan-dien-bien-chung-than-kinh?id=090463d0-4515-40c8-919c-8bebc41e2c01 | https://bachmai.gov.vn/bai-viet/dai-thao-duong-bien-chung-tim-mach-va-than-kinh-ngoai-bien-sat-thu-tham-lang?id=994f4df4-95c1-4760-8aee-8d07a69f9fe1 | https://web.archive.org/web/https://bachmai.gov.vn/bai-viet/dai-thao-duong-bien-chung-tim-mach-va-than-kinh-ngoai-bien-sat-thu-tham-lang?id=994f4df4-95c1-4760-8aee-8d07a69f9fe1 | https://bachmai.gov.vn/bai-viet/dai-thao-duong-bien-chung-tim-mach-va-than-kinh-ngoai-bien-sat-thu-tham-lang?id=994f4df4-95c1-4760-8aee-8d07a69f9fe1 | https://web.archive.org/web/https://chanthuongvacotsong.bachmai.gov.vn/dai-thao-duong-bien-chung-tim-mach-va-than-kinh-ngoai-bien-sat-thu-tham-lang/ | https://web.archive.org/web/https://bachmai.gov.vn/bai-viet/dai-thao-duong-bien-chung-tim-mach-va-than-kinh-ngoai-bien-sat-thu-tham-lang?id=994f4df4-95c1-4760-8aee-8d07a69f9fe1 | https://bachmai.gov.vn/bai-viet/dai-thao-duong-bien-chung-tim-mach-va-than-kinh-ngoai-bien-sat-thu-tham-lang?id=994f4df4-95c1-4760-8aee-8d07a69f9fe1 | https://web.archive.org/web/https://bachmai.gov.vn/bai-viet/dai-thao-duong-bien-chung-tim-mach-va-than-kinh-ngoai-bien-sat-thu-tham-lang?id=994f4df4-95c1-4760-8aee-8d07a69f9fe1 | https://bachmai.gov.vn/bai-viet/dai-thao-duong-bien-chung-tim-mach-va-than-kinh-ngoai-bien-sat-thu-tham-lang?id=994f4df4-95c1-4760-8aee-8d07a69f9fe1 | https://bachmai.gov.vn/bai-viet/dai-thao-duong-bien-chung-tim-mach-va-than-kinh-ngoai-bien-sat-thu-tham-lang?id=994f4df4-95c1-4760-8aee-8d07a69f9fe1 | https://chanthuongvacotsong.bachmai.gov.vn/dai-thao-duong-bien-chung-tim-mach-va-than-kinh-ngoai-bien-sat-thu-tham-lang/ | https://web.archive.org/web/https://bachmai.gov.vn/bai-viet/dai-thao-duong-bien-chung-tim-mach-va-than-kinh-ngoai-bien-sat-thu-tham-lang?id=994f4df4-95c1-4760-8aee-8d07a69f9fe1 | https://bachmai.gov.vn/bai-viet/dai-thao-duong-bien-chung-tim-mach-va-than-kinh-ngoai-bien-sat-thu-tham-lang?id=994f4df4-95c1-4760-8aee-8d07a69f9fe1 | https://bachmai.gov.vn/bai-viet/dai-thao-duong-bien-chung-tim-mach-va-than-kinh-ngoai-bien-sat-thu-tham-lang?id=994f4df4-95c1-4760-8aee-8d07a69f9fe1 | https://web.archive.org/web/https://bachmai.gov.vn/bai-viet/dai-thao-duong-bien-chung-tim-mach-va-than-kinh-ngoai-bien-sat-thu-tham-lang?id=994f4df4-95c1-4760-8aee-8d07a69f9fe1 | https://bachmai.gov.vn/bai-viet/dai-thao-duong-bien-chung-tim-mach-va-than-kinh-ngoai-bien-sat-thu-tham-lang?id=994f4df4-95c1-4760-8aee-8d07a69f9fe1 | https://web.archive.org/web/https://bachmai.gov.vn/bai-viet/dai-thao-duong-bien-chung-tim-mach-va-than-kinh-ngoai-bien-sat-thu-tham-lang?id=994f4df4-95c1-4760-8aee-8d07a69f9fe1"
"236","SYMP_099ef08d1e","Symptom","Cơn hen cấp","Tình trạng nguy hiểm có thể dẫn đến ngừng tim.","https://benhviennhitrunguong.gov.vn/tag/hen-phe-quan | https://benhviennhitrunguong.gov.vn/tag/hen-phe-quan | https://web.archive.org/web/https://benhviennhitrunguong.gov.vn/tag/hen-phe-quan"
"237","SYMP_0aa1a20cb8","Symptom","Ho dai dẳng","Ho kéo dài, đặc biệt tăng về ban đêm, là biểu hiện không điển hình của hen. | Triệu chứng phổ biến của COPD, thường kèm theo chất nhầy và kéo dài nhiều tháng. | Triệu chứng phổ biến của COPD, thường kèm theo chất nhầy và kéo dài nhiều tháng.","https://hohap.bachmai.gov.vn/detail/14225/hen-phe-quan-%C2%A0-cach-nhan-biet-va-chan-doan.html | https://tamanhhospital.vn/giai-doan-benh-phoi-tac-nghen-man-tinh/ | https://tamanhhospital.vn/giai-doan-benh-phoi-tac-nghen-man-tinh/"
"238","SYMP_0beda10707","Symptom","Suy giảm nhận thức bệnh đái tháo đường","Người bệnh thiếu kiến thức về bệnh, dẫn đến không thực hiện đúng các biện pháp phòng ngừa và điều trị.","https://web.archive.org/web/http://www.tapchiyhocduphong.vn/tap-chi-y-hoc-du-phong/2015/08/kien-thuc-ve-benh-dai-thao-duong-va-mot-so-yeu-to-lien-quan-cua-nguoi-benh-tai-c-o81E20305.html"
"239","SYMP_0cecad04b0","Symptom","Tê tay chân","Triệu chứng do tổn thương thần kinh ngoại biên gây ra.","https://syt.dongnai.gov.vn/vi/news/Suc-khoe-cong-dong/nhung-bien-chung-nguy-hiem-cua-benh-tieu-duong-2511.html | https://web.archive.org/web/https://syt.dongnai.gov.vn/vi/news/Suc-khoe-cong-dong/nhung-bien-chung-nguy-hiem-cua-benh-tieu-duong-2511.html"
"240","SYMP_10ffcd8dfe","Symptom","Biến chứng mạn tính","Gây mù lòa, suy thận, cắt cụt chi, tai biến mạch máu não, nhồi máu cơ tim.","https://web.archive.org/web/https://bachmai.gov.vn/bai-viet/chan-doan-som-benh-dai-thao-duong-tip-2?id=59f9c51f-418e-9437-823c-a1a6c23c33e4 | https://web.archive.org/web/https://bachmai.gov.vn/tin-chi-tiet/-/bai-viet/chan-doan-som-benh-dai-thao-duong-tip-2-9427-146.html"
"241","SYMP_116f395919","Symptom","Sụt cân không rõ nguyên nhân","Triệu chứng điển hình của tăng glucose huyết trong đái tháo đường.","https://web.archive.org/web/https://www.benhviendakhoasongma.gov.vn/bai-viet/benh-dai-thao-duong-220"
"242","SYMP_1185538ecb","Symptom","Mệt mỏi","Do cơ thể không chuyển hóa glucose thành năng lượng hiệu quả, dẫn đến cạn kiệt năng lượng. | Do glucose không được vận chuyển vào tế bào hoặc không đáp ứng nhu cầu năng lượng, dẫn đến thiếu năng lượng toàn thân. | Triệu chứng thường gặp khi không kiểm soát đường huyết tốt. | Do thiếu năng lượng do cơ thể không chuyển hóa glucose hiệu quả. | Triệu chứng thường gặp khi không kiểm soát đường huyết tốt. | Do thiếu năng lượng do tế bào không hấp thu glucose hiệu quả. | Do glucose không được vận chuyển vào tế bào hoặc không đáp ứng nhu cầu năng lượng, dẫn đến thiếu năng lượng toàn thân. | Do glucose không được vận chuyển vào tế bào hoặc vận chuyển không đáp ứng nhu cầu năng lượng, dẫn đến thiếu năng lượng toàn thân. | Do glucose không được vận chuyển vào tế bào hoặc không đáp ứng nhu cầu năng lượng, dẫn đến thiếu năng lượng toàn thân. | Do thiếu năng lượng do cơ thể không chuyển hóa glucose hiệu quả. | Do glucose không được vận chuyển vào tế bào hoặc không đáp ứng nhu cầu năng lượng, dẫn đến thiếu năng lượng toàn thân. | Do thiếu năng lượng do tế bào không hấp thu glucose hiệu quả. | Triệu chứng thường gặp khi không kiểm soát đường huyết tốt. | Do thiếu năng lượng do cơ thể không chuyển hóa glucose hiệu quả. | Do thiếu năng lượng do tế bào không thể sử dụng glucose hiệu quả. | Do thiếu năng lượng do cơ thể không sử dụng glucose hiệu quả, dẫn đến suy kiệt. | Do glucose không được vận chuyển vào tế bào hoặc không đáp ứng nhu cầu năng lượng, dẫn đến thiếu năng lượng toàn thân. | Do glucose không được vận chuyển vào tế bào hoặc không đáp ứng nhu cầu năng lượng, dẫn đến thiếu năng lượng toàn thân. | Do glucose không được vận chuyển vào tế bào hoặc không đáp ứng nhu cầu năng lượng, dẫn đến thiếu năng lượng toàn thân. | Do tế bào không nhận được glucose để sản sinh năng lượng, gây suy giảm sức lao động và tinh thần. | Triệu chứng thường gặp ở giai đoạn đầu suy thận mạn, dễ bị bỏ qua. | Do thiếu năng lượng do tế bào không hấp thu glucose hiệu quả. | Do thiếu năng lượng do tế bào không thể sử dụng glucose hiệu quả. | Do glucose không được vận chuyển vào tế bào hoặc không đáp ứng nhu cầu năng lượng, dẫn đến thiếu năng lượng toàn thân. | Do glucose không được vận chuyển vào tế bào hoặc không đáp ứng nhu cầu năng lượng, dẫn đến thiếu năng lượng toàn thân. | Do glucose không được vận chuyển vào tế bào hoặc không đáp ứng nhu cầu năng lượng, dẫn đến thiếu năng lượng toàn thân. | Do glucose không được vận chuyển vào tế bào hoặc không đáp ứng nhu cầu năng lượng → tế bào thiếu năng lượng → cơ thể mệt mỏi, kiệt sức. | Do glucose không được vận chuyển vào tế bào hoặc không đáp ứng nhu cầu năng lượng, dẫn đến thiếu năng lượng cơ thể gây mệt mỏi, kiệt sức. | Do glucose không được vận chuyển vào tế bào hoặc không đáp ứng nhu cầu năng lượng, dẫn đến thiếu năng lượng toàn thân. | Do thiếu năng lượng do tế bào không hấp thu glucose hiệu quả. | Do thiếu năng lượng do tế bào không thể sử dụng glucose hiệu quả. | Do tế bào không nhận được glucose để sản sinh năng lượng, gây suy giảm sức lao động và tinh thần. | Do glucose không được vận chuyển vào tế bào hoặc không đáp ứng nhu cầu năng lượng, dẫn đến thiếu năng lượng toàn thân. | Do glucose không được vận chuyển vào tế bào hoặc không đáp ứng nhu cầu năng lượng, dẫn đến kiệt sức. | Do glucose không được vận chuyển vào tế bào hoặc không đáp ứng nhu cầu năng lượng, dẫn đến thiếu năng lượng toàn thân. | Do glucose không được vận chuyển vào tế bào hoặc không đáp ứng nhu cầu năng lượng, dẫn đến thiếu năng lượng toàn thân. | Do glucose không được vận chuyển vào tế bào hoặc không đáp ứng nhu cầu năng lượng, dẫn đến thiếu năng lượng toàn thân. | Do thiếu năng lượng do cơ thể không sử dụng glucose hiệu quả. | Do chất thải tích tụ trong máu khi chức năng thận suy giảm. | Triệu chứng thường gặp ở giai đoạn đầu suy thận mạn, dễ bị bỏ qua. | Triệu chứng thường gặp ở giai đoạn đầu suy thận mạn, dễ bị bỏ qua. | Do chất thải tích tụ trong máu khi chức năng thận suy giảm. | Giảm khả năng vận động hàng ngày do suy hô hấp. | Triệu chứng thường xuất hiện sau đợt cấp và không hồi phục hoàn toàn.","https://web.archive.org/web/https://ttytiapa.gialai.gov.vn/van-ban/huong-dan-chan-doan-va-dieu-tri-benh-dai-thao-duong-tip-1-o-.html | https://bachmai.gov.vn/bai-viet/bien-chung-cua-benh-dai-thao-duong?id=f17ffc43-5abb-5dcb-54d1-d3887440a421 | https://web.archive.org/web/https://bachmai.gov.vn/bai-viet/bien-chung-cua-benh-dai-thao-duong?id=f17ffc43-5abb-5dcb-54d1-d3887440a421 | http://soyte.hatinh.gov.vn/tin-tuc-su-kien/thong-tin-y-te/luu-y-khi-dieu-tri-dai-thao-duong-type-1.html | https://benhviennhitrunguong.gov.vn/benh-dai-thao-duong-o-tre-em.html | http://soyte.hatinh.gov.vn/tin-tuc-su-kien/thong-tin-y-te/luu-y-khi-dieu-tri-dai-thao-duong-type-1.html | https://web.archive.org/web/https://benhviennhitrunguong.gov.vn/benh-dai-thao-duong-o-tre-em.html | https://bachmai.gov.vn/bai-viet/bien-chung-cua-benh-dai-thao-duong?id=f17ffc43-5abb-5dcb-54d1-d3887440a421 | https://web.archive.org/web/https://bachmai.gov.vn/bai-viet/bien-chung-cua-benh-dai-thao-duong?id=f17ffc43-5abb-5dcb-54d1-d3887440a421 | https://bachmai.gov.vn/bai-viet/bien-chung-cua-benh-dai-thao-duong?id=f17ffc43-5abb-5dcb-54d1-d3887440a421 | https://web.archive.org/web/https://benhviennhitrunguong.gov.vn/benh-dai-thao-duong-o-tre-em.html | https://web.archive.org/web/https://bachmai.gov.vn/bai-viet/bien-chung-cua-benh-dai-thao-duong?id=f17ffc43-5abb-5dcb-54d1-d3887440a421 | https://bachmai.gov.vn/bai-viet/bien-chung-cua-benh-dai-thao-duong?id=f17ffc43-5abb-5dcb-54d1-d3887440a421 | http://soyte.hatinh.gov.vn/tin-tuc-su-kien/thong-tin-y-te/luu-y-khi-dieu-tri-dai-thao-duong-type-1.html | https://benhviennhitrunguong.gov.vn/benh-dai-thao-duong-o-tre-em.html | https://web.archive.org/web/https://benhviennhitrunguong.gov.vn/benh-dai-thao-duong-o-tre-em.html | https://web.archive.org/web/http://soyte.hatinh.gov.vn/tin-tuc-su-kien/thong-tin-y-te/luu-y-khi-dieu-tri-dai-thao-duong-type-1.html | https://benhviennhitrunguong.gov.vn/benh-dai-thao-duong-o-tre-em.html | https://web.archive.org/web/https://benhviennhitrunguong.gov.vn/benh-dai-thao-duong-o-tre-em.html | https://bachmai.gov.vn/bai-viet/bien-chung-cua-benh-dai-thao-duong?id=f17ffc43-5abb-5dcb-54d1-d3887440a421 | https://web.archive.org/web/https://bachmai.gov.vn/bai-viet/bien-chung-cua-benh-dai-thao-duong?id=f17ffc43-5abb-5dcb-54d1-d3887440a421 | https://bachmai.gov.vn/bai-viet/bien-chung-cua-benh-dai-thao-duong?id=f17ffc43-5abb-5dcb-54d1-d3887440a421 | https://web.archive.org/web/https://bachmai.gov.vn/bai-viet/bien-chung-cua-benh-dai-thao-duong?id=f17ffc43-5abb-5dcb-54d1-d3887440a421 | https://web.archive.org/web/https://bachmai.gov.vn/bai-viet/bien-chung-cua-benh-dai-thao-duong?id=f17ffc43-5abb-5dcb-54d1-d3887440a421 | https://www.vinmec.com/vie/bai-viet/tong-quan-ve-benh-dai-thao-duong-vi | https://bachmai.gov.vn/bai-viet/sai-lam-trong-dinh-duong-khien-suy-than-man-them-tram-trong-dau-la-giai-phap?id=1ff0d3d0-62f4-4159-a23b-758572e7f600 | https://web.archive.org/web/https://bachmai.gov.vn/bai-viet/sai-lam-trong-dinh-duong-khien-suy-than-man-them-tram-trong-dau-la-giai-phap?id=1ff0d3d0-62f4-4159-a23b-758572e7f600 | https://web.archive.org/web/https://benhviennhitrunguong.gov.vn/benh-dai-thao-duong-o-tre-em.html | https://benhviennhitrunguong.gov.vn/benh-dai-thao-duong-o-tre-em.html | https://bachmai.gov.vn/bai-viet/bien-chung-cua-benh-dai-thao-duong?id=f17ffc43-5abb-5dcb-54d1-d3887440a421 | https://web.archive.org/web/https://bachmai.gov.vn/bai-viet/bien-chung-cua-benh-dai-thao-duong?id=f17ffc43-5abb-5dcb-54d1-d3887440a421 | https://chanthuongvacotsong.bachmai.gov.vn/bien-chung-cua-benh-dai-thao-duong/ | https://bachmai.gov.vn/bai-viet/bien-chung-cua-benh-dai-thao-duong?id=f17ffc43-5abb-5dcb-54d1-d3887440a421 | https://bachmai.gov.vn/bai-viet/bien-chung-cua-benh-dai-thao-duong?id=f17ffc43-5abb-5dcb-54d1-d3887440a421 | https://web.archive.org/web/https://bachmai.gov.vn/bai-viet/bien-chung-cua-benh-dai-thao-duong?id=f17ffc43-5abb-5dcb-54d1-d3887440a421 | https://web.archive.org/web/https://bachmai.gov.vn/bai-viet/bien-chung-cua-benh-dai-thao-duong?id=f17ffc43-5abb-5dcb-54d1-d3887440a421 | https://chanthuongvacotsong.bachmai.gov.vn/bien-chung-cua-benh-dai-thao-duong/ | https://bachmai.gov.vn/bai-viet/bien-chung-cua-benh-dai-thao-duong?id=f17ffc43-5abb-5dcb-54d1-d3887440a421 | https://web.archive.org/web/https://bachmai.gov.vn/bai-viet/bien-chung-cua-benh-dai-thao-duong?id=f17ffc43-5abb-5dcb-54d1-d3887440a421 | https://web.archive.org/web/https://chanthuongvacotsong.bachmai.gov.vn/bien-chung-cua-benh-dai-thao-duong/ | https://chanthuongvacotsong.bachmai.gov.vn/bien-chung-cua-benh-dai-thao-duong/ | https://web.archive.org/web/https://bachmai.gov.vn/bai-viet/bien-chung-cua-benh-dai-thao-duong?id=f17ffc43-5abb-5dcb-54d1-d3887440a421 | https://chanthuongvacotsong.bachmai.gov.vn/bien-chung-cua-benh-dai-thao-duong/ | https://web.archive.org/web/https://bachmai.gov.vn/bai-viet/bien-chung-cua-benh-dai-thao-duong?id=f17ffc43-5abb-5dcb-54d1-d3887440a421 | https://web.archive.org/web/https://benhviennhitrunguong.gov.vn/benh-dai-thao-duong-o-tre-em.html | https://www.vinmec.com/vie/bai-viet/tong-quan-ve-benh-dai-thao-duong-vi | https://benhviennhitrunguong.gov.vn/benh-dai-thao-duong-o-tre-em.html | https://web.archive.org/web/https://bachmai.gov.vn/bai-viet/bien-chung-cua-benh-dai-thao-duong?id=f17ffc43-5abb-5dcb-54d1-d3887440a421 | https://bachmai.gov.vn/bai-viet/bien-chung-cua-benh-dai-thao-duong?id=f17ffc43-5abb-5dcb-54d1-d3887440a421 | https://web.archive.org/web/https://bachmai.gov.vn/bai-viet/bien-chung-cua-benh-dai-thao-duong?id=f17ffc43-5abb-5dcb-54d1-d3887440a421 | https://web.archive.org/web/https://bachmai.gov.vn/bai-viet/bien-chung-cua-benh-dai-thao-duong?id=f17ffc43-5abb-5dcb-54d1-d3887440a421 | https://bachmai.gov.vn/bai-viet/bien-chung-cua-benh-dai-thao-duong?id=f17ffc43-5abb-5dcb-54d1-d3887440a421 | https://web.archive.org/web/https://bachmai.gov.vn/bai-viet/bien-chung-cua-benh-dai-thao-duong?id=f17ffc43-5abb-5dcb-54d1-d3887440a421 | https://benhviennhitrunguong.gov.vn/benh-dai-thao-duong-o-tre-em.html | https://www.vinmec.com/vie/bai-viet/tai-sao-mac-benh-thi-huyet-ap-lai-tang-cao-vi | https://web.archive.org/web/https://bachmai.gov.vn/bai-viet/sai-lam-trong-dinh-duong-khien-suy-than-man-them-tram-trong-dau-la-giai-phap?id=1ff0d3d0-62f4-4159-a23b-758572e7f600 | https://bachmai.gov.vn/bai-viet/sai-lam-trong-dinh-duong-khien-suy-than-man-them-tram-trong-dau-la-giai-phap?id=1ff0d3d0-62f4-4159-a23b-758572e7f600 | https://www.vinmec.com/vie/bai-viet/tai-sao-mac-benh-thi-huyet-ap-lai-tang-cao-vi | https://web.archive.org/web/https://bachmai.gov.vn/bai-viet/sai-lam-trong-dinh-duong-khien-suy-than-man-them-tram-trong-dau-la-giai-phap?id=1ff0d3d0-62f4-4159-a23b-758572e7f600 | https://bachmai.gov.vn/bai-viet/sai-lam-trong-dinh-duong-khien-suy-than-man-them-tram-trong-dau-la-giai-phap?id=1ff0d3d0-62f4-4159-a23b-758572e7f600 | https://medlatec.vn/tin-tuc/benh-nhan-phoi-tac-nghen-phoi-man-tinh-song-duoc-bao-lau-cai-thien-tuoi-tho-bang-cach-nao | https://bachmai.gov.vn/bai-viet/phong-dot-cap-benh-phoi-tac-nghen-man-tinh?id=28510cbf-b2a4-a5e6-65a7-7b91e89cf5eb"
"243","SYMP_1362d31efe","Symptom","Không tuân thủ phác đồ","Người bệnh gặp khó khăn trong việc tuân thủ các phác đồ tiêm phức tạp, dẫn đến kiểm soát kém.","https://bachmai.gov.vn/bai-viet/dieu-tri-dai-thao-duong-tip-2-buoc-tien-moi-tu-insulin-nen-the-he-2-va-iglarlixi?id=5cdac324-549d-40aa-b3e6-80214932d112"
"244","SYMP_14f529d007","Symptom","Thèm ăn và gầy sút","Người bệnh thèm ăn nhiều nhưng vẫn gầy sút nhanh do cơ thể không sử dụng glucose hiệu quả.","https://cdc.ninhbinh.gov.vn/tin-tuc-su-kien/benh-dai-thao-duong-va-cach-phong-ngua-benh2.html"
"245","SYMP_15ab5ea293","Symptom","Đờm mủ","Đờm có màu mủ, thường là dấu hiệu của đợt cấp do bội nhiễm.","https://web.archive.org/web/https://vncdc.gov.vn/huong-dan-chan-doan-va-dieu-tri-benh-phoi-tac-nghen-man-tinh-nd14577.html"
"246","SYMP_1603bdf32a","Symptom","Khát nhiều, uống nhiều và đái nhiều","Dấu hiệu lâm sàng điển hình của đái tháo đường. | Triệu chứng điển hình của đái tháo đường. | Dấu hiệu lâm sàng điển hình của đái tháo đường. | Dấu hiệu lâm sàng điển hình của đái tháo đường.","https://chanthuongvacotsong.bachmai.gov.vn/huong-dan-chan-doan-va-dieu-tri-dai-thao-duong-type-2/ | https://web.archive.org/web/https://chanthuongvacotsong.bachmai.gov.vn/huong-dan-chan-doan-va-dieu-tri-dai-thao-duong-type-2/ | https://web.archive.org/web/https://chanthuongvacotsong.bachmai.gov.vn/huong-dan-chan-doan-va-dieu-tri-dai-thao-duong-type-2/ | https://chanthuongvacotsong.bachmai.gov.vn/huong-dan-chan-doan-va-dieu-tri-dai-thao-duong-type-2/ | https://chanthuongvacotsong.bachmai.gov.vn/huong-dan-chan-doan-va-dieu-tri-dai-thao-duong-type-2/ | https://web.archive.org/web/https://chanthuongvacotsong.bachmai.gov.vn/huong-dan-chan-doan-va-dieu-tri-dai-thao-duong-type-2/"
"247","SYMP_1737dbfdd0","Symptom","Mất ngủ","Triệu chứng rối loạn chức năng do tăng đường huyết. | Triệu chứng thường gặp trong giai đoạn khởi phát của đái tháo đường. | Triệu chứng liên quan đến rối loạn giấc ngủ do tăng huyết áp. | Triệu chứng liên quan đến rối loạn giấc ngủ do tăng huyết áp. | Do khó thở và các cơn ho kéo dài gây ảnh hưởng đến giấc ngủ. | Do khó thở và các cơn ho kéo dài gây ảnh hưởng đến giấc ngủ.","https://xayenmo.ninhbinh.gov.vn/y-te-giao-duc/benh-dai-thao-duong-dau-hieu-nhan-biet-phan-loai-va-dieu-tri-389.html | https://chanthuongvacotsong.bachmai.gov.vn/cao-huyet-ap-am-tham-ma-rat-hiem/ | https://chanthuongvacotsong.bachmai.gov.vn/cao-huyet-ap-am-tham-ma-rat-hiem/ | https://tamanhhospital.vn/giai-doan-benh-phoi-tac-nghen-man-tinh/ | https://tamanhhospital.vn/giai-doan-benh-phoi-tac-nghen-man-tinh/"
"248","SYMP_19c1216a74","Symptom","Protein niệu","Hiện tượng có protein trong nước tiểu, là dấu hiệu tổn thương thận ở bệnh nhân đái tháo đường. | Hiện tượng có protein trong nước tiểu, là dấu hiệu của tổn thương thận. | Hiện tượng có protein trong nước tiểu, là dấu hiệu tổn thương thận ở bệnh nhân đái tháo đường.","https://nsti.vista.gov.vn/publication/view/nghien-cuu-dac-diem-lam-sang-can-lam-sang-va-danh-gia-bien-chung-than-o-benh-nhan-dai-thao-duong-type-2-tai-khoa-noi-3-benh-vien-huu-nghi-viet-tiep-hai-phong-350723.html | https://nsti.vista.gov.vn/publication/view/nghien-cuu-dac-diem-lam-sang-can-lam-sang-va-danh-gia-bien-chung-than-o-benh-nhan-dai-thao-duong-tip-2-tai-khoa-noi-tiet-benh-vien-trung-uong-103-quan-doi-nhan-dan-lao-373086.html | https://nsti.vista.gov.vn/publication/view/nghien-cuu-dac-diem-lam-sang-can-lam-sang-va-danh-gia-bien-chung-than-o-benh-nhan-dai-thao-duong-type-2-tai-khoa-noi-3-benh-vien-huu-nghi-viet-tiep-hai-phong-350723.html"
"249","SYMP_19e862be55","Symptom","Phản ứng dị ứng gia đình","Trẻ có cha mẹ bị dị ứng hoặc hen thì dễ phát triển bệnh dị ứng và hen.","https://web.archive.org/web/https://benhviennhitrunguong.gov.vn/tag/hen-phe-quan"
"250","SYMP_19fe71cd88","Symptom","Đột quỵ","Tình trạng thiếu máu não do tắc nghẽn hoặc vỡ mạch máu. | Biến chứng tim mạch nghiêm trọng, là một trong các biến cố tim mạch bất lợi lớn do ĐTĐ gây ra. | Do biến chứng tim mạch và huyết áp cao. | Tình trạng thiếu máu não do tắc nghẽn hoặc vỡ mạch máu. | Biến chứng mạch máu lớn do đái tháo đường, dẫn đến tổn thương não. | Do biến chứng tim mạch gây ra tổn thương não. | Tình trạng thiếu máu não do tắc nghẽn hoặc vỡ mạch máu. | Biến chứng tim mạch nghiêm trọng, là một trong các biến cố tim mạch bất lợi lớn do ĐTĐ gây ra. | Biến chứng mạch máu não, là nguyên nhân tử vong cao nhất của đái tháo đường. | Do biến chứng mạch máu não, là một trong những nguyên nhân hàng đầu gây đột quỵ. | Biến chứng mạch máu lớn, nguy hiểm nhất, do tắc mạch não. | Biến chứng mạch máu não, là nguyên nhân tử vong cao nhất của đái tháo đường. | Biến cố tim mạch nghiêm trọng, được statin phòng ngừa tiên phát và thứ phát. | Biến chứng tim mạch nghiêm trọng, là một trong các biến cố tim mạch bất lợi lớn do ĐTĐ gây ra. | Biến cố tim mạch nghiêm trọng, được statin phòng ngừa tiên phát và thứ phát.","https://web.archive.org/web/https://syt.dongnai.gov.vn/vi/news/Suc-khoe-cong-dong/nhung-bien-chung-nguy-hiem-cua-benh-tieu-duong-2511.html | https://web.archive.org/web/https://bachmai.gov.vn/bai-viet/dai-thao-duong-bien-chung-tim-mach-va-than-kinh-ngoai-bien-sat-thu-tham-lang?id=994f4df4-95c1-4760-8aee-8d07a69f9fe1 | https://syt.dongnai.gov.vn/vi/news/Suc-khoe-cong-dong/nhung-bien-chung-nguy-hiem-cua-benh-tieu-duong-2511.html | https://web.archive.org/web/https://syt.dongnai.gov.vn/vi/news/Suc-khoe-cong-dong/nhung-bien-chung-nguy-hiem-cua-benh-tieu-duong-2511.html | https://web.archive.org/web/https://bachmai.gov.vn/tin-chi-tiet/-/bai-viet/dai-thao-duong-can-benh-nhieu-bien-chung-nguy-hiem-8-trieu-nguoi-viet-nam-dang-mac-9624-146.html | https://syt.dongnai.gov.vn/vi/news/Suc-khoe-cong-dong/nhung-bien-chung-nguy-hiem-cua-benh-tieu-duong-2511.html | https://web.archive.org/web/https://syt.dongnai.gov.vn/vi/news/Suc-khoe-cong-dong/nhung-bien-chung-nguy-hiem-cua-benh-tieu-duong-2511.html | https://web.archive.org/web/https://bachmai.gov.vn/bai-viet/dai-thao-duong-bien-chung-tim-mach-va-than-kinh-ngoai-bien-sat-thu-tham-lang?id=994f4df4-95c1-4760-8aee-8d07a69f9fe1 | https://web.archive.org/web/https://bachmai.gov.vn/tin-chi-tiet/-/bai-viet/dai-thao-duong-can-benh-nhieu-bien-chung-nguy-hiem-8-trieu-nguoi-viet-nam-dang-mac-9624-146.html | https://bachmai.gov.vn/tin-chi-tiet/-/bai-viet/dai-thao-duong-can-benh-nhieu-bien-chung-nguy-hiem-8-trieu-nguoi-viet-nam-dang-mac-9624-146.html | https://bachmai.gov.vn/tin-chi-tiet/-/bai-viet/dai-thao-duong-can-benh-nhieu-bien-chung-nguy-hiem-8-trieu-nguoi-viet-nam-dang-mac-9624-146.html | https://web.archive.org/web/https://bachmai.gov.vn/tin-chi-tiet/-/bai-viet/dai-thao-duong-can-benh-nhieu-bien-chung-nguy-hiem-8-trieu-nguoi-viet-nam-dang-mac-9624-146.html | https://bachmai.gov.vn/bai-viet/dai-thao-duong-bien-chung-tim-mach-va-than-kinh-ngoai-bien-sat-thu-tham-lang?id=994f4df4-95c1-4760-8aee-8d07a69f9fe1 | https://bachmai.gov.vn/bai-viet/dai-thao-duong-bien-chung-tim-mach-va-than-kinh-ngoai-bien-sat-thu-tham-lang?id=994f4df4-95c1-4760-8aee-8d07a69f9fe1 | https://web.archive.org/web/https://bachmai.gov.vn/bai-viet/dai-thao-duong-bien-chung-tim-mach-va-than-kinh-ngoai-bien-sat-thu-tham-lang?id=994f4df4-95c1-4760-8aee-8d07a69f9fe1"
"251","SYMP_1c19f0ac38","Symptom","Ho không dứt","Ho kéo dài, có thể là triệu chứng duy nhất của hen.","https://benhviennhitrunguong.gov.vn/loi-khuyen-cua-cac-chuyen-gia-di-ung-ve-benh-hen-2.html | https://web.archive.org/web/https://benhviennhitrunguong.gov.vn/loi-khuyen-cua-cac-chuyen-gia-di-ung-ve-benh-hen-2.html"
"252","SYMP_1d1f40fd1d","Symptom","Tăng chỉ số đường huyết nhanh","Một số thực phẩm gây tăng đường huyết nhanh chóng, ảnh hưởng đến kiểm soát bệnh.","https://sti.vista.gov.vn/publication/view/khao-sat-kien-thuc-ve-che-do-dinh-duong-o-nguoi-benh-dai-thao-duong-type-ii-den-kham-tai-phong-kham-noi-tiet-benh-vien-dai-hoc-y-ha-noi-cc2d1ac3287d1daec58af981357fec82-456065.html"
"253","SYMP_1d53c8a835","Symptom","Phù nề đường thở","Do phản ứng viêm mãn tính, gây sưng phù ở các cấu trúc trong phổi và khí quản. | Do viêm mạn tính và phản ứng dị ứng. | Do viêm mạn tính và phản ứng dị ứng.","https://web.archive.org/web/https://benhviennhitrunguong.gov.vn/tag/hen-phe-quan | https://benhviennhitrunguong.gov.vn/tag/hen-phe-quan | https://benhviennhitrunguong.gov.vn/tag/hen-phe-quan | https://web.archive.org/web/https://benhviennhitrunguong.gov.vn/tag/hen-phe-quan | https://benhviennhitrunguong.gov.vn/tag/hen-phe-quan"
"254","SYMP_1d8afdb0a1","Symptom","Ăn nhiều","Do cơ thể không sử dụng hiệu quả glucose, dẫn đến cảm giác đói và tăng cường nhu cầu ăn. | Do tế bào bị 'đói' glucose nên bệnh nhân luôn cảm giác đói và ăn rất nhiều. | Do tế bào bị 'đói' glucose nên bệnh nhân luôn cảm giác đói và ăn rất nhiều. | Triệu chứng thường gặp khi mắc đái tháo đường type 1 hoặc type 2. | Do tế bào bị 'đói' glucose nên bệnh nhân luôn cảm giác đói và ăn rất nhiều. | Do tế bào bị 'đói' glucose nên bệnh nhân luôn cảm giác đói và ăn rất nhiều. | Do tế bào bị 'đói' glucose nên bệnh nhân luôn cảm giác đói và ăn rất nhiều. | Do cơ thể không sử dụng hiệu quả glucose, dẫn đến cảm giác đói kéo dài. | Triệu chứng điển hình của tăng glucose huyết trong đái tháo đường. | Do tế bào bị 'đói' glucose nên bệnh nhân luôn cảm giác đói và ăn rất nhiều. | Do tế bào bị 'đói' glucose nên bệnh nhân luôn cảm giác đói và ăn rất nhiều. | Do tế bào bị 'đói' glucose nên bệnh nhân luôn cảm giác đói và ăn rất nhiều. | Do tế bào bị 'đói' glucose nên bệnh nhân luôn cảm giác đói và ăn rất nhiều. | Do tế bào bị 'đói' glucose → cảm giác đói kéo dài → ăn rất nhiều. | Do tế bào bị 'đói' glucose nên bệnh nhân luôn cảm giác đói và ăn rất nhiều. | Triệu chứng thường gặp khi mắc đái tháo đường type 1 hoặc type 2. | Triệu chứng thường gặp khi mắc đái tháo đường type 1 hoặc type 2. | Cảm giác đói do tế bào thiếu glucose, khiến bệnh nhân ăn liên tục. | Do tế bào bị 'đói' glucose nên bệnh nhân luôn cảm giác đói và ăn rất nhiều. | Triệu chứng thường gặp khi mắc đái tháo đường type 1 hoặc type 2. | Do tế bào bị 'đói' glucose nên bệnh nhân luôn cảm giác đói và ăn rất nhiều. | Do tế bào bị 'đói' glucose nên bệnh nhân luôn cảm giác đói và ăn rất nhiều. | Do tế bào bị 'đói' glucose nên bệnh nhân luôn cảm giác đói và ăn rất nhiều. | Triệu chứng thường gặp khi mắc đái tháo đường type 1 hoặc type 2. | Do tế bào bị 'đói' glucose nên bệnh nhân luôn cảm giác đói và ăn rất nhiều.","https://web.archive.org/web/https://ttytiapa.gialai.gov.vn/van-ban/huong-dan-chan-doan-va-dieu-tri-benh-dai-thao-duong-tip-1-o-.html | https://bachmai.gov.vn/bai-viet/bien-chung-cua-benh-dai-thao-duong?id=f17ffc43-5abb-5dcb-54d1-d3887440a421 | https://web.archive.org/web/https://bachmai.gov.vn/bai-viet/bien-chung-cua-benh-dai-thao-duong?id=f17ffc43-5abb-5dcb-54d1-d3887440a421 | https://web.archive.org/web/https://xayenmo.ninhbinh.gov.vn/y-te-giao-duc/benh-dai-thao-duong-dau-hieu-nhan-biet-phan-loai-va-dieu-tri-389.html | https://bachmai.gov.vn/bai-viet/bien-chung-cua-benh-dai-thao-duong?id=f17ffc43-5abb-5dcb-54d1-d3887440a421 | https://bachmai.gov.vn/bai-viet/bien-chung-cua-benh-dai-thao-duong?id=f17ffc43-5abb-5dcb-54d1-d3887440a421 | https://web.archive.org/web/https://bachmai.gov.vn/bai-viet/bien-chung-cua-benh-dai-thao-duong?id=f17ffc43-5abb-5dcb-54d1-d3887440a421 | https://bachmai.gov.vn/bai-viet/bien-chung-cua-benh-dai-thao-duong?id=f17ffc43-5abb-5dcb-54d1-d3887440a421 | https://web.archive.org/web/https://bachmai.gov.vn/bai-viet/bien-chung-cua-benh-dai-thao-duong?id=f17ffc43-5abb-5dcb-54d1-d3887440a421 | https://web.archive.org/web/https://bachmai.gov.vn/bai-viet/bien-chung-cua-benh-dai-thao-duong?id=f17ffc43-5abb-5dcb-54d1-d3887440a421 | https://web.archive.org/web/http://bvthanhpho.ytethanhhoa.gov.vn/web/trang-chu/khoa-phong-chuc-nang/khoa-lam-sang/khoa-noi-nhi/benh-dai-thao-duong-va-dau-hieu-nhan-biet-benh-dai-thao-duong.html | https://web.archive.org/web/https://www.benhviendakhoasongma.gov.vn/bai-viet/benh-dai-thao-duong-220 | https://bachmai.gov.vn/bai-viet/bien-chung-cua-benh-dai-thao-duong?id=f17ffc43-5abb-5dcb-54d1-d3887440a421 | https://web.archive.org/web/https://bachmai.gov.vn/bai-viet/bien-chung-cua-benh-dai-thao-duong?id=f17ffc43-5abb-5dcb-54d1-d3887440a421 | https://chanthuongvacotsong.bachmai.gov.vn/bien-chung-cua-benh-dai-thao-duong/ | https://bachmai.gov.vn/bai-viet/bien-chung-cua-benh-dai-thao-duong?id=f17ffc43-5abb-5dcb-54d1-d3887440a421 | https://bachmai.gov.vn/bai-viet/bien-chung-cua-benh-dai-thao-duong?id=f17ffc43-5abb-5dcb-54d1-d3887440a421 | https://web.archive.org/web/https://bachmai.gov.vn/bai-viet/bien-chung-cua-benh-dai-thao-duong?id=f17ffc43-5abb-5dcb-54d1-d3887440a421 | https://web.archive.org/web/https://bachmai.gov.vn/bai-viet/bien-chung-cua-benh-dai-thao-duong?id=f17ffc43-5abb-5dcb-54d1-d3887440a421 | https://chanthuongvacotsong.bachmai.gov.vn/bien-chung-cua-benh-dai-thao-duong/ | https://bachmai.gov.vn/bai-viet/bien-chung-cua-benh-dai-thao-duong?id=f17ffc43-5abb-5dcb-54d1-d3887440a421 | https://web.archive.org/web/https://bachmai.gov.vn/bai-viet/bien-chung-cua-benh-dai-thao-duong?id=f17ffc43-5abb-5dcb-54d1-d3887440a421 | https://web.archive.org/web/https://chanthuongvacotsong.bachmai.gov.vn/bien-chung-cua-benh-dai-thao-duong/ | https://chanthuongvacotsong.bachmai.gov.vn/bien-chung-cua-benh-dai-thao-duong/ | https://web.archive.org/web/https://bachmai.gov.vn/bai-viet/bien-chung-cua-benh-dai-thao-duong?id=f17ffc43-5abb-5dcb-54d1-d3887440a421 | https://xayenmo.ninhbinh.gov.vn/y-te-giao-duc/benh-dai-thao-duong-dau-hieu-nhan-biet-phan-loai-va-dieu-tri-389.html | https://web.archive.org/web/https://xayenmo.ninhbinh.gov.vn/y-te-giao-duc/benh-dai-thao-duong-dau-hieu-nhan-biet-phan-loai-va-dieu-tri-389.html | https://chanthuongvacotsong.bachmai.gov.vn/bien-chung-cua-benh-dai-thao-duong/ | https://web.archive.org/web/https://bachmai.gov.vn/bai-viet/bien-chung-cua-benh-dai-thao-duong?id=f17ffc43-5abb-5dcb-54d1-d3887440a421 | https://web.archive.org/web/https://xayenmo.ninhbinh.gov.vn/y-te-giao-duc/benh-dai-thao-duong-dau-hieu-nhan-biet-phan-loai-va-dieu-tri-389.html | https://xayenmo.ninhbinh.gov.vn/y-te-giao-duc/benh-dai-thao-duong-dau-hieu-nhan-biet-phan-loai-va-dieu-tri-389.html | https://web.archive.org/web/https://bachmai.gov.vn/bai-viet/bien-chung-cua-benh-dai-thao-duong?id=f17ffc43-5abb-5dcb-54d1-d3887440a421 | https://bachmai.gov.vn/bai-viet/bien-chung-cua-benh-dai-thao-duong?id=f17ffc43-5abb-5dcb-54d1-d3887440a421 | https://xayenmo.ninhbinh.gov.vn/y-te-giao-duc/benh-dai-thao-duong-dau-hieu-nhan-biet-phan-loai-va-dieu-tri-389.html | https://web.archive.org/web/https://bachmai.gov.vn/bai-viet/bien-chung-cua-benh-dai-thao-duong?id=f17ffc43-5abb-5dcb-54d1-d3887440a421 | https://bachmai.gov.vn/bai-viet/bien-chung-cua-benh-dai-thao-duong?id=f17ffc43-5abb-5dcb-54d1-d3887440a421 | https://web.archive.org/web/https://bachmai.gov.vn/bai-viet/bien-chung-cua-benh-dai-thao-duong?id=f17ffc43-5abb-5dcb-54d1-d3887440a421 | https://xayenmo.ninhbinh.gov.vn/y-te-giao-duc/benh-dai-thao-duong-dau-hieu-nhan-biet-phan-loai-va-dieu-tri-389.html | https://web.archive.org/web/https://bachmai.gov.vn/bai-viet/bien-chung-cua-benh-dai-thao-duong?id=f17ffc43-5abb-5dcb-54d1-d3887440a421 | https://bachmai.gov.vn/bai-viet/bien-chung-cua-benh-dai-thao-duong?id=f17ffc43-5abb-5dcb-54d1-d3887440a421"
"255","SYMP_1d8d6a15d1","Symptom","Ăn nhiều, uống nhiều, đái nhiều, gầy nhanh","Triệu chứng điển hình của bệnh đái tháo đường, có thể chỉ xuất hiện một phần.","https://web.archive.org/web/https://vncdc.gov.vn/quan-ly-benh-dai-thao-duong-nd14581.html"
"256","SYMP_1d9cb36eca","Symptom","Huyết áp tăng không kiểm soát","Tình trạng huyết áp cao kéo dài gây tổn thương thận và khó điều trị.","https://web.archive.org/web/https://tamanhhospital.vn/tang-huyet-ap-trong-benh-than/"
"257","SYMP_1deca2e591","Symptom","Sốt cao","Triệu chứng thường gặp trong các biến chứng như toan ceton do đái tháo đường. | Một trong những biểu hiện lâm sàng phổ biến của bệnh dại ở người. | Một trong những biểu hiện lâm sàng phổ biến của bệnh dại ở người.","https://benhviennhitrunguong.gov.vn/hoi-thao-xu-huong-dieu-tri-dai-thao-duong-tip-1-chung-ta-khong-the-dung-ngoai.html | https://web.archive.org/web/http://www.tapchiyhocduphong.vn/tap-chi-y-hoc-du-phong/2015/08/kien-thuc-ve-benh-dai-thao-duong-va-mot-so-yeu-to-lien-quan-cua-nguoi-benh-tai-c-o81E20305.html | https://web.archive.org/web/http://www.tapchiyhocduphong.vn/tap-chi-y-hoc-du-phong/2015/08/kien-thuc-ve-benh-dai-thao-duong-va-mot-so-yeu-to-lien-quan-cua-nguoi-benh-tai-c-o81E20305.html"
"258","SYMP_1e45faac1b","Symptom","Đau đầu","Triệu chứng nhẹ hoặc dữ dội tùy theo mức độ tăng huyết áp.","https://chanthuongvacotsong.bachmai.gov.vn/cao-huyet-ap-am-tham-ma-rat-hiem/"
"259","SYMP_1e53e5f86b","Symptom","Toan hô hấp","Tình trạng pH máu ≤ 7,35 và PaCO2 ≥ 45mmHg, biểu hiện suy hô hấp. | Tình trạng pH máu ≤ 7,35 và/hoặc PaCO2 ≥ 45mmHg. | Tình trạng pH máu ≤ 7,35 và PaCO2 ≥ 45mmHg.","https://bachmai.gov.vn/bai-viet/tho-may-khong-xam-nhap-trong-dieu-tri-benh-phoi-tac-nghen-man-tinh?id=828a5ae0-e152-ef2d-e6b5-48a6c8bafe5b | https://web.archive.org/web/https://bachmai.gov.vn/bai-viet/tho-may-khong-xam-nhap-trong-dieu-tri-benh-phoi-tac-nghen-man-tinh?id=828a5ae0-e152-ef2d-e6b5-48a6c8bafe5b | https://bachmai.gov.vn/bai-viet/tho-may-khong-xam-nhap-trong-dieu-tri-benh-phoi-tac-nghen-man-tinh?id=828a5ae0-e152-ef2d-e6b5-48a6c8bafe5b"
"260","SYMP_1eb79a3c3c","Symptom","Chẩn đoán nhầm","Việc chẩn đoán sai bệnh lý dẫn đến nguy cơ cao hơn trong nhiễm toan ceton mức độ nặng. | Việc chẩn đoán sai bệnh lý dẫn đến nguy cơ cao hơn trong nhiễm toan ceton mức độ nặng. | Là yếu tố làm tăng nguy cơ nhiễm toan ceton mức độ nặng lên đến 6,42 lần.","https://web.archive.org/web/https://sti.vista.gov.vn/publication/view/a89fbc66bf10ab8ca38c2d64abf8f338-4b52a78cc238d65e911a803b4659b844-318299.html | https://sti.vista.gov.vn/publication/view/a89fbc66bf10ab8ca38c2d64abf8f338-4b52a78cc238d65e911a803b4659b844-318299.html | https://sti.vista.gov.vn/publication/view/a89fbc66bf10ab8ca38c2d64abf8f338-4b52a78cc238d65e911a803b4659b844-318299.html | https://web.archive.org/web/https://sti.vista.gov.vn/publication/view/a89fbc66bf10ab8ca38c2d64abf8f338-4b52a78cc238d65e911a803b4659b844-318299.html"
"261","SYMP_1f34148bed","Symptom","Đái tháo đường týp 2","Bệnh mạn tính do insulin không đủ hoặc cơ thể không phản ứng đúng với insulin, dẫn đến tăng đường huyết.","https://web.archive.org/web/https://sti.vista.gov.vn/projects/udnv/nghien-cuu-thuan-tap-5-nam-ve-benh-dai-thao-duong-typ-2-va-hoi-chung-chuyen-hoa-o-nguoi-viet-nam-vai-tro-yeu-to-di-truyen-va-loi-song-4221.html"
"262","SYMP_1fd9642489","Symptom","Mờ mắt","Do tổn thương mạch máu ở võng mạc hoặc rối loạn độ ẩm trong mắt do đường huyết cao. | Do lượng đường cao gây tổn thương mạch máu nhỏ trong mắt, ảnh hưởng đến thị lực. | Triệu chứng thị lực suy giảm do tổn thương mạch máu ở đáy mắt. | Do lượng đường cao gây tổn thương mạch máu nhỏ trong mắt, ảnh hưởng đến thị lực. | Do tổn thương mạch máu ở võng mạc hoặc rối loạn độ ẩm trong mắt do đường huyết cao. | Do tổn thương mạch máu ở võng mạc hoặc rối loạn độ ẩm trong mắt, gây ảnh hưởng thị lực. | Do lượng đường cao gây tổn thương mạch máu nhỏ trong mắt, ảnh hưởng đến thị lực.","http://ttyt.tamduong.laichau.gov.vn/quan-ly-nha-nuoc/hoat-dong-doan-doi/dai-thao-duong-tuyp-2-nguyen-nhan-trieu-chung-chan-doan-va-d.html | https://web.archive.org/web/https://benhvientinh.caobang.gov.vn/index.php/vi/news/dich-vu/tiep-nhan-dieu-tri-benh-nhan-dai-thao-duong-tuyp-2-co-bien-chung-mo-mat-do-khong-di-kham-va-tam-soat-som-443.html | http://ttyt.tamduong.laichau.gov.vn/quan-ly-nha-nuoc/hoat-dong-doan-doi/dai-thao-duong-tuyp-2-nguyen-nhan-trieu-chung-chan-doan-va-d.html | https://benhvientinh.caobang.gov.vn/index.php/vi/news/dich-vu/tiep-nhan-dieu-tri-benh-nhan-dai-thao-duong-tuyp-2-co-bien-chung-mo-mat-do-khong-di-kham-va-tam-soat-som-443.html | http://ttyt.tamduong.laichau.gov.vn/quan-ly-nha-nuoc/hoat-dong-doan-doi/dai-thao-duong-tuyp-2-nguyen-nhan-trieu-chung-chan-doan-va-d.html | https://web.archive.org/web/http://ttyt.tamduong.laichau.gov.vn/quan-ly-nha-nuoc/hoat-dong-doan-doi/dai-thao-duong-tuyp-2-nguyen-nhan-trieu-chung-chan-doan-va-d.html | http://ttyt.tamduong.laichau.gov.vn/quan-ly-nha-nuoc/hoat-dong-doan-doi/dai-thao-duong-tuyp-2-nguyen-nhan-trieu-chung-chan-doan-va-d.html | https://web.archive.org/web/http://ttyt.tamduong.laichau.gov.vn/quan-ly-nha-nuoc/hoat-dong-doan-doi/dai-thao-duong-tuyp-2-nguyen-nhan-trieu-chung-chan-doan-va-d.html | https://web.archive.org/web/http://ttyt.tamduong.laichau.gov.vn/quan-ly-nha-nuoc/hoat-dong-doan-doi/dai-thao-duong-tuyp-2-nguyen-nhan-trieu-chung-chan-doan-va-d.html"
"263","SYMP_2267d8a58f","Symptom","Sử dụng thuốc hạ đường huyết sai cách","Người bệnh có hiểu biết chưa đúng về liều lượng, thời điểm hoặc tác dụng phụ của thuốc.","https://web.archive.org/web/http://www.tapchiyhocduphong.vn/tap-chi-y-hoc-du-phong/2015/08/kien-thuc-ve-benh-dai-thao-duong-va-mot-so-yeu-to-lien-quan-cua-nguoi-benh-tai-c-o81E20305.html"
"264","SYMP_2296e626f3","Symptom","BCTĐTĐ giai đoạn 3+4","Biến chứng thận đái tháo đường ở mức độ nặng, suy giảm chức năng thận nghiêm trọng.","https://nsti.vista.gov.vn/publication/view/nghien-cuu-dac-diem-lam-sang-can-lam-sang-va-danh-gia-bien-chung-than-o-benh-nhan-dai-thao-duong-type-2-tai-khoa-noi-3-benh-vien-huu-nghi-viet-tiep-hai-phong-350723.html"
"265","SYMP_23037627f8","Symptom","Tổn thương cơ quan đích","Gây ra bởi tăng huyết áp không kiểm soát, bao gồm suy tim, suy thận, đột quỵ, nhồi máu cơ tim. | Các tổn thương do tăng huyết áp gây ra như suy thận, xuất huyết võng mạc, hẹp động mạch cảnh. | Gồm suy tim, suy thận, xuất huyết võng mạc, protein niệu… do tăng huyết áp gây ra.","https://chanthuongvacotsong.bachmai.gov.vn/huong-dan-chan-doan-va-dieu-tri-tang-huyet-ap/ | https://web.archive.org/web/https://chanthuongvacotsong.bachmai.gov.vn/huong-dan-chan-doan-va-dieu-tri-tang-huyet-ap/ | https://chanthuongvacotsong.bachmai.gov.vn/huong-dan-chan-doan-va-dieu-tri-tang-huyet-ap/ | https://web.archive.org/web/https://chanthuongvacotsong.bachmai.gov.vn/huong-dan-chan-doan-va-dieu-tri-tang-huyet-ap/ | https://chanthuongvacotsong.bachmai.gov.vn/huong-dan-chan-doan-va-dieu-tri-tang-huyet-ap/"
"266","SYMP_239944f41a","Symptom","Glucose máu bất thường","Mức đường huyết không được kiểm soát tốt, dẫn đến tổn thương thận.","https://nsti.vista.gov.vn/publication/view/nghien-cuu-dac-diem-lam-sang-can-lam-sang-va-danh-gia-bien-chung-than-o-benh-nhan-dai-thao-duong-tip-2-tai-khoa-noi-tiet-benh-vien-trung-uong-103-quan-doi-nhan-dan-lao-373086.html"
"267","SYMP_24c4f209b6","Symptom","Tăng huyết áp","Áp lực máu cao, thường đi kèm với đái tháo đường và làm tăng nguy cơ biến chứng thận. | Biến chứng tim mạch thường gặp trong bệnh đái tháo đường. | Biến chứng tim mạch phổ biến do đái tháo đường gây ra. | Một trong 4 trụ cột điều trị ĐTĐ, cần kiểm soát để phòng ngừa biến chứng tim mạch. | Một trong 4 trụ cột điều trị ĐTĐ, cần kiểm soát để phòng ngừa biến chứng tim mạch. | Bệnh lý phổ biến, nguyên nhân gây tử vong hàng đầu, dẫn đến suy tim, đột quỵ não và nhồi máu cơ tim. | Huyết áp cao do suy thận hoặc là biến chứng của suy thận mạn, gây tổn thương mạch máu và làm trầm trọng thêm tình trạng suy thận. | Biến chứng của suy thận mạn, gây tổn thương mạch máu và làm giảm chức năng thận. | Huyết áp cao do suy thận hoặc là biến chứng của suy thận mạn, gây tổn thương mạch máu và làm trầm trọng thêm tình trạng suy thận. | Biến chứng của suy thận mạn, gây tổn thương mạch máu và làm giảm chức năng thận. | Tình trạng áp lực dòng chảy của máu lên thành động mạch tăng cao, gây tổn thương tim, mạch máu, não, mắt, thận và nhiều bệnh mạn tính khác. | Tình trạng áp lực dòng chảy của máu lên thành động mạch tăng cao, gây tổn thương tim, mạch máu, não, mắt, thận và nhiều bệnh mạn tính khác.","https://nsti.vista.gov.vn/publication/view/nghien-cuu-dac-diem-lam-sang-can-lam-sang-va-danh-gia-bien-chung-than-o-benh-nhan-dai-thao-duong-tip-2-tai-khoa-noi-tiet-benh-vien-trung-uong-103-quan-doi-nhan-dan-lao-373086.html | https://web.archive.org/web/http://soyte.hatinh.gov.vn/tin-tuc-su-kien/thong-tin-y-te/bai-truyen-thong-benh-dai-thao-duong-va-cach-phong-ngua-benh.html | http://soyte.hatinh.gov.vn/tin-tuc-su-kien/thong-tin-y-te/bai-truyen-thong-benh-dai-thao-duong-va-cach-phong-ngua-benh.html | https://web.archive.org/web/https://bachmai.gov.vn/bai-viet/dai-thao-duong-bien-chung-tim-mach-va-than-kinh-ngoai-bien-sat-thu-tham-lang?id=994f4df4-95c1-4760-8aee-8d07a69f9fe1 | https://web.archive.org/web/https://bachmai.gov.vn/bai-viet/dai-thao-duong-bien-chung-tim-mach-va-than-kinh-ngoai-bien-sat-thu-tham-lang?id=994f4df4-95c1-4760-8aee-8d07a69f9fe1 | https://web.archive.org/web/http://bvhoanghoa.ytethanhhoa.gov.vn/web/khoa-phong-chuc-nang/khoa-phong-chuc-nang/phong-cong-tac-xa-hoi/dieu-can-luu-y-khi-dieu-tri-tang-huyet-ap.html | https://web.archive.org/web/https://www.vinmec.com/vie/bai-viet/suy-o-nguoi-bi-cao-huyet-ap-nhung-dieu-can-chu-y-vi | https://www.vinmec.com/vie/bai-viet/suy-o-nguoi-bi-cao-huyet-ap-nhung-dieu-can-chu-y-vi | https://web.archive.org/web/https://www.vinmec.com/vie/bai-viet/suy-o-nguoi-bi-cao-huyet-ap-nhung-dieu-can-chu-y-vi | https://www.vinmec.com/vie/bai-viet/suy-o-nguoi-bi-cao-huyet-ap-nhung-dieu-can-chu-y-vi | https://web.archive.org/web/https://bachmai.gov.vn/tin-chi-tiet/-/bai-viet/tang-huyet-ap-can-benh-tham-lang-nhung-nguy-hiem-8463-146.html | https://web.archive.org/web/https://bachmai.gov.vn/tin-chi-tiet/-/bai-viet/tang-huyet-ap-can-benh-tham-lang-nhung-nguy-hiem-8463-146.html"
"268","SYMP_25211fc8ab","Symptom","Cảm giác mệt mỏi kéo dài","Do cơ thể không chuyển hóa glucose hiệu quả, dẫn đến cung cấp năng lượng cho tế bào bị gián đoạn.","https://web.archive.org/web/https://benhviennhitrunguong.gov.vn/hoi-thao-xu-huong-dieu-tri-dai-thao-duong-tip-1-chung-ta-khong-the-dung-ngoai.html"
"269","SYMP_28abcf3d9e","Symptom","Xương yếu","Do thận không sản sinh đủ hormone giúp xương chắc khỏe.","https://www.vinmec.com/vie/bai-viet/tai-sao-mac-benh-thi-huyet-ap-lai-tang-cao-vi"
"270","SYMP_28cc2472dc","Symptom","Khó thở khi giao mùa","Do thời tiết thay đổi thất thường và độ ẩm cao. | Do thời tiết thay đổi thất thường và độ ẩm cao. | Do độ ẩm cao và thay đổi thời tiết.","https://benhviennhitrunguong.gov.vn/tag/hen-phe-quan | https://benhviennhitrunguong.gov.vn/tag/hen-phe-quan | https://web.archive.org/web/https://benhviennhitrunguong.gov.vn/tag/hen-phe-quan"
"271","SYMP_2cb94bbe5c","Symptom","Toan ceton do ĐTĐ","Trạng thái sinh lý nghiêm trọng xảy ra khi cơ thể thiếu insulin, dẫn đến tích tụ axit beta-hydroxybutyric và acetoacetic acid trong máu. | Trạng thái nguy hiểm do tích tụ axit beta-hydroxybutyric và acid acetic trong máu, thường gặp ở bệnh nhân đái tháo đường típ 1 khi không kiểm soát tốt glucose. | Trạng thái sinh lý nghiêm trọng xảy ra khi cơ thể thiếu insulin, dẫn đến tích tụ axit beta-hydroxybutyric và acetoacetic acid trong máu.","https://web.archive.org/web/https://benhviennhitrunguong.gov.vn/hoi-thao-xu-huong-dieu-tri-dai-thao-duong-tip-1-chung-ta-khong-the-dung-ngoai.html | https://benhviennhitrunguong.gov.vn/hoi-thao-xu-huong-dieu-tri-dai-thao-duong-tip-1-chung-ta-khong-the-dung-ngoai.html | https://web.archive.org/web/https://benhviennhitrunguong.gov.vn/hoi-thao-xu-huong-dieu-tri-dai-thao-duong-tip-1-chung-ta-khong-the-dung-ngoai.html"
"272","SYMP_2ccb0e8eb6","Symptom","Khát nước nhiều","Triệu chứng điển hình của đái tháo đường do cơ thể mất nước qua tiểu. | Cảm giác khát tăng dần, thường xuyên muốn uống nước. | Triệu chứng điển hình của đái tháo đường do cơ thể mất nước qua tiểu. | Cảm giác khát tăng dần, thường xuyên muốn uống nước. | Do cơ thể mất nước nghiêm trọng khi đường huyết cao. | Triệu chứng điển hình của đái tháo đường do cơ thể mất nước qua tiểu. | Triệu chứng lâm sàng điển hình của bệnh đái tháo đường.","https://web.archive.org/web/https://benhvienquynhon.gov.vn/tin-tuc/hoat-dong-cua-ttyt/dai-thao-duong-va-nhung-dieu-ban-can-biet/ | https://benhviennhitrunguong.gov.vn/hoi-thao-xu-huong-dieu-tri-dai-thao-duong-tip-1-chung-ta-khong-the-dung-ngoai.html | https://benhviennhitrunguong.gov.vn/hoi-thao-xu-huong-dieu-tri-dai-thao-duong-tip-1-chung-ta-khong-the-dung-ngoai.html | https://benhvienquynhon.gov.vn/tin-tuc/hoat-dong-cua-ttyt/dai-thao-duong-va-nhung-dieu-ban-can-biet/ | https://web.archive.org/web/https://benhvienquynhon.gov.vn/tin-tuc/hoat-dong-cua-ttyt/dai-thao-duong-va-nhung-dieu-ban-can-biet/ | https://benhviennhitrunguong.gov.vn/hoi-thao-xu-huong-dieu-tri-dai-thao-duong-tip-1-chung-ta-khong-the-dung-ngoai.html | https://web.archive.org/web/http://bvthanhpho.ytethanhhoa.gov.vn/web/trang-chu/khoa-phong-chuc-nang/khoa-lam-sang/khoa-noi-nhi/benh-dai-thao-duong-va-dau-hieu-nhan-biet-benh-dai-thao-duong.html"
"273","SYMP_2dd7944caf","Symptom","Ho khạc đờm","Ho kéo dài và có đờm là triệu chứng phổ biến trong COPD. | Triệu chứng mạn tính của COPD, tăng trong đợt cấp.","https://medlatec.vn/tin-tuc/benh-nhan-phoi-tac-nghen-phoi-man-tinh-song-duoc-bao-lau-cai-thien-tuoi-tho-bang-cach-nao | https://bachmai.gov.vn/bai-viet/tho-may-khong-xam-nhap-trong-dieu-tri-benh-phoi-tac-nghen-man-tinh?id=828a5ae0-e152-ef2d-e6b5-48a6c8bafe5b"
"274","SYMP_2e1075cce4","Symptom","Biến chứng thần kinh","Hậu quả của việc kiểm soát đường huyết kém trong thời gian dài. | Dấu hiệu tổn thương dây thần kinh do đường huyết không kiểm soát. | Hậu quả của việc kiểm soát đường huyết kém trong thời gian dài.","http://soyte.hatinh.gov.vn/tin-tuc-su-kien/thong-tin-y-te/luu-y-khi-dieu-tri-dai-thao-duong-type-1.html | http://soyte.hatinh.gov.vn/tin-tuc-su-kien/thong-tin-y-te/luu-y-khi-dieu-tri-dai-thao-duong-type-1.html | https://web.archive.org/web/http://soyte.hatinh.gov.vn/tin-tuc-su-kien/thong-tin-y-te/luu-y-khi-dieu-tri-dai-thao-duong-type-1.html"
"275","SYMP_2f2fc23969","Symptom","Phù chân","Giảm lưu lượng máu đến thận dẫn đến tích tụ dịch ở chân.","https://web.archive.org/web/https://medlatec.vn/tin-tuc/hep-dong-mach-than-la-gi-muc-do-nguy-hiem-va-phuong-phap-dieu-tri"
"276","SYMP_314b92d071","Symptom","Hội chứng chuyển hóa","Tổ hợp các yếu tố nguy cơ như tăng huyết áp, mỡ máu cao, béo phì, kháng insulin.","https://web.archive.org/web/https://sti.vista.gov.vn/projects/udnv/nghien-cuu-thuan-tap-5-nam-ve-benh-dai-thao-duong-typ-2-va-hoi-chung-chuyen-hoa-o-nguoi-viet-nam-vai-tro-yeu-to-di-truyen-va-loi-song-4221.html"
"277","SYMP_32eba1c8da","Symptom","Hơi thở có mùi ceton","Dấu hiệu lâm sàng của nhiễm toan ceton do tích tụ axit ceton trong máu.","https://web.archive.org/web/https://vncdc.gov.vn/huong-dan-chan-doan-va-dieu-tri-benh-dai-thao-duong-tuyp-2-nd14582.html"
"278","SYMP_32ebef8fce","Symptom","Bệnh thận mạn","Sự tổn thương và suy giảm chức năng thận do tăng huyết áp kéo dài. | Sự tổn thương kéo dài của thận do tăng huyết áp. | Sự tổn thương và suy giảm chức năng thận do tăng huyết áp kéo dài. | Sự tổn thương kéo dài của thận do tăng huyết áp gây ra. | Sự tổn thương và suy giảm chức năng thận do tăng huyết áp kéo dài. | Sự tổn thương kéo dài của thận do tăng huyết áp gây ra. | Sự tổn thương và suy giảm chức năng thận do tăng huyết áp kéo dài. | Sự tổn thương và suy giảm chức năng thận do tăng huyết áp kéo dài.","https://web.archive.org/web/http://bvhoanghoa.ytethanhhoa.gov.vn/web/khoa-phong-chuc-nang/khoa-phong-chuc-nang/to-cong-tac-xa-hoi/benh-tang-huyet-ap-ke-giet-nguoi-tham-lang.html | http://bvhoanghoa.ytethanhhoa.gov.vn/web/khoa-phong-chuc-nang/khoa-phong-chuc-nang/to-cong-tac-xa-hoi/benh-tang-huyet-ap-ke-giet-nguoi-tham-lang.html"
"279","SYMP_33699b4dc1","Symptom","Nhức đầu","Một trong những biểu hiện mơ hồ của tăng huyết áp, thường không rõ ràng và dễ bị bỏ qua.","https://soyte.tuyenquang.gov.vn/tin-tuc/tang-huyet-ap-va-nhung-bien-chung-nguy-hiem.html | https://soyte.tuyenquang.gov.vn/tin-tuc/tang-huyet-ap-va-nhung-bien-chung-nguy-hiem.html | https://web.archive.org/web/https://soyte.tuyenquang.gov.vn/tin-tuc/tang-huyet-ap-va-nhung-bien-chung-nguy-hiem.html"
"280","SYMP_344938b6bf","Symptom","Hôn mê","Trạng thái mất ý thức sâu do tăng áp lực thẩm thấu máu, thường gặp ở người đái tháo đường týp 2. | Biến chứng cấp tính nguy hiểm do đường huyết bất thường. | Biến chứng cấp tính nguy hiểm do đường huyết bất thường. | Biến chứng cấp tính nguy hiểm do đường huyết bất thường.","https://web.archive.org/web/https://benhviendakhoasongma.gov.vn/bai-viet/hon-me-tang-ap-luc-tham-thau-do-dai-thao-duong-210 | https://web.archive.org/web/https://bachmai.gov.vn/bai-viet/chan-doan-som-benh-dai-thao-duong-tip-2?id=59f9c51f-418e-9437-823c-a1a6c23c33e4 | https://web.archive.org/web/https://bachmai.gov.vn/bai-viet/chan-doan-som-benh-dai-thao-duong-tip-2?id=59f9c51f-418e-9437-823c-a1a6c23c33e4 | https://web.archive.org/web/https://bachmai.gov.vn/bai-viet/chan-doan-som-benh-dai-thao-duong-tip-2?id=59f9c51f-418e-9437-823c-a1a6c23c33e4"
"281","SYMP_34c7d5fbbd","Symptom","Mù mắt","Do tổn thương mạch máu võng mạc do huyết áp cao gây phù nề và xuất huyết. | Do tổn thương mạch máu võng mạc do tăng huyết áp gây phù nề và xuất huyết. | Do tổn thương mạch máu võng mạc do tăng huyết áp gây phù nề và xuất huyết. | Do tổn thương mạch máu võng mạc do huyết áp cao gây phù nề và xuất huyết.","http://bvhoanghoa.ytethanhhoa.gov.vn/web/khoa-phong-chuc-nang/khoa-phong-chuc-nang/phong-cong-tac-xa-hoi/dieu-can-luu-y-khi-dieu-tri-tang-huyet-ap.html | https://web.archive.org/web/http://bvhoanghoa.ytethanhhoa.gov.vn/web/khoa-phong-chuc-nang/khoa-phong-chuc-nang/phong-cong-tac-xa-hoi/dieu-can-luu-y-khi-dieu-tri-tang-huyet-ap.html | http://bvhoanghoa.ytethanhhoa.gov.vn/web/khoa-phong-chuc-nang/khoa-phong-chuc-nang/phong-cong-tac-xa-hoi/dieu-can-luu-y-khi-dieu-tri-tang-huyet-ap.html | http://bvhoanghoa.ytethanhhoa.gov.vn/web/khoa-phong-chuc-nang/khoa-phong-chuc-nang/to-cong-tac-xa-hoi/dieu-can-luu-y-khi-dieu-tri-tang-huyet-ap.html | http://bvhoanghoa.ytethanhhoa.gov.vn/web/khoa-phong-chuc-nang/khoa-phong-chuc-nang/phong-cong-tac-xa-hoi/dieu-can-luu-y-khi-dieu-tri-tang-huyet-ap.html | https://web.archive.org/web/http://bvhoanghoa.ytethanhhoa.gov.vn/web/khoa-phong-chuc-nang/khoa-phong-chuc-nang/phong-cong-tac-xa-hoi/dieu-can-luu-y-khi-dieu-tri-tang-huyet-ap.html | http://bvhoanghoa.ytethanhhoa.gov.vn/web/khoa-phong-chuc-nang/khoa-phong-chuc-nang/phong-cong-tac-xa-hoi/dieu-can-luu-y-khi-dieu-tri-tang-huyet-ap.html | https://web.archive.org/web/http://bvhoanghoa.ytethanhhoa.gov.vn/web/khoa-phong-chuc-nang/khoa-phong-chuc-nang/phong-cong-tac-xa-hoi/dieu-can-luu-y-khi-dieu-tri-tang-huyet-ap.html | https://web.archive.org/web/http://bvhoanghoa.ytethanhhoa.gov.vn/web/khoa-phong-chuc-nang/khoa-phong-chuc-nang/phong-cong-tac-xa-hoi/dieu-can-luu-y-khi-dieu-tri-tang-huyet-ap.html | http://bvhoanghoa.ytethanhhoa.gov.vn/web/khoa-phong-chuc-nang/khoa-phong-chuc-nang/phong-cong-tac-xa-hoi/dieu-can-luu-y-khi-dieu-tri-tang-huyet-ap.html"
"282","SYMP_35383f7082","Symptom","MAU dương tính","Mức albumin urin tăng, biểu hiện tổn thương thận sớm ở bệnh nhân đái tháo đường. | Mức albumin urin cao, biểu hiện tổn thương thận ở giai đoạn sớm. | Mức albumin urin tăng, biểu hiện tổn thương thận sớm ở bệnh nhân đái tháo đường.","https://nsti.vista.gov.vn/publication/view/nghien-cuu-dac-diem-lam-sang-can-lam-sang-va-danh-gia-bien-chung-than-o-benh-nhan-dai-thao-duong-type-2-tai-khoa-noi-3-benh-vien-huu-nghi-viet-tiep-hai-phong-350723.html | https://nsti.vista.gov.vn/publication/view/nghien-cuu-dac-diem-lam-sang-can-lam-sang-va-danh-gia-bien-chung-than-o-benh-nhan-dai-thao-duong-tip-2-tai-khoa-noi-tiet-benh-vien-trung-uong-103-quan-doi-nhan-dan-lao-373086.html | https://nsti.vista.gov.vn/publication/view/nghien-cuu-dac-diem-lam-sang-can-lam-sang-va-danh-gia-bien-chung-than-o-benh-nhan-dai-thao-duong-type-2-tai-khoa-noi-3-benh-vien-huu-nghi-viet-tiep-hai-phong-350723.html"
"283","SYMP_354236dc3d","Symptom","Ngứa","Biểu hiện của biến chứng mãn tính do tổn thương thần kinh và mạch máu. | Biểu hiện của tổn thương da do biến chứng đái tháo đường.","https://bachmai.gov.vn/bai-viet/bien-chung-cua-benh-dai-thao-duong?id=f17ffc43-5abb-5dcb-54d1-d3887440a421 | https://chanthuongvacotsong.bachmai.gov.vn/bien-chung-cua-benh-dai-thao-duong/"
"284","SYMP_38bb71f482","Symptom","Vết thương lâu lành","Do tổn thương mạch máu và thần kinh gây chậm phục hồi. | Chấn thương da mất thời gian dài để hồi phục do tổn thương thần kinh và tuần hoàn.","https://xayenmo.ninhbinh.gov.vn/y-te-giao-duc/benh-dai-thao-duong-dau-hieu-nhan-biet-phan-loai-va-dieu-tri-389.html | https://web.archive.org/web/https://medlatec.vn/tin-tuc/benh-dai-thao-duong-anh-huong-nhu-the-nao-toi-suc-khoe-s195-n19438"
"285","SYMP_39cbf4dcc2","Symptom","Bệnh lý tăng huyết áp","Tăng huyết áp đi kèm với đái tháo đường type 2, làm gia tăng nguy cơ biến chứng thận.","https://nsti.vista.gov.vn/publication/view/nghien-cuu-dac-diem-lam-sang-can-lam-sang-va-danh-gia-bien-chung-than-o-benh-nhan-dai-thao-duong-type-2-tai-khoa-noi-3-benh-vien-huu-nghi-viet-tiep-hai-phong-350723.html"
"286","SYMP_3a56ffce7e","Symptom","Suy thận","Tổn thương chức năng thận do biến chứng đái tháo đường. | Biến chứng nghiêm trọng ảnh hưởng đến chức năng lọc máu của thận. | Biến chứng nguy hiểm ảnh hưởng đến chức năng lọc máu của thận. | Do tổn thương mạch máu cầu thận, là biến chứng đặc hiệu của đái tháo đường. | Do tổn thương mạch máu cầu thận, là nguyên nhân hàng đầu gây suy thận và lọc máu. | Do tổn thương mạch máu cầu thận, là biến chứng đặc hiệu của đái tháo đường. | Do tổn thương mạch máu cầu thận, là nguyên nhân hàng đầu gây suy thận và lọc máu. | Hậu quả của tổn thương mạch máu và tế bào thận do tăng huyết áp kéo dài. | Hậu quả của tổn thương mạch máu thận do huyết áp cao kéo dài. | Hậu quả của tổn thương mạch máu và tế bào thận do tăng huyết áp kéo dài. | Biến chứng do tổn thương mạch máu và mô thận kéo dài từ huyết áp cao. | Biến chứng nghiêm trọng do tăng huyết áp gây ra, có thể tiến triển đến giai đoạn cuối cần thay thế thận. | Có thể tiến triển đến giai đoạn cuối, cần chạy thận hoặc ghép thận - là biến chứng nghiêm trọng của tăng huyết áp. | Biến chứng do tổn thương mạch máu thận, có thể tiến triển đến giai đoạn cuối cần chạy thận hoặc ghép thận. | Tổn thương chức năng thận do huyết áp kéo dài, có thể tiến triển đến giai đoạn cuối. | Hậu quả của tổn thương mạch máu thận do huyết áp cao kéo dài. | Biến chứng do tăng huyết áp gây tổn thương hệ thống lọc của thận. | Hậu quả của tổn thương mạch máu và tế bào thận do tăng huyết áp kéo dài. | Hậu quả của tổn thương mạch máu do tăng huyết áp kéo dài. | Hậu quả của tổn thương mạch máu thận do huyết áp cao kéo dài. | Biến chứng do tăng huyết áp gây tổn thương hệ thống lọc của thận. | Hậu quả của tổn thương mạch máu do tăng huyết áp kéo dài. | Biến chứng do tăng huyết áp gây tổn thương mạch máu thận và suy giảm chức năng lọc. | Hậu quả của tổn thương mạch máu thận do huyết áp cao kéo dài. | Biến chứng do tăng huyết áp gây tổn thương hệ thống lọc của thận. | Hậu quả của tổn thương mạch máu do tăng huyết áp. | Tổn thương chức năng thận do huyết áp kéo dài, có thể tiến triển đến giai đoạn cuối. | Có thể tiến triển đến giai đoạn cuối, cần chạy thận hoặc ghép thận - là biến chứng nghiêm trọng của tăng huyết áp. | Biến chứng do tổn thương mạch máu thận, có thể tiến triển đến giai đoạn cuối cần chạy thận hoặc ghép thận. | Tổn thương chức năng thận do huyết áp kéo dài, có thể tiến triển đến giai đoạn cuối.","https://web.archive.org/web/https://bachmai.gov.vn/tin-chi-tiet/-/bai-viet/dai-thao-duong-can-benh-nhieu-bien-chung-nguy-hiem-8-trieu-nguoi-viet-nam-dang-mac-9624-146.html | https://web.archive.org/web/http://soyte.hatinh.gov.vn/tin-tuc-su-kien/thong-tin-y-te/bai-truyen-thong-benh-dai-thao-duong-va-cach-phong-ngua-benh.html | http://soyte.hatinh.gov.vn/tin-tuc-su-kien/thong-tin-y-te/bai-truyen-thong-benh-dai-thao-duong-va-cach-phong-ngua-benh.html | https://web.archive.org/web/https://bachmai.gov.vn/tin-chi-tiet/-/bai-viet/dai-thao-duong-can-benh-nhieu-bien-chung-nguy-hiem-8-trieu-nguoi-viet-nam-dang-mac-9624-146.html | https://bachmai.gov.vn/tin-chi-tiet/-/bai-viet/dai-thao-duong-can-benh-nhieu-bien-chung-nguy-hiem-8-trieu-nguoi-viet-nam-dang-mac-9624-146.html | https://bachmai.gov.vn/tin-chi-tiet/-/bai-viet/dai-thao-duong-can-benh-nhieu-bien-chung-nguy-hiem-8-trieu-nguoi-viet-nam-dang-mac-9624-146.html | https://web.archive.org/web/https://bachmai.gov.vn/tin-chi-tiet/-/bai-viet/dai-thao-duong-can-benh-nhieu-bien-chung-nguy-hiem-8-trieu-nguoi-viet-nam-dang-mac-9624-146.html | http://bvhoanghoa.ytethanhhoa.gov.vn/web/khoa-phong-chuc-nang/khoa-phong-chuc-nang/phong-cong-tac-xa-hoi/dieu-can-luu-y-khi-dieu-tri-tang-huyet-ap.html | https://web.archive.org/web/http://bvhoanghoa.ytethanhhoa.gov.vn/web/khoa-phong-chuc-nang/khoa-phong-chuc-nang/phong-cong-tac-xa-hoi/dieu-can-luu-y-khi-dieu-tri-tang-huyet-ap.html | http://bvhoanghoa.ytethanhhoa.gov.vn/web/khoa-phong-chuc-nang/khoa-phong-chuc-nang/phong-cong-tac-xa-hoi/dieu-can-luu-y-khi-dieu-tri-tang-huyet-ap.html | https://web.archive.org/web/http://bvhoanghoa.ytethanhhoa.gov.vn/web/khoa-phong-chuc-nang/khoa-phong-chuc-nang/phong-cong-tac-xa-hoi/dieu-can-luu-y-khi-dieu-tri-tang-huyet-ap.html | http://bvhoanghoa.ytethanhhoa.gov.vn/web/khoa-phong-chuc-nang/khoa-phong-chuc-nang/to-cong-tac-xa-hoi/dieu-can-luu-y-khi-dieu-tri-tang-huyet-ap.html | https://web.archive.org/web/http://bvhoanghoa.ytethanhhoa.gov.vn/web/khoa-phong-chuc-nang/khoa-phong-chuc-nang/to-cong-tac-xa-hoi/dieu-can-luu-y-khi-dieu-tri-tang-huyet-ap.html | http://bvhoanghoa.ytethanhhoa.gov.vn/web/khoa-phong-chuc-nang/khoa-phong-chuc-nang/phong-cong-tac-xa-hoi/dieu-can-luu-y-khi-dieu-tri-tang-huyet-ap.html | https://bachmai.gov.vn/tin-chi-tiet/-/bai-viet/tang-huyet-ap-can-benh-tham-lang-nhung-nguy-hiem-8463-146.html | https://web.archive.org/web/http://bvhoanghoa.ytethanhhoa.gov.vn/web/khoa-phong-chuc-nang/khoa-phong-chuc-nang/phong-cong-tac-xa-hoi/dieu-can-luu-y-khi-dieu-tri-tang-huyet-ap.html | https://web.archive.org/web/https://bachmai.gov.vn/tin-chi-tiet/-/bai-viet/tang-huyet-ap-can-benh-tham-lang-nhung-nguy-hiem-8463-146.html | http://bvhoanghoa.ytethanhhoa.gov.vn/web/khoa-phong-chuc-nang/khoa-phong-chuc-nang/phong-cong-tac-xa-hoi/dieu-can-luu-y-khi-dieu-tri-tang-huyet-ap.html | https://bachmai.gov.vn/tin-chi-tiet/-/bai-viet/tang-huyet-ap-can-benh-tham-lang-nhung-nguy-hiem-8463-146.html | https://web.archive.org/web/http://bvhoanghoa.ytethanhhoa.gov.vn/web/khoa-phong-chuc-nang/khoa-phong-chuc-nang/phong-cong-tac-xa-hoi/dieu-can-luu-y-khi-dieu-tri-tang-huyet-ap.html | https://web.archive.org/web/https://bachmai.gov.vn/tin-chi-tiet/-/bai-viet/tang-huyet-ap-can-benh-tham-lang-nhung-nguy-hiem-8463-146.html | http://bvhoanghoa.ytethanhhoa.gov.vn/web/khoa-phong-chuc-nang/khoa-phong-chuc-nang/phong-cong-tac-xa-hoi/dieu-can-luu-y-khi-dieu-tri-tang-huyet-ap.html | https://web.archive.org/web/http://bvhoanghoa.ytethanhhoa.gov.vn/web/khoa-phong-chuc-nang/khoa-phong-chuc-nang/phong-cong-tac-xa-hoi/dieu-can-luu-y-khi-dieu-tri-tang-huyet-ap.html | http://bvhoanghoa.ytethanhhoa.gov.vn/web/khoa-phong-chuc-nang/khoa-phong-chuc-nang/to-cong-tac-xa-hoi/dieu-can-luu-y-khi-dieu-tri-tang-huyet-ap.html | https://web.archive.org/web/http://bvhoanghoa.ytethanhhoa.gov.vn/web/khoa-phong-chuc-nang/khoa-phong-chuc-nang/to-cong-tac-xa-hoi/dieu-can-luu-y-khi-dieu-tri-tang-huyet-ap.html | http://bvhoanghoa.ytethanhhoa.gov.vn/web/khoa-phong-chuc-nang/khoa-phong-chuc-nang/phong-cong-tac-xa-hoi/dieu-can-luu-y-khi-dieu-tri-tang-huyet-ap.html"
"287","SYMP_3b3da18072","Symptom","Mệt mỏi ban ngày, ngáy ngủ","Triệu chứng của ngưng thở khi ngủ do tắc nghẽn gây tăng huyết áp thứ phát.","https://tamanhhospital.vn/tang-huyet-ap-thu-phat/"
"288","SYMP_3c13152b7e","Symptom","Chán ăn","Do tích tụ độc tố trong máu và rối loạn chuyển hóa ảnh hưởng đến vị giác. | Do tích tụ độc tố trong máu và rối loạn chuyển hóa ảnh hưởng đến vị giác. | Do tích tụ độc tố và rối loạn chuyển hóa ảnh hưởng đến cảm giác thèm ăn. | Do tích tụ độc tố và rối loạn chuyển hóa ảnh hưởng đến cảm giác thèm ăn.","https://bachmai.gov.vn/bai-viet/sai-lam-trong-dinh-duong-khien-suy-than-man-them-tram-trong-dau-la-giai-phap?id=1ff0d3d0-62f4-4159-a23b-758572e7f600 | https://web.archive.org/web/https://bachmai.gov.vn/bai-viet/sai-lam-trong-dinh-duong-khien-suy-than-man-them-tram-trong-dau-la-giai-phap?id=1ff0d3d0-62f4-4159-a23b-758572e7f600 | https://web.archive.org/web/https://bachmai.gov.vn/bai-viet/sai-lam-trong-dinh-duong-khien-suy-than-man-them-tram-trong-dau-la-giai-phap?id=1ff0d3d0-62f4-4159-a23b-758572e7f600 | https://bachmai.gov.vn/bai-viet/sai-lam-trong-dinh-duong-khien-suy-than-man-them-tram-trong-dau-la-giai-phap?id=1ff0d3d0-62f4-4159-a23b-758572e7f600"
"289","SYMP_3c2f798cc6","Symptom","Tiểu ít","Dấu hiệu của suy giảm chức năng lọc máu ở thận.","https://web.archive.org/web/https://medlatec.vn/tin-tuc/hep-dong-mach-than-la-gi-muc-do-nguy-hiem-va-phuong-phap-dieu-tri"
"290","SYMP_3cdc992581","Symptom","Khát nước liên tục","Cảm giác khát nước thường xuyên do cơ thể mất nước khi đào thải glucose qua nước tiểu.","https://web.archive.org/web/https://medlatec.vn/tin-tuc/benh-dai-thao-duong-anh-huong-nhu-the-nao-toi-suc-khoe-s195-n19438"
"291","SYMP_3cf86882db","Symptom","Đường huyết cao","Tình trạng tăng đường trong máu, là biểu hiện chính của bệnh đái tháo đường.","https://web.archive.org/web/http://www.tapchiyhocduphong.vn/tap-chi-y-hoc-du-phong/2015/08/kien-thuc-ve-benh-dai-thao-duong-va-mot-so-yeu-to-lien-quan-cua-nguoi-benh-tai-c-o81E20305.html"
"292","SYMP_3cfdc7986c","Symptom","Tự tử do đau","Biến cố cực kỳ nghiêm trọng, xảy ra khi bệnh nhân chịu đựng cơn đau mãn tính kéo dài không kiểm soát được. | Biến cố cực kỳ nghiêm trọng, xảy ra khi bệnh nhân chịu đựng cơn đau kéo dài và không có phương pháp điều trị hiệu quả. | Hậu quả tâm lý cực kỳ nghiêm trọng của biến chứng thần kinh ngoại biên, được ghi nhận ở một số bệnh nhân. | Biến cố cực kỳ nghiêm trọng, xảy ra khi bệnh nhân chịu đựng cơn đau mãn tính kéo dài không kiểm soát được. | Biến cố cực kỳ nghiêm trọng, xảy ra khi bệnh nhân chịu đựng cơn đau mãn tính kéo dài không được điều trị.","https://bachmai.gov.vn/bai-viet/dai-thao-duong-bien-chung-tim-mach-va-than-kinh-ngoai-bien-sat-thu-tham-lang?id=994f4df4-95c1-4760-8aee-8d07a69f9fe1"
"293","SYMP_3de9e04685","Symptom","Hơi thở mùi amoniac","Do urê huyết tích tụ trong máu.","https://web.archive.org/web/http://soyte.hatinh.gov.vn/tin-tuc-su-kien/pho-bien-kien-thuc/dau-hieu-benh-than-va-suy-than-.html | http://soyte.hatinh.gov.vn/tin-tuc-su-kien/pho-bien-kien-thuc/dau-hieu-benh-than-va-suy-than-.html"
"294","SYMP_3e225a378d","Symptom","Ran rít ngáy khi nghe phổi","Âm thanh đặc trưng trong cơn hen, do sự co thắt và tắc nghẽn đường thở.","https://www.vinmec.com/vie/bai-viet/lam-nao-de-chan-doan-hen-phe-quan-vi"
"295","SYMP_3e2b8dc229","Symptom","Yếu cơ do kali thấp","Triệu chứng của cường aldosteron nguyên phát gây tăng huyết áp thứ phát.","https://tamanhhospital.vn/tang-huyet-ap-thu-phat/"
"296","SYMP_40568e2ee7","Symptom","Phù nề chân","Do thận không thể loại bỏ nước và muối dư thừa, dẫn đến tích tụ dịch ở chân, mắt cá chân.","https://web.archive.org/web/https://tamanhhospital.vn/tang-huyet-ap-trong-benh-than/"
"297","SYMP_41ed8ea56c","Symptom","Cơn hạ đường huyết","Tình trạng đường huyết giảm đột ngột dưới mức an toàn, gây chóng mặt, run rẩy, thậm chí ngất. | Trạng thái nguy hiểm khi nồng độ glucose máu giảm dưới mức an toàn, thường xảy ra khi tiêm insulin hoặc bỏ bữa.","https://benhviennhitrunguong.gov.vn/hoi-thao-xu-huong-dieu-tri-dai-thao-duong-tip-1-chung-ta-khong-the-dung-ngoai.html"
"298","SYMP_420993f0b2","Symptom","Phình động mạch","Tình trạng giãn nở bất thường của thành động mạch. | Sự giãn nở bất thường của thành động mạch do áp lực cao kéo dài. | Sự giãn nở bất thường của thành động mạch do tăng áp lực. | Tổn thương cấu trúc mạch máu do tăng áp lực. | Sự giãn nở bất thường của thành động mạch do áp lực cao kéo dài. | Sự giãn nở bất thường của thành động mạch do tăng áp lực. | Tăng huyết áp làm yếu và giãn động mạch, dẫn đến phình mạch. | Sự giãn nở bất thường của thành động mạch do áp lực cao kéo dài. | Sự giãn nở bất thường của thành động mạch do tăng áp lực máu. | Sự giãn nở bất thường của thành động mạch do áp lực cao kéo dài. | Sự giãn nở bất thường của thành động mạch do tăng áp lực máu. | Sự giãn nở bất thường của thành động mạch do áp lực cao kéo dài. | Sự giãn nở bất thường của thành động mạch do tăng áp lực. | Tình trạng giãn nở bất thường của thành động mạch.","https://web.archive.org/web/http://bvhoanghoa.ytethanhhoa.gov.vn/web/khoa-phong-chuc-nang/khoa-phong-chuc-nang/to-cong-tac-xa-hoi/benh-tang-huyet-ap-ke-giet-nguoi-tham-lang.html | https://web.archive.org/web/http://bvhoanghoa.ytethanhhoa.gov.vn/web/khoa-phong-chuc-nang/khoa-phong-chuc-nang/to-cong-tac-xa-hoi/benh-tang-huyet-ap-ke-giet-nguoi-tham-lang.html | http://bvhoanghoa.ytethanhhoa.gov.vn/web/khoa-phong-chuc-nang/khoa-phong-chuc-nang/to-cong-tac-xa-hoi/benh-tang-huyet-ap-ke-giet-nguoi-tham-lang.html | http://bvhoanghoa.ytethanhhoa.gov.vn/web/khoa-phong-chuc-nang/khoa-phong-chuc-nang/to-cong-tac-xa-hoi/benh-tang-huyet-ap-ke-giet-nguoi-tham-lang.html | https://web.archive.org/web/http://bvhoanghoa.ytethanhhoa.gov.vn/web/khoa-phong-chuc-nang/khoa-phong-chuc-nang/to-cong-tac-xa-hoi/benh-tang-huyet-ap-ke-giet-nguoi-tham-lang.html | http://bvhoanghoa.ytethanhhoa.gov.vn/web/khoa-phong-chuc-nang/khoa-phong-chuc-nang/to-cong-tac-xa-hoi/benh-tang-huyet-ap-ke-giet-nguoi-tham-lang.html | https://web.archive.org/web/http://bvhoanghoa.ytethanhhoa.gov.vn/web/khoa-phong-chuc-nang/khoa-phong-chuc-nang/to-cong-tac-xa-hoi/benh-tang-huyet-ap-ke-giet-nguoi-tham-lang.html | http://bvhoanghoa.ytethanhhoa.gov.vn/web/khoa-phong-chuc-nang/khoa-phong-chuc-nang/to-cong-tac-xa-hoi/benh-tang-huyet-ap-ke-giet-nguoi-tham-lang.html | https://web.archive.org/web/http://bvhoanghoa.ytethanhhoa.gov.vn/web/khoa-phong-chuc-nang/khoa-phong-chuc-nang/to-cong-tac-xa-hoi/benh-tang-huyet-ap-ke-giet-nguoi-tham-lang.html"
"299","SYMP_441c7cfb2c","Symptom","Hô hấp bụng-ngực nghịch thường","Cơ chế hô hấp bất thường, biểu hiện của suy hô hấp.","https://bachmai.gov.vn/bai-viet/tho-may-khong-xam-nhap-trong-dieu-tri-benh-phoi-tac-nghen-man-tinh?id=828a5ae0-e152-ef2d-e6b5-48a6c8bafe5b"
"300","SYMP_44d2beb60b","Symptom","Mệt mỏi giảm cân","Cảm giác mệt mỏi kéo dài kèm theo sụt cân nhanh chóng.","https://web.archive.org/web/https://benhvienquynhon.gov.vn/tin-tuc/hoat-dong-cua-ttyt/dai-thao-duong-va-nhung-dieu-ban-can-biet/ | https://benhvienquynhon.gov.vn/tin-tuc/hoat-dong-cua-ttyt/dai-thao-duong-va-nhung-dieu-ban-can-biet/ | https://web.archive.org/web/https://benhvienquynhon.gov.vn/tin-tuc/hoat-dong-cua-ttyt/dai-thao-duong-va-nhung-dieu-ban-can-biet/"
"301","SYMP_45aec07263","Symptom","Nhồi máu cơ tim","Biến chứng do tăng huyết áp làm tổn thương hệ tuần hoàn. | Biến chứng nguy hiểm do tăng huyết áp gây tổn thương mạch vành. | Biến chứng tim mạch nghiêm trọng do tăng huyết áp gây tổn thương động mạch vành. | Biến chứng nguy hiểm do tăng huyết áp gây tổn thương mạch vành. | Biến chứng tim mạch nghiêm trọng do tăng huyết áp gây tổn thương động mạch vành. | Biến chứng tim mạch nghiêm trọng do tăng huyết áp không kiểm soát. | Biến chứng tim mạch nghiêm trọng do tăng huyết áp gây tổn thương động mạch vành. | Biến chứng nghiêm trọng do tăng huyết áp gây tổn thương tim. | Biến chứng tim mạch nghiêm trọng do tăng huyết áp gây tổn thương động mạch vành. | Biến chứng nguy hiểm do tăng huyết áp gây tổn thương mạch vành. | Biến chứng nguy hiểm do tăng huyết áp gây tổn thương tim mạch. | Biến chứng nghiêm trọng do tăng huyết áp gây tổn thương tim. | Biến chứng tim mạch nghiêm trọng do tăng huyết áp gây tổn thương động mạch vành. | Biến chứng nguy hiểm do tăng huyết áp gây tổn thương tim. | Biến chứng nghiêm trọng do tăng huyết áp gây tổn thương tim. | Biến chứng tim mạch nghiêm trọng do tăng huyết áp gây tổn thương động mạch vành. | Biến chứng nguy hiểm do tăng huyết áp gây tổn thương tim. | Biến chứng tim mạch nghiêm trọng do tăng huyết áp gây tổn thương động mạch vành.","http://bvhoanghoa.ytethanhhoa.gov.vn/web/khoa-phong-chuc-nang/khoa-phong-chuc-nang/to-cong-tac-xa-hoi/benh-tang-huyet-ap-ke-giet-nguoi-tham-lang.html | http://bvhoanghoa.ytethanhhoa.gov.vn/web/khoa-phong-chuc-nang/khoa-phong-chuc-nang/phong-cong-tac-xa-hoi/dieu-can-luu-y-khi-dieu-tri-tang-huyet-ap.html | https://web.archive.org/web/http://bvhoanghoa.ytethanhhoa.gov.vn/web/khoa-phong-chuc-nang/khoa-phong-chuc-nang/phong-cong-tac-xa-hoi/dieu-can-luu-y-khi-dieu-tri-tang-huyet-ap.html | http://bvhoanghoa.ytethanhhoa.gov.vn/web/khoa-phong-chuc-nang/khoa-phong-chuc-nang/phong-cong-tac-xa-hoi/dieu-can-luu-y-khi-dieu-tri-tang-huyet-ap.html | https://web.archive.org/web/http://bvhoanghoa.ytethanhhoa.gov.vn/web/khoa-phong-chuc-nang/khoa-phong-chuc-nang/phong-cong-tac-xa-hoi/dieu-can-luu-y-khi-dieu-tri-tang-huyet-ap.html | http://bvhoanghoa.ytethanhhoa.gov.vn/web/khoa-phong-chuc-nang/khoa-phong-chuc-nang/to-cong-tac-xa-hoi/dieu-can-luu-y-khi-dieu-tri-tang-huyet-ap.html | http://bvhoanghoa.ytethanhhoa.gov.vn/web/khoa-phong-chuc-nang/khoa-phong-chuc-nang/phong-cong-tac-xa-hoi/dieu-can-luu-y-khi-dieu-tri-tang-huyet-ap.html | https://bachmai.gov.vn/tin-chi-tiet/-/bai-viet/tang-huyet-ap-can-benh-tham-lang-nhung-nguy-hiem-8463-146.html | https://web.archive.org/web/http://bvhoanghoa.ytethanhhoa.gov.vn/web/khoa-phong-chuc-nang/khoa-phong-chuc-nang/phong-cong-tac-xa-hoi/dieu-can-luu-y-khi-dieu-tri-tang-huyet-ap.html | https://web.archive.org/web/https://bachmai.gov.vn/tin-chi-tiet/-/bai-viet/tang-huyet-ap-can-benh-tham-lang-nhung-nguy-hiem-8463-146.html | http://bvhoanghoa.ytethanhhoa.gov.vn/web/khoa-phong-chuc-nang/khoa-phong-chuc-nang/phong-cong-tac-xa-hoi/dieu-can-luu-y-khi-dieu-tri-tang-huyet-ap.html | https://bachmai.gov.vn/tin-chi-tiet/-/bai-viet/tang-huyet-ap-can-benh-tham-lang-nhung-nguy-hiem-8463-146.html | https://web.archive.org/web/http://bvhoanghoa.ytethanhhoa.gov.vn/web/khoa-phong-chuc-nang/khoa-phong-chuc-nang/phong-cong-tac-xa-hoi/dieu-can-luu-y-khi-dieu-tri-tang-huyet-ap.html | https://web.archive.org/web/https://bachmai.gov.vn/tin-chi-tiet/-/bai-viet/tang-huyet-ap-can-benh-tham-lang-nhung-nguy-hiem-8463-146.html | http://bvhoanghoa.ytethanhhoa.gov.vn/web/khoa-phong-chuc-nang/khoa-phong-chuc-nang/phong-cong-tac-xa-hoi/dieu-can-luu-y-khi-dieu-tri-tang-huyet-ap.html | https://web.archive.org/web/http://bvhoanghoa.ytethanhhoa.gov.vn/web/khoa-phong-chuc-nang/khoa-phong-chuc-nang/phong-cong-tac-xa-hoi/dieu-can-luu-y-khi-dieu-tri-tang-huyet-ap.html | http://bvhoanghoa.ytethanhhoa.gov.vn/web/khoa-phong-chuc-nang/khoa-phong-chuc-nang/to-cong-tac-xa-hoi/dieu-can-luu-y-khi-dieu-tri-tang-huyet-ap.html | http://bvhoanghoa.ytethanhhoa.gov.vn/web/khoa-phong-chuc-nang/khoa-phong-chuc-nang/phong-cong-tac-xa-hoi/dieu-can-luu-y-khi-dieu-tri-tang-huyet-ap.html"
"302","SYMP_468192816b","Symptom","Uống nhiều","Do mất nước qua đái nhiều dẫn đến khát nước và uống nhiều, đặc biệt thích nước ngọt. | Do mất nước qua đái nhiều dẫn đến khát nước và uống nhiều, đặc biệt thích nước ngọt. | Triệu chứng thường gặp khi mắc đái tháo đường type 1 hoặc type 2. | Do mất nước qua đái nhiều dẫn đến khát nước và uống nhiều, đặc biệt thích nước ngọt. | Do mất nước qua đái nhiều dẫn đến khát nước và uống nhiều, đặc biệt thích nước ngọt. | Do mất nước qua đái nhiều dẫn đến khát nước và uống nhiều, đặc biệt thích nước ngọt. | Triệu chứng điển hình của tăng glucose huyết trong đái tháo đường. | Do mất nước qua đái nhiều dẫn đến khát nước và uống nhiều, đặc biệt thích nước ngọt. | Do mất nước qua đái nhiều dẫn đến khát nước và uống nhiều, đặc biệt thích nước ngọt. | Do mất nước qua đường tiểu, bệnh nhân khát nước và thích uống nước ngọt. | Do mất nước qua đái nhiều dẫn đến khát nước và uống nhiều, đặc biệt thích nước ngọt. | Do mất nước qua đái nhiều dẫn đến khát nước và uống nhiều, đặc biệt thích nước ngọt. | Do mất nước qua đái nhiều dẫn đến khát nước và thích uống nước ngọt. | Do mất nước qua đái nhiều dẫn đến khát nước và uống nhiều, đặc biệt thích nước ngọt. | Do mất nước qua đái nhiều dẫn đến khát nước và uống nhiều, đặc biệt thích nước ngọt. | Triệu chứng thường gặp khi mắc đái tháo đường type 1 hoặc type 2. | Triệu chứng thường gặp khi mắc đái tháo đường type 1 hoặc type 2. | Do mất nước qua đường tiểu, bệnh nhân khát nước và thích uống nước ngọt. | Do mất nước qua đái nhiều dẫn đến khát nước và uống nhiều, đặc biệt thích nước ngọt. | Triệu chứng thường gặp khi mắc đái tháo đường type 1 hoặc type 2. | Do mất nước qua đái nhiều dẫn đến khát nước và uống nhiều, đặc biệt thích nước ngọt. | Do mất nước qua đái nhiều dẫn đến khát nước và uống nhiều, đặc biệt thích nước ngọt. | Triệu chứng thường gặp khi mắc đái tháo đường type 1 hoặc type 2. | Do mất nước qua đái nhiều dẫn đến khát nước và uống nhiều, đặc biệt thích nước ngọt.","https://bachmai.gov.vn/bai-viet/bien-chung-cua-benh-dai-thao-duong?id=f17ffc43-5abb-5dcb-54d1-d3887440a421 | https://web.archive.org/web/https://bachmai.gov.vn/bai-viet/bien-chung-cua-benh-dai-thao-duong?id=f17ffc43-5abb-5dcb-54d1-d3887440a421 | https://web.archive.org/web/https://xayenmo.ninhbinh.gov.vn/y-te-giao-duc/benh-dai-thao-duong-dau-hieu-nhan-biet-phan-loai-va-dieu-tri-389.html | https://bachmai.gov.vn/bai-viet/bien-chung-cua-benh-dai-thao-duong?id=f17ffc43-5abb-5dcb-54d1-d3887440a421 | https://bachmai.gov.vn/bai-viet/bien-chung-cua-benh-dai-thao-duong?id=f17ffc43-5abb-5dcb-54d1-d3887440a421 | https://web.archive.org/web/https://bachmai.gov.vn/bai-viet/bien-chung-cua-benh-dai-thao-duong?id=f17ffc43-5abb-5dcb-54d1-d3887440a421 | https://bachmai.gov.vn/bai-viet/bien-chung-cua-benh-dai-thao-duong?id=f17ffc43-5abb-5dcb-54d1-d3887440a421 | https://web.archive.org/web/https://bachmai.gov.vn/bai-viet/bien-chung-cua-benh-dai-thao-duong?id=f17ffc43-5abb-5dcb-54d1-d3887440a421 | https://web.archive.org/web/https://bachmai.gov.vn/bai-viet/bien-chung-cua-benh-dai-thao-duong?id=f17ffc43-5abb-5dcb-54d1-d3887440a421 | https://web.archive.org/web/https://www.benhviendakhoasongma.gov.vn/bai-viet/benh-dai-thao-duong-220 | https://bachmai.gov.vn/bai-viet/bien-chung-cua-benh-dai-thao-duong?id=f17ffc43-5abb-5dcb-54d1-d3887440a421 | https://web.archive.org/web/https://bachmai.gov.vn/bai-viet/bien-chung-cua-benh-dai-thao-duong?id=f17ffc43-5abb-5dcb-54d1-d3887440a421 | https://chanthuongvacotsong.bachmai.gov.vn/bien-chung-cua-benh-dai-thao-duong/ | https://bachmai.gov.vn/bai-viet/bien-chung-cua-benh-dai-thao-duong?id=f17ffc43-5abb-5dcb-54d1-d3887440a421 | https://bachmai.gov.vn/bai-viet/bien-chung-cua-benh-dai-thao-duong?id=f17ffc43-5abb-5dcb-54d1-d3887440a421 | https://web.archive.org/web/https://bachmai.gov.vn/bai-viet/bien-chung-cua-benh-dai-thao-duong?id=f17ffc43-5abb-5dcb-54d1-d3887440a421 | https://web.archive.org/web/https://bachmai.gov.vn/bai-viet/bien-chung-cua-benh-dai-thao-duong?id=f17ffc43-5abb-5dcb-54d1-d3887440a421 | https://chanthuongvacotsong.bachmai.gov.vn/bien-chung-cua-benh-dai-thao-duong/ | https://bachmai.gov.vn/bai-viet/bien-chung-cua-benh-dai-thao-duong?id=f17ffc43-5abb-5dcb-54d1-d3887440a421 | https://web.archive.org/web/https://bachmai.gov.vn/bai-viet/bien-chung-cua-benh-dai-thao-duong?id=f17ffc43-5abb-5dcb-54d1-d3887440a421 | https://web.archive.org/web/https://chanthuongvacotsong.bachmai.gov.vn/bien-chung-cua-benh-dai-thao-duong/ | https://chanthuongvacotsong.bachmai.gov.vn/bien-chung-cua-benh-dai-thao-duong/ | https://web.archive.org/web/https://bachmai.gov.vn/bai-viet/bien-chung-cua-benh-dai-thao-duong?id=f17ffc43-5abb-5dcb-54d1-d3887440a421 | https://xayenmo.ninhbinh.gov.vn/y-te-giao-duc/benh-dai-thao-duong-dau-hieu-nhan-biet-phan-loai-va-dieu-tri-389.html | https://web.archive.org/web/https://xayenmo.ninhbinh.gov.vn/y-te-giao-duc/benh-dai-thao-duong-dau-hieu-nhan-biet-phan-loai-va-dieu-tri-389.html | https://chanthuongvacotsong.bachmai.gov.vn/bien-chung-cua-benh-dai-thao-duong/ | https://web.archive.org/web/https://bachmai.gov.vn/bai-viet/bien-chung-cua-benh-dai-thao-duong?id=f17ffc43-5abb-5dcb-54d1-d3887440a421 | https://web.archive.org/web/https://xayenmo.ninhbinh.gov.vn/y-te-giao-duc/benh-dai-thao-duong-dau-hieu-nhan-biet-phan-loai-va-dieu-tri-389.html | https://xayenmo.ninhbinh.gov.vn/y-te-giao-duc/benh-dai-thao-duong-dau-hieu-nhan-biet-phan-loai-va-dieu-tri-389.html | https://web.archive.org/web/https://bachmai.gov.vn/bai-viet/bien-chung-cua-benh-dai-thao-duong?id=f17ffc43-5abb-5dcb-54d1-d3887440a421 | https://bachmai.gov.vn/bai-viet/bien-chung-cua-benh-dai-thao-duong?id=f17ffc43-5abb-5dcb-54d1-d3887440a421 | https://xayenmo.ninhbinh.gov.vn/y-te-giao-duc/benh-dai-thao-duong-dau-hieu-nhan-biet-phan-loai-va-dieu-tri-389.html | https://web.archive.org/web/https://bachmai.gov.vn/bai-viet/bien-chung-cua-benh-dai-thao-duong?id=f17ffc43-5abb-5dcb-54d1-d3887440a421 | https://bachmai.gov.vn/bai-viet/bien-chung-cua-benh-dai-thao-duong?id=f17ffc43-5abb-5dcb-54d1-d3887440a421 | https://web.archive.org/web/https://bachmai.gov.vn/bai-viet/bien-chung-cua-benh-dai-thao-duong?id=f17ffc43-5abb-5dcb-54d1-d3887440a421 | https://xayenmo.ninhbinh.gov.vn/y-te-giao-duc/benh-dai-thao-duong-dau-hieu-nhan-biet-phan-loai-va-dieu-tri-389.html | https://web.archive.org/web/https://bachmai.gov.vn/bai-viet/bien-chung-cua-benh-dai-thao-duong?id=f17ffc43-5abb-5dcb-54d1-d3887440a421 | https://bachmai.gov.vn/bai-viet/bien-chung-cua-benh-dai-thao-duong?id=f17ffc43-5abb-5dcb-54d1-d3887440a421"
"303","SYMP_46eec2ed05","Symptom","Ngừng tim","Hậu quả nghiêm trọng của cơn hen cấp không được xử lý kịp thời.","https://benhviennhitrunguong.gov.vn/tag/hen-phe-quan | https://benhviennhitrunguong.gov.vn/tag/hen-phe-quan | https://web.archive.org/web/https://benhviennhitrunguong.gov.vn/tag/hen-phe-quan"
"304","SYMP_48278da8d6","Symptom","Suy giảm chức năng tuyến tụy","Tuyến tụy không còn khả năng sản xuất đủ insulin để duy trì đường huyết ổn định. | Tuyến tụy không còn khả năng sản xuất đủ Insulin, dẫn đến cần phụ thuộc thuốc tiêm insulin suốt đời. | Tuyến tụy không còn khả năng sản xuất đủ insulin do phá hủy tế bào beta, là nguyên nhân cơ bản của đái tháo đường típ 1. | Tuyến tụy không còn khả năng sản xuất đủ Insulin để duy trì đường huyết ổn định. | Tuyến tụy không còn khả năng sản xuất đủ Insulin để duy trì đường huyết ổn định. | Tuyến tụy không còn khả năng sản xuất đủ insulin để duy trì đường huyết ổn định.","https://web.archive.org/web/https://benhviennhitrunguong.gov.vn/hoi-thao-xu-huong-dieu-tri-dai-thao-duong-tip-1-chung-ta-khong-the-dung-ngoai.html | https://benhviennhitrunguong.gov.vn/hoi-thao-xu-huong-dieu-tri-dai-thao-duong-tip-1-chung-ta-khong-the-dung-ngoai.html | https://web.archive.org/web/https://benhviennhitrunguong.gov.vn/hoi-thao-xu-huong-dieu-tri-dai-thao-duong-tip-1-chung-ta-khong-the-dung-ngoai.html | https://benhviennhitrunguong.gov.vn/hoi-thao-xu-huong-dieu-tri-dai-thao-duong-tip-1-chung-ta-khong-the-dung-ngoai.html | https://web.archive.org/web/https://benhviennhitrunguong.gov.vn/hoi-thao-xu-huong-dieu-tri-dai-thao-duong-tip-1-chung-ta-khong-the-dung-ngoai.html"
"305","SYMP_48f0119315","Symptom","Thừa cân và béo phì","Tỷ lệ cao nhất trong nhóm bệnh nhân, chiếm lần lượt 44,6% và 21,5% theo BMI.","https://web.archive.org/web/https://sti.vista.gov.vn/publication/view/tinh-trang-dinh-duong-va-mot-so-yeu-to-lien-quan-cua-nguoi-benh-dai-thao-duong-typ-2-dieu-tri-noi-tru-tai-benh-vien-da-khoa-xanh-pon-nam-2023-e7cc38bdc9220841bb8ade1a50eee813-455622.html"
"306","SYMP_4d866b8115","Symptom","Khó thở nặng","Người bệnh thở gấp, không thể nằm, phải ngồi gập người ra trước để dễ thở. Thở gắng sức, thở bằng cơ hô hấp phụ (cơ cổ, cơ liên sườn, cơ bụng co kéo rõ rệt). Nhịp thở nhanh ≥ 30 lần/phút.","https://medlatec.vn/tu-dien-benh-ly/con-hen-ac-tinh"
"307","SYMP_4e6f6072b5","Symptom","Cảm giác mệt mỏi","Do cơ thể không đủ Insulin để chuyển hóa glucose, dẫn đến năng lượng giảm.","https://benhviennhitrunguong.gov.vn/hoi-thao-xu-huong-dieu-tri-dai-thao-duong-tip-1-chung-ta-khong-the-dung-ngoai.html"
"308","SYMP_4ef4d14338","Symptom","Giảm oxy máu","Không đáp ứng với liệu pháp oxy phù hợp.","https://bachmai.gov.vn/bai-viet/tho-may-khong-xam-nhap-trong-dieu-tri-benh-phoi-tac-nghen-man-tinh?id=828a5ae0-e152-ef2d-e6b5-48a6c8bafe5b"
"309","SYMP_5004f74a29","Symptom","Hôn mê nhiễm toan ceton","Biến chứng nguy hiểm cấp tính do thiếu insulin, gây rối loạn chuyển hóa protein, lipid và carbohydrate. Có thể dẫn đến tử vong nếu không xử lý kịp thời.","https://web.archive.org/web/https://vncdc.gov.vn/huong-dan-chan-doan-va-dieu-tri-benh-dai-thao-duong-tuyp-2-nd14582.html"
"310","SYMP_50b3a4cec2","Symptom","Ho về đêm","Triệu chứng điển hình của hen, thường xảy ra vào ban đêm và có thể kéo dài. | Triệu chứng điển hình của hen, thường xảy ra vào ban đêm và có thể là dấu hiệu duy nhất.","https://benhviennhitrunguong.gov.vn/loi-khuyen-cua-cac-chuyen-gia-di-ung-ve-benh-hen-2.html | https://web.archive.org/web/https://benhviennhitrunguong.gov.vn/loi-khuyen-cua-cac-chuyen-gia-di-ung-ve-benh-hen-2.html"
"311","SYMP_5339ad1031","Symptom","Đờm dãi màu trong quánh","Chất tiết nhầy đặc trưng sau cơn hen, thường kèm theo ho và khạc đờm.","https://web.archive.org/web/http://phacdo.soytequangninh.gov.vn/news/tin-tuc-su-kien/hen-phe-quan-hieu-dung-de-song-khoe-dieu-tri-hieu-qua-phong-ngua-chu-dong.html | http://phacdo.soytequangninh.gov.vn/news/tin-tuc-su-kien/hen-phe-quan-hieu-dung-de-song-khoe-dieu-tri-hieu-qua-phong-ngua-chu-dong.html"
"312","SYMP_541d119aa2","Symptom","Mệt mỏi và/hoặc chán ăn","Triệu chứng thường gặp trong đái tháo đường týp 2. | Triệu chứng lâm sàng thường gặp trong đái tháo đường. | Triệu chứng thường gặp trong đái tháo đường týp 2. | Triệu chứng thường gặp trong đái tháo đường týp 2.","https://chanthuongvacotsong.bachmai.gov.vn/huong-dan-chan-doan-va-dieu-tri-dai-thao-duong-type-2/ | https://web.archive.org/web/https://chanthuongvacotsong.bachmai.gov.vn/huong-dan-chan-doan-va-dieu-tri-dai-thao-duong-type-2/ | https://web.archive.org/web/https://chanthuongvacotsong.bachmai.gov.vn/huong-dan-chan-doan-va-dieu-tri-dai-thao-duong-type-2/ | https://chanthuongvacotsong.bachmai.gov.vn/huong-dan-chan-doan-va-dieu-tri-dai-thao-duong-type-2/ | https://chanthuongvacotsong.bachmai.gov.vn/huong-dan-chan-doan-va-dieu-tri-dai-thao-duong-type-2/ | https://web.archive.org/web/https://chanthuongvacotsong.bachmai.gov.vn/huong-dan-chan-doan-va-dieu-tri-dai-thao-duong-type-2/"
"313","SYMP_5520932078","Symptom","Khó thở về đêm","Cơn khó thở kịch phát xảy ra vào ban đêm, thường là dấu hiệu của suy tim cấp tính hoặc mạn tính. | Cơn khó thở kịch phát vào ban đêm, thường là dấu hiệu của suy tim cấp tính hoặc mạn tính.","https://bachmai.gov.vn/bai-viet/nhan-biet-dieu-tri-va-cham-soc-nguoi-benh-suy-tim?id=f55f8d26-9341-41d6-a243-00f543335069 | https://web.archive.org/web/https://bachmai.gov.vn/bai-viet/nhan-biet-dieu-tri-va-cham-soc-nguoi-benh-suy-tim?id=f55f8d26-9341-41d6-a243-00f543335069"
"314","SYMP_555d994ea3","Symptom","Không có albumin niệu","Một số bệnh nhân không biểu hiện albumin niệu nhưng vẫn có tổn thương thận, làm khó chẩn đoán sớm.","https://web.archive.org/web/https://vista.gov.vn/vi/news/cac-linh-vuc-khoa-hoc-va-cong-nghe/dau-an-sinh-hoc-moi-trong-phat-trien-som-bien-chung-than-do-dai-thao-duong-9409.html"
"315","SYMP_562a94b686","Symptom","Đau cơ","Các cơn đau cơ thường xuất hiện trong giai đoạn đầu của bệnh dại.","https://web.archive.org/web/http://www.tapchiyhocduphong.vn/tap-chi-y-hoc-du-phong/2015/08/kien-thuc-ve-benh-dai-thao-duong-va-mot-so-yeu-to-lien-quan-cua-nguoi-benh-tai-c-o81E20305.html"
"316","SYMP_56b9f8f0de","Symptom","Khó thở khi tiếp xúc dị nguyên","Triệu chứng tái phát khi tiếp xúc với các yếu tố gây dị ứng như bụi, lông thú, phấn hoa.","https://www.vinmec.com/vie/bai-viet/lam-nao-de-chan-doan-hen-phe-quan-vi"
"317","SYMP_56dc4650fb","Symptom","Giảm cảm giác rung","Triệu chứng thần kinh ngoại vi, xảy ra ở 61,4% bệnh nhân. | Triệu chứng thần kinh ngoại vi, xảy ra ở 61,4% người bệnh.","https://web.archive.org/web/https://sti.vista.gov.vn/publication/view/nghien-cuu-dac-diem-lam-sang-can-lam-sang-va-chi-so-dien-than-kinh-co-o-nguoi-benh-dai-thao-duong-type-2-co-bien-chung-than-kinh-ngoai-vi-tai-benh-vie-d41b03674c28b600d59c115392319110-455331.html | https://sti.vista.gov.vn/publication/view/nghien-cuu-dac-diem-lam-sang-can-lam-sang-va-chi-so-dien-than-kinh-co-o-nguoi-benh-dai-thao-duong-type-2-co-bien-chung-than-kinh-ngoai-vi-tai-benh-vie-d41b03674c28b600d59c115392319110-455331.html"
"318","SYMP_56f3816a15","Symptom","Huyết áp tâm thu cao","Huyết áp tâm thu ≥ 140 mmHg là tiêu chí chẩn đoán tăng huyết áp theo định nghĩa.","https://chanthuongvacotsong.bachmai.gov.vn/huong-dan-chan-doan-va-dieu-tri-tang-huyet-ap/ | https://web.archive.org/web/https://chanthuongvacotsong.bachmai.gov.vn/huong-dan-chan-doan-va-dieu-tri-tang-huyet-ap/ | https://chanthuongvacotsong.bachmai.gov.vn/huong-dan-chan-doan-va-dieu-tri-tang-huyet-ap/ | https://web.archive.org/web/https://chanthuongvacotsong.bachmai.gov.vn/huong-dan-chan-doan-va-dieu-tri-tang-huyet-ap/ | https://chanthuongvacotsong.bachmai.gov.vn/huong-dan-chan-doan-va-dieu-tri-tang-huyet-ap/"
"319","SYMP_5884b6e08f","Symptom","Đau bụng","Triệu chứng lâm sàng có thể xuất hiện trong biến chứng cấp tính của đái tháo đường. | Triệu chứng lâm sàng có thể xuất hiện trong các biến chứng cấp tính của đái tháo đường. | Triệu chứng lâm sàng có thể xuất hiện trong biến chứng cấp tính của đái tháo đường. | Triệu chứng lâm sàng có thể xuất hiện trong biến chứng cấp tính của đái tháo đường.","https://chanthuongvacotsong.bachmai.gov.vn/huong-dan-chan-doan-va-dieu-tri-dai-thao-duong-type-2/ | https://web.archive.org/web/https://chanthuongvacotsong.bachmai.gov.vn/huong-dan-chan-doan-va-dieu-tri-dai-thao-duong-type-2/ | https://web.archive.org/web/https://chanthuongvacotsong.bachmai.gov.vn/huong-dan-chan-doan-va-dieu-tri-dai-thao-duong-type-2/ | https://chanthuongvacotsong.bachmai.gov.vn/huong-dan-chan-doan-va-dieu-tri-dai-thao-duong-type-2/ | https://chanthuongvacotsong.bachmai.gov.vn/huong-dan-chan-doan-va-dieu-tri-dai-thao-duong-type-2/ | https://web.archive.org/web/https://chanthuongvacotsong.bachmai.gov.vn/huong-dan-chan-doan-va-dieu-tri-dai-thao-duong-type-2/"
"320","SYMP_58b7aaac7b","Symptom","Tê bì tay chân","Do tổn thương thần kinh ngoại vi do thiếu máu nuôi dưỡng. | Do tổn thương thần kinh ngoại vi do thiếu máu nuôi dưỡng dây thần kinh.","https://bachmai.gov.vn/bai-viet/bien-chung-cua-benh-dai-thao-duong?id=f17ffc43-5abb-5dcb-54d1-d3887440a421 | https://chanthuongvacotsong.bachmai.gov.vn/bien-chung-cua-benh-dai-thao-duong/"
"321","SYMP_58c78ab191","Symptom","Rối loạn cương dương","Đặc biệt phổ biến ở nam giới tăng huyết áp, có thể kèm theo đái tháo đường và hút thuốc.","https://web.archive.org/web/http://bvhoanghoa.ytethanhhoa.gov.vn/web/khoa-phong-chuc-nang/khoa-phong-chuc-nang/to-cong-tac-xa-hoi/dieu-can-luu-y-khi-dieu-tri-tang-huyet-ap.html"
"322","SYMP_58c80ecda4","Symptom","Mất cảm giác bàn chân","Triệu chứng thường gặp trong biến chứng thần kinh đái tháo đường, dễ dẫn đến loét và hoại tử.","https://bachmai.gov.vn/bai-viet/doi-moi-tu-duy-dieu-tri-dai-thao-duong-typ-2-va-chien-luoc-kiem-soat-toan-dien-bien-chung-than-kinh?id=090463d0-4515-40c8-919c-8bebc41e2c01 | https://web.archive.org/web/https://bachmai.gov.vn/bai-viet/doi-moi-tu-duy-dieu-tri-dai-thao-duong-typ-2-va-chien-luoc-kiem-soat-toan-dien-bien-chung-than-kinh?id=090463d0-4515-40c8-919c-8bebc41e2c01 | https://bachmai.gov.vn/bai-viet/doi-moi-tu-duy-dieu-tri-dai-thao-duong-typ-2-va-chien-luoc-kiem-soat-toan-dien-bien-chung-than-kinh?id=090463d0-4515-40c8-919c-8bebc41e2c01"
"323","SYMP_598225f2bf","Symptom","Thời gian hết toan","Thời gian trung bình để bệnh nhân hồi phục khỏi nhiễm toan ceton là 22,5 giờ.","https://sti.vista.gov.vn/publication/view/a89fbc66bf10ab8ca38c2d64abf8f338-4b52a78cc238d65e911a803b4659b844-318299.html | https://web.archive.org/web/https://sti.vista.gov.vn/publication/view/a89fbc66bf10ab8ca38c2d64abf8f338-4b52a78cc238d65e911a803b4659b844-318299.html"
"324","SYMP_59b8942f59","Symptom","Đái nhiều","Do đường máu tăng cao, lượng insuline không đủ để đưa glucose vào tế bào, dẫn đến đào thải qua nước tiểu. Áp lực thẩm thấu máu tăng kéo theo mất nước lớn. | Do đường máu tăng cao, insulin không đủ để đưa glucose vào tế bào, dẫn đến đào thải qua nước tiểu. Áp lực thẩm thấu máu tăng kéo theo mất nước lớn. | Do đường máu tăng cao, lượng insuline không đủ để đưa glucose vào tế bào, dẫn đến đào thải qua nước tiểu. Áp lực thẩm thấu máu tăng kéo theo mất nước lớn. | Do đường máu tăng cao, insulin không đủ để đưa glucose vào tế bào, dẫn đến đào thải qua nước tiểu. Áp lực thẩm thấu máu tăng kéo theo mất nước lớn. | Do đường máu tăng cao, lượng insuline không đủ để đưa glucose vào tế bào, dẫn đến đào thải qua nước tiểu. Áp lực thẩm thấu máu tăng kéo theo mất nước lớn. | Do đường máu tăng cao, insulin không đủ để đưa glucose vào tế bào, dẫn đến đào thải qua nước tiểu. Áp lực thẩm thấu máu tăng kéo theo mất nước lớn, bệnh nhân có thể đi tiểu 5–7 lít/24 giờ. | Do đường máu tăng cao, lượng insuline không đủ để đưa glucose vào tế bào, dẫn đến đào thải qua nước tiểu. Áp lực thẩm thấu máu tăng kéo theo mất nước lớn. | Do đường máu tăng cao, lượng insuline không đủ để đưa glucose vào tế bào, dẫn đến đào thải qua nước tiểu. Áp lực thẩm thấu máu tăng kéo theo mất nước lớn. | Do đường máu tăng cao, lượng insuline không đủ để đưa glucose vào tế bào, dẫn đến đào thải qua nước tiểu. Áp lực thẩm thấu máu tăng kéo theo mất nước lớn.","https://bachmai.gov.vn/bai-viet/bien-chung-cua-benh-dai-thao-duong?id=f17ffc43-5abb-5dcb-54d1-d3887440a421 | https://web.archive.org/web/https://bachmai.gov.vn/bai-viet/bien-chung-cua-benh-dai-thao-duong?id=f17ffc43-5abb-5dcb-54d1-d3887440a421 | https://bachmai.gov.vn/bai-viet/bien-chung-cua-benh-dai-thao-duong?id=f17ffc43-5abb-5dcb-54d1-d3887440a421 | https://bachmai.gov.vn/bai-viet/bien-chung-cua-benh-dai-thao-duong?id=f17ffc43-5abb-5dcb-54d1-d3887440a421 | https://web.archive.org/web/https://bachmai.gov.vn/bai-viet/bien-chung-cua-benh-dai-thao-duong?id=f17ffc43-5abb-5dcb-54d1-d3887440a421 | https://bachmai.gov.vn/bai-viet/bien-chung-cua-benh-dai-thao-duong?id=f17ffc43-5abb-5dcb-54d1-d3887440a421 | https://web.archive.org/web/https://bachmai.gov.vn/bai-viet/bien-chung-cua-benh-dai-thao-duong?id=f17ffc43-5abb-5dcb-54d1-d3887440a421 | https://web.archive.org/web/https://bachmai.gov.vn/bai-viet/bien-chung-cua-benh-dai-thao-duong?id=f17ffc43-5abb-5dcb-54d1-d3887440a421 | https://bachmai.gov.vn/bai-viet/bien-chung-cua-benh-dai-thao-duong?id=f17ffc43-5abb-5dcb-54d1-d3887440a421 | https://web.archive.org/web/https://bachmai.gov.vn/bai-viet/bien-chung-cua-benh-dai-thao-duong?id=f17ffc43-5abb-5dcb-54d1-d3887440a421 | https://chanthuongvacotsong.bachmai.gov.vn/bien-chung-cua-benh-dai-thao-duong/ | https://bachmai.gov.vn/bai-viet/bien-chung-cua-benh-dai-thao-duong?id=f17ffc43-5abb-5dcb-54d1-d3887440a421 | https://bachmai.gov.vn/bai-viet/bien-chung-cua-benh-dai-thao-duong?id=f17ffc43-5abb-5dcb-54d1-d3887440a421 | https://web.archive.org/web/https://bachmai.gov.vn/bai-viet/bien-chung-cua-benh-dai-thao-duong?id=f17ffc43-5abb-5dcb-54d1-d3887440a421 | https://web.archive.org/web/https://bachmai.gov.vn/bai-viet/bien-chung-cua-benh-dai-thao-duong?id=f17ffc43-5abb-5dcb-54d1-d3887440a421 | https://chanthuongvacotsong.bachmai.gov.vn/bien-chung-cua-benh-dai-thao-duong/ | https://bachmai.gov.vn/bai-viet/bien-chung-cua-benh-dai-thao-duong?id=f17ffc43-5abb-5dcb-54d1-d3887440a421 | https://web.archive.org/web/https://bachmai.gov.vn/bai-viet/bien-chung-cua-benh-dai-thao-duong?id=f17ffc43-5abb-5dcb-54d1-d3887440a421 | https://web.archive.org/web/https://chanthuongvacotsong.bachmai.gov.vn/bien-chung-cua-benh-dai-thao-duong/ | https://chanthuongvacotsong.bachmai.gov.vn/bien-chung-cua-benh-dai-thao-duong/ | https://web.archive.org/web/https://bachmai.gov.vn/bai-viet/bien-chung-cua-benh-dai-thao-duong?id=f17ffc43-5abb-5dcb-54d1-d3887440a421 | https://chanthuongvacotsong.bachmai.gov.vn/bien-chung-cua-benh-dai-thao-duong/ | https://web.archive.org/web/https://bachmai.gov.vn/bai-viet/bien-chung-cua-benh-dai-thao-duong?id=f17ffc43-5abb-5dcb-54d1-d3887440a421 | https://web.archive.org/web/https://bachmai.gov.vn/bai-viet/bien-chung-cua-benh-dai-thao-duong?id=f17ffc43-5abb-5dcb-54d1-d3887440a421 | https://bachmai.gov.vn/bai-viet/bien-chung-cua-benh-dai-thao-duong?id=f17ffc43-5abb-5dcb-54d1-d3887440a421 | https://web.archive.org/web/https://bachmai.gov.vn/bai-viet/bien-chung-cua-benh-dai-thao-duong?id=f17ffc43-5abb-5dcb-54d1-d3887440a421 | https://web.archive.org/web/https://bachmai.gov.vn/bai-viet/bien-chung-cua-benh-dai-thao-duong?id=f17ffc43-5abb-5dcb-54d1-d3887440a421 | https://bachmai.gov.vn/bai-viet/bien-chung-cua-benh-dai-thao-duong?id=f17ffc43-5abb-5dcb-54d1-d3887440a421"
"325","SYMP_5a92b9f477","Symptom","Không kiểm soát HbA1C","Mức đường huyết trung bình cao trong thời gian dài, làm tăng nguy cơ tổn thương thận. | Mức đường huyết trung bình không được kiểm soát tốt, làm tăng nguy cơ tổn thương thận.","https://nsti.vista.gov.vn/publication/view/nghien-cuu-dac-diem-lam-sang-can-lam-sang-va-danh-gia-bien-chung-than-o-benh-nhan-dai-thao-duong-type-2-tai-khoa-noi-3-benh-vien-huu-nghi-viet-tiep-hai-phong-350723.html"
"326","SYMP_5ae6698cbc","Symptom","Đau thắt lưng","Triệu chứng cảnh báo suy giảm chức năng thận hoặc tăng huyết áp.","https://web.archive.org/web/https://medlatec.vn/tin-tuc/hep-dong-mach-than-la-gi-muc-do-nguy-hiem-va-phuong-phap-dieu-tri"
"327","SYMP_5d869ba6e6","Symptom","Rối loạn ý thức","Mức độ từ lơ mơ đến hôn mê sâu, là dấu hiệu sớm của hôn mê tăng áp lực thẩm thấu. | Lơ mơ, kích thích, vật vã hoặc thậm chí hôn mê.","https://web.archive.org/web/https://benhviendakhoasongma.gov.vn/bai-viet/hon-me-tang-ap-luc-tham-thau-do-dai-thao-duong-210 | https://medlatec.vn/tu-dien-benh-ly/con-hen-ac-tinh"
"328","SYMP_5ebb0c1192","Symptom","Hôn mê tăng áp lực thẩm thấu","Biến chứng cấp tính do tăng đường huyết không nhiễm toan ceton, thường gặp ở người cao tuổi. Tiên lượng xấu, tỷ lệ tử vong cao.","https://web.archive.org/web/https://vncdc.gov.vn/huong-dan-chan-doan-va-dieu-tri-benh-dai-thao-duong-tuyp-2-nd14582.html"
"329","SYMP_5ee77e8376","Symptom","Khó thở khi thời tiết thay đổi","Thời tiết giao mùa, độ ẩm cao làm tăng nguy cơ cơn hen cấp ở trẻ.","https://web.archive.org/web/https://benhviennhitrunguong.gov.vn/tag/hen-phe-quan"
"330","SYMP_5fb9334d11","Symptom","Rối loạn lipid máu","Cần điều trị bằng statin để kiểm soát LDL-C và phòng ngừa biến cố tim mạch.","https://web.archive.org/web/https://bachmai.gov.vn/bai-viet/dai-thao-duong-bien-chung-tim-mach-va-than-kinh-ngoai-bien-sat-thu-tham-lang?id=994f4df4-95c1-4760-8aee-8d07a69f9fe1"
"331","SYMP_5fe3e0b37a","Symptom","Nhiễm trùng bàn chân","Phức tạp, tốn kém và ít hiệu quả trong điều trị. | Do tổn thương thần kinh và giảm tuần hoàn ở chân, dễ gây nhiễm trùng nặng. | Do tổn thương thần kinh và giảm tuần hoàn, dễ gây nhiễm trùng nghiêm trọng. | Nguy cơ cao ở người đái tháo đường do giảm cảm giác và lưu thông máu kém.","https://web.archive.org/web/https://bachmai.gov.vn/bai-viet/dai-thao-duong-bien-chung-tim-mach-va-than-kinh-ngoai-bien-sat-thu-tham-lang?id=994f4df4-95c1-4760-8aee-8d07a69f9fe1 | https://web.archive.org/web/http://soyte.hatinh.gov.vn/tin-tuc-su-kien/thong-tin-y-te/bai-truyen-thong-benh-dai-thao-duong-va-cach-phong-ngua-benh.html | http://soyte.hatinh.gov.vn/tin-tuc-su-kien/thong-tin-y-te/bai-truyen-thong-benh-dai-thao-duong-va-cach-phong-ngua-benh.html | https://bachmai.gov.vn/tin-chi-tiet/-/bai-viet/cap-nhat-chan-doan-dieu-tri-benh-dai-thao-duong-va-bien-chung-8971-144.html"
"332","SYMP_60d4a07537","Symptom","Rối loạn tinh thần","Ảnh hưởng đến sức khỏe tâm lý của người bệnh do bệnh đái tháo đường.","https://web.archive.org/web/http://www.tapchiyhocduphong.vn/tap-chi-y-hoc-du-phong/2015/08/kien-thuc-ve-benh-dai-thao-duong-va-mot-so-yeu-to-lien-quan-cua-nguoi-benh-tai-c-o81E20305.html"
"333","SYMP_611c7ac0fc","Symptom","Loét chân","Biến chứng loét do tổn thương mạch máu và thần kinh.","https://web.archive.org/web/https://vncdc.gov.vn/quan-ly-benh-dai-thao-duong-nd14581.html"
"334","SYMP_6278f2c8f9","Symptom","Khó thở nghỉ ngơi","Người bệnh khó thở ngay cả khi nghỉ ngơi hoặc thực hiện các hoạt động cá nhân như tắm, đi vệ sinh. | Tình trạng khó thở xảy ra ngay cả khi không vận động, là dấu hiệu bệnh đã tiến triển nặng.","https://web.archive.org/web/http://benhvienphoi.hatinh.gov.vn/chi-tiet-tin-tuc?slug=hay-nhan-biet-som-va-phong-ngua-benh-phoi-tac-nghen-man-tinh-copd | https://bachmai.gov.vn/bai-viet/benh-phoi-tac-nghen-man-tinh-hieu-dung-phong-ngua-va-phat-hien-som-cung-chuyen-gia-benh-vien-bach-mai?id=bef483aa-6fde-433a-b2e8-b373eb7903a6"
"335","SYMP_6332515120","Symptom","Huyết áp cao","Mức huyết áp vượt ngưỡng 130/80mmHg, cần điều trị ngay. | Mức huyết áp vượt quá giới hạn bình thường, gây nguy cơ biến chứng tim mạch, não và thận. | Mức huyết áp vượt quá giới hạn bình thường, gây nguy cơ biến chứng tim mạch, não và thận. | Mức huyết áp vượt quá giới hạn bình thường, gây nguy cơ biến chứng tim mạch, thận và não. | Mức huyết áp vượt quá giới hạn bình thường, gây nguy cơ biến chứng tim mạch, thận và não. | Gây tổn thương mạch máu, làm giảm lưu lượng máu đến thận và các cơ quan khác. | Mức huyết áp vượt quá giới hạn bình thường, gây nguy cơ biến chứng tim mạch, não và thận. | Mức độ huyết áp vượt quá giới hạn bình thường, gây tổn thương mạch máu và làm giảm lưu lượng máu đến thận. | Tình trạng áp lực máu lên thành mạch tăng cao, thường không có triệu chứng rõ ràng. | Gây tổn thương mạch máu, làm giảm lưu lượng máu đến thận và các cơ quan khác. | Mức độ huyết áp vượt quá giới hạn bình thường, gây tổn thương mạch máu và làm giảm lưu lượng máu đến thận. | Huyết áp tâm thu ≥ 140mmHg và/ hoặc huyết áp tâm trương ≥ 90mmHg theo tiêu chuẩn JNC 7. | Tình trạng áp lực máu lên thành mạch tăng cao, thường không có triệu chứng rõ ràng. | Mức huyết áp vượt quá giới hạn bình thường, gây nguy cơ biến chứng tim mạch, não và thận. | Mức huyết áp vượt quá giới hạn bình thường, gây nguy cơ biến chứng tim mạch, thận và não. | Mức huyết áp vượt quá giới hạn bình thường, gây nguy cơ biến chứng tim mạch, não và thận. | Mức huyết áp vượt quá giới hạn bình thường, gây nguy cơ biến chứng tim mạch, thận và não. | Huyết áp tâm thu ≥ 140mmHg và/ hoặc huyết áp tâm trương ≥ 90mmHg theo tiêu chuẩn JNC 7. | Mức huyết áp vượt quá giới hạn bình thường, gây nguy cơ biến chứng tim mạch, não và thận. | Mức huyết áp vượt quá giới hạn bình thường, gây nguy cơ biến chứng tim mạch, thận và não.","https://bachmai.gov.vn/bai-viet/kiem-soat-huyet-ap-va-can-nang-o-benh-nhan-dai-thao-duong-tip-2-viet-nam?id=d4b1411f-1da7-74f4-b337-1b88457dd69b | http://bvhoanghoa.ytethanhhoa.gov.vn/web/khoa-phong-chuc-nang/khoa-phong-chuc-nang/phong-cong-tac-xa-hoi/dieu-can-luu-y-khi-dieu-tri-tang-huyet-ap.html | https://web.archive.org/web/http://bvhoanghoa.ytethanhhoa.gov.vn/web/khoa-phong-chuc-nang/khoa-phong-chuc-nang/phong-cong-tac-xa-hoi/dieu-can-luu-y-khi-dieu-tri-tang-huyet-ap.html | http://bvhoanghoa.ytethanhhoa.gov.vn/web/khoa-phong-chuc-nang/khoa-phong-chuc-nang/phong-cong-tac-xa-hoi/dieu-can-luu-y-khi-dieu-tri-tang-huyet-ap.html | https://web.archive.org/web/http://bvhoanghoa.ytethanhhoa.gov.vn/web/khoa-phong-chuc-nang/khoa-phong-chuc-nang/phong-cong-tac-xa-hoi/dieu-can-luu-y-khi-dieu-tri-tang-huyet-ap.html | https://www.vinmec.com/vie/bai-viet/tai-sao-mac-benh-thi-huyet-ap-lai-tang-cao-vi | http://bvhoanghoa.ytethanhhoa.gov.vn/web/khoa-phong-chuc-nang/khoa-phong-chuc-nang/phong-cong-tac-xa-hoi/dieu-can-luu-y-khi-dieu-tri-tang-huyet-ap.html | https://web.archive.org/web/https://www.vinmec.com/vie/bai-viet/suy-o-nguoi-bi-cao-huyet-ap-nhung-dieu-can-chu-y-vi | https://www.vinmec.com/vie/bai-viet/suy-o-nguoi-bi-cao-huyet-ap-nhung-dieu-can-chu-y-vi | https://www.vinmec.com/vie/bai-viet/dieu-tri-tang-huyet-ap-kem-suy-man-vi | https://web.archive.org/web/https://www.vinmec.com/vie/bai-viet/suy-o-nguoi-bi-cao-huyet-ap-nhung-dieu-can-chu-y-vi | https://www.vinmec.com/vie/bai-viet/suy-o-nguoi-bi-cao-huyet-ap-nhung-dieu-can-chu-y-vi | https://www.vinmec.com/vie/bai-viet/tai-sao-mac-benh-thi-huyet-ap-lai-tang-cao-vi | https://web.archive.org/web/http://bvhoanghoa.ytethanhhoa.gov.vn/web/khoa-phong-chuc-nang/khoa-phong-chuc-nang/phong-cong-tac-xa-hoi/dieu-can-luu-y-khi-dieu-tri-tang-huyet-ap.html | http://bvhoanghoa.ytethanhhoa.gov.vn/web/khoa-phong-chuc-nang/khoa-phong-chuc-nang/to-cong-tac-xa-hoi/dieu-can-luu-y-khi-dieu-tri-tang-huyet-ap.html | http://bvhoanghoa.ytethanhhoa.gov.vn/web/khoa-phong-chuc-nang/khoa-phong-chuc-nang/phong-cong-tac-xa-hoi/dieu-can-luu-y-khi-dieu-tri-tang-huyet-ap.html | https://web.archive.org/web/http://bvhoanghoa.ytethanhhoa.gov.vn/web/khoa-phong-chuc-nang/khoa-phong-chuc-nang/phong-cong-tac-xa-hoi/dieu-can-luu-y-khi-dieu-tri-tang-huyet-ap.html | http://bvhoanghoa.ytethanhhoa.gov.vn/web/khoa-phong-chuc-nang/khoa-phong-chuc-nang/phong-cong-tac-xa-hoi/dieu-can-luu-y-khi-dieu-tri-tang-huyet-ap.html | https://www.vinmec.com/vie/bai-viet/dieu-tri-tang-huyet-ap-kem-suy-man-vi | https://web.archive.org/web/http://bvhoanghoa.ytethanhhoa.gov.vn/web/khoa-phong-chuc-nang/khoa-phong-chuc-nang/phong-cong-tac-xa-hoi/dieu-can-luu-y-khi-dieu-tri-tang-huyet-ap.html | http://bvhoanghoa.ytethanhhoa.gov.vn/web/khoa-phong-chuc-nang/khoa-phong-chuc-nang/phong-cong-tac-xa-hoi/dieu-can-luu-y-khi-dieu-tri-tang-huyet-ap.html | https://web.archive.org/web/http://bvhoanghoa.ytethanhhoa.gov.vn/web/khoa-phong-chuc-nang/khoa-phong-chuc-nang/phong-cong-tac-xa-hoi/dieu-can-luu-y-khi-dieu-tri-tang-huyet-ap.html | http://bvhoanghoa.ytethanhhoa.gov.vn/web/khoa-phong-chuc-nang/khoa-phong-chuc-nang/phong-cong-tac-xa-hoi/dieu-can-luu-y-khi-dieu-tri-tang-huyet-ap.html | https://web.archive.org/web/http://bvhoanghoa.ytethanhhoa.gov.vn/web/khoa-phong-chuc-nang/khoa-phong-chuc-nang/phong-cong-tac-xa-hoi/dieu-can-luu-y-khi-dieu-tri-tang-huyet-ap.html | http://bvhoanghoa.ytethanhhoa.gov.vn/web/khoa-phong-chuc-nang/khoa-phong-chuc-nang/to-cong-tac-xa-hoi/dieu-can-luu-y-khi-dieu-tri-tang-huyet-ap.html | http://bvhoanghoa.ytethanhhoa.gov.vn/web/khoa-phong-chuc-nang/khoa-phong-chuc-nang/phong-cong-tac-xa-hoi/dieu-can-luu-y-khi-dieu-tri-tang-huyet-ap.html"
"336","SYMP_6a2f37dee2","Symptom","Hạ huyết áp tư thế","Xảy ra khi đo huyết áp ở tư thế đứng, thường gặp ở người cao tuổi hoặc đái tháo đường. | Hiện tượng huyết áp giảm khi đứng dậy đột ngột, thường gặp ở người cao tuổi hoặc bệnh đái tháo đường. | Giảm huyết áp khi chuyển từ nằm sang đứng, thường gặp ở người cao tuổi hoặc đái tháo đường.","https://chanthuongvacotsong.bachmai.gov.vn/huong-dan-chan-doan-va-dieu-tri-tang-huyet-ap/ | https://web.archive.org/web/https://chanthuongvacotsong.bachmai.gov.vn/huong-dan-chan-doan-va-dieu-tri-tang-huyet-ap/ | https://chanthuongvacotsong.bachmai.gov.vn/huong-dan-chan-doan-va-dieu-tri-tang-huyet-ap/ | https://web.archive.org/web/https://chanthuongvacotsong.bachmai.gov.vn/huong-dan-chan-doan-va-dieu-tri-tang-huyet-ap/ | https://chanthuongvacotsong.bachmai.gov.vn/huong-dan-chan-doan-va-dieu-tri-tang-huyet-ap/"
"337","SYMP_6a6117ee49","Symptom","Sút cân bất thường","Dù ăn nhiều nhưng cơ thể không hấp thu glucose hiệu quả, dẫn đến phân hủy mỡ và cơ để tạo năng lượng. | Dù có cảm giác thèm ăn nhưng cơ thể không chuyển hóa glucose hiệu quả, dẫn đến phân hủy cơ bắp và sụt cân. | Dù ăn nhiều nhưng cơ thể không hấp thu glucose hiệu quả, dẫn đến phân hủy mỡ và cơ để tạo năng lượng. | Dù ăn nhiều nhưng cơ thể không hấp thu glucose hiệu quả, dẫn đến phân hủy mỡ và cơ để cung cấp năng lượng. | Dù có cảm giác thèm ăn nhưng cơ thể không chuyển hóa glucose hiệu quả, dẫn đến phân hủy cơ bắp và sụt cân.","http://ttyt.tamduong.laichau.gov.vn/quan-ly-nha-nuoc/hoat-dong-doan-doi/dai-thao-duong-tuyp-2-nguyen-nhan-trieu-chung-chan-doan-va-d.html | http://ttyt.tamduong.laichau.gov.vn/quan-ly-nha-nuoc/hoat-dong-doan-doi/dai-thao-duong-tuyp-2-nguyen-nhan-trieu-chung-chan-doan-va-d.html | https://web.archive.org/web/http://ttyt.tamduong.laichau.gov.vn/quan-ly-nha-nuoc/hoat-dong-doan-doi/dai-thao-duong-tuyp-2-nguyen-nhan-trieu-chung-chan-doan-va-d.html | http://ttyt.tamduong.laichau.gov.vn/quan-ly-nha-nuoc/hoat-dong-doan-doi/dai-thao-duong-tuyp-2-nguyen-nhan-trieu-chung-chan-doan-va-d.html | https://web.archive.org/web/http://ttyt.tamduong.laichau.gov.vn/quan-ly-nha-nuoc/hoat-dong-doan-doi/dai-thao-duong-tuyp-2-nguyen-nhan-trieu-chung-chan-doan-va-d.html | https://web.archive.org/web/http://ttyt.tamduong.laichau.gov.vn/quan-ly-nha-nuoc/hoat-dong-doan-doi/dai-thao-duong-tuyp-2-nguyen-nhan-trieu-chung-chan-doan-va-d.html"
"338","SYMP_6c7b26d0ae","Symptom","Tăng nguy cơ tử vong","Do biến chứng tim mạch và thần kinh ngoại biên, tăng 2-4 lần so với người bình thường.","https://web.archive.org/web/https://bachmai.gov.vn/bai-viet/dai-thao-duong-bien-chung-tim-mach-va-than-kinh-ngoai-bien-sat-thu-tham-lang?id=994f4df4-95c1-4760-8aee-8d07a69f9fe1"
"339","SYMP_6d55485827","Symptom","Nước tiểu sủi bọt","Do sự hiện diện của protein trong nước tiểu (protein niệu). | Do sự hiện diện của protein trong nước tiểu (protein niệu). | Dấu hiệu của protein niệu do tổn thương cầu thận.","https://web.archive.org/web/https://benhvientinh.caobang.gov.vn/index.php/vi/news/tin-tuc-su-kien/bien-chung-than-do-dai-thao-duong-6-dieu-nguoi-benh-phai-chu-y-710.html | https://benhvientinh.caobang.gov.vn/index.php/vi/news/tin-tuc-su-kien/bien-chung-than-do-dai-thao-duong-6-dieu-nguoi-benh-phai-chu-y-710.html | https://benhvientinh.caobang.gov.vn/index.php/vi/news/tin-tuc-su-kien/bien-chung-than-do-dai-thao-duong-6-dieu-nguoi-benh-phai-chu-y-710.html | https://benhvientinh.caobang.gov.vn/index.php/vi/news/tin-tuc-su-kien/bien-chung-than-do-dai-thao-duong-6-dieu-nguoi-benh-phai-chu-y-710.html | https://web.archive.org/web/https://benhvientinh.caobang.gov.vn/index.php/vi/news/tin-tuc-su-kien/bien-chung-than-do-dai-thao-duong-6-dieu-nguoi-benh-phai-chu-y-710.html | https://benhvientinh.caobang.gov.vn/index.php/vi/news/tin-tuc-su-kien/bien-chung-than-do-dai-thao-duong-6-dieu-nguoi-benh-phai-chu-y-710.html | https://web.archive.org/web/https://benhvientinh.caobang.gov.vn/index.php/vi/news/tin-tuc-su-kien/bien-chung-than-do-dai-thao-duong-6-dieu-nguoi-benh-phai-chu-y-710.html"
"340","SYMP_6f080a6322","Symptom","Hồi hộp","Cảm giác lo âu hoặc khó thở do tăng huyết áp ảnh hưởng đến hệ thần kinh. | Cảm giác lo âu, tim đập nhanh do tác động của huyết áp lên hệ tuần hoàn. | Cảm giác lo âu, tim đập nhanh do tác động của huyết áp lên hệ tuần hoàn. | Cảm giác lo âu, tim đập nhanh do tăng huyết áp ảnh hưởng đến hệ tuần hoàn.","https://chanthuongvacotsong.bachmai.gov.vn/cao-huyet-ap-am-tham-ma-rat-hiem/ | https://soyte.tuyenquang.gov.vn/tin-tuc/tang-huyet-ap-va-nhung-bien-chung-nguy-hiem.html | https://soyte.tuyenquang.gov.vn/tin-tuc/tang-huyet-ap-va-nhung-bien-chung-nguy-hiem.html | https://web.archive.org/web/https://soyte.tuyenquang.gov.vn/tin-tuc/tang-huyet-ap-va-nhung-bien-chung-nguy-hiem.html"
"341","SYMP_700757eb0b","Symptom","Biến chứng mắt","Hậu quả của việc kiểm soát đường huyết kém trong thời gian dài.","http://soyte.hatinh.gov.vn/tin-tuc-su-kien/thong-tin-y-te/luu-y-khi-dieu-tri-dai-thao-duong-type-1.html | http://soyte.hatinh.gov.vn/tin-tuc-su-kien/thong-tin-y-te/luu-y-khi-dieu-tri-dai-thao-duong-type-1.html | https://web.archive.org/web/http://soyte.hatinh.gov.vn/tin-tuc-su-kien/thong-tin-y-te/luu-y-khi-dieu-tri-dai-thao-duong-type-1.html"
"342","SYMP_7030f62c28","Symptom","Không kiểm soát glucose máu đói","Mức đường huyết lúc đói không đạt mục tiêu điều trị, làm tăng nguy cơ tổn thương thận.","https://nsti.vista.gov.vn/publication/view/nghien-cuu-dac-diem-lam-sang-can-lam-sang-va-danh-gia-bien-chung-than-o-benh-nhan-dai-thao-duong-type-2-tai-khoa-noi-3-benh-vien-huu-nghi-viet-tiep-hai-phong-350723.html"
"343","SYMP_715eeee8df","Symptom","Căng thẳng thần kinh","Là yếu tố nguy cơ tim mạch và ảnh hưởng đến điều trị tăng huyết áp. | Là yếu tố nguy cơ tim mạch và ảnh hưởng đến huyết áp. | Là yếu tố nguy cơ tim mạch và ảnh hưởng đến điều trị tăng huyết áp. | Một yếu tố nguy cơ tim mạch và ảnh hưởng đến huyết áp.","https://chanthuongvacotsong.bachmai.gov.vn/huong-dan-chan-doan-va-dieu-tri-tang-huyet-ap/ | https://web.archive.org/web/https://chanthuongvacotsong.bachmai.gov.vn/huong-dan-chan-doan-va-dieu-tri-tang-huyet-ap/ | https://chanthuongvacotsong.bachmai.gov.vn/huong-dan-chan-doan-va-dieu-tri-tang-huyet-ap/ | https://web.archive.org/web/https://chanthuongvacotsong.bachmai.gov.vn/huong-dan-chan-doan-va-dieu-tri-tang-huyet-ap/ | https://chanthuongvacotsong.bachmai.gov.vn/huong-dan-chan-doan-va-dieu-tri-tang-huyet-ap/"
"344","SYMP_7248fdef27","Symptom","Khò khè","Âm thanh khó thở do đường thở bị co thắt và viêm sưng. | Tiếng rít khi thở ra, thường nghe rõ nhất trong cơn hen cấp tính. | Thở rít, cò cứ, thường xuất hiện về đêm và sáng, liên quan đến thay đổi thời tiết hoặc yếu tố khởi phát. | Âm thanh đặc trưng của hen phế quản do co thắt đường thở. | Âm thanh thở khò khè do co thắt phế quản, thường nghe thấy khi thở ra. | Tiếng thở rít hoặc khò khè do phế quản co thắt.","https://benhviennhitrunguong.gov.vn/loi-khuyen-cua-cac-chuyen-gia-di-ung-ve-benh-hen-2.html | https://web.archive.org/web/https://benhviennhitrunguong.gov.vn/loi-khuyen-cua-cac-chuyen-gia-di-ung-ve-benh-hen-2.html | https://bachmai.gov.vn/bai-viet/4-dau-hieu-dac-trung-cua-benh-hen?id=cfcfedc5-527d-7f6f-5a9e-002886825b9b | https://www.vinmec.com/vie/bai-viet/dau-hieu-nhan-biet-con-hen-phe-quan-cap-tinh-vi | https://web.archive.org/web/http://phacdo.soytequangninh.gov.vn/news/tin-tuc-su-kien/hen-phe-quan-hieu-dung-de-song-khoe-dieu-tri-hieu-qua-phong-ngua-chu-dong.html | https://www.vinmec.com/vie/bai-viet/bien-chung-lau-dai-cua-benh-hen-phe-quan-vi | https://www.vinmec.com/vie/benh/hen-phe-quan-2949 | http://phacdo.soytequangninh.gov.vn/news/tin-tuc-su-kien/hen-phe-quan-hieu-dung-de-song-khoe-dieu-tri-hieu-qua-phong-ngua-chu-dong.html"
"345","SYMP_72717e3524","Symptom","Không nhận biết nguy cơ mắc bệnh kèm theo","Người bệnh không hiểu rõ các biến chứng hoặc bệnh lý tiềm ẩn do đái tháo đường gây ra.","https://web.archive.org/web/http://www.tapchiyhocduphong.vn/tap-chi-y-hoc-du-phong/2015/08/kien-thuc-ve-benh-dai-thao-duong-va-mot-so-yeu-to-lien-quan-cua-nguoi-benh-tai-c-o81E20305.html"
"346","SYMP_72ca3b0bf5","Symptom","Tăng cân, yếu cơ","Triệu chứng của hội chứng Cushing gây tăng huyết áp thứ phát.","https://tamanhhospital.vn/tang-huyet-ap-thu-phat/"
"347","SYMP_72d12a44c7","Symptom","Viêm tiểu phế quản cấp","Kèm theo sốt, ho khạc đờm; thường do nhiễm virus gây viêm đường hô hấp.","https://www.vinmec.com/vie/bai-viet/dau-hieu-nhan-biet-con-hen-phe-quan-cap-tinh-vi"
"348","SYMP_73b47cddd4","Symptom","Chóng mặt","Triệu chứng thường gặp khi huyết áp tăng đột ngột hoặc kéo dài.","https://chanthuongvacotsong.bachmai.gov.vn/cao-huyet-ap-am-tham-ma-rat-hiem/"
"349","SYMP_74411ec0cf","Symptom","Phản ứng dị ứng","Cơ thể phản ứng quá mức với các tác nhân gây kích thích, làm trầm trọng cơn hen. | Mức độ nghiêm trọng của phản ứng dị ứng được giảm nhờ thảo mộc.","https://web.archive.org/web/https://vov.gov.vn/day-la-7-loai-thao-moc-dieu-tri-hen-suyen-hieu-qua-dtnew-491435 | https://vov.gov.vn/day-la-7-loai-thao-moc-dieu-tri-hen-suyen-hieu-qua-dtnew-491435"
"350","SYMP_74b9570deb","Symptom","Tức ngực","Triệu chứng thường gặp ở giai đoạn nặng, do chức năng phổi suy giảm và khó thở khi gắng sức.","https://tamanhhospital.vn/giai-doan-benh-phoi-tac-nghen-man-tinh/"
"351","SYMP_774f18b007","Symptom","Ăn nhiều, uống nhiều, tiểu nhiều","Các triệu chứng điển hình của đái tháo đường type 1 và type 2. | Triệu chứng điển hình của cả đái tháo đường type 1 và type 2.","https://xayenmo.ninhbinh.gov.vn/y-te-giao-duc/benh-dai-thao-duong-dau-hieu-nhan-biet-phan-loai-va-dieu-tri-389.html"
"352","SYMP_77e0aa334f","Symptom","Thừa cân","Tỷ lệ cao nhất trong nhóm bệnh nhân, chiếm 44,6% theo chỉ số BMI.","https://sti.vista.gov.vn/publication/view/tinh-trang-dinh-duong-va-mot-so-yeu-to-lien-quan-cua-nguoi-benh-dai-thao-duong-typ-2-dieu-tri-noi-tru-tai-benh-vien-da-khoa-xanh-pon-nam-2023-e7cc38bdc9220841bb8ade1a50eee813-455622.html | https://web.archive.org/web/https://sti.vista.gov.vn/publication/view/tinh-trang-dinh-duong-va-mot-so-yeu-to-lien-quan-cua-nguoi-benh-dai-thao-duong-typ-2-dieu-tri-noi-tru-tai-benh-vien-da-khoa-xanh-pon-nam-2023-e7cc38bdc9220841bb8ade1a50eee813-455622.html | https://sti.vista.gov.vn/publication/view/tinh-trang-dinh-duong-va-mot-so-yeu-to-lien-quan-cua-nguoi-benh-dai-thao-duong-typ-2-dieu-tri-noi-tru-tai-benh-vien-da-khoa-xanh-pon-nam-2023-e7cc38bdc9220841bb8ade1a50eee813-455622.html | https://sti.vista.gov.vn/publication/view/tinh-trang-dinh-duong-va-mot-so-yeu-to-lien-quan-cua-nguoi-benh-dai-thao-duong-typ-2-dieu-tri-noi-tru-tai-benh-vien-da-khoa-xanh-pon-nam-2023-e7cc38bdc9220841bb8ade1a50eee813-455622.html | https://web.archive.org/web/https://sti.vista.gov.vn/publication/view/tinh-trang-dinh-duong-va-mot-so-yeu-to-lien-quan-cua-nguoi-benh-dai-thao-duong-typ-2-dieu-tri-noi-tru-tai-benh-vien-da-khoa-xanh-pon-nam-2023-e7cc38bdc9220841bb8ade1a50eee813-455622.html"
"353","SYMP_7929623aa0","Symptom","Biến chứng cấp tính","Nguy cơ hôn mê hoặc các biến chứng cấp tính khác do đường huyết cao. | Hôn mê hoặc các biến chứng mạn tính như bệnh tim mạch, bàn chân, mắt.","https://web.archive.org/web/https://bachmai.gov.vn/bai-viet/chan-doan-som-benh-dai-thao-duong-tip-2?id=59f9c51f-418e-9437-823c-a1a6c23c33e4 | https://web.archive.org/web/https://bachmai.gov.vn/tin-chi-tiet/-/bai-viet/chan-doan-som-benh-dai-thao-duong-tip-2-9427-146.html"
"354","SYMP_79449076e0","Symptom","Khó thở sau vận động","Triệu chứng thường thay đổi trước và sau vận động, gợi ý hen phế quản.","https://www.vinmec.com/vie/bai-viet/lam-nao-de-chan-doan-hen-phe-quan-vi"
"355","SYMP_796dc014fa","Symptom","Nặng ngực tái phát","Cảm giác tức ngực, khó chịu vùng ngực, tái phát nhiều lần, là biểu hiện không điển hình của hen.","https://hohap.bachmai.gov.vn/detail/14225/hen-phe-quan-%C2%A0-cach-nhan-biet-va-chan-doan.html"
"356","SYMP_7cc42d61e2","Symptom","Tai biến mạch máu não","Biến chứng nghiêm trọng do tăng huyết áp gây ra. | Một trong những biến chứng nghiêm trọng do tăng huyết áp gây ra. | Biến chứng nghiêm trọng do tăng huyết áp gây ra, dẫn đến liệt hoặc tàn phế. | Biến chứng nghiêm trọng do tăng huyết áp gây ra. | Biến chứng nghiêm trọng do tăng huyết áp gây ra, dẫn đến liệt hoặc tàn phế. | Một trong những biến chứng nghiêm trọng do tăng huyết áp gây ra. | Biến chứng nghiêm trọng do tăng huyết áp gây ra. | Biến chứng nghiêm trọng do tăng huyết áp gây ra, dẫn đến liệt hoặc tàn phế. | Biến chứng nghiêm trọng do tăng huyết áp gây ra, dẫn đến liệt hoặc tàn phế. | Biến chứng nghiêm trọng do tăng huyết áp gây ra, dẫn đến liệt hoặc tàn phế. | Biến chứng nghiêm trọng do tăng huyết áp gây ra.","https://web.archive.org/web/http://bvhoanghoa.ytethanhhoa.gov.vn/web/khoa-phong-chuc-nang/khoa-phong-chuc-nang/to-cong-tac-xa-hoi/benh-tang-huyet-ap-ke-giet-nguoi-tham-lang.html | http://bvhoanghoa.ytethanhhoa.gov.vn/web/khoa-phong-chuc-nang/khoa-phong-chuc-nang/to-cong-tac-xa-hoi/benh-tang-huyet-ap-ke-giet-nguoi-tham-lang.html | https://web.archive.org/web/http://bvhoanghoa.ytethanhhoa.gov.vn/web/khoa-phong-chuc-nang/khoa-phong-chuc-nang/to-cong-tac-xa-hoi/benh-tang-huyet-ap-ke-giet-nguoi-tham-lang.html | http://bvhoanghoa.ytethanhhoa.gov.vn/web/khoa-phong-chuc-nang/khoa-phong-chuc-nang/to-cong-tac-xa-hoi/benh-tang-huyet-ap-ke-giet-nguoi-tham-lang.html | https://web.archive.org/web/http://bvhoanghoa.ytethanhhoa.gov.vn/web/khoa-phong-chuc-nang/khoa-phong-chuc-nang/to-cong-tac-xa-hoi/benh-tang-huyet-ap-ke-giet-nguoi-tham-lang.html | http://bvhoanghoa.ytethanhhoa.gov.vn/web/khoa-phong-chuc-nang/khoa-phong-chuc-nang/to-cong-tac-xa-hoi/benh-tang-huyet-ap-ke-giet-nguoi-tham-lang.html | https://web.archive.org/web/http://bvhoanghoa.ytethanhhoa.gov.vn/web/khoa-phong-chuc-nang/khoa-phong-chuc-nang/to-cong-tac-xa-hoi/benh-tang-huyet-ap-ke-giet-nguoi-tham-lang.html | http://bvhoanghoa.ytethanhhoa.gov.vn/web/khoa-phong-chuc-nang/khoa-phong-chuc-nang/to-cong-tac-xa-hoi/benh-tang-huyet-ap-ke-giet-nguoi-tham-lang.html | https://web.archive.org/web/http://bvhoanghoa.ytethanhhoa.gov.vn/web/khoa-phong-chuc-nang/khoa-phong-chuc-nang/to-cong-tac-xa-hoi/benh-tang-huyet-ap-ke-giet-nguoi-tham-lang.html"
"357","SYMP_7d4fb0ad04","Symptom","Da khô ngứa","Da mất độ ẩm, dễ bị kích ứng và ngứa.","https://web.archive.org/web/https://benhvienquynhon.gov.vn/tin-tuc/hoat-dong-cua-ttyt/dai-thao-duong-va-nhung-dieu-ban-can-biet/ | https://benhvienquynhon.gov.vn/tin-tuc/hoat-dong-cua-ttyt/dai-thao-duong-va-nhung-dieu-ban-can-biet/ | https://web.archive.org/web/https://benhvienquynhon.gov.vn/tin-tuc/hoat-dong-cua-ttyt/dai-thao-duong-va-nhung-dieu-ban-can-biet/"
"358","SYMP_7e7673408f","Symptom","Khát nước và đi tiểu nhiều","Người bệnh thường uống nhiều nước, đi tiểu nhiều, đặc biệt vào ban đêm do đường huyết cao.","https://cdc.ninhbinh.gov.vn/tin-tuc-su-kien/benh-dai-thao-duong-va-cach-phong-ngua-benh2.html"
"359","SYMP_7f1efab39e","Symptom","Khó thở tiến triển","Triệu chứng khó thở tăng dần theo thời gian, từ hoạt động gắng sức đến trạng thái nghỉ ngơi. | Triệu chứng khó thở tăng dần theo thời gian, từ hoạt động gắng sức đến nghỉ ngơi. | Tình trạng khó thở ngày càng nặng lên theo thời gian, ảnh hưởng đến sinh hoạt hằng ngày. | Triệu chứng khó thở tăng dần theo thời gian, từ hoạt động gắng sức đến nghỉ ngơi. | Triệu chứng khó thở tăng dần theo thời gian, từ hoạt động gắng sức đến trạng thái nghỉ ngơi. | Tình trạng khó thở ngày càng nặng lên theo thời gian, từ hoạt động gắng sức đến nghỉ ngơi. | Triệu chứng khó thở tăng dần theo thời gian, từ hoạt động gắng sức đến nghỉ ngơi. | Tình trạng khó thở ngày càng nặng lên theo thời gian, ảnh hưởng đến sinh hoạt hằng ngày. | Triệu chứng khó thở tăng dần theo thời gian, từ hoạt động gắng sức đến trạng thái nghỉ ngơi. | Triệu chứng khó thở tăng dần theo thời gian, từ hoạt động gắng sức đến nghỉ ngơi.","https://web.archive.org/web/https://bachmai.gov.vn/bai-viet/benh-phoi-tac-nghen-man-tinh-hieu-dung-phong-ngua-va-phat-hien-som-cung-chuyen-gia-benh-vien-bach-mai?id=bef483aa-6fde-433a-b2e8-b373eb7903a6 | https://bachmai.gov.vn/bai-viet/benh-phoi-tac-nghen-man-tinh-hieu-dung-phong-ngua-va-phat-hien-som-cung-chuyen-gia-benh-vien-bach-mai?id=bef483aa-6fde-433a-b2e8-b373eb7903a6 | https://web.archive.org/web/https://bachmai.gov.vn/bai-viet/benh-phoi-tac-nghen-man-tinh-hieu-dung-phong-ngua-va-phat-hien-som-cung-chuyen-gia-benh-vien-bach-mai?id=bef483aa-6fde-433a-b2e8-b373eb7903a6"
"360","SYMP_826e36101a","Symptom","Tím môi và đầu chi","Biểu hiện của suy hô hấp mạn tính, thường thấy ở giai đoạn muộn.","https://web.archive.org/web/https://vncdc.gov.vn/huong-dan-chan-doan-va-dieu-tri-benh-phoi-tac-nghen-man-tinh-nd14577.html"
"361","SYMP_833d7103c4","Symptom","Bệnh mạch máu ngoại vi","Biến chứng phổ biến, gây loét và cắt cụt chi nếu không điều trị kịp thời.","https://bachmai.gov.vn/tin-chi-tiet/-/bai-viet/cap-nhat-chan-doan-dieu-tri-benh-dai-thao-duong-va-bien-chung-8971-144.html"
"362","SYMP_836f243b99","Symptom","Cảm giác như dao đâm","Mô tả triệu chứng đau thần kinh ngoại biên, thường bị bỏ qua trong khám lâm sàng.","https://web.archive.org/web/https://chanthuongvacotsong.bachmai.gov.vn/dai-thao-duong-bien-chung-tim-mach-va-than-kinh-ngoai-bien-sat-thu-tham-lang/ | https://chanthuongvacotsong.bachmai.gov.vn/dai-thao-duong-bien-chung-tim-mach-va-than-kinh-ngoai-bien-sat-thu-tham-lang/"
"363","SYMP_83b6703a35","Symptom","Phù mắt cá chân","Tình trạng sưng phù ở vùng mắt cá chân do ứ dịch trong cơ thể. | Tình trạng sưng ở vùng mắt cá chân do ứ dịch trong cơ thể.","https://bachmai.gov.vn/bai-viet/nhan-biet-dieu-tri-va-cham-soc-nguoi-benh-suy-tim?id=f55f8d26-9341-41d6-a243-00f543335069 | https://web.archive.org/web/https://bachmai.gov.vn/bai-viet/nhan-biet-dieu-tri-va-cham-soc-nguoi-benh-suy-tim?id=f55f8d26-9341-41d6-a243-00f543335069"
"364","SYMP_858a7a33be","Symptom","Rối loạn mỡ máu","Tình trạng bất thường về nồng độ lipid trong máu, làm tăng nguy cơ tim mạch. | Tình trạng tăng cholesterol, triglyceride hoặc giảm HDL gây nguy cơ tim mạch. | Tình trạng tăng cholesterol, triglyceride hoặc giảm HDL gây nguy cơ tim mạch. | Tình trạng bất thường về nồng độ lipid trong máu, làm tăng nguy cơ tim mạch.","https://web.archive.org/web/http://www.tapchiyhocduphong.vn/tap-chi-y-hoc-du-phong/2019/09/nguy-co-bien-co-tim-mach-o-benh-nhan-su-dung-clopidogrel-mac-va-khong-mac-dai-th-o81E2084E.html"
"365","SYMP_864a118f65","Symptom","Khó thở khi gắng sức","Khó thở xuất hiện khi vận động mạnh như leo cầu thang, chạy bộ; sau đó tiến triển đến khó thở ngay cả khi hoạt động nhẹ hoặc nghỉ ngơi. | Ban đầu chỉ xuất hiện khi vận động mạnh (leo cầu thang, chạy bộ), sau đó tiến triển thành khó thở ngay cả khi hoạt động nhẹ hoặc nghỉ ngơi. | Khó thở xuất hiện khi vận động, ban đầu ở mức độ nặng (leo 5-6 tầng cầu thang), sau đó tiến triển đến khó thở ngay cả khi hoạt động nhẹ hoặc nghỉ ngơi. | Ban đầu chỉ xuất hiện khi vận động mạnh (leo cầu thang, chạy bộ), sau đó tiến triển nặng hơn đến khó thở ngay cả khi đi bộ nhẹ hoặc nghỉ ngơi. | Khó thở xuất hiện khi vận động mạnh như leo cầu thang, chạy bộ; sau đó tiến triển đến khó thở ngay cả khi hoạt động nhẹ hoặc nghỉ ngơi. | Ban đầu chỉ xuất hiện khi vận động mạnh (leo cầu thang, chạy bộ), sau đó tiến triển thành khó thở ngay cả khi hoạt động nhẹ hoặc nghỉ ngơi. | Khó thở xuất hiện khi vận động mạnh như leo cầu thang, chạy bộ; sau đó tiến triển đến khó thở ngay cả khi hoạt động nhẹ hoặc nghỉ ngơi. | Người bệnh cảm thấy khó thở khi làm việc nặng, leo cầu thang hoặc đi nhanh. | Ban đầu chỉ xuất hiện khi vận động mạnh (leo cầu thang, chạy bộ), sau đó tiến triển thành khó thở ngay cả khi hoạt động nhẹ hoặc nghỉ ngơi. | Khó thở xuất hiện khi vận động mạnh như leo cầu thang, chạy bộ; sau đó tiến triển đến khó thở ngay cả khi hoạt động nhẹ hoặc nghỉ ngơi.","https://web.archive.org/web/https://bachmai.gov.vn/bai-viet/benh-phoi-tac-nghen-man-tinh-hieu-dung-phong-ngua-va-phat-hien-som-cung-chuyen-gia-benh-vien-bach-mai?id=bef483aa-6fde-433a-b2e8-b373eb7903a6 | https://bachmai.gov.vn/bai-viet/benh-phoi-tac-nghen-man-tinh-hieu-dung-phong-ngua-va-phat-hien-som-cung-chuyen-gia-benh-vien-bach-mai?id=bef483aa-6fde-433a-b2e8-b373eb7903a6 | https://web.archive.org/web/https://bachmai.gov.vn/bai-viet/benh-phoi-tac-nghen-man-tinh-hieu-dung-phong-ngua-va-phat-hien-som-cung-chuyen-gia-benh-vien-bach-mai?id=bef483aa-6fde-433a-b2e8-b373eb7903a6 | http://benhvienphoi.hatinh.gov.vn/chi-tiet-tin-tuc?slug=hay-nhan-biet-som-va-phong-ngua-benh-phoi-tac-nghen-man-tinh-copd | https://web.archive.org/web/http://benhvienphoi.hatinh.gov.vn/chi-tiet-tin-tuc?slug=hay-nhan-biet-som-va-phong-ngua-benh-phoi-tac-nghen-man-tinh-copd | https://bachmai.gov.vn/bai-viet/benh-phoi-tac-nghen-man-tinh-hieu-dung-phong-ngua-va-phat-hien-som-cung-chuyen-gia-benh-vien-bach-mai?id=bef483aa-6fde-433a-b2e8-b373eb7903a6"
"366","SYMP_8735eae64d","Symptom","Đau ngực","Triệu chứng cảnh báo suy giảm lưu thông máu đến cơ tim do xơ vữa động mạch. | Triệu chứng cảnh báo suy giảm lưu thông máu đến cơ tim do xơ vữa mạch vành. | Triệu chứng cảnh báo suy tim hoặc nhồi máu cơ tim do huyết áp cao gây tổn thương mạch vành.","https://soyte.tuyenquang.gov.vn/tin-tuc/tang-huyet-ap-va-nhung-bien-chung-nguy-hiem.html | https://soyte.tuyenquang.gov.vn/tin-tuc/tang-huyet-ap-va-nhung-bien-chung-nguy-hiem.html | https://web.archive.org/web/https://soyte.tuyenquang.gov.vn/tin-tuc/tang-huyet-ap-va-nhung-bien-chung-nguy-hiem.html"
"367","SYMP_8a34defd2d","Symptom","Huyết áp tăng","Một trong những dấu hiệu đầu tiên của biến chứng thận do đái tháo đường. | Một trong những dấu hiệu đầu tiên của biến chứng thận do đái tháo đường. | Triệu chứng thường gặp ở giai đoạn đầu của biến chứng thận do đái tháo đường.","https://web.archive.org/web/https://benhvientinh.caobang.gov.vn/index.php/vi/news/tin-tuc-su-kien/bien-chung-than-do-dai-thao-duong-6-dieu-nguoi-benh-phai-chu-y-710.html | https://benhvientinh.caobang.gov.vn/index.php/vi/news/tin-tuc-su-kien/bien-chung-than-do-dai-thao-duong-6-dieu-nguoi-benh-phai-chu-y-710.html | https://benhvientinh.caobang.gov.vn/index.php/vi/news/tin-tuc-su-kien/bien-chung-than-do-dai-thao-duong-6-dieu-nguoi-benh-phai-chu-y-710.html | https://benhvientinh.caobang.gov.vn/index.php/vi/news/tin-tuc-su-kien/bien-chung-than-do-dai-thao-duong-6-dieu-nguoi-benh-phai-chu-y-710.html | https://web.archive.org/web/https://benhvientinh.caobang.gov.vn/index.php/vi/news/tin-tuc-su-kien/bien-chung-than-do-dai-thao-duong-6-dieu-nguoi-benh-phai-chu-y-710.html | https://benhvientinh.caobang.gov.vn/index.php/vi/news/tin-tuc-su-kien/bien-chung-than-do-dai-thao-duong-6-dieu-nguoi-benh-phai-chu-y-710.html | https://web.archive.org/web/https://benhvientinh.caobang.gov.vn/index.php/vi/news/tin-tuc-su-kien/bien-chung-than-do-dai-thao-duong-6-dieu-nguoi-benh-phai-chu-y-710.html"
"368","SYMP_8d1fd9e13f","Symptom","Lồng ngực biến dạng","Biến đổi hình thái lồng ngực trong các cơn hen nặng.","https://www.vinmec.com/vie/benh/hen-phe-quan-2949"
"369","SYMP_8e3b64e99b","Symptom","Tiểu đêm","Hiện tượng tăng nhu cầu đi tiểu vào ban đêm do rối loạn cân bằng điện giải và nước. | Hiện tượng tăng nhu cầu đi tiểu vào ban đêm do rối loạn cân bằng nước và điện giải. | Hiện tượng tăng nhu cầu đi tiểu vào ban đêm do rối loạn cân bằng nước và điện giải.","https://bachmai.gov.vn/bai-viet/sai-lam-trong-dinh-duong-khien-suy-than-man-them-tram-trong-dau-la-giai-phap?id=1ff0d3d0-62f4-4159-a23b-758572e7f600 | https://web.archive.org/web/https://bachmai.gov.vn/bai-viet/sai-lam-trong-dinh-duong-khien-suy-than-man-them-tram-trong-dau-la-giai-phap?id=1ff0d3d0-62f4-4159-a23b-758572e7f600 | https://web.archive.org/web/https://bachmai.gov.vn/bai-viet/sai-lam-trong-dinh-duong-khien-suy-than-man-them-tram-trong-dau-la-giai-phap?id=1ff0d3d0-62f4-4159-a23b-758572e7f600 | https://bachmai.gov.vn/bai-viet/sai-lam-trong-dinh-duong-khien-suy-than-man-them-tram-trong-dau-la-giai-phap?id=1ff0d3d0-62f4-4159-a23b-758572e7f600"
"370","SYMP_8f0c5d6b83","Symptom","Khát nước tăng","Dấu hiệu của đường huyết cao hoặc biến chứng.","https://web.archive.org/web/https://vncdc.gov.vn/quan-ly-benh-dai-thao-duong-nd14581.html"
"371","SYMP_8f40e29503","Symptom","Không thể nói trọn câu","Do thiếu oxy, người bệnh khó nói, nói từng từ đơn lẻ, giọng yếu. Không thể ăn uống được, biểu hiện mệt kiệt sức.","https://medlatec.vn/tu-dien-benh-ly/con-hen-ac-tinh"
"372","SYMP_8f8a96ea87","Symptom","Thiếu năng lượng","Tỷ lệ rất thấp trong nhóm bệnh nhân, chỉ chiếm 1,7%.","https://web.archive.org/web/https://sti.vista.gov.vn/publication/view/tinh-trang-dinh-duong-va-mot-so-yeu-to-lien-quan-cua-nguoi-benh-dai-thao-duong-typ-2-dieu-tri-noi-tru-tai-benh-vien-da-khoa-xanh-pon-nam-2023-e7cc38bdc9220841bb8ade1a50eee813-455622.html"
"373","SYMP_8fbb903ee8","Symptom","Song thị","Hiện tượng nhìn thấy hai hình ảnh của cùng một vật, là một trong những biến chứng mắt do đái tháo đường gây ra.","https://web.archive.org/web/https://benhvienmathanoi.gov.vn/tam-soat-benh-vong-mac-dai-thao-duong/"
"374","SYMP_91a63a15a0","Symptom","Tuân thủ điều trị kém","Người bệnh không tuân thủ phác đồ điều trị do thiếu hiểu biết, chi phí cao hoặc ngại dùng thuốc.","https://bachmai.gov.vn/bai-viet/ca-the-hoa-dieu-tri-dai-thao-duong-tip-2-tai-cac-nuoc-dang-phat-trien-thach-thuc-va-co-hoi?id=4b51fe29-8515-42d1-bff3-85563163f16c"
"375","SYMP_9323321c94","Symptom","Liệt","Di chứng sau các biến chứng do tăng huyết áp gây tổn thương thần kinh. | Di chứng sau biến chứng do tăng huyết áp gây tổn thương thần kinh. | Di chứng sau biến chứng do tăng huyết áp gây tổn thương thần kinh. | Di chứng sau biến chứng của tăng huyết áp. | Di chứng sau biến chứng do tăng huyết áp gây tổn thương thần kinh. | Di chứng sau biến chứng của bệnh tăng huyết áp.","https://bachmai.gov.vn/tin-chi-tiet/-/bai-viet/tang-huyet-ap-can-benh-tham-lang-nhung-nguy-hiem-8463-146.html | https://web.archive.org/web/https://bachmai.gov.vn/tin-chi-tiet/-/bai-viet/tang-huyet-ap-can-benh-tham-lang-nhung-nguy-hiem-8463-146.html"
"376","SYMP_94fcd0ca3d","Symptom","Không kiểm soát glucose đói","Mức đường huyết lúc đói cao hơn ngưỡng kiểm soát, dẫn đến tổn thương thận.","https://nsti.vista.gov.vn/publication/view/nghien-cuu-dac-diem-lam-sang-can-lam-sang-va-danh-gia-bien-chung-than-o-benh-nhan-dai-thao-duong-type-2-tai-khoa-noi-3-benh-vien-huu-nghi-viet-tiep-hai-phong-350723.html"
"377","SYMP_9504a71991","Symptom","Nhiễm trùng ngực thường xuyên","Tình trạng nhiễm khuẩn đường hô hấp tái phát.","https://www.vinmec.com/vie/bai-viet/benh-phoi-tac-nghen-man-tinh-copd-vi"
"378","SYMP_954412829a","Symptom","Albumin niệu","Hiện tượng protein albumin xuất hiện trong nước tiểu, là dấu hiệu điển hình của tổn thương cầu thận do đái tháo đường.","https://web.archive.org/web/https://vista.gov.vn/vi/news/cac-linh-vuc-khoa-hoc-va-cong-nghe/dau-an-sinh-hoc-moi-trong-phat-trien-som-bien-chung-than-do-dai-thao-duong-9409.html"
"379","SYMP_95775cd345","Symptom","Ho khan","Ho không đờm, thường xuất hiện trước cơn khó thở, là dấu hiệu tiền triệu. | Ho không đờm, đặc trưng của hen phế quản, khác với viêm tiểu phế quản cấp. | Ho không đờm, thường xuất hiện trước hoặc là triệu chứng duy nhất của hen.","https://bachmai.gov.vn/bai-viet/4-dau-hieu-dac-trung-cua-benh-hen?id=cfcfedc5-527d-7f6f-5a9e-002886825b9b | https://hohap.bachmai.gov.vn/detail/14225/hen-phe-quan-%C2%A0-cach-nhan-biet-va-chan-doan.html | https://www.vinmec.com/vie/bai-viet/lam-nao-de-chan-doan-hen-phe-quan-vi"
"380","SYMP_97ee13df57","Symptom","Cơn hen cấp nguy hiểm","Là tình trạng đột ngột, nghiêm trọng của bệnh hen, có thể dẫn đến ngừng tim nếu không xử trí kịp thời.","https://web.archive.org/web/https://benhviennhitrunguong.gov.vn/tag/hen-phe-quan"
"381","SYMP_987f36de73","Symptom","Đường huyết tăng cao","Chỉ số đường huyết cao (14.4 mmol/L), HbA1c 12.1%, kèm theo mệt mỏi và thể trạng gầy, thấp bé. | Chỉ số đường huyết cao (14.4 mmol/L), HbA1c 12.1%, kèm theo mệt mỏi và thể trạng gầy, thấp bé. | Chỉ số đường huyết cao 14.4 mmol/L, HbA1c 12.1%, kèm theo mệt mỏi và thể trạng gầy yếu.","http://soyte.hatinh.gov.vn/tin-tuc-su-kien/thong-tin-y-te/luu-y-khi-dieu-tri-dai-thao-duong-type-1.html | http://soyte.hatinh.gov.vn/tin-tuc-su-kien/thong-tin-y-te/luu-y-khi-dieu-tri-dai-thao-duong-type-1.html | https://web.archive.org/web/http://soyte.hatinh.gov.vn/tin-tuc-su-kien/thong-tin-y-te/luu-y-khi-dieu-tri-dai-thao-duong-type-1.html"
"382","SYMP_9aca4f8bf7","Symptom","Ngứa ngáy da","Do tích tụ chất độc trong máu khi chức năng thận suy giảm.","https://web.archive.org/web/https://benhvientinh.caobang.gov.vn/index.php/vi/news/tin-tuc-su-kien/bien-chung-than-do-dai-thao-duong-6-dieu-nguoi-benh-phai-chu-y-710.html | https://benhvientinh.caobang.gov.vn/index.php/vi/news/tin-tuc-su-kien/bien-chung-than-do-dai-thao-duong-6-dieu-nguoi-benh-phai-chu-y-710.html | https://benhvientinh.caobang.gov.vn/index.php/vi/news/tin-tuc-su-kien/bien-chung-than-do-dai-thao-duong-6-dieu-nguoi-benh-phai-chu-y-710.html | https://benhvientinh.caobang.gov.vn/index.php/vi/news/tin-tuc-su-kien/bien-chung-than-do-dai-thao-duong-6-dieu-nguoi-benh-phai-chu-y-710.html | https://web.archive.org/web/https://benhvientinh.caobang.gov.vn/index.php/vi/news/tin-tuc-su-kien/bien-chung-than-do-dai-thao-duong-6-dieu-nguoi-benh-phai-chu-y-710.html | https://benhvientinh.caobang.gov.vn/index.php/vi/news/tin-tuc-su-kien/bien-chung-than-do-dai-thao-duong-6-dieu-nguoi-benh-phai-chu-y-710.html | https://web.archive.org/web/https://benhvientinh.caobang.gov.vn/index.php/vi/news/tin-tuc-su-kien/bien-chung-than-do-dai-thao-duong-6-dieu-nguoi-benh-phai-chu-y-710.html"
"383","SYMP_9adb5140b6","Symptom","Rối loạn cảm giác nóng rát","Triệu chứng chủ quan phổ biến ở người bệnh, chiếm đến 80%.","https://web.archive.org/web/https://sti.vista.gov.vn/publication/view/nghien-cuu-dac-diem-lam-sang-can-lam-sang-va-chi-so-dien-than-kinh-co-o-nguoi-benh-dai-thao-duong-type-2-co-bien-chung-than-kinh-ngoai-vi-tai-benh-vie-d41b03674c28b600d59c115392319110-455331.html | https://sti.vista.gov.vn/publication/view/nghien-cuu-dac-diem-lam-sang-can-lam-sang-va-chi-so-dien-than-kinh-co-o-nguoi-benh-dai-thao-duong-type-2-co-bien-chung-than-kinh-ngoai-vi-tai-benh-vie-d41b03674c28b600d59c115392319110-455331.html"
"384","SYMP_9b64b09b82","Symptom","Khó thở do co thắt phế quản","Trẻ bị hen phế quản thường gặp tình trạng khó thở, ho kéo dài và có thể ngưng tim trong cơn cấp. | Trẻ bị hen phế quản thường gặp tình trạng khó thở, thở khò khè, ho kéo dài do đường thở bị viêm và co thắt. | Trẻ bị hen phế quản thường gặp tình trạng khó thở, ho kéo dài và có thể ngưng tim trong cơn cấp.","https://web.archive.org/web/https://benhviennhitrunguong.gov.vn/tag/hen-phe-quan"
"385","SYMP_9b90a1592b","Symptom","Hay khát nước, uống nhiều nước","Do cơ thể cố gắng cân bằng lượng nước bị mất qua nước tiểu chứa đường. | Do cơ thể cố gắng cân bằng lượng nước bị mất qua đường tiểu do đường huyết cao. | Do cơ thể cố gắng cân bằng lượng nước bị mất qua đường tiểu do đường huyết cao. | Do cơ thể cố gắng cân bằng lượng nước bị mất qua nước tiểu chứa đường. | Do cơ thể cố gắng cân bằng lượng nước bị mất qua nước tiểu chứa đường. | Do cơ thể cố gắng cân bằng lượng nước bị mất qua nước tiểu chứa đường. | Do cơ thể cố gắng cân bằng lượng nước bị mất qua nước tiểu chứa đường.","https://benhviennhitrunguong.gov.vn/benh-dai-thao-duong-o-tre-em.html | https://web.archive.org/web/https://benhviennhitrunguong.gov.vn/benh-dai-thao-duong-o-tre-em.html | https://web.archive.org/web/https://benhviennhitrunguong.gov.vn/benh-dai-thao-duong-o-tre-em.html | https://benhviennhitrunguong.gov.vn/benh-dai-thao-duong-o-tre-em.html | https://web.archive.org/web/https://benhviennhitrunguong.gov.vn/benh-dai-thao-duong-o-tre-em.html | https://web.archive.org/web/https://benhviennhitrunguong.gov.vn/benh-dai-thao-duong-o-tre-em.html | https://benhviennhitrunguong.gov.vn/benh-dai-thao-duong-o-tre-em.html | https://web.archive.org/web/https://benhviennhitrunguong.gov.vn/benh-dai-thao-duong-o-tre-em.html | https://benhviennhitrunguong.gov.vn/benh-dai-thao-duong-o-tre-em.html | https://benhviennhitrunguong.gov.vn/benh-dai-thao-duong-o-tre-em.html"
"386","SYMP_9b939cc123","Symptom","Khó thở khi vận động","Người bệnh cảm thấy khó thở khi đi nhanh trên mặt đất bằng phẳng hoặc leo dốc, đặc biệt ở giai đoạn nhẹ.","https://tamanhhospital.vn/giai-doan-benh-phoi-tac-nghen-man-tinh/"
"387","SYMP_9bf61ed7f5","Symptom","Suy giảm chức năng thận","Thận mất khả năng lọc máu, điều hòa chất lỏng và hormone.","https://web.archive.org/web/https://tamanhhospital.vn/tang-huyet-ap-trong-benh-than/"
"388","SYMP_9d0d8e856a","Symptom","Tiểu nhiều ban đêm","Thay đổi thói quen đi tiểu, đặc biệt vào ban đêm.","https://web.archive.org/web/http://soyte.hatinh.gov.vn/tin-tuc-su-kien/pho-bien-kien-thuc/dau-hieu-benh-than-va-suy-than-.html | http://soyte.hatinh.gov.vn/tin-tuc-su-kien/pho-bien-kien-thuc/dau-hieu-benh-than-va-suy-than-.html"
"389","SYMP_a24ef1b273","Symptom","Thị lực suy giảm","Mất thị lực, nhìn mờ do tổn thương mạch máu ở mắt.","https://web.archive.org/web/https://medlatec.vn/tin-tuc/benh-dai-thao-duong-anh-huong-nhu-the-nao-toi-suc-khoe-s195-n19438"
"390","SYMP_a2970fbdff","Symptom","Không có triệu chứng rõ ràng","Nhiều người bị tăng huyết áp không có triệu chứng, dẫn đến việc phát hiện muộn và nguy cơ biến chứng cao. | Bệnh tăng huyết áp thường không gây ra triệu chứng cho đến khi đã gây tổn thương nghiêm trọng. | Người bệnh thường không nhận biết mình mắc bệnh cho đến khi xuất hiện biến chứng nghiêm trọng. | Người bệnh thường không phát hiện sớm được mình mắc tăng huyết áp cho đến khi xuất hiện biến chứng nghiêm trọng. | Người bệnh thường không nhận biết mình bị tăng huyết áp cho đến khi xuất hiện biến chứng nghiêm trọng. | Người bệnh thường không nhận biết mình mắc bệnh cho đến khi xuất hiện biến chứng nghiêm trọng.","https://web.archive.org/web/http://bvhoanghoa.ytethanhhoa.gov.vn/web/khoa-phong-chuc-nang/khoa-phong-chuc-nang/to-cong-tac-xa-hoi/dieu-can-luu-y-khi-dieu-tri-tang-huyet-ap.html | http://bvhoanghoa.ytethanhhoa.gov.vn/web/khoa-phong-chuc-nang/khoa-phong-chuc-nang/to-cong-tac-xa-hoi/benh-tang-huyet-ap-ke-giet-nguoi-tham-lang.html | https://web.archive.org/web/http://bvhoanghoa.ytethanhhoa.gov.vn/web/khoa-phong-chuc-nang/khoa-phong-chuc-nang/to-cong-tac-xa-hoi/benh-tang-huyet-ap-ke-giet-nguoi-tham-lang.html | http://bvhoanghoa.ytethanhhoa.gov.vn/web/khoa-phong-chuc-nang/khoa-phong-chuc-nang/to-cong-tac-xa-hoi/benh-tang-huyet-ap-ke-giet-nguoi-tham-lang.html | https://web.archive.org/web/http://bvhoanghoa.ytethanhhoa.gov.vn/web/khoa-phong-chuc-nang/khoa-phong-chuc-nang/to-cong-tac-xa-hoi/benh-tang-huyet-ap-ke-giet-nguoi-tham-lang.html | http://bvhoanghoa.ytethanhhoa.gov.vn/web/khoa-phong-chuc-nang/khoa-phong-chuc-nang/to-cong-tac-xa-hoi/benh-tang-huyet-ap-ke-giet-nguoi-tham-lang.html"
"391","SYMP_a42f3a7583","Symptom","Tê bì bàn tay chân","Triệu chứng thần kinh ngoại biên do đái tháo đường, thường xuất hiện theo kiểu 'đi găng, đi tất'.","https://bachmai.gov.vn/bai-viet/doi-moi-tu-duy-dieu-tri-dai-thao-duong-typ-2-va-chien-luoc-kiem-soat-toan-dien-bien-chung-than-kinh?id=090463d0-4515-40c8-919c-8bebc41e2c01 | https://web.archive.org/web/https://bachmai.gov.vn/bai-viet/doi-moi-tu-duy-dieu-tri-dai-thao-duong-typ-2-va-chien-luoc-kiem-soat-toan-dien-bien-chung-than-kinh?id=090463d0-4515-40c8-919c-8bebc41e2c01 | https://bachmai.gov.vn/bai-viet/doi-moi-tu-duy-dieu-tri-dai-thao-duong-typ-2-va-chien-luoc-kiem-soat-toan-dien-bien-chung-than-kinh?id=090463d0-4515-40c8-919c-8bebc41e2c01"
"392","SYMP_a4a2e6e539","Symptom","Dễ nhiễm trùng","Do rối loạn miễn dịch và đường huyết cao, người bệnh dễ bị dị cảm và nhiễm trùng.","https://cdc.ninhbinh.gov.vn/tin-tuc-su-kien/benh-dai-thao-duong-va-cach-phong-ngua-benh2.html"
"393","SYMP_a59398cbd0","Symptom","Toan ceton","Biến chứng nghiêm trọng do thiếu Insulin, dẫn đến tích tụ axit beta-hydroxybutyric. | Trạng thái sinh lý nghiêm trọng do thiếu Insulin dẫn đến tích tụ axit beta-hydroxybutyric và acetoacetic acid trong máu. | Biến chứng nghiêm trọng do thiếu Insulin, dẫn đến tích tụ axit beta-hydroxybutyric trong máu. | Trạng thái sinh lý nghiêm trọng do thiếu Insulin dẫn đến tích tụ axit beta-hydroxybutyric và acetoacetic acid trong máu. | Biến chứng nghiêm trọng do thiếu Insulin, dẫn đến tích tụ axit beta-hydroxybutyric.","https://benhviennhitrunguong.gov.vn/hoi-thao-xu-huong-dieu-tri-dai-thao-duong-tip-1-chung-ta-khong-the-dung-ngoai.html | https://web.archive.org/web/https://benhviennhitrunguong.gov.vn/hoi-thao-xu-huong-dieu-tri-dai-thao-duong-tip-1-chung-ta-khong-the-dung-ngoai.html | https://web.archive.org/web/https://benhviennhitrunguong.gov.vn/hoi-thao-xu-huong-dieu-tri-dai-thao-duong-tip-1-chung-ta-khong-the-dung-ngoai.html | https://benhviennhitrunguong.gov.vn/hoi-thao-xu-huong-dieu-tri-dai-thao-duong-tip-1-chung-ta-khong-the-dung-ngoai.html | https://benhviennhitrunguong.gov.vn/hoi-thao-xu-huong-dieu-tri-dai-thao-duong-tip-1-chung-ta-khong-the-dung-ngoai.html"
"394","SYMP_a5a71d7656","Symptom","Tăng tần suất đi tiểu","Người bệnh đi tiểu nhiều lần trong ngày do lượng đường huyết cao.","https://web.archive.org/web/https://medlatec.vn/tin-tuc/benh-dai-thao-duong-anh-huong-nhu-the-nao-toi-suc-khoe-s195-n19438"
"395","SYMP_a6a2fb362d","Symptom","Sốt","Triệu chứng khi có nhiễm khuẩn hô hấp kèm theo hen.","https://www.vinmec.com/vie/bai-viet/bien-chung-lau-dai-cua-benh-hen-phe-quan-vi"
"396","SYMP_a7036104d2","Symptom","Khó nói","Do tắc nghẽn luồng khí thở khiến bệnh nhân khó nói.","http://phacdo.soytequangninh.gov.vn/news/chuyen-khoa-sau/phong-benh-hen-phe-quan-khi-thoi-tiet-thay-doi.html | https://web.archive.org/web/http://phacdo.soytequangninh.gov.vn/news/chuyen-khoa-sau/phong-benh-hen-phe-quan-khi-thoi-tiet-thay-doi.html | http://phacdo.soytequangninh.gov.vn/news/chuyen-khoa-sau/phong-benh-hen-phe-quan-khi-thoi-tiet-thay-doi.html"
"397","SYMP_aab5d1e4df","Symptom","Mất ngủ, rụng tóc","Triệu chứng rối loạn hệ thần kinh và nội tiết.","https://xayenmo.ninhbinh.gov.vn/y-te-giao-duc/benh-dai-thao-duong-dau-hieu-nhan-biet-phan-loai-va-dieu-tri-389.html"
"398","SYMP_ab1598afe9","Symptom","Biến động lớn đường huyết","Đường huyết không ổn định, dao động mạnh giữa đói và sau ăn, gây khó kiểm soát bệnh.","https://web.archive.org/web/https://bachmai.gov.vn/bai-viet/dieu-tri-dai-thao-duong-tip-2-buoc-tien-moi-tu-insulin-nen-the-he-2-va-iglarlixi?id=5cdac324-549d-40aa-b3e6-80214932d112"
"399","SYMP_ac5b1cda37","Symptom","Tê chân tay","Biến chứng thần kinh do đái tháo đường.","https://web.archive.org/web/https://vncdc.gov.vn/quan-ly-benh-dai-thao-duong-nd14581.html"
"400","SYMP_ad6044b164","Symptom","Tắc nghẽn đường thở","Do cơ trơn phế quản co thắt và màng nhầy tăng sinh, gây khó thở. | Do viêm và phù nề, gây khó thở và cản trở lưu thông khí.","https://web.archive.org/web/https://vov.gov.vn/day-la-7-loai-thao-moc-dieu-tri-hen-suyen-hieu-qua-dtnew-491435 | https://vov.gov.vn/day-la-7-loai-thao-moc-dieu-tri-hen-suyen-hieu-qua-dtnew-491435"
"401","SYMP_ae25b240a5","Symptom","Đói liên tục","Cơ thể không chuyển hóa glucose hiệu quả, dẫn đến cảm giác đói bất thường ngay cả khi ăn đầy đủ.","https://www.vinmec.com/vie/bai-viet/tong-quan-ve-benh-dai-thao-duong-vi"
"402","SYMP_aea18aebe6","Symptom","Biến cố tim mạch","Bao gồm các sự kiện như tử vong do tim mạch, suy tim, rối loạn mỡ máu, và các biến chứng liên quan đến hệ tuần hoàn.","https://web.archive.org/web/http://www.tapchiyhocduphong.vn/tap-chi-y-hoc-du-phong/2019/09/nguy-co-bien-co-tim-mach-o-benh-nhan-su-dung-clopidogrel-mac-va-khong-mac-dai-th-o81E2084E.html"
"403","SYMP_af3e9f6bef","Symptom","Dấu hiệu mất nước nặng","Da khô, nếp véo da mất đi chậm, tĩnh mạch cổ xẹp, mạch nhanh, huyết áp tụt, nước tiểu ít.","https://web.archive.org/web/https://benhviendakhoasongma.gov.vn/bai-viet/hon-me-tang-ap-luc-tham-thau-do-dai-thao-duong-210"
"404","SYMP_b0e4605e4f","Symptom","Suy tim","Tình trạng chức năng tim suy giảm do biến chứng đái tháo đường. | Biến chứng mạch máu lớn do đái tháo đường, thường đi kèm với suy thận. | Biến chứng mạch máu lớn do đái tháo đường, dẫn đến suy tim và khó thở. | Biến chứng mạch máu lớn do đái tháo đường, thường đi kèm với suy thận. | Biến chứng do đường huyết không kiểm soát, ảnh hưởng đến chức năng tim mạch. | Trạng thái bệnh lý của tim dẫn đến giảm chức năng bơm máu, thường đi kèm với các biến chứng nghiêm trọng. | Trạng thái chức năng thất trái suy giảm dẫn đến thiếu máu cơ tim và khó thở. | Trạng thái chức năng thất trái suy giảm dẫn đến thiếu máu cơ tim và khó thở. | Trạng thái bệnh lý của tim dẫn đến giảm chức năng bơm máu, thường đi kèm với các biến chứng nghiêm trọng. | Trạng thái chức năng tim bị suy giảm do gánh nặng tăng huyết áp. | Trạng thái chức năng tim bị suy giảm do tăng huyết áp. | Biến chứng xảy ra khi tim phải làm việc quá sức do áp lực cao của máu. | Trạng thái chức năng tim bị suy giảm do tăng huyết áp. | Trạng thái chức năng tim bị suy giảm do tăng gánh nặng từ huyết áp cao. | Trạng thái chức năng tim bị suy giảm do tăng huyết áp kéo dài. | Biến chứng xảy ra khi tim phải làm việc quá sức do áp lực cao của máu. | Trạng thái chức năng tim bị suy giảm do tăng huyết áp. | Trạng thái chức năng tim bị suy giảm do tăng gánh nặng từ huyết áp cao. | Trạng thái chức năng tim bị suy giảm do tăng huyết áp kéo dài. | Trạng thái chức năng tim bị suy giảm do tăng huyết áp lâu dài. | Trạng thái chức năng tim bị suy giảm do tăng huyết áp gây gánh nặng cho tim. | Trạng thái chức năng tim bị suy giảm do tăng gánh nặng từ huyết áp cao. | Trạng thái chức năng tim bị suy giảm do tăng huyết áp gây gánh nặng cho tim. | Trạng thái chức năng tim bị suy giảm do tăng gánh nặng từ huyết áp cao. | Trạng thái chức năng tim bị suy giảm do tăng gánh nặng từ huyết áp cao. | Trạng thái chức năng tim bị suy giảm do tăng huyết áp kéo dài. | Trạng thái chức năng tim bị suy giảm do tăng huyết áp.","https://web.archive.org/web/https://bachmai.gov.vn/tin-chi-tiet/-/bai-viet/dai-thao-duong-can-benh-nhieu-bien-chung-nguy-hiem-8-trieu-nguoi-viet-nam-dang-mac-9624-146.html | https://web.archive.org/web/https://bachmai.gov.vn/tin-chi-tiet/-/bai-viet/dai-thao-duong-can-benh-nhieu-bien-chung-nguy-hiem-8-trieu-nguoi-viet-nam-dang-mac-9624-146.html | https://bachmai.gov.vn/tin-chi-tiet/-/bai-viet/dai-thao-duong-can-benh-nhieu-bien-chung-nguy-hiem-8-trieu-nguoi-viet-nam-dang-mac-9624-146.html | https://bachmai.gov.vn/tin-chi-tiet/-/bai-viet/dai-thao-duong-can-benh-nhieu-bien-chung-nguy-hiem-8-trieu-nguoi-viet-nam-dang-mac-9624-146.html | https://web.archive.org/web/https://bachmai.gov.vn/tin-chi-tiet/-/bai-viet/dai-thao-duong-can-benh-nhieu-bien-chung-nguy-hiem-8-trieu-nguoi-viet-nam-dang-mac-9624-146.html | https://web.archive.org/web/http://www.tapchiyhocduphong.vn/tap-chi-y-hoc-du-phong/2019/09/nguy-co-bien-co-tim-mach-o-benh-nhan-su-dung-clopidogrel-mac-va-khong-mac-dai-th-o81E2084E.html | https://web.archive.org/web/http://www.tapchiyhocduphong.vn/tap-chi-y-hoc-du-phong/2019/09/nguy-co-bien-co-tim-mach-o-benh-nhan-su-dung-clopidogrel-mac-va-khong-mac-dai-th-o81E2084E.html | https://web.archive.org/web/http://www.tapchiyhocduphong.vn/tap-chi-y-hoc-du-phong/2019/09/nguy-co-bien-co-tim-mach-o-benh-nhan-su-dung-clopidogrel-mac-va-khong-mac-dai-th-o81E2084E.html | https://web.archive.org/web/http://bvhoanghoa.ytethanhhoa.gov.vn/web/khoa-phong-chuc-nang/khoa-phong-chuc-nang/to-cong-tac-xa-hoi/benh-tang-huyet-ap-ke-giet-nguoi-tham-lang.html | http://bvhoanghoa.ytethanhhoa.gov.vn/web/khoa-phong-chuc-nang/khoa-phong-chuc-nang/to-cong-tac-xa-hoi/benh-tang-huyet-ap-ke-giet-nguoi-tham-lang.html | https://web.archive.org/web/http://bvhoanghoa.ytethanhhoa.gov.vn/web/khoa-phong-chuc-nang/khoa-phong-chuc-nang/to-cong-tac-xa-hoi/benh-tang-huyet-ap-ke-giet-nguoi-tham-lang.html | http://bvhoanghoa.ytethanhhoa.gov.vn/web/khoa-phong-chuc-nang/khoa-phong-chuc-nang/to-cong-tac-xa-hoi/benh-tang-huyet-ap-ke-giet-nguoi-tham-lang.html | https://web.archive.org/web/http://bvhoanghoa.ytethanhhoa.gov.vn/web/khoa-phong-chuc-nang/khoa-phong-chuc-nang/to-cong-tac-xa-hoi/benh-tang-huyet-ap-ke-giet-nguoi-tham-lang.html | http://bvhoanghoa.ytethanhhoa.gov.vn/web/khoa-phong-chuc-nang/khoa-phong-chuc-nang/to-cong-tac-xa-hoi/benh-tang-huyet-ap-ke-giet-nguoi-tham-lang.html | https://web.archive.org/web/http://bvhoanghoa.ytethanhhoa.gov.vn/web/khoa-phong-chuc-nang/khoa-phong-chuc-nang/to-cong-tac-xa-hoi/benh-tang-huyet-ap-ke-giet-nguoi-tham-lang.html | http://bvhoanghoa.ytethanhhoa.gov.vn/web/khoa-phong-chuc-nang/khoa-phong-chuc-nang/to-cong-tac-xa-hoi/benh-tang-huyet-ap-ke-giet-nguoi-tham-lang.html | https://web.archive.org/web/http://bvhoanghoa.ytethanhhoa.gov.vn/web/khoa-phong-chuc-nang/khoa-phong-chuc-nang/to-cong-tac-xa-hoi/benh-tang-huyet-ap-ke-giet-nguoi-tham-lang.html"
"405","SYMP_b10df04ae3","Symptom","Tê ngứa ran ở tay chân","Do tổn thương dây thần kinh ngoại biên do glucose dư thừa gây viêm và rối loạn dẫn truyền thần kinh. | Do tổn thương dây thần kinh ngoại biên do glucose dư thừa tích tụ và gây viêm nhiễm tế bào thần kinh. | Do tổn thương dây thần kinh ngoại biên do glucose dư thừa gây viêm và rối loạn dẫn truyền thần kinh.","http://ttyt.tamduong.laichau.gov.vn/quan-ly-nha-nuoc/hoat-dong-doan-doi/dai-thao-duong-tuyp-2-nguyen-nhan-trieu-chung-chan-doan-va-d.html | http://ttyt.tamduong.laichau.gov.vn/quan-ly-nha-nuoc/hoat-dong-doan-doi/dai-thao-duong-tuyp-2-nguyen-nhan-trieu-chung-chan-doan-va-d.html | https://web.archive.org/web/http://ttyt.tamduong.laichau.gov.vn/quan-ly-nha-nuoc/hoat-dong-doan-doi/dai-thao-duong-tuyp-2-nguyen-nhan-trieu-chung-chan-doan-va-d.html"
"406","SYMP_b2d22ba090","Symptom","Nước tiểu có bọt","Dấu hiệu bất thường trong nước tiểu do rối loạn chức năng thận.","https://web.archive.org/web/http://soyte.hatinh.gov.vn/tin-tuc-su-kien/pho-bien-kien-thuc/dau-hieu-benh-than-va-suy-than-.html | http://soyte.hatinh.gov.vn/tin-tuc-su-kien/pho-bien-kien-thuc/dau-hieu-benh-than-va-suy-than-.html"
"407","SYMP_b368943d5e","Symptom","Buồn nôn và nôn","Triệu chứng lâm sàng của nhiễm toan ceton, thường kèm theo khát nhiều, đái nhiều, mệt mỏi. | Triệu chứng lâm sàng của hôn mê nhiễm toan ceton. | Triệu chứng lâm sàng của nhiễm toan ceton, thường kèm theo khát nhiều, đái nhiều, mệt mỏi. | Triệu chứng lâm sàng của nhiễm toan ceton, thường kèm theo khát nhiều, đái nhiều, mệt mỏi. | Triệu chứng lâm sàng của nhiễm toan ceton, thường kèm theo khát nhiều, đái nhiều, mệt mỏi. | Triệu chứng lâm sàng của hôn mê nhiễm toan ceton. | Triệu chứng lâm sàng của nhiễm toan ceton, thường kèm theo khát nhiều, đái nhiều, mệt mỏi. | Triệu chứng lâm sàng của nhiễm toan ceton, thường kèm theo khát nhiều, đái nhiều, mệt mỏi. | Triệu chứng lâm sàng của nhiễm toan ceton, thường kèm theo khát nhiều, đái nhiều, mệt mỏi. | Triệu chứng lâm sàng của hôn mê nhiễm toan ceton. | Do sự tích tụ urê trong máu gây ra.","https://web.archive.org/web/https://vncdc.gov.vn/huong-dan-chan-doan-va-dieu-tri-benh-dai-thao-duong-tuyp-2-nd14582.html | https://chanthuongvacotsong.bachmai.gov.vn/huong-dan-chan-doan-va-dieu-tri-dai-thao-duong-type-2/ | https://web.archive.org/web/https://chanthuongvacotsong.bachmai.gov.vn/huong-dan-chan-doan-va-dieu-tri-dai-thao-duong-type-2/ | https://web.archive.org/web/https://vncdc.gov.vn/huong-dan-chan-doan-va-dieu-tri-benh-dai-thao-duong-tuyp-2-nd14582.html | https://web.archive.org/web/https://vncdc.gov.vn/huong-dan-chan-doan-va-dieu-tri-benh-dai-thao-duong-tuyp-2-nd14582.html | https://web.archive.org/web/https://vncdc.gov.vn/huong-dan-chan-doan-va-dieu-tri-benh-dai-thao-duong-tuyp-2-nd14582.html | https://web.archive.org/web/https://vncdc.gov.vn/huong-dan-chan-doan-va-dieu-tri-benh-dai-thao-duong-tuyp-2-nd14582.html | https://chanthuongvacotsong.bachmai.gov.vn/huong-dan-chan-doan-va-dieu-tri-dai-thao-duong-type-2/ | https://web.archive.org/web/https://chanthuongvacotsong.bachmai.gov.vn/huong-dan-chan-doan-va-dieu-tri-dai-thao-duong-type-2/ | https://web.archive.org/web/https://vncdc.gov.vn/huong-dan-chan-doan-va-dieu-tri-benh-dai-thao-duong-tuyp-2-nd14582.html | https://web.archive.org/web/https://vncdc.gov.vn/huong-dan-chan-doan-va-dieu-tri-benh-dai-thao-duong-tuyp-2-nd14582.html | https://chanthuongvacotsong.bachmai.gov.vn/huong-dan-chan-doan-va-dieu-tri-dai-thao-duong-type-2/ | https://web.archive.org/web/https://chanthuongvacotsong.bachmai.gov.vn/huong-dan-chan-doan-va-dieu-tri-dai-thao-duong-type-2/ | https://web.archive.org/web/http://soyte.hatinh.gov.vn/tin-tuc-su-kien/pho-bien-kien-thuc/dau-hieu-benh-than-va-suy-than-.html | http://soyte.hatinh.gov.vn/tin-tuc-su-kien/pho-bien-kien-thuc/dau-hieu-benh-than-va-suy-than-.html"
"408","SYMP_b4378d8b89","Symptom","Ho đàm trắng","Triệu chứng thường gặp khi cơn hen được kiểm soát bằng thuốc giãn phế quản.","https://www.vinmec.com/vie/bai-viet/bien-chung-lau-dai-cua-benh-hen-phe-quan-vi"
"409","SYMP_b5599d85b5","Symptom","Loét bàn chân","Loét do tổn thương thần kinh và giảm lưu lượng máu tại bàn chân. | Biến chứng nghiêm trọng do thần kinh bị tổn thương, có thể dẫn đến cắt cụt chi nếu không can thiệp kịp thời. | Nổi bật là “nỗi ám ảnh” của bác sĩ nội tiết, chiếm 95% bệnh nhân nằm viện trên một tháng. | Biến chứng nghiêm trọng do thần kinh ngoại biên, gây nhiễm trùng và nằm viện kéo dài. | Biến chứng nghiêm trọng do thần kinh ngoại biên gây ra, chiếm 95% bệnh nhân nằm viện trên một tháng tại khoa Nội tiết – Đái tháo đường. | Biến chứng nghiêm trọng do thần kinh ngoại biên gây ra, chiếm 95% bệnh nhân nằm viện trên một tháng tại khoa Nội tiết - Đái tháo đường. | Biến chứng nghiêm trọng do thần kinh ngoại biên gây ra, chiếm 95% bệnh nhân nằm viện trên một tháng tại khoa Nội tiết - Đái tháo đường. | Biến chứng nghiêm trọng do thần kinh ngoại biên gây ra, chiếm 95% bệnh nhân nằm viện trên một tháng tại khoa Nội tiết - Đái tháo đường. | Loét do tổn thương thần kinh và giảm tuần hoàn máu ở chân. | Loét do tổn thương thần kinh và giảm lưu lượng máu tại bàn chân. | Loét do tổn thương thần kinh và giảm tuần hoàn máu ở chân. | Loét do tổn thương thần kinh và giảm lưu lượng máu tại bàn chân. | Tổn thương da ở bàn chân do biến chứng đái tháo đường, có thể dẫn đến cắt cụt chân. | Loét do tổn thương thần kinh và giảm lưu lượng máu tại bàn chân. | Biến chứng nghiêm trọng do thần kinh ngoại biên gây ra, chiếm 95% bệnh nhân nằm viện trên một tháng tại khoa Nội tiết - Đái tháo đường. | Loét do tổn thương thần kinh và tuần hoàn, dẫn đến nguy cơ cắt cụt chân. | Loét do tổn thương thần kinh và thiếu kiểm soát đường huyết, có thể dẫn đến cắt cụt chân. | Loét do tổn thương thần kinh và thiếu kiểm soát đường huyết, có thể dẫn đến cắt cụt chân. | Loét do tổn thương thần kinh và tuần hoàn, dẫn đến mất cảm giác, dễ nhiễm trùng và phải cắt cụt chân. | Biến chứng nghiêm trọng do thần kinh ngoại biên gây ra, chiếm 95% bệnh nhân nằm viện trên một tháng tại khoa Nội tiết - Đái tháo đường. | Nổi bật là “nỗi ám ảnh” của bác sĩ nội tiết, chiếm 95% bệnh nhân nằm viện trên một tháng. | Biến chứng nghiêm trọng do thần kinh ngoại biên gây ra, chiếm 95% bệnh nhân nằm viện trên một tháng tại khoa Nội tiết - Đái tháo đường. | Biến chứng nghiêm trọng do thần kinh ngoại biên gây ra, chiếm 95% bệnh nhân nằm viện trên một tháng tại khoa Nội tiết – Đái tháo đường. | Loét do biến chứng của đái tháo đường, thường gặp ở người bệnh có kiểm soát kém đường huyết. | Nổi bật là “nỗi ám ảnh” của bác sĩ nội tiết, chiếm 95% bệnh nhân nằm viện trên một tháng. | Nổi bật là nỗi ám ảnh của bác sĩ nội tiết, chiếm 95% bệnh nhân nằm viện trên một tháng. | Biến chứng nghiêm trọng do thần kinh bị tổn thương, có thể dẫn đến cắt cụt chi nếu không can thiệp kịp thời. | Biến chứng nghiêm trọng do thần kinh ngoại biên gây ra, chiếm 95% bệnh nhân nằm viện trên một tháng tại khoa Nội tiết - Đái tháo đường. | Nổi bật là nỗi ám ảnh của bác sĩ nội tiết, chiếm 95% bệnh nhân nằm viện trên một tháng. | Biến chứng nghiêm trọng do thần kinh ngoại biên gây ra, chiếm 95% bệnh nhân nằm viện trên một tháng tại khoa Nội tiết - Đái tháo đường.","https://syt.dongnai.gov.vn/vi/news/Suc-khoe-cong-dong/nhung-bien-chung-nguy-hiem-cua-benh-tieu-duong-2511.html | https://web.archive.org/web/https://syt.dongnai.gov.vn/vi/news/Suc-khoe-cong-dong/nhung-bien-chung-nguy-hiem-cua-benh-tieu-duong-2511.html | https://web.archive.org/web/https://bachmai.gov.vn/bai-viet/doi-moi-tu-duy-dieu-tri-dai-thao-duong-typ-2-va-chien-luoc-kiem-soat-toan-dien-bien-chung-than-kinh?id=090463d0-4515-40c8-919c-8bebc41e2c01 | https://bachmai.gov.vn/bai-viet/doi-moi-tu-duy-dieu-tri-dai-thao-duong-typ-2-va-chien-luoc-kiem-soat-toan-dien-bien-chung-than-kinh?id=090463d0-4515-40c8-919c-8bebc41e2c01 | https://bachmai.gov.vn/bai-viet/dai-thao-duong-bien-chung-tim-mach-va-than-kinh-ngoai-bien-sat-thu-tham-lang?id=994f4df4-95c1-4760-8aee-8d07a69f9fe1 | https://web.archive.org/web/https://bachmai.gov.vn/bai-viet/dai-thao-duong-bien-chung-tim-mach-va-than-kinh-ngoai-bien-sat-thu-tham-lang?id=994f4df4-95c1-4760-8aee-8d07a69f9fe1 | https://bachmai.gov.vn/bai-viet/dai-thao-duong-bien-chung-tim-mach-va-than-kinh-ngoai-bien-sat-thu-tham-lang?id=994f4df4-95c1-4760-8aee-8d07a69f9fe1 | https://web.archive.org/web/https://chanthuongvacotsong.bachmai.gov.vn/dai-thao-duong-bien-chung-tim-mach-va-than-kinh-ngoai-bien-sat-thu-tham-lang/ | https://web.archive.org/web/https://bachmai.gov.vn/bai-viet/dai-thao-duong-bien-chung-tim-mach-va-than-kinh-ngoai-bien-sat-thu-tham-lang?id=994f4df4-95c1-4760-8aee-8d07a69f9fe1 | https://bachmai.gov.vn/bai-viet/dai-thao-duong-bien-chung-tim-mach-va-than-kinh-ngoai-bien-sat-thu-tham-lang?id=994f4df4-95c1-4760-8aee-8d07a69f9fe1 | https://syt.dongnai.gov.vn/vi/news/Suc-khoe-cong-dong/nhung-bien-chung-nguy-hiem-cua-benh-tieu-duong-2511.html | https://web.archive.org/web/https://syt.dongnai.gov.vn/vi/news/Suc-khoe-cong-dong/nhung-bien-chung-nguy-hiem-cua-benh-tieu-duong-2511.html | https://web.archive.org/web/https://bachmai.gov.vn/tin-chi-tiet/-/bai-viet/dai-thao-duong-can-benh-nhieu-bien-chung-nguy-hiem-8-trieu-nguoi-viet-nam-dang-mac-9624-146.html | https://syt.dongnai.gov.vn/vi/news/Suc-khoe-cong-dong/nhung-bien-chung-nguy-hiem-cua-benh-tieu-duong-2511.html | https://web.archive.org/web/https://syt.dongnai.gov.vn/vi/news/Suc-khoe-cong-dong/nhung-bien-chung-nguy-hiem-cua-benh-tieu-duong-2511.html | https://web.archive.org/web/https://bachmai.gov.vn/bai-viet/dai-thao-duong-bien-chung-tim-mach-va-than-kinh-ngoai-bien-sat-thu-tham-lang?id=994f4df4-95c1-4760-8aee-8d07a69f9fe1 | https://bachmai.gov.vn/bai-viet/dai-thao-duong-bien-chung-tim-mach-va-than-kinh-ngoai-bien-sat-thu-tham-lang?id=994f4df4-95c1-4760-8aee-8d07a69f9fe1 | https://web.archive.org/web/https://bachmai.gov.vn/tin-chi-tiet/-/bai-viet/dai-thao-duong-can-benh-nhieu-bien-chung-nguy-hiem-8-trieu-nguoi-viet-nam-dang-mac-9624-146.html | https://bachmai.gov.vn/tin-chi-tiet/-/bai-viet/dai-thao-duong-can-benh-nhieu-bien-chung-nguy-hiem-8-trieu-nguoi-viet-nam-dang-mac-9624-146.html | https://bachmai.gov.vn/tin-chi-tiet/-/bai-viet/dai-thao-duong-can-benh-nhieu-bien-chung-nguy-hiem-8-trieu-nguoi-viet-nam-dang-mac-9624-146.html | https://web.archive.org/web/https://bachmai.gov.vn/tin-chi-tiet/-/bai-viet/dai-thao-duong-can-benh-nhieu-bien-chung-nguy-hiem-8-trieu-nguoi-viet-nam-dang-mac-9624-146.html | https://bachmai.gov.vn/bai-viet/dai-thao-duong-bien-chung-tim-mach-va-than-kinh-ngoai-bien-sat-thu-tham-lang?id=994f4df4-95c1-4760-8aee-8d07a69f9fe1 | https://chanthuongvacotsong.bachmai.gov.vn/dai-thao-duong-bien-chung-tim-mach-va-than-kinh-ngoai-bien-sat-thu-tham-lang/ | https://web.archive.org/web/https://bachmai.gov.vn/bai-viet/dai-thao-duong-bien-chung-tim-mach-va-than-kinh-ngoai-bien-sat-thu-tham-lang?id=994f4df4-95c1-4760-8aee-8d07a69f9fe1 | https://bachmai.gov.vn/bai-viet/dai-thao-duong-bien-chung-tim-mach-va-than-kinh-ngoai-bien-sat-thu-tham-lang?id=994f4df4-95c1-4760-8aee-8d07a69f9fe1 | https://bachmai.gov.vn/tin-chi-tiet/-/bai-viet/cap-nhat-chan-doan-dieu-tri-benh-dai-thao-duong-va-bien-chung-8971-144.html | https://bachmai.gov.vn/bai-viet/dai-thao-duong-bien-chung-tim-mach-va-than-kinh-ngoai-bien-sat-thu-tham-lang?id=994f4df4-95c1-4760-8aee-8d07a69f9fe1 | https://bachmai.gov.vn/bai-viet/doi-moi-tu-duy-dieu-tri-dai-thao-duong-typ-2-va-chien-luoc-kiem-soat-toan-dien-bien-chung-than-kinh?id=090463d0-4515-40c8-919c-8bebc41e2c01 | https://web.archive.org/web/https://bachmai.gov.vn/bai-viet/dai-thao-duong-bien-chung-tim-mach-va-than-kinh-ngoai-bien-sat-thu-tham-lang?id=994f4df4-95c1-4760-8aee-8d07a69f9fe1 | https://bachmai.gov.vn/bai-viet/dai-thao-duong-bien-chung-tim-mach-va-than-kinh-ngoai-bien-sat-thu-tham-lang?id=994f4df4-95c1-4760-8aee-8d07a69f9fe1 | https://web.archive.org/web/https://bachmai.gov.vn/bai-viet/dai-thao-duong-bien-chung-tim-mach-va-than-kinh-ngoai-bien-sat-thu-tham-lang?id=994f4df4-95c1-4760-8aee-8d07a69f9fe1"
"410","SYMP_b5b18c6618","Symptom","Suy thận cấp","Biến chứng thường gặp trong nhiễm toan ceton do đái tháo đường type 1. | Biến chứng thường gặp trong nhiễm toan ceton do đái tháo đường type 1, xảy ra ở 30% bệnh nhân. | Biến chứng thường gặp trong nhiễm toan ceton do đái tháo đường type 1. | Biến chứng thường gặp trong nhiễm toan ceton do đái tháo đường type 1. | Biến chứng thường gặp trong nhiễm toan ceton do đái tháo đường type 1, xảy ra ở 30% bệnh nhân. | Biến chứng thường gặp trong nhiễm toan ceton do đái tháo đường type 1.","https://web.archive.org/web/https://sti.vista.gov.vn/publication/view/a89fbc66bf10ab8ca38c2d64abf8f338-4b52a78cc238d65e911a803b4659b844-318299.html | https://sti.vista.gov.vn/publication/view/a89fbc66bf10ab8ca38c2d64abf8f338-4b52a78cc238d65e911a803b4659b844-318299.html | https://sti.vista.gov.vn/publication/view/a89fbc66bf10ab8ca38c2d64abf8f338-4b52a78cc238d65e911a803b4659b844-318299.html | https://web.archive.org/web/https://sti.vista.gov.vn/publication/view/a89fbc66bf10ab8ca38c2d64abf8f338-4b52a78cc238d65e911a803b4659b844-318299.html"
"411","SYMP_b623a4efbf","Symptom","Ngứa và tê bì tay chân","Biểu hiện của tổn thương thần kinh ngoại vi do biến chứng đái tháo đường. | Biểu hiện của tổn thương thần kinh ngoại vi do biến chứng mãn tính. | Biểu hiện của tổn thương thần kinh ngoại vi do biến chứng mãn tính. | Biểu hiện của tổn thương thần kinh ngoại vi do biến chứng đái tháo đường. | Biểu hiện của tổn thương thần kinh ngoại vi do biến chứng mãn tính. | Biểu hiện của tổn thương thần kinh ngoại vi do biến chứng đái tháo đường. | Biểu hiện của tổn thương thần kinh ngoại vi do biến chứng mãn tính. | Biểu hiện của tổn thương thần kinh ngoại vi do biến chứng mãn tính. | Biểu hiện của tổn thương thần kinh ngoại vi do biến chứng đái tháo đường. | Biểu hiện của tổn thương thần kinh ngoại vi do biến chứng đái tháo đường. | Biểu hiện của tổn thương thần kinh ngoại vi do biến chứng mãn tính. | Biểu hiện của tổn thương thần kinh ngoại vi do biến chứng đái tháo đường. | Biểu hiện của tổn thương thần kinh ngoại vi do biến chứng mãn tính. | Biểu hiện của tổn thương thần kinh ngoại vi do biến chứng đái tháo đường. | Biểu hiện của tổn thương thần kinh ngoại vi do biến chứng mãn tính. | Biểu hiện của tổn thương thần kinh ngoại vi do biến chứng mãn tính. | Biểu hiện của tổn thương thần kinh ngoại vi do biến chứng đái tháo đường. | Biểu hiện của tổn thương thần kinh ngoại vi do biến chứng mãn tính. | Biểu hiện của tổn thương thần kinh ngoại vi do biến chứng đái tháo đường.","https://web.archive.org/web/https://bachmai.gov.vn/bai-viet/bien-chung-cua-benh-dai-thao-duong?id=f17ffc43-5abb-5dcb-54d1-d3887440a421 | https://bachmai.gov.vn/bai-viet/bien-chung-cua-benh-dai-thao-duong?id=f17ffc43-5abb-5dcb-54d1-d3887440a421 | https://web.archive.org/web/https://bachmai.gov.vn/bai-viet/bien-chung-cua-benh-dai-thao-duong?id=f17ffc43-5abb-5dcb-54d1-d3887440a421 | https://web.archive.org/web/https://bachmai.gov.vn/bai-viet/bien-chung-cua-benh-dai-thao-duong?id=f17ffc43-5abb-5dcb-54d1-d3887440a421 | https://bachmai.gov.vn/bai-viet/bien-chung-cua-benh-dai-thao-duong?id=f17ffc43-5abb-5dcb-54d1-d3887440a421 | https://web.archive.org/web/https://bachmai.gov.vn/bai-viet/bien-chung-cua-benh-dai-thao-duong?id=f17ffc43-5abb-5dcb-54d1-d3887440a421 | https://web.archive.org/web/https://bachmai.gov.vn/bai-viet/bien-chung-cua-benh-dai-thao-duong?id=f17ffc43-5abb-5dcb-54d1-d3887440a421 | https://bachmai.gov.vn/bai-viet/bien-chung-cua-benh-dai-thao-duong?id=f17ffc43-5abb-5dcb-54d1-d3887440a421 | https://web.archive.org/web/https://bachmai.gov.vn/bai-viet/bien-chung-cua-benh-dai-thao-duong?id=f17ffc43-5abb-5dcb-54d1-d3887440a421 | https://web.archive.org/web/https://bachmai.gov.vn/bai-viet/bien-chung-cua-benh-dai-thao-duong?id=f17ffc43-5abb-5dcb-54d1-d3887440a421 | https://web.archive.org/web/https://bachmai.gov.vn/bai-viet/bien-chung-cua-benh-dai-thao-duong?id=f17ffc43-5abb-5dcb-54d1-d3887440a421 | https://web.archive.org/web/https://bachmai.gov.vn/bai-viet/bien-chung-cua-benh-dai-thao-duong?id=f17ffc43-5abb-5dcb-54d1-d3887440a421 | https://bachmai.gov.vn/bai-viet/bien-chung-cua-benh-dai-thao-duong?id=f17ffc43-5abb-5dcb-54d1-d3887440a421 | https://web.archive.org/web/https://bachmai.gov.vn/bai-viet/bien-chung-cua-benh-dai-thao-duong?id=f17ffc43-5abb-5dcb-54d1-d3887440a421 | https://web.archive.org/web/https://bachmai.gov.vn/bai-viet/bien-chung-cua-benh-dai-thao-duong?id=f17ffc43-5abb-5dcb-54d1-d3887440a421"
"412","SYMP_b7f93998b7","Symptom","Suy hô hấp cấp","Biến chứng nguy hiểm xảy ra khi chức năng hô hấp suy giảm nghiêm trọng.","https://medlatec.vn/tin-tuc/benh-nhan-phoi-tac-nghen-phoi-man-tinh-song-duoc-bao-lau-cai-thien-tuoi-tho-bang-cach-nao"
"413","SYMP_b96575d339","Symptom","Đau thần kinh ngoại biên","Cảm giác như dao đâm, ngứa ran, đau rát, gây mất ngủ và thậm chí dẫn đến ý định tự tử. | Đau do tổn thương thần kinh tiến triển, cần điều trị giảm đau triệu chứng. | Triệu chứng ngứa ran, đau rát, cảm giác như dao đâm, gây suy giảm chất lượng sống nghiêm trọng và dẫn đến tàn phế nếu không điều trị sớm. | Cảm giác như dao đâm, ngứa ran, đau rát, gây suy giảm chất lượng sống nghiêm trọng và dẫn đến tàn phế nếu không điều trị sớm. | Cảm giác như dao đâm, ngứa ran, đau rát, gây suy giảm chất lượng sống và dẫn đến tàn phế nếu không điều trị sớm. | Cảm giác như dao đâm, ngứa ran, đau rát, gây mất ngủ và thậm chí dẫn đến ý định tự tử. | Cảm giác ngứa ran, đau rát như dao đâm, gây suy giảm chất lượng sống và dẫn đến tàn phế nếu không điều trị sớm. | Cảm giác như dao đâm, ngứa ran, đau rát, gây mất ngủ và thậm chí dẫn đến ý định tự tử. | Cảm giác ngứa ran, đau rát như dao đâm, gây suy giảm chất lượng sống và dẫn đến tàn phế nếu không điều trị sớm. | Cảm giác như dao đâm, ngứa ran, đau rát, gây suy giảm chất lượng sống nghiêm trọng và dẫn đến tàn phế nếu không điều trị sớm. | Cảm giác như dao đâm, ngứa ran, đau rát, gây mất ngủ và thậm chí dẫn đến ý định tự tử. | Cảm giác như dao đâm, ngứa ran, đau rát, gây suy giảm chất lượng sống nghiêm trọng và dẫn đến tàn phế nếu không điều trị sớm. | Triệu chứng ngứa ran, đau rát, cảm giác như dao đâm, gây suy giảm chất lượng sống nghiêm trọng và dẫn đến tàn phế nếu không điều trị sớm. | Cảm giác như dao đâm, ngứa ran, đau rát, gây mất ngủ và thậm chí dẫn đến ý định tự tử. | Đau do tổn thương thần kinh tiến triển, cần điều trị giảm đau triệu chứng. | Cảm giác như dao đâm, ngứa ran, đau rát, gây mất ngủ và thậm chí dẫn đến ý định tự tử. | Cảm giác như dao đâm, ngứa ran, đau rát, gây suy giảm chất lượng sống nghiêm trọng và dẫn đến tàn phế nếu không điều trị sớm. | Cảm giác như dao đâm, ngứa ran, đau rát, gây mất ngủ và thậm chí dẫn đến ý định tự tử.","https://web.archive.org/web/https://bachmai.gov.vn/bai-viet/doi-moi-tu-duy-dieu-tri-dai-thao-duong-typ-2-va-chien-luoc-kiem-soat-toan-dien-bien-chung-than-kinh?id=090463d0-4515-40c8-919c-8bebc41e2c01 | https://bachmai.gov.vn/bai-viet/doi-moi-tu-duy-dieu-tri-dai-thao-duong-typ-2-va-chien-luoc-kiem-soat-toan-dien-bien-chung-than-kinh?id=090463d0-4515-40c8-919c-8bebc41e2c01 | https://bachmai.gov.vn/bai-viet/dai-thao-duong-bien-chung-tim-mach-va-than-kinh-ngoai-bien-sat-thu-tham-lang?id=994f4df4-95c1-4760-8aee-8d07a69f9fe1 | https://web.archive.org/web/https://bachmai.gov.vn/bai-viet/dai-thao-duong-bien-chung-tim-mach-va-than-kinh-ngoai-bien-sat-thu-tham-lang?id=994f4df4-95c1-4760-8aee-8d07a69f9fe1 | https://bachmai.gov.vn/bai-viet/dai-thao-duong-bien-chung-tim-mach-va-than-kinh-ngoai-bien-sat-thu-tham-lang?id=994f4df4-95c1-4760-8aee-8d07a69f9fe1 | https://web.archive.org/web/https://chanthuongvacotsong.bachmai.gov.vn/dai-thao-duong-bien-chung-tim-mach-va-than-kinh-ngoai-bien-sat-thu-tham-lang/ | https://web.archive.org/web/https://bachmai.gov.vn/bai-viet/dai-thao-duong-bien-chung-tim-mach-va-than-kinh-ngoai-bien-sat-thu-tham-lang?id=994f4df4-95c1-4760-8aee-8d07a69f9fe1 | https://bachmai.gov.vn/bai-viet/dai-thao-duong-bien-chung-tim-mach-va-than-kinh-ngoai-bien-sat-thu-tham-lang?id=994f4df4-95c1-4760-8aee-8d07a69f9fe1 | https://web.archive.org/web/https://bachmai.gov.vn/bai-viet/dai-thao-duong-bien-chung-tim-mach-va-than-kinh-ngoai-bien-sat-thu-tham-lang?id=994f4df4-95c1-4760-8aee-8d07a69f9fe1 | https://bachmai.gov.vn/bai-viet/dai-thao-duong-bien-chung-tim-mach-va-than-kinh-ngoai-bien-sat-thu-tham-lang?id=994f4df4-95c1-4760-8aee-8d07a69f9fe1 | https://bachmai.gov.vn/bai-viet/dai-thao-duong-bien-chung-tim-mach-va-than-kinh-ngoai-bien-sat-thu-tham-lang?id=994f4df4-95c1-4760-8aee-8d07a69f9fe1 | https://chanthuongvacotsong.bachmai.gov.vn/dai-thao-duong-bien-chung-tim-mach-va-than-kinh-ngoai-bien-sat-thu-tham-lang/ | https://web.archive.org/web/https://bachmai.gov.vn/bai-viet/dai-thao-duong-bien-chung-tim-mach-va-than-kinh-ngoai-bien-sat-thu-tham-lang?id=994f4df4-95c1-4760-8aee-8d07a69f9fe1 | https://bachmai.gov.vn/bai-viet/dai-thao-duong-bien-chung-tim-mach-va-than-kinh-ngoai-bien-sat-thu-tham-lang?id=994f4df4-95c1-4760-8aee-8d07a69f9fe1 | https://bachmai.gov.vn/bai-viet/dai-thao-duong-bien-chung-tim-mach-va-than-kinh-ngoai-bien-sat-thu-tham-lang?id=994f4df4-95c1-4760-8aee-8d07a69f9fe1 | https://bachmai.gov.vn/bai-viet/doi-moi-tu-duy-dieu-tri-dai-thao-duong-typ-2-va-chien-luoc-kiem-soat-toan-dien-bien-chung-than-kinh?id=090463d0-4515-40c8-919c-8bebc41e2c01 | https://web.archive.org/web/https://bachmai.gov.vn/bai-viet/dai-thao-duong-bien-chung-tim-mach-va-than-kinh-ngoai-bien-sat-thu-tham-lang?id=994f4df4-95c1-4760-8aee-8d07a69f9fe1 | https://bachmai.gov.vn/bai-viet/dai-thao-duong-bien-chung-tim-mach-va-than-kinh-ngoai-bien-sat-thu-tham-lang?id=994f4df4-95c1-4760-8aee-8d07a69f9fe1 | https://web.archive.org/web/https://bachmai.gov.vn/bai-viet/dai-thao-duong-bien-chung-tim-mach-va-than-kinh-ngoai-bien-sat-thu-tham-lang?id=994f4df4-95c1-4760-8aee-8d07a69f9fe1"
"414","SYMP_ba8896b7d6","Symptom","Giảm thị lực","Do tổn thương mạch máu võng mạc gây ra, có thể dẫn đến mù. | Do tổn thương mạch máu võng mạc gây ra. | Do tổn thương mạch máu võng mạc gây ra, có thể dẫn đến mù. | Do tổn thương mạch máu võng mạc gây rối loạn chức năng thị giác. | Do tổn thương mạch máu võng mạc gây rối loạn chức năng mắt. | Do tổn thương mạch máu võng mạc gây ra. | Do tổn thương mạch máu võng mạc gây ra. | Do tổn thương mạch máu võng mạc gây rối loạn chức năng mắt. | Do tổn thương mạch máu võng mạc gây ra. | Do tổn thương mạch máu võng mạc gây ra. | Do tổn thương mạch máu võng mạc gây rối loạn chức năng mắt. | Do tổn thương mạch máu võng mạc gây ra, có thể dẫn đến mù. | Do tổn thương mạch máu võng mạc gây rối loạn chức năng mắt. | Mất khả năng nhìn rõ, thường là hậu quả của sự rò rỉ hoặc tắc nghẽn mao mạch võng mạc. | Một trong những biểu hiện nghiêm trọng nhất của bệnh võng mạc đái tháo đường, có thể dẫn đến mù lòa nếu không được điều trị kịp thời. | Do tổn thương mạch máu võng mạc gây ra, có thể dẫn đến mù. | Do tổn thương mạch máu võng mạc gây ra, có thể dẫn đến mù. | Do tổn thương mạch máu võng mạc gây rối loạn thị giác. | Do tổn thương mạch máu võng mạc gây ra. | Do tổn thương mạch máu võng mạc gây rối loạn chức năng thị giác. | Do tổn thương mạch máu võng mạc gây ra, có thể dẫn đến mù. | Do tổn thương mạch máu võng mạc. | Do tổn thương mạch máu võng mạc gây ra, có thể dẫn đến mù. | Do tổn thương mạch máu võng mạc gây rối loạn chức năng mắt. | Do tổn thương mạch máu võng mạc gây rối loạn chức năng thị giác. | Do tổn thương mạch máu võng mạc gây ra. | Do tổn thương mạch máu võng mạc gây ra, có thể dẫn đến mù. | Do tổn thương mạch máu võng mạc gây rối loạn chức năng mắt. | Do tổn thương mạch máu võng mạc gây ra. | Do tổn thương mạch máu võng mạc gây ra. | Do tổn thương mạch máu võng mạc gây rối loạn chức năng mắt. | Do tổn thương mạch máu võng mạc gây ra. | Do tổn thương mạch máu võng mạc gây rối loạn chức năng thị giác. | Do tổn thương mạch máu võng mạc gây ra, có thể dẫn đến mù. | Do tổn thương mạch máu võng mạc gây ra, có thể dẫn đến mù.","https://web.archive.org/web/https://bachmai.gov.vn/bai-viet/bien-chung-cua-benh-dai-thao-duong?id=f17ffc43-5abb-5dcb-54d1-d3887440a421 | https://bachmai.gov.vn/bai-viet/bien-chung-cua-benh-dai-thao-duong?id=f17ffc43-5abb-5dcb-54d1-d3887440a421 | https://web.archive.org/web/https://bachmai.gov.vn/bai-viet/bien-chung-cua-benh-dai-thao-duong?id=f17ffc43-5abb-5dcb-54d1-d3887440a421 | https://web.archive.org/web/https://bachmai.gov.vn/bai-viet/bien-chung-cua-benh-dai-thao-duong?id=f17ffc43-5abb-5dcb-54d1-d3887440a421 | https://bachmai.gov.vn/bai-viet/bien-chung-cua-benh-dai-thao-duong?id=f17ffc43-5abb-5dcb-54d1-d3887440a421 | https://web.archive.org/web/https://bachmai.gov.vn/bai-viet/bien-chung-cua-benh-dai-thao-duong?id=f17ffc43-5abb-5dcb-54d1-d3887440a421 | https://bachmai.gov.vn/bai-viet/bien-chung-cua-benh-dai-thao-duong?id=f17ffc43-5abb-5dcb-54d1-d3887440a421 | https://web.archive.org/web/https://bachmai.gov.vn/bai-viet/bien-chung-cua-benh-dai-thao-duong?id=f17ffc43-5abb-5dcb-54d1-d3887440a421 | https://bachmai.gov.vn/bai-viet/bien-chung-cua-benh-dai-thao-duong?id=f17ffc43-5abb-5dcb-54d1-d3887440a421 | https://web.archive.org/web/https://bachmai.gov.vn/bai-viet/bien-chung-cua-benh-dai-thao-duong?id=f17ffc43-5abb-5dcb-54d1-d3887440a421 | https://web.archive.org/web/https://benhvienmathanoi.gov.vn/tam-soat-benh-vong-mac-dai-thao-duong/ | https://benhvienmathanoi.gov.vn/tam-soat-benh-vong-mac-dai-thao-duong/ | https://web.archive.org/web/https://bachmai.gov.vn/bai-viet/bien-chung-cua-benh-dai-thao-duong?id=f17ffc43-5abb-5dcb-54d1-d3887440a421 | https://web.archive.org/web/https://bachmai.gov.vn/bai-viet/bien-chung-cua-benh-dai-thao-duong?id=f17ffc43-5abb-5dcb-54d1-d3887440a421 | https://chanthuongvacotsong.bachmai.gov.vn/bien-chung-cua-benh-dai-thao-duong/ | https://web.archive.org/web/https://bachmai.gov.vn/bai-viet/bien-chung-cua-benh-dai-thao-duong?id=f17ffc43-5abb-5dcb-54d1-d3887440a421 | https://web.archive.org/web/https://chanthuongvacotsong.bachmai.gov.vn/bien-chung-cua-benh-dai-thao-duong/ | https://chanthuongvacotsong.bachmai.gov.vn/bien-chung-cua-benh-dai-thao-duong/ | https://web.archive.org/web/https://bachmai.gov.vn/bai-viet/bien-chung-cua-benh-dai-thao-duong?id=f17ffc43-5abb-5dcb-54d1-d3887440a421 | https://web.archive.org/web/https://bachmai.gov.vn/bai-viet/bien-chung-cua-benh-dai-thao-duong?id=f17ffc43-5abb-5dcb-54d1-d3887440a421 | https://bachmai.gov.vn/bai-viet/bien-chung-cua-benh-dai-thao-duong?id=f17ffc43-5abb-5dcb-54d1-d3887440a421 | https://web.archive.org/web/https://bachmai.gov.vn/bai-viet/bien-chung-cua-benh-dai-thao-duong?id=f17ffc43-5abb-5dcb-54d1-d3887440a421 | https://web.archive.org/web/https://bachmai.gov.vn/bai-viet/bien-chung-cua-benh-dai-thao-duong?id=f17ffc43-5abb-5dcb-54d1-d3887440a421 | https://web.archive.org/web/https://bachmai.gov.vn/bai-viet/bien-chung-cua-benh-dai-thao-duong?id=f17ffc43-5abb-5dcb-54d1-d3887440a421 | https://bachmai.gov.vn/bai-viet/bien-chung-cua-benh-dai-thao-duong?id=f17ffc43-5abb-5dcb-54d1-d3887440a421"
"415","SYMP_babe51fa47","Symptom","Thiếu máu","Do thận không giải phóng đủ hormone để tăng số lượng hồng cầu. | Do suy giảm sản xuất Erythropoietin từ vỏ thận, thường gặp ở giai đoạn suy thận nặng.","https://www.vinmec.com/vie/bai-viet/tai-sao-mac-benh-thi-huyet-ap-lai-tang-cao-vi | https://www.vinmec.com/vie/bai-viet/dieu-tri-tang-huyet-ap-kem-suy-man-vi"
"416","SYMP_bb4bb2c3dc","Symptom","Nhìn mờ","Dấu hiệu do tổn thương thần kinh thị giác hoặc rối loạn chuyển hóa. | Dấu hiệu của tổn thương thần kinh thị giác do đái tháo đường. | Do tăng đường huyết ảnh hưởng đến thủy tinh thể và võng mạc, làm giảm thị lực tạm thời hoặc lâu dài. | Gây ra do tổn thương võng mạc hoặc thay đổi trong độ ẩm của thủy tinh thể do đường huyết cao. | Dấu hiệu do tổn thương thần kinh thị giác hoặc rối loạn chuyển hóa. | Gây ra do tổn thương võng mạc hoặc thay đổi trong độ ẩm của thủy tinh thể do đường huyết cao. | Dấu hiệu do tổn thương thần kinh thị giác hoặc rối loạn chuyển hóa.","https://chanthuongvacotsong.bachmai.gov.vn/huong-dan-chan-doan-va-dieu-tri-dai-thao-duong-type-2/ | https://web.archive.org/web/https://chanthuongvacotsong.bachmai.gov.vn/huong-dan-chan-doan-va-dieu-tri-dai-thao-duong-type-2/ | https://web.archive.org/web/https://www.vinmec.com/vie/bai-viet/tong-quan-ve-benh-dai-thao-duong-vi | https://www.vinmec.com/vie/bai-viet/tong-quan-ve-benh-dai-thao-duong-vi | https://web.archive.org/web/https://chanthuongvacotsong.bachmai.gov.vn/huong-dan-chan-doan-va-dieu-tri-dai-thao-duong-type-2/ | https://chanthuongvacotsong.bachmai.gov.vn/huong-dan-chan-doan-va-dieu-tri-dai-thao-duong-type-2/ | https://www.vinmec.com/vie/bai-viet/tong-quan-ve-benh-dai-thao-duong-vi | https://chanthuongvacotsong.bachmai.gov.vn/huong-dan-chan-doan-va-dieu-tri-dai-thao-duong-type-2/ | https://web.archive.org/web/https://chanthuongvacotsong.bachmai.gov.vn/huong-dan-chan-doan-va-dieu-tri-dai-thao-duong-type-2/"
"417","SYMP_bc8990e1f9","Symptom","Khô miệng","Triệu chứng kèm theo đái tháo đường.","https://web.archive.org/web/https://xayenmo.ninhbinh.gov.vn/y-te-giao-duc/benh-dai-thao-duong-dau-hieu-nhan-biet-phan-loai-va-dieu-tri-389.html | https://xayenmo.ninhbinh.gov.vn/y-te-giao-duc/benh-dai-thao-duong-dau-hieu-nhan-biet-phan-loai-va-dieu-tri-389.html | https://web.archive.org/web/https://xayenmo.ninhbinh.gov.vn/y-te-giao-duc/benh-dai-thao-duong-dau-hieu-nhan-biet-phan-loai-va-dieu-tri-389.html | https://web.archive.org/web/https://xayenmo.ninhbinh.gov.vn/y-te-giao-duc/benh-dai-thao-duong-dau-hieu-nhan-biet-phan-loai-va-dieu-tri-389.html | https://xayenmo.ninhbinh.gov.vn/y-te-giao-duc/benh-dai-thao-duong-dau-hieu-nhan-biet-phan-loai-va-dieu-tri-389.html | https://xayenmo.ninhbinh.gov.vn/y-te-giao-duc/benh-dai-thao-duong-dau-hieu-nhan-biet-phan-loai-va-dieu-tri-389.html"
"418","SYMP_bd8d727c64","Symptom","Mệt cơ hô hấp","Cơ thể không đủ năng lượng để duy trì hô hấp, thường kèm khó thở nặng.","https://bachmai.gov.vn/bai-viet/tho-may-khong-xam-nhap-trong-dieu-tri-benh-phoi-tac-nghen-man-tinh?id=828a5ae0-e152-ef2d-e6b5-48a6c8bafe5b"
"419","SYMP_bee7932e95","Symptom","Suy thận mạn","Tình trạng suy giảm chức năng thận kéo dài, cần chạy thận nhân tạo. | Tình trạng suy giảm chức năng thận kéo dài, cần chạy thận nhân tạo. | Tình trạng suy giảm chức năng thận kéo dài, cần chạy thận. | Trạng thái suy giảm chức năng thận kéo dài, thường đi kèm với tăng huyết áp và nguy cơ tổn thương các cơ quan khác. | Trạng thái thận bị tổn thương kéo dài, dẫn đến tích tụ chất độc và nước trong cơ thể. | Tình trạng tổn thương thận kéo dài ít nhất 3 tháng, kèm hoặc không kèm giảm mức lọc cầu thận. | Trạng thái thận bị tổn thương kéo dài, dẫn đến tích tụ chất độc và nước trong cơ thể. | Trạng thái suy giảm chức năng thận kéo dài, thường đi kèm với tăng huyết áp và nguy cơ tổn thương các cơ quan khác. | Hậu quả lâu dài của tăng huyết áp lên chức năng thận.","https://web.archive.org/web/https://syt.dongnai.gov.vn/vi/news/Suc-khoe-cong-dong/nhung-bien-chung-nguy-hiem-cua-benh-tieu-duong-2511.html | https://syt.dongnai.gov.vn/vi/news/Suc-khoe-cong-dong/nhung-bien-chung-nguy-hiem-cua-benh-tieu-duong-2511.html | https://web.archive.org/web/https://syt.dongnai.gov.vn/vi/news/Suc-khoe-cong-dong/nhung-bien-chung-nguy-hiem-cua-benh-tieu-duong-2511.html | https://web.archive.org/web/https://www.vinmec.com/vie/bai-viet/suy-o-nguoi-bi-cao-huyet-ap-nhung-dieu-can-chu-y-vi | https://www.vinmec.com/vie/bai-viet/suy-o-nguoi-bi-cao-huyet-ap-nhung-dieu-can-chu-y-vi | https://www.vinmec.com/vie/bai-viet/dieu-tri-tang-huyet-ap-kem-suy-man-vi | https://web.archive.org/web/https://www.vinmec.com/vie/bai-viet/suy-o-nguoi-bi-cao-huyet-ap-nhung-dieu-can-chu-y-vi | https://www.vinmec.com/vie/bai-viet/suy-o-nguoi-bi-cao-huyet-ap-nhung-dieu-can-chu-y-vi | https://web.archive.org/web/http://bvhoanghoa.ytethanhhoa.gov.vn/web/khoa-phong-chuc-nang/khoa-phong-chuc-nang/to-cong-tac-xa-hoi/benh-tang-huyet-ap-ke-giet-nguoi-tham-lang.html"
"420","SYMP_c16d6bf754","Symptom","Tăng cân","Hiện tượng tăng trọng lượng cơ thể do tác dụng phụ của thuốc điều trị.","https://web.archive.org/web/https://bachmai.gov.vn/bai-viet/dieu-tri-dai-thao-duong-tip-2-buoc-tien-moi-tu-insulin-nen-the-he-2-va-iglarlixi?id=5cdac324-549d-40aa-b3e6-80214932d112"
"421","SYMP_c25b3a10e2","Symptom","Suy giảm thị lực","Do biến đổi mạch máu ở đáy mắt gây phù nề, xuất huyết, thậm chí mù. | Do tổn thương mạch máu võng mạc do tăng huyết áp gây phù nề hoặc xuất huyết.","https://web.archive.org/web/http://bvhoanghoa.ytethanhhoa.gov.vn/web/khoa-phong-chuc-nang/khoa-phong-chuc-nang/phong-cong-tac-xa-hoi/dieu-can-luu-y-khi-dieu-tri-tang-huyet-ap.html | http://bvhoanghoa.ytethanhhoa.gov.vn/web/khoa-phong-chuc-nang/khoa-phong-chuc-nang/to-cong-tac-xa-hoi/dieu-can-luu-y-khi-dieu-tri-tang-huyet-ap.html | http://bvhoanghoa.ytethanhhoa.gov.vn/web/khoa-phong-chuc-nang/khoa-phong-chuc-nang/phong-cong-tac-xa-hoi/dieu-can-luu-y-khi-dieu-tri-tang-huyet-ap.html"
"422","SYMP_c37ebcbeae","Symptom","Hạ glucose máu","Tình trạng đường huyết thấp, có thể gây run rẩy, mệt mỏi, hôn mê nếu không điều trị. Có 3 mức độ: nhẹ, trung bình, nặng.","https://web.archive.org/web/https://vncdc.gov.vn/huong-dan-chan-doan-va-dieu-tri-benh-dai-thao-duong-tuyp-2-nd14582.html"
"423","SYMP_c450d7869f","Symptom","Gầy nhiều","Do cơ thể dị hóa protein và lipid để tạo năng lượng khi không có đủ glucose, dẫn đến giảm khối lượng cơ và mỡ dưới da. Sút cân rõ rệt trong vài tháng. | Triệu chứng điển hình ở type 1 do cơ thể dị hóa protein và lipid để tạo năng lượng, dẫn đến sụt cân nhanh (5–10kg trong vài tháng). Type 2 ít gặp, giảm cân từ từ. | Triệu chứng điển hình ở type 1 do cơ thể dị hóa protein và lipid để tạo năng lượng, dẫn đến sụt cân nhanh (5–10kg trong vài tháng). Type 2 ít rõ rệt hơn. | Do cơ thể dị hóa protein và lipid để tạo năng lượng khi không có đủ glucose, dẫn đến giảm khối lượng cơ và mỡ dưới da. Sút cân nhanh (5–10kg trong vài tháng). | Triệu chứng điển hình ở type 1 do cơ thể dị hóa protein và lipid để tạo năng lượng, dẫn đến sụt cân nhanh (5–10kg trong vài tháng). Type 2 ít gặp hơn, giảm cân từ từ. | Triệu chứng điển hình ở type 1 do cơ thể dị hóa protein và lipid để tạo năng lượng, dẫn đến giảm khối lượng cơ và mỡ dưới da. Sút cân nhanh từ 5–10kg trong vài tháng. | Do cơ thể dị hóa protein và lipid để tạo năng lượng khi không có đủ glucose, dẫn đến giảm khối lượng cơ và mỡ dưới da. Thường thấy ở type 1. | Do cơ thể dị hóa protein và lipid để tạo năng lượng khi không có đủ glucose, dẫn đến giảm khối lượng cơ và mỡ dưới da. Thường thấy ở type 1. | Triệu chứng điển hình ở type 1 do cơ thể dị hóa protein và lipid để tạo năng lượng, dẫn đến sụt cân nhanh (5–10kg trong vài tháng). Type 2 ít rõ rệt hơn. | Do cơ thể dị hóa protein và lipid để tạo năng lượng khi không có đủ glucose, dẫn đến giảm khối lượng cơ và mỡ dưới da. Sút cân nhanh (5–10kg trong vài tháng). | Triệu chứng điển hình ở type 1 do cơ thể dị hóa protein và lipid để tạo năng lượng, dẫn đến sụt cân nhanh (5–10kg trong vài tháng). Type 2 ít gặp, giảm cân từ từ. | Triệu chứng điển hình ở type 1 do cơ thể dị hóa protein và lipid để tạo năng lượng, dẫn đến sụt cân nhanh (5–10kg trong vài tháng). Type 2 ít rõ rệt hơn. | Triệu chứng điển hình ở bệnh nhân type 1 do cơ thể dị hóa protein và lipid để tạo năng lượng, dẫn đến sụt cân nhanh (5–10kg trong vài tháng). | Triệu chứng điển hình ở type 1 do cơ thể dị hóa protein và lipid để tạo năng lượng, dẫn đến sụt cân nhanh (5–10kg trong vài tháng). Type 2 ít rõ rệt hơn. | Do cơ thể dị hóa protein và lipid để tạo năng lượng khi không đủ glucose, dẫn đến giảm khối lượng cơ và mỡ dưới da. Sút cân rõ rệt (5–10kg trong vài tháng) ở type 1. | Do cơ thể dị hóa protein và lipid để tạo năng lượng khi không có đủ glucose, dẫn đến giảm khối lượng cơ và mỡ dưới da. Thường thấy ở type 1. | Do cơ thể dị hóa protein và lipid để tạo năng lượng khi không có đủ glucose, dẫn đến giảm khối lượng cơ và mỡ dưới da. Sút cân nhanh (5–10kg trong vài tháng). | Triệu chứng điển hình ở type 1 do cơ thể dị hóa protein và lipid để tạo năng lượng, dẫn đến sụt cân nhanh (5–10kg trong vài tháng). Type 2 ít gặp, giảm cân từ từ. | Triệu chứng điển hình ở type 1 do cơ thể dị hóa protein và lipid để tạo năng lượng, dẫn đến sụt cân nhanh (5–10kg trong vài tháng). Type 2 ít gặp hơn, giảm cân từ từ. | Triệu chứng điển hình ở type 1 do cơ thể dị hóa protein và lipid để tạo năng lượng, dẫn đến sụt cân nhanh (5–10kg trong vài tháng). Type 2 ít gặp, giảm cân từ từ. | Do cơ thể dị hóa protein và lipid để tạo năng lượng khi không có đủ glucose, dẫn đến giảm khối lượng cơ và mỡ dưới da. Sút cân nhanh (5–10kg trong vài tháng). | Triệu chứng điển hình ở type 1 do cơ thể dị hóa protein và lipid để tạo năng lượng, dẫn đến sụt cân nhanh (5–10kg trong vài tháng). Type 2 ít rõ rệt hơn. | Do cơ thể dị hóa protein và lipid để tạo năng lượng khi không đủ glucose, dẫn đến giảm khối lượng cơ và mỡ dưới da. Sút cân rõ rệt (5–10kg trong vài tháng) ở type 1. | Triệu chứng điển hình ở type 1 do cơ thể dị hóa protein và lipid để tạo năng lượng, dẫn đến sụt cân nhanh (5–10kg trong vài tháng). Type 2 ít gặp hơn, giảm cân từ từ. | Do cơ thể dị hóa protein và lipid để tạo năng lượng khi không có đủ glucose, dẫn đến giảm khối lượng cơ và mỡ dưới da. Thường thấy ở type 1. | Ở type 1: do thiếu insulin, cơ thể dị hóa protein và lipid để tạo năng lượng → giảm khối lượng cơ mỡ. Sút cân nhanh (5–10kg trong vài tháng). Type 2: sụt cân từ từ, khó nhận thấy. | Ở type 1: do thiếu insulin dẫn đến dị hóa protein và lipid để tạo năng lượng, giảm khối lượng cơ và mỡ dưới da. Có thể sút 5–10kg trong vài tháng. Type 2: giảm cân từ từ, khó nhận thấy. | Triệu chứng điển hình ở type 1 do cơ thể dị hóa protein và lipid để tạo năng lượng, dẫn đến sụt cân nhanh (5–10kg trong vài tháng). Type 2 ít gặp, giảm cân từ từ. | Triệu chứng điển hình ở type 1 do cơ thể dị hóa protein và lipid để tạo năng lượng, dẫn đến sụt cân nhanh (5–10kg trong vài tháng). Type 2 ít rõ rệt hơn. | Do cơ thể dị hóa protein và lipid để tạo năng lượng khi không đủ glucose, dẫn đến giảm khối lượng cơ và mỡ dưới da. Sút cân rõ rệt (5–10kg trong vài tháng) ở type 1. | Do cơ thể dị hóa protein và lipid để tạo năng lượng khi không có đủ glucose, dẫn đến giảm khối lượng cơ và mỡ dưới da. Thường thấy ở type 1. | Do cơ thể dị hóa protein và lipid để tạo năng lượng khi không đủ glucose, dẫn đến giảm khối lượng cơ và mỡ dưới da. Sút cân rõ rệt (5–10kg trong vài tháng) ở type 1. | Triệu chứng điển hình ở type 1 do cơ thể dị hóa protein và lipid để tạo năng lượng, dẫn đến sụt cân nhanh (5–10kg trong vài tháng). Type 2 ít gặp hơn, giảm cân từ từ. | Bệnh nhân type 1: cơ thể dị hóa protein và lipid để tạo năng lượng, dẫn đến giảm khối lượng cơ và mỡ dưới da. Sút cân nhanh (5–10kg trong vài tháng). Type 2: giảm cân từ từ, khó nhận thấy. | Triệu chứng điển hình ở type 1 do cơ thể dị hóa protein và lipid để tạo năng lượng, dẫn đến sụt cân nhanh (5–10kg trong vài tháng). Type 2 ít gặp hơn, giảm cân từ từ. | Do cơ thể dị hóa protein và lipid để tạo năng lượng khi không có đủ glucose, dẫn đến giảm khối lượng cơ và mỡ dưới da. Sút cân rõ rệt trong vài tháng. | Triệu chứng điển hình ở type 1 do cơ thể dị hóa protein và lipid để tạo năng lượng, dẫn đến sụt cân nhanh (5–10kg trong vài tháng). Type 2 ít rõ rệt hơn. | Triệu chứng điển hình ở type 1 do cơ thể dị hóa protein và lipid để tạo năng lượng, dẫn đến sụt cân nhanh (5–10kg trong vài tháng). Type 2 ít rõ rệt hơn. | Do cơ thể dị hóa protein và lipid để tạo năng lượng khi không có đủ glucose, dẫn đến giảm khối lượng cơ và mỡ dưới da. Bệnh nhân sút cân nhanh (5–10kg trong vài tháng). | Triệu chứng điển hình ở type 1 do cơ thể dị hóa protein và lipid để tạo năng lượng, dẫn đến sụt cân nhanh (5–10kg trong vài tháng). Type 2 ít rõ rệt hơn. | Do cơ thể dị hóa protein và lipid để tạo năng lượng khi không có đủ glucose, dẫn đến giảm khối lượng cơ và mỡ dưới da. Sút cân nhanh (5–10kg trong vài tháng). | Triệu chứng điển hình ở type 1 do cơ thể dị hóa protein và lipid để tạo năng lượng, dẫn đến sụt cân nhanh (5–10kg trong vài tháng). Type 2 ít gặp, giảm cân từ từ. | Triệu chứng điển hình ở type 1 do cơ thể dị hóa protein và lipid để tạo năng lượng, dẫn đến sụt cân nhanh (5–10kg trong vài tháng). Type 2 ít gặp hơn, giảm cân từ từ.","https://bachmai.gov.vn/bai-viet/bien-chung-cua-benh-dai-thao-duong?id=f17ffc43-5abb-5dcb-54d1-d3887440a421 | https://web.archive.org/web/https://bachmai.gov.vn/bai-viet/bien-chung-cua-benh-dai-thao-duong?id=f17ffc43-5abb-5dcb-54d1-d3887440a421 | https://bachmai.gov.vn/bai-viet/bien-chung-cua-benh-dai-thao-duong?id=f17ffc43-5abb-5dcb-54d1-d3887440a421 | https://bachmai.gov.vn/bai-viet/bien-chung-cua-benh-dai-thao-duong?id=f17ffc43-5abb-5dcb-54d1-d3887440a421 | https://web.archive.org/web/https://bachmai.gov.vn/bai-viet/bien-chung-cua-benh-dai-thao-duong?id=f17ffc43-5abb-5dcb-54d1-d3887440a421 | https://bachmai.gov.vn/bai-viet/bien-chung-cua-benh-dai-thao-duong?id=f17ffc43-5abb-5dcb-54d1-d3887440a421 | https://web.archive.org/web/https://bachmai.gov.vn/bai-viet/bien-chung-cua-benh-dai-thao-duong?id=f17ffc43-5abb-5dcb-54d1-d3887440a421 | https://web.archive.org/web/https://bachmai.gov.vn/bai-viet/bien-chung-cua-benh-dai-thao-duong?id=f17ffc43-5abb-5dcb-54d1-d3887440a421 | https://bachmai.gov.vn/bai-viet/bien-chung-cua-benh-dai-thao-duong?id=f17ffc43-5abb-5dcb-54d1-d3887440a421 | https://web.archive.org/web/https://bachmai.gov.vn/bai-viet/bien-chung-cua-benh-dai-thao-duong?id=f17ffc43-5abb-5dcb-54d1-d3887440a421 | https://chanthuongvacotsong.bachmai.gov.vn/bien-chung-cua-benh-dai-thao-duong/ | https://bachmai.gov.vn/bai-viet/bien-chung-cua-benh-dai-thao-duong?id=f17ffc43-5abb-5dcb-54d1-d3887440a421 | https://bachmai.gov.vn/bai-viet/bien-chung-cua-benh-dai-thao-duong?id=f17ffc43-5abb-5dcb-54d1-d3887440a421 | https://web.archive.org/web/https://bachmai.gov.vn/bai-viet/bien-chung-cua-benh-dai-thao-duong?id=f17ffc43-5abb-5dcb-54d1-d3887440a421 | https://web.archive.org/web/https://bachmai.gov.vn/bai-viet/bien-chung-cua-benh-dai-thao-duong?id=f17ffc43-5abb-5dcb-54d1-d3887440a421 | https://chanthuongvacotsong.bachmai.gov.vn/bien-chung-cua-benh-dai-thao-duong/ | https://bachmai.gov.vn/bai-viet/bien-chung-cua-benh-dai-thao-duong?id=f17ffc43-5abb-5dcb-54d1-d3887440a421 | https://web.archive.org/web/https://bachmai.gov.vn/bai-viet/bien-chung-cua-benh-dai-thao-duong?id=f17ffc43-5abb-5dcb-54d1-d3887440a421 | https://web.archive.org/web/https://chanthuongvacotsong.bachmai.gov.vn/bien-chung-cua-benh-dai-thao-duong/ | https://chanthuongvacotsong.bachmai.gov.vn/bien-chung-cua-benh-dai-thao-duong/ | https://web.archive.org/web/https://bachmai.gov.vn/bai-viet/bien-chung-cua-benh-dai-thao-duong?id=f17ffc43-5abb-5dcb-54d1-d3887440a421 | https://chanthuongvacotsong.bachmai.gov.vn/bien-chung-cua-benh-dai-thao-duong/ | https://web.archive.org/web/https://bachmai.gov.vn/bai-viet/bien-chung-cua-benh-dai-thao-duong?id=f17ffc43-5abb-5dcb-54d1-d3887440a421 | https://web.archive.org/web/https://bachmai.gov.vn/bai-viet/bien-chung-cua-benh-dai-thao-duong?id=f17ffc43-5abb-5dcb-54d1-d3887440a421 | https://bachmai.gov.vn/bai-viet/bien-chung-cua-benh-dai-thao-duong?id=f17ffc43-5abb-5dcb-54d1-d3887440a421 | https://web.archive.org/web/https://bachmai.gov.vn/bai-viet/bien-chung-cua-benh-dai-thao-duong?id=f17ffc43-5abb-5dcb-54d1-d3887440a421 | https://web.archive.org/web/https://bachmai.gov.vn/bai-viet/bien-chung-cua-benh-dai-thao-duong?id=f17ffc43-5abb-5dcb-54d1-d3887440a421 | https://bachmai.gov.vn/bai-viet/bien-chung-cua-benh-dai-thao-duong?id=f17ffc43-5abb-5dcb-54d1-d3887440a421"
"424","SYMP_c5808ef344","Symptom","Rò rỉ mạch, động mạch thu nhỏ","Triệu chứng của bệnh lý võng mạc do tăng huyết áp thứ phát.","https://tamanhhospital.vn/tang-huyet-ap-thu-phat/"
"425","SYMP_c6394c219e","Symptom","Cảm giác khát nước","Do cơ thể mất nước qua tiểu nhiều, dẫn đến nhu cầu uống nước tăng cao.","https://web.archive.org/web/https://ttytiapa.gialai.gov.vn/van-ban/huong-dan-chan-doan-va-dieu-tri-benh-dai-thao-duong-tip-1-o-.html"
"426","SYMP_c6e0c4b728","Symptom","Ho kéo dài và khò khè liên tục","Tiếng ran rít thường nghe rõ hai phế trường do không khí đi qua đường thở bị hẹp.","https://medlatec.vn/tu-dien-benh-ly/con-hen-ac-tinh"
"427","SYMP_c815859cb0","Symptom","Hắt hơi và sổ mũi","Triệu chứng báo trước cơn hen do dị nguyên đường hô hấp gây ra.","http://phacdo.soytequangninh.gov.vn/news/tin-tuc-su-kien/hen-phe-quan-hieu-dung-de-song-khoe-dieu-tri-hieu-qua-phong-ngua-chu-dong.html"
"428","SYMP_c8d5092b71","Symptom","Chậm phát triển ở trẻ em","Trẻ em mắc bệnh có thể chậm phát triển do thiếu insulin hoặc kháng insulin.","https://cdc.ninhbinh.gov.vn/tin-tuc-su-kien/benh-dai-thao-duong-va-cach-phong-ngua-benh2.html"
"429","SYMP_cb3838e7ec","Symptom","Dễ mệt","Triệu chứng phổ biến do cơ tim phải làm việc nhiều hơn khi huyết áp tăng cao.","https://soyte.tuyenquang.gov.vn/tin-tuc/tang-huyet-ap-va-nhung-bien-chung-nguy-hiem.html | https://soyte.tuyenquang.gov.vn/tin-tuc/tang-huyet-ap-va-nhung-bien-chung-nguy-hiem.html | https://web.archive.org/web/https://soyte.tuyenquang.gov.vn/tin-tuc/tang-huyet-ap-va-nhung-bien-chung-nguy-hiem.html"
"430","SYMP_cba743d174","Symptom","Biến chứng thận","Gây tổn thương chức năng thận do tăng đường huyết kéo dài, dẫn đến suy thận mãn tính.","https://bachmai.gov.vn/bai-viet/ca-the-hoa-dieu-tri-dai-thao-duong-tip-2-tai-cac-nuoc-dang-phat-trien-thach-thuc-va-co-hoi?id=4b51fe29-8515-42d1-bff3-85563163f16c"
"431","SYMP_cc2debaa48","Symptom","Mệt mỏi và yếu","Giảm khả năng gắng sức, cảm giác mệt mỏi kéo dài do tim không cung cấp đủ oxy cho cơ thể.","https://bachmai.gov.vn/bai-viet/nhan-biet-dieu-tri-va-cham-soc-nguoi-benh-suy-tim?id=f55f8d26-9341-41d6-a243-00f543335069 | https://web.archive.org/web/https://bachmai.gov.vn/bai-viet/nhan-biet-dieu-tri-va-cham-soc-nguoi-benh-suy-tim?id=f55f8d26-9341-41d6-a243-00f543335069"
"432","SYMP_cd5ac4a840","Symptom","Tăng acid uric máu","Mức axit uric trong máu cao, liên quan đến nguy cơ phát triển đái tháo đường.","https://web.archive.org/web/https://sti.vista.gov.vn/projects/udnv/nghien-cuu-thuan-tap-5-nam-ve-benh-dai-thao-duong-typ-2-va-hoi-chung-chuyen-hoa-o-nguoi-viet-nam-vai-tro-yeu-to-di-truyen-va-loi-song-4221.html"
"433","SYMP_cd9f9e7c98","Symptom","Tím tái và dấu hiệu thiếu oxy","Tím môi, đầu ngón tay, đầu chi, vã mồ hôi, mạch nhanh, huyết áp có thể tụt nếu có biến chứng sốc.","https://medlatec.vn/tu-dien-benh-ly/con-hen-ac-tinh"
"434","SYMP_ce2c0bec03","Symptom","Đau đớn kéo dài","Gây mất ngủ triền miên, ảnh hưởng nghiêm trọng đến sức khỏe tinh thần và thể chất.","https://bachmai.gov.vn/bai-viet/dai-thao-duong-bien-chung-tim-mach-va-than-kinh-ngoai-bien-sat-thu-tham-lang?id=994f4df4-95c1-4760-8aee-8d07a69f9fe1"
"435","SYMP_cf068473ba","Symptom","Tê hoặc ngứa ran ở tay chân","Dấu hiệu của tổn thương thần kinh ngoại biên do đường huyết kéo dài cao gây tổn hại tế bào thần kinh.","http://ttyt.tamduong.laichau.gov.vn/quan-ly-nha-nuoc/hoat-dong-doan-doi/dai-thao-duong-tuyp-2-nguyen-nhan-trieu-chung-chan-doan-va-d.html | http://ttyt.tamduong.laichau.gov.vn/quan-ly-nha-nuoc/hoat-dong-doan-doi/dai-thao-duong-tuyp-2-nguyen-nhan-trieu-chung-chan-doan-va-d.html | https://web.archive.org/web/http://ttyt.tamduong.laichau.gov.vn/quan-ly-nha-nuoc/hoat-dong-doan-doi/dai-thao-duong-tuyp-2-nguyen-nhan-trieu-chung-chan-doan-va-d.html | https://web.archive.org/web/http://ttyt.tamduong.laichau.gov.vn/quan-ly-nha-nuoc/hoat-dong-doan-doi/dai-thao-duong-tuyp-2-nguyen-nhan-trieu-chung-chan-doan-va-d.html"
"436","SYMP_cf6b4e6662","Symptom","Thiếu năng lượng trường diễn","Tỷ lệ rất thấp, chỉ 1,7% trong số bệnh nhân. | Tình trạng cơ thể không đủ năng lượng để duy trì hoạt động bình thường, kéo dài theo thời gian. | Tỷ lệ rất thấp, chỉ 1,7% trong số bệnh nhân. | Tỷ lệ rất thấp, chỉ 1,7% trong số bệnh nhân. | Tỷ lệ rất thấp, chỉ 1,7% trong số bệnh nhân. | Tỷ lệ rất thấp, chỉ 1,7% trong số bệnh nhân. | Tỷ lệ rất thấp chỉ 1,7% trong nhóm bệnh nhân.","https://sti.vista.gov.vn/publication/view/tinh-trang-dinh-duong-va-mot-so-yeu-to-lien-quan-cua-nguoi-benh-dai-thao-duong-typ-2-dieu-tri-noi-tru-tai-benh-vien-da-khoa-xanh-pon-nam-2023-e7cc38bdc9220841bb8ade1a50eee813-455622.html | https://sti.vista.gov.vn/publication/view/9adff40ef63a8d1369d3d79d00873f07-31f274dab6ec362c550c75293a9d13cd-448878.html | https://web.archive.org/web/https://sti.vista.gov.vn/publication/view/tinh-trang-dinh-duong-va-mot-so-yeu-to-lien-quan-cua-nguoi-benh-dai-thao-duong-typ-2-dieu-tri-noi-tru-tai-benh-vien-da-khoa-xanh-pon-nam-2023-e7cc38bdc9220841bb8ade1a50eee813-455622.html | https://web.archive.org/web/https://sti.vista.gov.vn/publication/view/9adff40ef63a8d1369d3d79d00873f07-31f274dab6ec362c550c75293a9d13cd-448878.html | https://sti.vista.gov.vn/publication/view/tinh-trang-dinh-duong-va-mot-so-yeu-to-lien-quan-cua-nguoi-benh-dai-thao-duong-typ-2-dieu-tri-noi-tru-tai-benh-vien-da-khoa-xanh-pon-nam-2023-e7cc38bdc9220841bb8ade1a50eee813-455622.html | https://web.archive.org/web/https://sti.vista.gov.vn/publication/view/tinh-trang-dinh-duong-va-mot-so-yeu-to-lien-quan-cua-nguoi-benh-dai-thao-duong-typ-2-dieu-tri-noi-tru-tai-benh-vien-da-khoa-xanh-pon-nam-2023-e7cc38bdc9220841bb8ade1a50eee813-455622.html | https://sti.vista.gov.vn/publication/view/tinh-trang-dinh-duong-va-mot-so-yeu-to-lien-quan-cua-nguoi-benh-dai-thao-duong-typ-2-dieu-tri-noi-tru-tai-benh-vien-da-khoa-xanh-pon-nam-2023-e7cc38bdc9220841bb8ade1a50eee813-455622.html | https://sti.vista.gov.vn/publication/view/tinh-trang-dinh-duong-va-mot-so-yeu-to-lien-quan-cua-nguoi-benh-dai-thao-duong-typ-2-dieu-tri-noi-tru-tai-benh-vien-da-khoa-xanh-pon-nam-2023-e7cc38bdc9220841bb8ade1a50eee813-455622.html | https://web.archive.org/web/https://sti.vista.gov.vn/publication/view/tinh-trang-dinh-duong-va-mot-so-yeu-to-lien-quan-cua-nguoi-benh-dai-thao-duong-typ-2-dieu-tri-noi-tru-tai-benh-vien-da-khoa-xanh-pon-nam-2023-e7cc38bdc9220841bb8ade1a50eee813-455622.html | https://sti.vista.gov.vn/publication/view/tinh-trang-dinh-duong-va-mot-so-yeu-to-lien-quan-cua-nguoi-benh-dai-thao-duong-typ-2-dieu-tri-noi-tru-tai-benh-vien-da-khoa-xanh-pon-nam-2023-e7cc38bdc9220841bb8ade1a50eee813-455622.html | https://web.archive.org/web/https://sti.vista.gov.vn/publication/view/tinh-trang-dinh-duong-va-mot-so-yeu-to-lien-quan-cua-nguoi-benh-dai-thao-duong-typ-2-dieu-tri-noi-tru-tai-benh-vien-da-khoa-xanh-pon-nam-2023-e7cc38bdc9220841bb8ade1a50eee813-455622.html"
"437","SYMP_cf808d8919","Symptom","Đợt cấp COPD","Giai đoạn bệnh tiến triển nặng hơn, có thể đột ngột hoặc kéo dài.","https://www.vinmec.com/vie/bai-viet/benh-phoi-tac-nghen-man-tinh-copd-vi"
"438","SYMP_d05a135c0a","Symptom","Tê bì, mất cảm giác","Triệu chứng thường gặp trong biến chứng thần kinh ngoại biên, ảnh hưởng đến khả năng lao động.","https://bachmai.gov.vn/bai-viet/dai-thao-duong-bien-chung-tim-mach-va-than-kinh-ngoai-bien-sat-thu-tham-lang?id=994f4df4-95c1-4760-8aee-8d07a69f9fe1"
"439","SYMP_d069041af1","Symptom","Đi tiểu nhiều","Kết quả của sự mất nước do lượng đường trong máu cao vượt quá khả năng hấp thu của thận. | Tăng lượng đi tiểu trong ngày, có thể cả ban đêm. | Tăng lượng đi tiểu trong ngày, đặc biệt ban đêm. | Tăng lượng đi tiểu trong ngày, có thể cả ban đêm.","https://web.archive.org/web/https://benhvienquynhon.gov.vn/tin-tuc/hoat-dong-cua-ttyt/dai-thao-duong-va-nhung-dieu-ban-can-biet/ | https://web.archive.org/web/https://ttytiapa.gialai.gov.vn/van-ban/huong-dan-chan-doan-va-dieu-tri-benh-dai-thao-duong-tip-1-o-.html | https://benhvienquynhon.gov.vn/tin-tuc/hoat-dong-cua-ttyt/dai-thao-duong-va-nhung-dieu-ban-can-biet/ | https://web.archive.org/web/https://benhvienquynhon.gov.vn/tin-tuc/hoat-dong-cua-ttyt/dai-thao-duong-va-nhung-dieu-ban-can-biet/"
"440","SYMP_d09db8ac07","Symptom","Tiểu nhiều lần trong đêm","Do rối loạn chức năng lọc của thận và tích tụ chất thải.","https://web.archive.org/web/https://benhvientinh.caobang.gov.vn/index.php/vi/news/tin-tuc-su-kien/bien-chung-than-do-dai-thao-duong-6-dieu-nguoi-benh-phai-chu-y-710.html | https://benhvientinh.caobang.gov.vn/index.php/vi/news/tin-tuc-su-kien/bien-chung-than-do-dai-thao-duong-6-dieu-nguoi-benh-phai-chu-y-710.html | https://web.archive.org/web/https://benhvientinh.caobang.gov.vn/index.php/vi/news/tin-tuc-su-kien/bien-chung-than-do-dai-thao-duong-6-dieu-nguoi-benh-phai-chu-y-710.html"
"441","SYMP_d17a17cd06","Symptom","Mất ngủ do đau","Triệu chứng nghiêm trọng, ảnh hưởng đến sức khỏe tinh thần và sinh hoạt hàng ngày. | Triệu chứng nghiêm trọng ảnh hưởng đến sinh hoạt, thậm chí dẫn đến ý nghĩ tự tử ở một số bệnh nhân. | Triệu chứng nghiêm trọng, ảnh hưởng đến sức khỏe tinh thần và sinh hoạt hàng ngày. | Triệu chứng nghiêm trọng, ảnh hưởng đến sức khỏe tinh thần và sinh hoạt hàng ngày. | Triệu chứng nghiêm trọng, ảnh hưởng đến sức khỏe tinh thần và sinh hoạt hàng ngày. | Triệu chứng nghiêm trọng, ảnh hưởng đến sức khỏe tinh thần và sinh hoạt hàng ngày. | Triệu chứng nghiêm trọng ảnh hưởng đến sinh hoạt, thậm chí dẫn đến ý nghĩ tự tử ở một số bệnh nhân. | Triệu chứng nghiêm trọng, ảnh hưởng đến sức khỏe tinh thần và sinh hoạt hàng ngày.","https://bachmai.gov.vn/bai-viet/dai-thao-duong-bien-chung-tim-mach-va-than-kinh-ngoai-bien-sat-thu-tham-lang?id=994f4df4-95c1-4760-8aee-8d07a69f9fe1 | https://web.archive.org/web/https://chanthuongvacotsong.bachmai.gov.vn/dai-thao-duong-bien-chung-tim-mach-va-than-kinh-ngoai-bien-sat-thu-tham-lang/ | https://bachmai.gov.vn/bai-viet/dai-thao-duong-bien-chung-tim-mach-va-than-kinh-ngoai-bien-sat-thu-tham-lang?id=994f4df4-95c1-4760-8aee-8d07a69f9fe1 | https://bachmai.gov.vn/bai-viet/dai-thao-duong-bien-chung-tim-mach-va-than-kinh-ngoai-bien-sat-thu-tham-lang?id=994f4df4-95c1-4760-8aee-8d07a69f9fe1 | https://bachmai.gov.vn/bai-viet/dai-thao-duong-bien-chung-tim-mach-va-than-kinh-ngoai-bien-sat-thu-tham-lang?id=994f4df4-95c1-4760-8aee-8d07a69f9fe1 | https://chanthuongvacotsong.bachmai.gov.vn/dai-thao-duong-bien-chung-tim-mach-va-than-kinh-ngoai-bien-sat-thu-tham-lang/ | https://bachmai.gov.vn/bai-viet/dai-thao-duong-bien-chung-tim-mach-va-than-kinh-ngoai-bien-sat-thu-tham-lang?id=994f4df4-95c1-4760-8aee-8d07a69f9fe1 | https://bachmai.gov.vn/bai-viet/dai-thao-duong-bien-chung-tim-mach-va-than-kinh-ngoai-bien-sat-thu-tham-lang?id=994f4df4-95c1-4760-8aee-8d07a69f9fe1"
"442","SYMP_d1a7c8616f","Symptom","Mù do tăng huyết áp","Biến đổi mạch máu võng mạc dẫn đến xuất huyết, phù nề và mất thị lực. | Biến chứng mắt do tổn thương mạch máu võng mạc gây phù nề hoặc xuất huyết. | Biến đổi mạch máu võng mạc dẫn đến xuất huyết, phù nề và mất thị lực.","https://web.archive.org/web/http://bvhoanghoa.ytethanhhoa.gov.vn/web/khoa-phong-chuc-nang/khoa-phong-chuc-nang/phong-cong-tac-xa-hoi/dieu-can-luu-y-khi-dieu-tri-tang-huyet-ap.html | http://bvhoanghoa.ytethanhhoa.gov.vn/web/khoa-phong-chuc-nang/khoa-phong-chuc-nang/phong-cong-tac-xa-hoi/dieu-can-luu-y-khi-dieu-tri-tang-huyet-ap.html | https://web.archive.org/web/http://bvhoanghoa.ytethanhhoa.gov.vn/web/khoa-phong-chuc-nang/khoa-phong-chuc-nang/phong-cong-tac-xa-hoi/dieu-can-luu-y-khi-dieu-tri-tang-huyet-ap.html"
"443","SYMP_d7aacee187","Symptom","Không triệu chứng","Bệnh diễn biến âm thầm nhiều năm, không có dấu hiệu rõ ràng trước khi phát hiện. | Bệnh đái tháo đường típ 2 diễn biến âm thầm nhiều năm, không có triệu chứng trước thời điểm phát hiện. | Người bệnh không có biểu hiện rõ ràng, thậm chí không biết mình mắc bệnh. | Người bệnh không có biểu hiện rõ ràng, thậm chí không biết mình mắc bệnh.","https://web.archive.org/web/https://bachmai.gov.vn/bai-viet/chan-doan-som-benh-dai-thao-duong-tip-2?id=59f9c51f-418e-9437-823c-a1a6c23c33e4 | https://web.archive.org/web/https://bachmai.gov.vn/tin-chi-tiet/-/bai-viet/chan-doan-som-benh-dai-thao-duong-tip-2-9427-146.html | https://chanthuongvacotsong.bachmai.gov.vn/cao-huyet-ap-am-tham-ma-rat-hiem/ | https://chanthuongvacotsong.bachmai.gov.vn/cao-huyet-ap-am-tham-ma-rat-hiem/"
"444","SYMP_d84363dc7b","Symptom","Khò khè tái phát","Tiếng rít thở khi thở ra hoặc thở vào, thường xuất hiện trong cơn hen và tái phát.","https://hohap.bachmai.gov.vn/detail/14225/hen-phe-quan-%C2%A0-cach-nhan-biet-va-chan-doan.html"
"445","SYMP_d900bef4b4","Symptom","Xuất huyết não","Biến chứng não nghiêm trọng do tăng huyết áp gây vỡ mạch máu trong não. | Biến chứng nguy hiểm do tăng huyết áp gây tổn thương mạch máu não. | Biến chứng nghiêm trọng do tăng huyết áp ảnh hưởng đến hệ thần kinh. | Biến chứng nghiêm trọng do tăng huyết áp ảnh hưởng đến hệ thần kinh. | Biến chứng nguy hiểm do tăng huyết áp gây tổn thương mạch máu trong não. | Biến chứng nguy hiểm do tăng huyết áp gây tổn thương mạch máu não. | Biến chứng nghiêm trọng do tăng huyết áp ảnh hưởng đến hệ thần kinh. | Biến chứng não nghiêm trọng do tăng huyết áp gây vỡ mạch máu trong não. | Biến chứng não nghiêm trọng do tăng huyết áp gây vỡ mạch máu trong não.","http://bvhoanghoa.ytethanhhoa.gov.vn/web/khoa-phong-chuc-nang/khoa-phong-chuc-nang/phong-cong-tac-xa-hoi/dieu-can-luu-y-khi-dieu-tri-tang-huyet-ap.html | http://bvhoanghoa.ytethanhhoa.gov.vn/web/khoa-phong-chuc-nang/khoa-phong-chuc-nang/to-cong-tac-xa-hoi/dieu-can-luu-y-khi-dieu-tri-tang-huyet-ap.html | http://bvhoanghoa.ytethanhhoa.gov.vn/web/khoa-phong-chuc-nang/khoa-phong-chuc-nang/phong-cong-tac-xa-hoi/dieu-can-luu-y-khi-dieu-tri-tang-huyet-ap.html | https://bachmai.gov.vn/tin-chi-tiet/-/bai-viet/tang-huyet-ap-can-benh-tham-lang-nhung-nguy-hiem-8463-146.html | https://web.archive.org/web/https://bachmai.gov.vn/tin-chi-tiet/-/bai-viet/tang-huyet-ap-can-benh-tham-lang-nhung-nguy-hiem-8463-146.html | https://bachmai.gov.vn/tin-chi-tiet/-/bai-viet/tang-huyet-ap-can-benh-tham-lang-nhung-nguy-hiem-8463-146.html | https://web.archive.org/web/https://bachmai.gov.vn/tin-chi-tiet/-/bai-viet/tang-huyet-ap-can-benh-tham-lang-nhung-nguy-hiem-8463-146.html | http://bvhoanghoa.ytethanhhoa.gov.vn/web/khoa-phong-chuc-nang/khoa-phong-chuc-nang/phong-cong-tac-xa-hoi/dieu-can-luu-y-khi-dieu-tri-tang-huyet-ap.html | http://bvhoanghoa.ytethanhhoa.gov.vn/web/khoa-phong-chuc-nang/khoa-phong-chuc-nang/to-cong-tac-xa-hoi/dieu-can-luu-y-khi-dieu-tri-tang-huyet-ap.html | http://bvhoanghoa.ytethanhhoa.gov.vn/web/khoa-phong-chuc-nang/khoa-phong-chuc-nang/phong-cong-tac-xa-hoi/dieu-can-luu-y-khi-dieu-tri-tang-huyet-ap.html"
"446","SYMP_d921408500","Symptom","Mù loà","Do biến chứng võng mạc đái tháo đường, là nguyên nhân hàng đầu gây mù loà. | Do biến chứng võng mạc đái tháo đường, là nguyên nhân hàng đầu gây mù loà. | Do võng mạc bị tổn thương do đường huyết không kiểm soát.","https://web.archive.org/web/https://bachmai.gov.vn/tin-chi-tiet/-/bai-viet/dai-thao-duong-can-benh-nhieu-bien-chung-nguy-hiem-8-trieu-nguoi-viet-nam-dang-mac-9624-146.html | https://bachmai.gov.vn/tin-chi-tiet/-/bai-viet/dai-thao-duong-can-benh-nhieu-bien-chung-nguy-hiem-8-trieu-nguoi-viet-nam-dang-mac-9624-146.html | https://bachmai.gov.vn/tin-chi-tiet/-/bai-viet/dai-thao-duong-can-benh-nhieu-bien-chung-nguy-hiem-8-trieu-nguoi-viet-nam-dang-mac-9624-146.html | https://web.archive.org/web/https://bachmai.gov.vn/tin-chi-tiet/-/bai-viet/dai-thao-duong-can-benh-nhieu-bien-chung-nguy-hiem-8-trieu-nguoi-viet-nam-dang-mac-9624-146.html"
"447","SYMP_d921408500","Symptom","Mù lòa","Do tổn thương đáy mắt dẫn đến mất thị lực hoàn toàn. | Tổn thương đáy mắt dẫn đến mất thị lực hoàn toàn. | Biến chứng mạn tính nghiêm trọng do tổn thương mắt. | Biến chứng mạn tính nghiêm trọng do tổn thương mắt. | Biến chứng mạn tính nghiêm trọng do tổn thương mắt. | Do tổn thương đáy mắt dẫn đến mất thị lực hoàn toàn. | Tổn thương đáy mắt dẫn đến mất thị lực hoàn toàn. | Do tổn thương đáy mắt dẫn đến mất thị lực. | Tổn thương võng mạc mắt do biến chứng đái tháo đường, nguyên nhân hàng đầu gây mù loà. | Tổn thương đáy mắt dẫn đến mất thị lực hoàn toàn. | Biến chứng nguy hiểm do bệnh đái tháo đường gây ra, ảnh hưởng trực tiếp đến thị lực. | Do tổn thương đáy mắt dẫn đến mất thị lực hoàn toàn. | Biến chứng nghiêm trọng do bệnh đái tháo đường gây ra, ảnh hưởng đến thị lực. | Tổn thương đáy mắt dẫn đến mất thị lực hoàn toàn. | Trạng thái mất thị lực hoàn toàn, là kết quả nghiêm trọng của bệnh võng mạc đái tháo đường nếu không được điều trị kịp thời.","https://syt.dongnai.gov.vn/vi/news/Suc-khoe-cong-dong/nhung-bien-chung-nguy-hiem-cua-benh-tieu-duong-2511.html | https://web.archive.org/web/https://syt.dongnai.gov.vn/vi/news/Suc-khoe-cong-dong/nhung-bien-chung-nguy-hiem-cua-benh-tieu-duong-2511.html | https://web.archive.org/web/https://bachmai.gov.vn/bai-viet/chan-doan-som-benh-dai-thao-duong-tip-2?id=59f9c51f-418e-9437-823c-a1a6c23c33e4 | https://web.archive.org/web/https://bachmai.gov.vn/bai-viet/chan-doan-som-benh-dai-thao-duong-tip-2?id=59f9c51f-418e-9437-823c-a1a6c23c33e4 | https://web.archive.org/web/https://bachmai.gov.vn/bai-viet/chan-doan-som-benh-dai-thao-duong-tip-2?id=59f9c51f-418e-9437-823c-a1a6c23c33e4 | https://syt.dongnai.gov.vn/vi/news/Suc-khoe-cong-dong/nhung-bien-chung-nguy-hiem-cua-benh-tieu-duong-2511.html | https://web.archive.org/web/https://syt.dongnai.gov.vn/vi/news/Suc-khoe-cong-dong/nhung-bien-chung-nguy-hiem-cua-benh-tieu-duong-2511.html | https://web.archive.org/web/https://bachmai.gov.vn/tin-chi-tiet/-/bai-viet/dai-thao-duong-can-benh-nhieu-bien-chung-nguy-hiem-8-trieu-nguoi-viet-nam-dang-mac-9624-146.html | https://syt.dongnai.gov.vn/vi/news/Suc-khoe-cong-dong/nhung-bien-chung-nguy-hiem-cua-benh-tieu-duong-2511.html | https://web.archive.org/web/https://syt.dongnai.gov.vn/vi/news/Suc-khoe-cong-dong/nhung-bien-chung-nguy-hiem-cua-benh-tieu-duong-2511.html | http://soyte.hatinh.gov.vn/tin-tuc-su-kien/thong-tin-y-te/bai-truyen-thong-benh-dai-thao-duong-va-cach-phong-ngua-benh.html | https://syt.dongnai.gov.vn/vi/news/Suc-khoe-cong-dong/nhung-bien-chung-nguy-hiem-cua-benh-tieu-duong-2511.html | https://web.archive.org/web/http://soyte.hatinh.gov.vn/tin-tuc-su-kien/thong-tin-y-te/bai-truyen-thong-benh-dai-thao-duong-va-cach-phong-ngua-benh.html | https://web.archive.org/web/https://syt.dongnai.gov.vn/vi/news/Suc-khoe-cong-dong/nhung-bien-chung-nguy-hiem-cua-benh-tieu-duong-2511.html | https://benhvienmathanoi.gov.vn/tam-soat-benh-vong-mac-dai-thao-duong/"
"448","SYMP_daafe40793","Symptom","Da môi tím","Dấu hiệu suy hô hấp nặng do thiếu oxy trong máu.","https://www.vinmec.com/vie/bai-viet/bien-chung-lau-dai-cua-benh-hen-phe-quan-vi"
"449","SYMP_dac1da6722","Symptom","Đổ mồ hôi, tim đập nhanh","Triệu chứng của u tủy thượng thận gây tăng huyết áp thứ phát.","https://tamanhhospital.vn/tang-huyet-ap-thu-phat/"
"450","SYMP_dbf14fdc47","Symptom","Ngừng tim do hen cấp","Cơn hen cấp có thể dẫn đến ngừng tim nếu không được xử trí kịp thời.","https://web.archive.org/web/https://benhviennhitrunguong.gov.vn/tag/hen-phe-quan"
"451","SYMP_dd41c0a940","Symptom","Khó thở tăng dần","Triệu chứng báo hiệu cơn hen ác tính, cần can thiệp cấp cứu.","https://web.archive.org/web/http://phacdo.soytequangninh.gov.vn/news/tin-tuc-su-kien/hen-phe-quan-hieu-dung-de-song-khoe-dieu-tri-hieu-qua-phong-ngua-chu-dong.html"
"452","SYMP_dd4df45460","Symptom","Biến chứng tim mạch","Một trong những biến chứng nguy hiểm của đái tháo đường típ 2, gây tổn thương hệ tuần hoàn và tăng nguy cơ mắc bệnh tim. | Gồm nhồi máu cơ tim, suy tim, rung nhĩ - là hậu quả nghiêm trọng của tăng huyết áp nếu không kiểm soát. | Gồm nhồi máu cơ tim, suy tim, rung nhĩ - là hậu quả nghiêm trọng của tăng huyết áp nếu không kiểm soát.","https://bachmai.gov.vn/bai-viet/ca-the-hoa-dieu-tri-dai-thao-duong-tip-2-tai-cac-nuoc-dang-phat-trien-thach-thuc-va-co-hoi?id=4b51fe29-8515-42d1-bff3-85563163f16c | https://web.archive.org/web/http://bvhoanghoa.ytethanhhoa.gov.vn/web/khoa-phong-chuc-nang/khoa-phong-chuc-nang/to-cong-tac-xa-hoi/dieu-can-luu-y-khi-dieu-tri-tang-huyet-ap.html | https://web.archive.org/web/http://bvhoanghoa.ytethanhhoa.gov.vn/web/khoa-phong-chuc-nang/khoa-phong-chuc-nang/to-cong-tac-xa-hoi/dieu-can-luu-y-khi-dieu-tri-tang-huyet-ap.html"
"453","SYMP_dd9527a82c","Symptom","Tê bì và châm chích","Triệu chứng cảm giác thường gặp ở người bệnh đái tháo đường type 2 có biến chứng thần kinh ngoại vi.","https://web.archive.org/web/https://sti.vista.gov.vn/publication/view/nghien-cuu-dac-diem-lam-sang-can-lam-sang-va-chi-so-dien-than-kinh-co-o-nguoi-benh-dai-thao-duong-type-2-co-bien-chung-than-kinh-ngoai-vi-tai-benh-vie-d41b03674c28b600d59c115392319110-455331.html | https://sti.vista.gov.vn/publication/view/nghien-cuu-dac-diem-lam-sang-can-lam-sang-va-chi-so-dien-than-kinh-co-o-nguoi-benh-dai-thao-duong-type-2-co-bien-chung-than-kinh-ngoai-vi-tai-benh-vie-d41b03674c28b600d59c115392319110-455331.html"
"454","SYMP_dddbe87620","Symptom","Tăng tần suất đợt cấp","Đợt cấp thường nặng lên nghiêm trọng và làm chức năng hô hấp xấu đi nhanh chóng.","https://bachmai.gov.vn/bai-viet/phong-dot-cap-benh-phoi-tac-nghen-man-tinh?id=28510cbf-b2a4-a5e6-65a7-7b91e89cf5eb"
"455","SYMP_df733760d3","Symptom","Biến động đường huyết","Đường huyết không ổn định, dao động mạnh giữa đói và sau ăn, gây khó kiểm soát. | Đường huyết không ổn định, dao động lớn giữa đói và sau ăn, ảnh hưởng đến kiểm soát bệnh.","https://bachmai.gov.vn/bai-viet/dieu-tri-dai-thao-duong-tip-2-buoc-tien-moi-tu-insulin-nen-the-he-2-va-iglarlixi?id=5cdac324-549d-40aa-b3e6-80214932d112"
"456","SYMP_e06d0d2145","Symptom","Nặng ngực","Cảm giác chẹn ngực do viêm sưng niêm mạc đường thở. | Cảm giác như có vật nặng đè lên ngực, là biểu hiện của tắc nghẽn đường thở. | Tức ngực, cảm giác nặng nề ở vùng ngực khi mắc hen. | Cảm giác khó chịu, nặng nề ở vùng ngực do phế quản co thắt.","https://benhviennhitrunguong.gov.vn/loi-khuyen-cua-cac-chuyen-gia-di-ung-ve-benh-hen-2.html | https://web.archive.org/web/https://benhviennhitrunguong.gov.vn/loi-khuyen-cua-cac-chuyen-gia-di-ung-ve-benh-hen-2.html | https://bachmai.gov.vn/bai-viet/4-dau-hieu-dac-trung-cua-benh-hen?id=cfcfedc5-527d-7f6f-5a9e-002886825b9b | https://www.vinmec.com/vie/bai-viet/dau-hieu-nhan-biet-con-hen-phe-quan-cap-tinh-vi | https://www.vinmec.com/vie/benh/hen-phe-quan-2949"
"457","SYMP_e17f23b465","Symptom","Khô da","Biểu hiện của tổn thương thần kinh và rối loạn tuần hoàn máu. | Biểu hiện của tổn thương thần kinh và mạch máu mãn tính. | Biểu hiện của tổn thương thần kinh và rối loạn tuần hoàn máu. | Biểu hiện của biến chứng bệnh đái tháo đường. | Biểu hiện của rối loạn chuyển hóa và mất nước do đái tháo đường. | Biểu hiện của tổn thương thần kinh và rối loạn tuần hoàn. | Biểu hiện của tổn thương thần kinh và rối loạn tuần hoàn máu.","https://bachmai.gov.vn/bai-viet/bien-chung-cua-benh-dai-thao-duong?id=f17ffc43-5abb-5dcb-54d1-d3887440a421 | https://chanthuongvacotsong.bachmai.gov.vn/bien-chung-cua-benh-dai-thao-duong/ | https://web.archive.org/web/https://chanthuongvacotsong.bachmai.gov.vn/bien-chung-cua-benh-dai-thao-duong/ | https://chanthuongvacotsong.bachmai.gov.vn/bien-chung-cua-benh-dai-thao-duong/ | https://bachmai.gov.vn/bai-viet/bien-chung-cua-benh-dai-thao-duong?id=f17ffc43-5abb-5dcb-54d1-d3887440a421 | https://bachmai.gov.vn/bai-viet/bien-chung-cua-benh-dai-thao-duong?id=f17ffc43-5abb-5dcb-54d1-d3887440a421"
"458","SYMP_e1bf97cfc6","Symptom","Tăng tần số thở","Dấu hiệu trong đợt cấp COPD, thường kèm theo tăng nhịp tim.","https://web.archive.org/web/https://bachmai.gov.vn/bai-viet/tho-may-khong-xam-nhap-trong-dieu-tri-benh-phoi-tac-nghen-man-tinh?id=828a5ae0-e152-ef2d-e6b5-48a6c8bafe5b"
"459","SYMP_e215740ebf","Symptom","Tăng cân nhanh","Tăng >2kg/tuần có thể là dấu hiệu của ứ dịch trong cơ thể, cần theo dõi và xử lý kịp thời. | Tăng cân >2kg/tuần có thể là dấu hiệu ứ dịch trong cơ thể, cần theo dõi và xử lý kịp thời.","https://bachmai.gov.vn/bai-viet/nhan-biet-dieu-tri-va-cham-soc-nguoi-benh-suy-tim?id=f55f8d26-9341-41d6-a243-00f543335069 | https://web.archive.org/web/https://bachmai.gov.vn/bai-viet/nhan-biet-dieu-tri-va-cham-soc-nguoi-benh-suy-tim?id=f55f8d26-9341-41d6-a243-00f543335069"
"460","SYMP_e3314a2a75","Symptom","Ho khan dai dẳng có đờm","Ho kéo dài kèm tiết đờm, thường bị nhầm là 'ho của người hút thuốc'.","https://www.vinmec.com/vie/bai-viet/benh-phoi-tac-nghen-man-tinh-copd-vi"
"461","SYMP_e3f1042a66","Symptom","Phù chân/tay","Do thận không đào thải nước và muối hiệu quả, gây tích tụ dịch.","https://bachmai.gov.vn/bai-viet/sai-lam-trong-dinh-duong-khien-suy-than-man-them-tram-trong-dau-la-giai-phap?id=1ff0d3d0-62f4-4159-a23b-758572e7f600 | https://web.archive.org/web/https://bachmai.gov.vn/bai-viet/sai-lam-trong-dinh-duong-khien-suy-than-man-them-tram-trong-dau-la-giai-phap?id=1ff0d3d0-62f4-4159-a23b-758572e7f600 | https://web.archive.org/web/https://bachmai.gov.vn/bai-viet/sai-lam-trong-dinh-duong-khien-suy-than-man-them-tram-trong-dau-la-giai-phap?id=1ff0d3d0-62f4-4159-a23b-758572e7f600 | https://bachmai.gov.vn/bai-viet/sai-lam-trong-dinh-duong-khien-suy-than-man-them-tram-trong-dau-la-giai-phap?id=1ff0d3d0-62f4-4159-a23b-758572e7f600"
"462","SYMP_e4de8bcc89","Symptom","Nước dư thừa","Do chức năng lọc của thận bị tổn thương, dẫn đến tích tụ nước trong hệ mạch, làm tăng huyết áp.","https://www.vinmec.com/vie/bai-viet/dieu-tri-tang-huyet-ap-kem-suy-man-vi"
"463","SYMP_e579f311ea","Symptom","Khô miệng, khô da","Triệu chứng do rối loạn chuyển hóa đường huyết gây ra. | Triệu chứng do rối loạn chuyển hóa đường huyết. | Triệu chứng do rối loạn chuyển hóa đường huyết gây ra.","https://xayenmo.ninhbinh.gov.vn/y-te-giao-duc/benh-dai-thao-duong-dau-hieu-nhan-biet-phan-loai-va-dieu-tri-389.html"
"464","SYMP_e6391104df","Symptom","Đái tháo đường típ 1","Loại đái tháo đường do thiếu hụt tuyệt đối insulin, thường khởi phát đột ngột ở trẻ em và thanh thiếu niên.","https://web.archive.org/web/https://ttytiapa.gialai.gov.vn/van-ban/huong-dan-chan-doan-va-dieu-tri-benh-dai-thao-duong-tip-1-o-.html"
"465","SYMP_e6f1c731c1","Symptom","Khó thở ban đêm","Triệu chứng điển hình của hen phế quản xảy ra vào ban đêm, kèm theo ho và cảm giác ngực co ép. | Triệu chứng điển hình của hen phế quản xảy ra vào ban đêm, thường kèm theo ho và khò khè.","https://www.vinmec.com/vie/bai-viet/lam-nao-de-chan-doan-hen-phe-quan-vi | https://web.archive.org/web/http://phacdo.soytequangninh.gov.vn/news/tin-tuc-su-kien/hen-phe-quan-hieu-dung-de-song-khoe-dieu-tri-hieu-qua-phong-ngua-chu-dong.html | http://phacdo.soytequangninh.gov.vn/news/tin-tuc-su-kien/hen-phe-quan-hieu-dung-de-song-khoe-dieu-tri-hieu-qua-phong-ngua-chu-dong.html"
"466","SYMP_e736032fe5","Symptom","Chuột rút tê bì chân tay","Cảm giác đau nhức, tê bì hoặc chuột rút vào ban đêm ở các chi.","https://web.archive.org/web/https://benhvienquynhon.gov.vn/tin-tuc/hoat-dong-cua-ttyt/dai-thao-duong-va-nhung-dieu-ban-can-biet/ | https://benhvienquynhon.gov.vn/tin-tuc/hoat-dong-cua-ttyt/dai-thao-duong-va-nhung-dieu-ban-can-biet/ | https://web.archive.org/web/https://benhvienquynhon.gov.vn/tin-tuc/hoat-dong-cua-ttyt/dai-thao-duong-va-nhung-dieu-ban-can-biet/"
"467","SYMP_e7984758e6","Symptom","Sụt cân và gầy sút","Do suy kiệt cơ thể, người bệnh dần gầy sút, sụt cân nghiêm trọng.","http://benhvienphoi.hatinh.gov.vn/chi-tiet-tin-tuc?slug=hay-nhan-biet-som-va-phong-ngua-benh-phoi-tac-nghen-man-tinh-copd | https://web.archive.org/web/http://benhvienphoi.hatinh.gov.vn/chi-tiet-tin-tuc?slug=hay-nhan-biet-som-va-phong-ngua-benh-phoi-tac-nghen-man-tinh-copd"
"468","SYMP_e7d99629ff","Symptom","Nhiễm toan Ceton","Do thiếu insulin, cơ thể chuyển hóa lipid tạo acid acetic gây nhiễm độc máu.","https://bachmai.gov.vn/bai-viet/bien-chung-cua-benh-dai-thao-duong?id=f17ffc43-5abb-5dcb-54d1-d3887440a421"
"469","SYMP_e7d99629ff","Symptom","Nhiễm toan ceton","Trạng thái cấp tính do tích tụ axit beta-hydroxybutyric và acetoacetic acid trong máu, thường xảy ra ở bệnh nhân đái tháo đường type 1 khi thiếu insulin.","https://web.archive.org/web/https://sti.vista.gov.vn/publication/view/a89fbc66bf10ab8ca38c2d64abf8f338-4b52a78cc238d65e911a803b4659b844-318299.html | https://sti.vista.gov.vn/publication/view/a89fbc66bf10ab8ca38c2d64abf8f338-4b52a78cc238d65e911a803b4659b844-318299.html | https://sti.vista.gov.vn/publication/view/a89fbc66bf10ab8ca38c2d64abf8f338-4b52a78cc238d65e911a803b4659b844-318299.html | https://web.archive.org/web/https://sti.vista.gov.vn/publication/view/a89fbc66bf10ab8ca38c2d64abf8f338-4b52a78cc238d65e911a803b4659b844-318299.html"
"470","SYMP_e8d77f580f","Symptom","Giảm GFR","Độ lọc cầu thận giảm, phản ánh suy giảm chức năng thận, là dấu hiệu tiến triển của bệnh thận đái tháo đường.","https://web.archive.org/web/https://vista.gov.vn/vi/news/cac-linh-vuc-khoa-hoc-va-cong-nghe/dau-an-sinh-hoc-moi-trong-phat-trien-som-bien-chung-than-do-dai-thao-duong-9409.html"
"471","SYMP_e9fac2bffb","Symptom","Vã mồ hôi, run chân tay","Triệu chứng hạ đường huyết cấp tính.","https://web.archive.org/web/https://vncdc.gov.vn/quan-ly-benh-dai-thao-duong-nd14581.html"
"472","SYMP_ea358ce08d","Symptom","Ran nổ phổi","Âm thanh đặc trưng khi nghe phổi, thường gặp ở giai đoạn nặng hơn hoặc đợt cấp.","https://web.archive.org/web/https://vncdc.gov.vn/huong-dan-chan-doan-va-dieu-tri-benh-phoi-tac-nghen-man-tinh-nd14577.html"
"473","SYMP_eaaa1845da","Symptom","Sa sút trí tuệ","Di chứng sau tổn thương não do tăng huyết áp kéo dài. | Hậu quả lâu dài do tổn thương não do tăng huyết áp. | Hậu quả lâu dài do tổn thương não do tăng huyết áp.","https://bachmai.gov.vn/tin-chi-tiet/-/bai-viet/tang-huyet-ap-can-benh-tham-lang-nhung-nguy-hiem-8463-146.html"
"474","SYMP_ebfe8c40bd","Symptom","Không tuân thủ chế độ ăn luyện tập","Thiếu sự phối hợp trong điều trị lâm sàng, làm giảm hiệu quả kiểm soát bệnh.","https://nsti.vista.gov.vn/publication/view/nghien-cuu-dac-diem-lam-sang-can-lam-sang-va-danh-gia-bien-chung-than-o-benh-nhan-dai-thao-duong-tip-2-tai-khoa-noi-tiet-benh-vien-trung-uong-103-quan-doi-nhan-dan-lao-373086.html"
"475","SYMP_eccc35d23f","Symptom","Mệt mỏi kéo dài","Do tế bào không nhận đủ glucose để chuyển hóa năng lượng, dẫn đến cạn kiệt năng lượng cơ thể. | Do tế bào không nhận đủ glucose để chuyển hóa năng lượng, dẫn đến cảm giác mệt mỏi dù ăn uống đầy đủ. | Do tế bào không nhận đủ glucose để chuyển hóa năng lượng, dẫn đến cạn kiệt năng lượng cơ thể. | Bệnh nhân thường xuyên cảm thấy mệt mỏi, uể oải do rối loạn chuyển hóa glucose. | Do tế bào không nhận đủ glucose để chuyển hóa năng lượng, dẫn đến cảm giác mệt mỏi dù ăn uống đầy đủ.","http://ttyt.tamduong.laichau.gov.vn/quan-ly-nha-nuoc/hoat-dong-doan-doi/dai-thao-duong-tuyp-2-nguyen-nhan-trieu-chung-chan-doan-va-d.html | http://ttyt.tamduong.laichau.gov.vn/quan-ly-nha-nuoc/hoat-dong-doan-doi/dai-thao-duong-tuyp-2-nguyen-nhan-trieu-chung-chan-doan-va-d.html | https://web.archive.org/web/http://ttyt.tamduong.laichau.gov.vn/quan-ly-nha-nuoc/hoat-dong-doan-doi/dai-thao-duong-tuyp-2-nguyen-nhan-trieu-chung-chan-doan-va-d.html | http://ttyt.tamduong.laichau.gov.vn/quan-ly-nha-nuoc/hoat-dong-doan-doi/dai-thao-duong-tuyp-2-nguyen-nhan-trieu-chung-chan-doan-va-d.html | https://web.archive.org/web/http://ttyt.tamduong.laichau.gov.vn/quan-ly-nha-nuoc/hoat-dong-doan-doi/dai-thao-duong-tuyp-2-nguyen-nhan-trieu-chung-chan-doan-va-d.html | https://web.archive.org/web/https://medlatec.vn/tin-tuc/benh-dai-thao-duong-anh-huong-nhu-the-nao-toi-suc-khoe-s195-n19438 | https://web.archive.org/web/http://ttyt.tamduong.laichau.gov.vn/quan-ly-nha-nuoc/hoat-dong-doan-doi/dai-thao-duong-tuyp-2-nguyen-nhan-trieu-chung-chan-doan-va-d.html"
"476","SYMP_ed0998c1ed","Symptom","Tĩnh mạch cổ nổi","Dấu hiệu của tăng áp lực tĩnh mạch trung ương, thường gặp khi tim không bơm máu đủ. | Hiện tượng tĩnh mạch cổ phồng lên, thường là dấu hiệu của tăng áp lực tĩnh mạch trung ương do suy tim.","https://bachmai.gov.vn/bai-viet/nhan-biet-dieu-tri-va-cham-soc-nguoi-benh-suy-tim?id=f55f8d26-9341-41d6-a243-00f543335069 | https://web.archive.org/web/https://bachmai.gov.vn/bai-viet/nhan-biet-dieu-tri-va-cham-soc-nguoi-benh-suy-tim?id=f55f8d26-9341-41d6-a243-00f543335069"
"477","SYMP_ed209fdae4","Symptom","Ho kéo dài","Cơn ho kéo dài từng cơn, đặc biệt vào ban đêm và sáng sớm. | Triệu chứng thường gặp của hen phế quản, có thể kèm theo thở khò khè. | Triệu chứng thường gặp của hen phế quản, có thể kèm theo thở khò khè và khó thở. | Cơn ho kéo dài từng cơn, đặc biệt vào ban đêm và sáng sớm. | Cơn ho kéo dài, nhất là vào ban đêm và sáng sớm. | Triệu chứng thường gặp của hen phế quản, có thể kèm theo thở khò khè. | Ho thường xuyên, có thể kèm đờm, đặc biệt vào ban đêm hoặc khi tiếp xúc với dị nguyên. | Ho dai dẳng, thường vào buổi sáng, có thể kèm đờm, kéo dài nhiều tháng hoặc năm. | Ho dai dẳng, thường vào buổi sáng, có thể kèm đờm, kéo dài nhiều tháng hoặc năm. | Ho dai dẳng hoặc gián đoạn từng đợt, kéo dài ít nhất 3 tháng trong năm và liên tục 2 năm trở lên. Thường ho khạc đờm về buổi sáng. | Ho dai dẳng, thường vào buổi sáng, có thể kèm đờm, kéo dài nhiều tháng hoặc năm. | Bệnh nhân thường xuyên ho, đặc biệt vào buổi sáng hoặc mùa lạnh, kéo dài nhiều năm. | Ho dai dẳng hoặc gián đoạn từng đợt, kéo dài ít nhất 3 tháng trong năm và liên tục 2 năm trở lên. Thường ho khạc đờm về buổi sáng.","http://phacdo.soytequangninh.gov.vn/news/chuyen-khoa-sau/phong-benh-hen-phe-quan-khi-thoi-tiet-thay-doi.html | https://web.archive.org/web/https://benhviennhitrunguong.gov.vn/tag/hen-phe-quan | https://web.archive.org/web/http://phacdo.soytequangninh.gov.vn/news/chuyen-khoa-sau/phong-benh-hen-phe-quan-khi-thoi-tiet-thay-doi.html | http://phacdo.soytequangninh.gov.vn/news/chuyen-khoa-sau/phong-benh-hen-phe-quan-khi-thoi-tiet-thay-doi.html | https://web.archive.org/web/https://benhviennhitrunguong.gov.vn/tag/hen-phe-quan | https://www.vinmec.com/vie/benh/hen-phe-quan-2949 | https://web.archive.org/web/https://bachmai.gov.vn/bai-viet/benh-phoi-tac-nghen-man-tinh-hieu-dung-phong-ngua-va-phat-hien-som-cung-chuyen-gia-benh-vien-bach-mai?id=bef483aa-6fde-433a-b2e8-b373eb7903a6 | https://bachmai.gov.vn/bai-viet/benh-phoi-tac-nghen-man-tinh-hieu-dung-phong-ngua-va-phat-hien-som-cung-chuyen-gia-benh-vien-bach-mai?id=bef483aa-6fde-433a-b2e8-b373eb7903a6 | https://web.archive.org/web/https://vncdc.gov.vn/huong-dan-chan-doan-va-dieu-tri-benh-phoi-tac-nghen-man-tinh-nd14577.html | https://web.archive.org/web/https://bachmai.gov.vn/bai-viet/benh-phoi-tac-nghen-man-tinh-hieu-dung-phong-ngua-va-phat-hien-som-cung-chuyen-gia-benh-vien-bach-mai?id=bef483aa-6fde-433a-b2e8-b373eb7903a6 | https://bachmai.gov.vn/bai-viet/benh-phoi-tac-nghen-man-tinh-hieu-dung-phong-ngua-va-phat-hien-som-cung-chuyen-gia-benh-vien-bach-mai?id=bef483aa-6fde-433a-b2e8-b373eb7903a6 | https://bachmai.gov.vn/bai-viet/benh-phoi-tac-nghen-man-tinh-hieu-dung-phong-ngua-va-phat-hien-som-cung-chuyen-gia-benh-vien-bach-mai?id=bef483aa-6fde-433a-b2e8-b373eb7903a6 | http://benhvienphoi.hatinh.gov.vn/chi-tiet-tin-tuc?slug=hay-nhan-biet-som-va-phong-ngua-benh-phoi-tac-nghen-man-tinh-copd | https://web.archive.org/web/https://vncdc.gov.vn/huong-dan-chan-doan-va-dieu-tri-benh-phoi-tac-nghen-man-tinh-nd14577.html | https://web.archive.org/web/https://bachmai.gov.vn/bai-viet/benh-phoi-tac-nghen-man-tinh-hieu-dung-phong-ngua-va-phat-hien-som-cung-chuyen-gia-benh-vien-bach-mai?id=bef483aa-6fde-433a-b2e8-b373eb7903a6 | https://web.archive.org/web/http://benhvienphoi.hatinh.gov.vn/chi-tiet-tin-tuc?slug=hay-nhan-biet-som-va-phong-ngua-benh-phoi-tac-nghen-man-tinh-copd"
"478","SYMP_ed2bc3574f","Symptom","Rối loạn tâm thần","Người bệnh có thể xuất hiện các biểu hiện như hoảng loạn, hành vi bất thường.","https://web.archive.org/web/http://www.tapchiyhocduphong.vn/tap-chi-y-hoc-du-phong/2015/08/kien-thuc-ve-benh-dai-thao-duong-va-mot-so-yeu-to-lien-quan-cua-nguoi-benh-tai-c-o81E20305.html"
"479","SYMP_ed46f8f3ac","Symptom","Khát nhiều","Do mất nước qua nước tiểu và cơ thể không hấp thu đủ nước từ thức uống. | Do cơ thể mất nước qua nước tiểu và cần bổ sung lượng lớn chất lỏng để bù đắp. | Do mất nước qua nước tiểu và cơ thể không hấp thu đủ nước từ thức uống.","https://web.archive.org/web/https://www.vinmec.com/vie/bai-viet/tong-quan-ve-benh-dai-thao-duong-vi | https://www.vinmec.com/vie/bai-viet/tong-quan-ve-benh-dai-thao-duong-vi | https://www.vinmec.com/vie/bai-viet/tong-quan-ve-benh-dai-thao-duong-vi"
"480","SYMP_ed6382d6b7","Symptom","Nước tiểu có đường","Nước tiểu chứa nồng độ đường cao, để lại vết bẩn hoặc mảng trắng khi khô. | Do nồng độ đường trong máu cao, vượt quá khả năng hấp thu của thận.","https://cdc.ninhbinh.gov.vn/tin-tuc-su-kien/benh-dai-thao-duong-va-cach-phong-ngua-benh2.html | https://web.archive.org/web/http://bvthanhpho.ytethanhhoa.gov.vn/web/trang-chu/khoa-phong-chuc-nang/khoa-lam-sang/khoa-noi-nhi/benh-dai-thao-duong-va-dau-hieu-nhan-biet-benh-dai-thao-duong.html"
"481","SYMP_edfa3d158b","Symptom","Béo phì","Tăng cân không kiểm soát, liên quan chặt chẽ với đái tháo đường típ 2. | Chiếm 21,5% trong nhóm bệnh nhân đái tháo đường týp 2. | Chiếm 21,5% trong nhóm bệnh nhân đái tháo đường týp 2. | Chiếm 21,5% trong nhóm bệnh nhân đái tháo đường týp 2. | Chiếm tỷ lệ 21,5%, là tình trạng béo phì mức độ trung bình đến nặng. | Chiếm 21,5% trong nhóm bệnh nhân đái tháo đường týp 2.","https://bachmai.gov.vn/bai-viet/kiem-soat-huyet-ap-va-can-nang-o-benh-nhan-dai-thao-duong-tip-2-viet-nam?id=d4b1411f-1da7-74f4-b337-1b88457dd69b | https://sti.vista.gov.vn/publication/view/tinh-trang-dinh-duong-va-mot-so-yeu-to-lien-quan-cua-nguoi-benh-dai-thao-duong-typ-2-dieu-tri-noi-tru-tai-benh-vien-da-khoa-xanh-pon-nam-2023-e7cc38bdc9220841bb8ade1a50eee813-455622.html | https://web.archive.org/web/https://sti.vista.gov.vn/publication/view/tinh-trang-dinh-duong-va-mot-so-yeu-to-lien-quan-cua-nguoi-benh-dai-thao-duong-typ-2-dieu-tri-noi-tru-tai-benh-vien-da-khoa-xanh-pon-nam-2023-e7cc38bdc9220841bb8ade1a50eee813-455622.html | https://sti.vista.gov.vn/publication/view/tinh-trang-dinh-duong-va-mot-so-yeu-to-lien-quan-cua-nguoi-benh-dai-thao-duong-typ-2-dieu-tri-noi-tru-tai-benh-vien-da-khoa-xanh-pon-nam-2023-e7cc38bdc9220841bb8ade1a50eee813-455622.html | https://sti.vista.gov.vn/publication/view/tinh-trang-dinh-duong-va-mot-so-yeu-to-lien-quan-cua-nguoi-benh-dai-thao-duong-typ-2-dieu-tri-noi-tru-tai-benh-vien-da-khoa-xanh-pon-nam-2023-e7cc38bdc9220841bb8ade1a50eee813-455622.html | https://web.archive.org/web/https://sti.vista.gov.vn/publication/view/tinh-trang-dinh-duong-va-mot-so-yeu-to-lien-quan-cua-nguoi-benh-dai-thao-duong-typ-2-dieu-tri-noi-tru-tai-benh-vien-da-khoa-xanh-pon-nam-2023-e7cc38bdc9220841bb8ade1a50eee813-455622.html | https://sti.vista.gov.vn/publication/view/tinh-trang-dinh-duong-va-mot-so-yeu-to-lien-quan-cua-nguoi-benh-dai-thao-duong-typ-2-dieu-tri-noi-tru-tai-benh-vien-da-khoa-xanh-pon-nam-2023-e7cc38bdc9220841bb8ade1a50eee813-455622.html | https://web.archive.org/web/https://sti.vista.gov.vn/publication/view/tinh-trang-dinh-duong-va-mot-so-yeu-to-lien-quan-cua-nguoi-benh-dai-thao-duong-typ-2-dieu-tri-noi-tru-tai-benh-vien-da-khoa-xanh-pon-nam-2023-e7cc38bdc9220841bb8ade1a50eee813-455622.html"
"482","SYMP_ef85eb53c6","Symptom","Khò khè liên tục","Tiếng thở khò khè kéo dài, biểu hiện tắc nghẽn đường thở.","https://www.vinmec.com/vie/bai-viet/benh-phoi-tac-nghen-man-tinh-copd-vi"
"483","SYMP_f5969f1119","Symptom","Nhiễm toan Acid Lactic","Do sản xuất quá nhiều acid lactic khi mô thiếu oxy hoặc suy gan thận, thường gặp ở bệnh nhân dùng thuốc Biguanide thế hệ 1.","https://bachmai.gov.vn/bai-viet/bien-chung-cua-benh-dai-thao-duong?id=f17ffc43-5abb-5dcb-54d1-d3887440a421"
"484","SYMP_f62dda63bd","Symptom","Tiểu nhiều lần ban đêm","Do rối loạn chức năng lọc của thận và tích tụ chất thải. | Do rối loạn chức năng lọc và giữ nước của thận.","https://benhvientinh.caobang.gov.vn/index.php/vi/news/tin-tuc-su-kien/bien-chung-than-do-dai-thao-duong-6-dieu-nguoi-benh-phai-chu-y-710.html"
"485","SYMP_f6c36e53d9","Symptom","Đường huyết không ổn định","Chế độ ăn ảnh hưởng trực tiếp đến mức đường trong máu, gây biến động.","https://sti.vista.gov.vn/publication/view/khao-sat-kien-thuc-ve-che-do-dinh-duong-o-nguoi-benh-dai-thao-duong-type-ii-den-kham-tai-phong-kham-noi-tiet-benh-vien-dai-hoc-y-ha-noi-cc2d1ac3287d1daec58af981357fec82-456065.html"
"486","SYMP_f6d0be5a2e","Symptom","Giảm khả năng đi lại","Triệu chứng thực thể nghiêm trọng ảnh hưởng đến vận động. | Triệu chứng thực thể nghiêm trọng, ảnh hưởng đến vận động hàng ngày.","https://web.archive.org/web/https://sti.vista.gov.vn/publication/view/nghien-cuu-dac-diem-lam-sang-can-lam-sang-va-chi-so-dien-than-kinh-co-o-nguoi-benh-dai-thao-duong-type-2-co-bien-chung-than-kinh-ngoai-vi-tai-benh-vie-d41b03674c28b600d59c115392319110-455331.html | https://sti.vista.gov.vn/publication/view/nghien-cuu-dac-diem-lam-sang-can-lam-sang-va-chi-so-dien-than-kinh-co-o-nguoi-benh-dai-thao-duong-type-2-co-bien-chung-than-kinh-ngoai-vi-tai-benh-vie-d41b03674c28b600d59c115392319110-455331.html"
"487","SYMP_f748aae95c","Symptom","Mất phản xạ gân Achilles","Dấu hiệu thần kinh ngoại vi điển hình, xuất hiện ở 77,1% người bệnh. | Dấu hiệu thần kinh ngoại vi điển hình, xuất hiện ở 77,1% bệnh nhân.","https://web.archive.org/web/https://sti.vista.gov.vn/publication/view/nghien-cuu-dac-diem-lam-sang-can-lam-sang-va-chi-so-dien-than-kinh-co-o-nguoi-benh-dai-thao-duong-type-2-co-bien-chung-than-kinh-ngoai-vi-tai-benh-vie-d41b03674c28b600d59c115392319110-455331.html | https://sti.vista.gov.vn/publication/view/nghien-cuu-dac-diem-lam-sang-can-lam-sang-va-chi-so-dien-than-kinh-co-o-nguoi-benh-dai-thao-duong-type-2-co-bien-chung-than-kinh-ngoai-vi-tai-benh-vie-d41b03674c28b600d59c115392319110-455331.html"
"488","SYMP_f74cf763c2","Symptom","Khát nhiều và đi tiểu nhiều","Triệu chứng điển hình do lượng đường trong máu cao gây mất nước và tăng nhu cầu thải glucose qua nước tiểu.","http://ttyt.tamduong.laichau.gov.vn/quan-ly-nha-nuoc/hoat-dong-doan-doi/dai-thao-duong-tuyp-2-nguyen-nhan-trieu-chung-chan-doan-va-d.html | http://ttyt.tamduong.laichau.gov.vn/quan-ly-nha-nuoc/hoat-dong-doan-doi/dai-thao-duong-tuyp-2-nguyen-nhan-trieu-chung-chan-doan-va-d.html | https://web.archive.org/web/http://ttyt.tamduong.laichau.gov.vn/quan-ly-nha-nuoc/hoat-dong-doan-doi/dai-thao-duong-tuyp-2-nguyen-nhan-trieu-chung-chan-doan-va-d.html | http://ttyt.tamduong.laichau.gov.vn/quan-ly-nha-nuoc/hoat-dong-doan-doi/dai-thao-duong-tuyp-2-nguyen-nhan-trieu-chung-chan-doan-va-d.html | https://web.archive.org/web/http://ttyt.tamduong.laichau.gov.vn/quan-ly-nha-nuoc/hoat-dong-doan-doi/dai-thao-duong-tuyp-2-nguyen-nhan-trieu-chung-chan-doan-va-d.html | https://web.archive.org/web/http://ttyt.tamduong.laichau.gov.vn/quan-ly-nha-nuoc/hoat-dong-doan-doi/dai-thao-duong-tuyp-2-nguyen-nhan-trieu-chung-chan-doan-va-d.html"
"489","SYMP_f828e7f9ae","Symptom","Tiểu đêm thường xuyên","Triệu chứng phổ biến do lượng đường dư thừa tràn vào nước tiểu, kéo theo nước, gây mất nước và tăng nhu cầu đi tiểu ban đêm.","https://benhviennhitrunguong.gov.vn/benh-dai-thao-duong-o-tre-em.html | https://web.archive.org/web/https://benhviennhitrunguong.gov.vn/benh-dai-thao-duong-o-tre-em.html | https://web.archive.org/web/https://benhviennhitrunguong.gov.vn/benh-dai-thao-duong-o-tre-em.html | https://benhviennhitrunguong.gov.vn/benh-dai-thao-duong-o-tre-em.html | https://web.archive.org/web/https://benhviennhitrunguong.gov.vn/benh-dai-thao-duong-o-tre-em.html | https://web.archive.org/web/https://benhviennhitrunguong.gov.vn/benh-dai-thao-duong-o-tre-em.html | https://benhviennhitrunguong.gov.vn/benh-dai-thao-duong-o-tre-em.html | https://web.archive.org/web/https://benhviennhitrunguong.gov.vn/benh-dai-thao-duong-o-tre-em.html | https://benhviennhitrunguong.gov.vn/benh-dai-thao-duong-o-tre-em.html | https://benhviennhitrunguong.gov.vn/benh-dai-thao-duong-o-tre-em.html"
"490","SYMP_f857472211","Symptom","Khó thở","Triệu chứng của toan ceton nặng, có thể dẫn đến hôn mê. | Do tổn thương mạch máu và giảm lưu thông khí trong phổi khi huyết áp tăng cao. | Do tổn thương mạch máu và giảm lưu thông khí trong phổi khi huyết áp tăng cao. | Do tổn thương mạch máu và giảm lưu thông máu đến cơ tim, đặc biệt khi gắng sức. | Do co thắt phế quản và tăng tiết dịch nhầy. | Bệnh nhân cảm thấy nặng ngực, khó thở và khó nói. | Cảm giác không đủ khí, thường kèm theo đau ngực hoặc nặng ngực. | Bệnh nhân cảm thấy nặng ngực, khó thở và khó nói. | Cảm giác không đủ khí, thường kèm theo cơn hen cấp. | Bệnh nhân cảm thấy nặng ngực, khó thở và khó nói. | Do co thắt phế quản và tăng tiết dịch nhầy. | Triệu chứng chính của hen suyễn, do tắc nghẽn đường thở gây ra. | Do co thắt phế quản và tăng tiết dịch nhầy. | Triệu chứng chính của hen suyễn, do đường thở bị tắc nghẽn và sưng tấy. | Thở ngắn, khó thở ra, thường tái đi tái lại nhiều lần. | Do co thắt phế quản và tăng tiết dịch nhầy. | Người bệnh cảm giác ngợp, không thở được, không đủ hơi để thở; có thể kèm hốt hoảng, nói ngắn từng từ, toát mồ hôi. | Bệnh nhân khó thở, đặc biệt khi thở ra, phải ngồi dậy để thở. | Triệu chứng điển hình của hen phế quản, do co thắt phế quản gây ra. | Khó thở thường nặng hơn khi vận động, là triệu chứng điển hình của COPD. | Tăng khó thở, đặc biệt khi hoạt động. | Triệu chứng mạn tính và tăng nặng trong đợt cấp, kèm theo ho khạc đờm. | Triệu chứng mạn tính, nặng lên trong đợt cấp, kèm tăng tần số thở và nhịp tim. | Tiến triển nặng dần theo thời gian, ban đầu khó thở khi gắng sức, sau đó khó thở cả khi nghỉ ngơi. Bệnh nhân cảm nhận 'phải gắng sức để thở', 'thở nặng', 'cảm giác thiếu không khí'. | Bệnh nhân cảm thấy khó thở nhiều hơn sau mỗi đợt cấp, chất lượng cuộc sống giảm sút. | Tiến triển nặng dần theo thời gian, ban đầu khó thở khi gắng sức, sau đó khó thở cả khi nghỉ ngơi. Bệnh nhân cảm nhận 'phải gắng sức để thở', 'thở nặng', 'cảm giác thiếu không khí'. | Triệu chứng hô hấp mạn tính, tăng nặng trong đợt cấp COPD. | Tiến triển nặng dần theo thời gian, ban đầu khó thở khi gắng sức, sau đó khó thở cả khi nghỉ ngơi. Bệnh nhân cảm nhận 'phải gắng sức để thở', 'thở nặng', 'cảm giác thiếu không khí'.","https://benhviennhitrunguong.gov.vn/hoi-thao-xu-huong-dieu-tri-dai-thao-duong-tip-1-chung-ta-khong-the-dung-ngoai.html | https://soyte.tuyenquang.gov.vn/tin-tuc/tang-huyet-ap-va-nhung-bien-chung-nguy-hiem.html | https://soyte.tuyenquang.gov.vn/tin-tuc/tang-huyet-ap-va-nhung-bien-chung-nguy-hiem.html | https://web.archive.org/web/https://soyte.tuyenquang.gov.vn/tin-tuc/tang-huyet-ap-va-nhung-bien-chung-nguy-hiem.html | http://phacdo.soytequangninh.gov.vn/news/chuyen-khoa-sau/phong-benh-hen-phe-quan-khi-thoi-tiet-thay-doi.html | https://benhviennhitrunguong.gov.vn/tag/hen-phe-quan | http://phacdo.soytequangninh.gov.vn/news/chuyen-khoa-sau/phong-benh-hen-phe-quan-khi-thoi-tiet-thay-doi.html | https://benhviennhitrunguong.gov.vn/loi-khuyen-cua-cac-chuyen-gia-di-ung-ve-benh-hen-2.html | https://web.archive.org/web/https://benhviennhitrunguong.gov.vn/loi-khuyen-cua-cac-chuyen-gia-di-ung-ve-benh-hen-2.html | https://benhviennhitrunguong.gov.vn/tag/hen-phe-quan | https://web.archive.org/web/http://phacdo.soytequangninh.gov.vn/news/chuyen-khoa-sau/phong-benh-hen-phe-quan-khi-thoi-tiet-thay-doi.html | http://phacdo.soytequangninh.gov.vn/news/chuyen-khoa-sau/phong-benh-hen-phe-quan-khi-thoi-tiet-thay-doi.html | https://web.archive.org/web/https://benhviennhitrunguong.gov.vn/tag/hen-phe-quan | https://benhviennhitrunguong.gov.vn/tag/hen-phe-quan | https://web.archive.org/web/https://vov.gov.vn/day-la-7-loai-thao-moc-dieu-tri-hen-suyen-hieu-qua-dtnew-491435 | https://vov.gov.vn/day-la-7-loai-thao-moc-dieu-tri-hen-suyen-hieu-qua-dtnew-491435 | https://benhviennhitrunguong.gov.vn/tag/hen-phe-quan | https://bachmai.gov.vn/bai-viet/4-dau-hieu-dac-trung-cua-benh-hen?id=cfcfedc5-527d-7f6f-5a9e-002886825b9b | https://www.vinmec.com/vie/bai-viet/dau-hieu-nhan-biet-con-hen-phe-quan-cap-tinh-vi | https://www.vinmec.com/vie/benh/hen-phe-quan-2949 | https://www.vinmec.com/vie/bai-viet/bien-chung-lau-dai-cua-benh-hen-phe-quan-vi | https://www.vinmec.com/vie/bai-viet/benh-phoi-tac-nghen-man-tinh-copd-vi | https://medlatec.vn/tin-tuc/benh-nhan-phoi-tac-nghen-phoi-man-tinh-song-duoc-bao-lau-cai-thien-tuoi-tho-bang-cach-nao | https://bachmai.gov.vn/bai-viet/tho-may-khong-xam-nhap-trong-dieu-tri-benh-phoi-tac-nghen-man-tinh?id=828a5ae0-e152-ef2d-e6b5-48a6c8bafe5b | https://web.archive.org/web/https://vncdc.gov.vn/huong-dan-chan-doan-va-dieu-tri-benh-phoi-tac-nghen-man-tinh-nd14577.html | https://web.archive.org/web/https://bachmai.gov.vn/bai-viet/tho-may-khong-xam-nhap-trong-dieu-tri-benh-phoi-tac-nghen-man-tinh?id=828a5ae0-e152-ef2d-e6b5-48a6c8bafe5b | https://bachmai.gov.vn/bai-viet/phong-dot-cap-benh-phoi-tac-nghen-man-tinh?id=28510cbf-b2a4-a5e6-65a7-7b91e89cf5eb | https://web.archive.org/web/https://vncdc.gov.vn/huong-dan-chan-doan-va-dieu-tri-benh-phoi-tac-nghen-man-tinh-nd14577.html | https://bachmai.gov.vn/bai-viet/tho-may-khong-xam-nhap-trong-dieu-tri-benh-phoi-tac-nghen-man-tinh?id=828a5ae0-e152-ef2d-e6b5-48a6c8bafe5b | https://web.archive.org/web/https://vncdc.gov.vn/huong-dan-chan-doan-va-dieu-tri-benh-phoi-tac-nghen-man-tinh-nd14577.html"
"491","SYMP_fa918edf98","Symptom","Nồng độ C-peptid thấp","Chỉ số sinh học phản ánh mức độ tiết insulin; nồng độ dưới 1,1 ng/ml là yếu tố nguy cơ tăng cao cho nhiễm toan ceton. | Chỉ số sinh học phản ánh mức độ tiết insulin; dưới 1,1 ng/ml là yếu tố tăng nguy cơ nhiễm toan ceton. | Chỉ số sinh học phản ánh mức độ tiết insulin; nồng độ dưới 1,1 ng/ml là yếu tố nguy cơ tăng cao cho nhiễm toan ceton. | C-peptid dưới 1,1 ng/ml làm tăng nguy cơ nhiễm toan ceton lên 5,13 lần và mức độ nặng lên 2,13 lần. | Chỉ số sinh học phản ánh mức độ tiết insulin; dưới 1,1 ng/ml là yếu tố tăng nguy cơ nhiễm toan ceton.","https://web.archive.org/web/https://sti.vista.gov.vn/publication/view/a89fbc66bf10ab8ca38c2d64abf8f338-4b52a78cc238d65e911a803b4659b844-318299.html | https://sti.vista.gov.vn/publication/view/a89fbc66bf10ab8ca38c2d64abf8f338-4b52a78cc238d65e911a803b4659b844-318299.html | https://sti.vista.gov.vn/publication/view/a89fbc66bf10ab8ca38c2d64abf8f338-4b52a78cc238d65e911a803b4659b844-318299.html | https://web.archive.org/web/https://sti.vista.gov.vn/publication/view/a89fbc66bf10ab8ca38c2d64abf8f338-4b52a78cc238d65e911a803b4659b844-318299.html"
"492","SYMP_faabcecd44","Symptom","Đau vùng tim","Triệu chứng cảnh báo biến chứng tim mạch do tăng huyết áp.","https://chanthuongvacotsong.bachmai.gov.vn/cao-huyet-ap-am-tham-ma-rat-hiem/"
"493","SYMP_fb7e8e6148","Symptom","Biến chứng não","Gồm đột quỵ (nhồi máu và xuất huyết), suy giảm trí nhớ - nguy hiểm và thường gặp ở người tăng huyết áp.","https://web.archive.org/web/http://bvhoanghoa.ytethanhhoa.gov.vn/web/khoa-phong-chuc-nang/khoa-phong-chuc-nang/to-cong-tac-xa-hoi/dieu-can-luu-y-khi-dieu-tri-tang-huyet-ap.html"
"494","SYMP_fba6d8a4de","Symptom","Huyết áp tâm trương cao","Huyết áp tâm trương ≥ 90 mmHg là tiêu chí chẩn đoán tăng huyết áp theo định nghĩa.","https://chanthuongvacotsong.bachmai.gov.vn/huong-dan-chan-doan-va-dieu-tri-tang-huyet-ap/ | https://web.archive.org/web/https://chanthuongvacotsong.bachmai.gov.vn/huong-dan-chan-doan-va-dieu-tri-tang-huyet-ap/ | https://chanthuongvacotsong.bachmai.gov.vn/huong-dan-chan-doan-va-dieu-tri-tang-huyet-ap/ | https://web.archive.org/web/https://chanthuongvacotsong.bachmai.gov.vn/huong-dan-chan-doan-va-dieu-tri-tang-huyet-ap/ | https://chanthuongvacotsong.bachmai.gov.vn/huong-dan-chan-doan-va-dieu-tri-tang-huyet-ap/"
"495","SYMP_fc3f779f02","Symptom","Hạ đường huyết","Tình trạng đường huyết giảm đột ngột do tiêm insulin không phù hợp, ăn quá ít tinh bột hoặc vận động quá mức. | Tình trạng đường huyết giảm đột ngột do tiêm insulin không phù hợp hoặc ăn quá ít tinh bột. | Tình trạng đường huyết giảm đột ngột do tiêm insulin không phù hợp, ăn quá ít tinh bột hoặc vận động quá mức. | Tình trạng đường huyết giảm bất thường, đặc biệt về đêm, gây nguy hiểm cho người bệnh, nhất là người già và có nguy cơ té ngã. | Nguy cơ xảy ra đặc biệt vào ban đêm, gây nguy hiểm cho người bệnh, nhất là người già có nguy cơ té ngã. | Nguy cơ xảy ra nhiều hơn với insulin nền truyền thống, đặc biệt ban đêm, dẫn đến tự ý giảm liều hoặc ngừng điều trị. | Cơn hạ glucose huyết có thể xảy ra khi dùng sulfonylurea hoặc insulin. | Biến chứng cấp tính do ăn kiêng quá mức hoặc dùng thuốc hạ đường huyết liều cao.","http://soyte.hatinh.gov.vn/tin-tuc-su-kien/thong-tin-y-te/luu-y-khi-dieu-tri-dai-thao-duong-type-1.html | http://soyte.hatinh.gov.vn/tin-tuc-su-kien/thong-tin-y-te/luu-y-khi-dieu-tri-dai-thao-duong-type-1.html | https://web.archive.org/web/http://soyte.hatinh.gov.vn/tin-tuc-su-kien/thong-tin-y-te/luu-y-khi-dieu-tri-dai-thao-duong-type-1.html | https://bachmai.gov.vn/bai-viet/dieu-tri-dai-thao-duong-tip-2-buoc-tien-moi-tu-insulin-nen-the-he-2-va-iglarlixi?id=5cdac324-549d-40aa-b3e6-80214932d112 | https://web.archive.org/web/https://bachmai.gov.vn/bai-viet/dieu-tri-dai-thao-duong-tip-2-buoc-tien-moi-tu-insulin-nen-the-he-2-va-iglarlixi?id=5cdac324-549d-40aa-b3e6-80214932d112 | https://bachmai.gov.vn/bai-viet/dieu-tri-dai-thao-duong-tip-2-buoc-tien-moi-tu-insulin-nen-the-he-2-va-iglarlixi?id=5cdac324-549d-40aa-b3e6-80214932d112 | https://web.archive.org/web/https://www.benhviendakhoasongma.gov.vn/bai-viet/benh-dai-thao-duong-220 | https://bachmai.gov.vn/bai-viet/bien-chung-cua-benh-dai-thao-duong?id=f17ffc43-5abb-5dcb-54d1-d3887440a421"
"496","SYMP_fcb215dcd0","Symptom","Khát nước, tiểu đêm","Triệu chứng điển hình của tiểu đường tuýp 1.","https://syt.dongnai.gov.vn/vi/news/Suc-khoe-cong-dong/nhung-bien-chung-nguy-hiem-cua-benh-tieu-duong-2511.html"
"497","SYMP_fd3bb228e0","Symptom","Ho kéo dài từng cơn","Ho thường xuất hiện theo cơn, đặc biệt vào ban đêm và sáng sớm, có thể kèm đờm dãi.","https://web.archive.org/web/http://phacdo.soytequangninh.gov.vn/news/tin-tuc-su-kien/hen-phe-quan-hieu-dung-de-song-khoe-dieu-tri-hieu-qua-phong-ngua-chu-dong.html | http://phacdo.soytequangninh.gov.vn/news/tin-tuc-su-kien/hen-phe-quan-hieu-dung-de-song-khoe-dieu-tri-hieu-qua-phong-ngua-chu-dong.html"
"498","SYMP_fd4149c4e1","Symptom","Đột quỵ não","Tình trạng thiếu máu lên não do tắc nghẽn hoặc vỡ mạch máu. | Biến chứng thần kinh do tăng huyết áp làm vỡ hoặc tắc mạch máu não. | Tình trạng thiếu máu lên não do tắc nghẽn hoặc vỡ mạch máu. | Biến chứng thần kinh do tăng huyết áp gây ra, có thể dẫn đến tàn phế. | Tình trạng thiếu máu lên não dẫn đến tổn thương thần kinh, thường do tăng huyết áp gây xơ vữa động mạch. | Biến chứng thần kinh do tăng huyết áp làm vỡ hoặc tắc mạch máu não. | Tình trạng thiếu máu lên não do tắc nghẽn hoặc vỡ mạch máu. | Biến chứng thần kinh do tăng huyết áp làm vỡ hoặc tắc mạch não. | Biến chứng não do tăng huyết áp làm tổn thương mạch máu não hoặc gây xuất huyết. | Biến chứng thần kinh do tăng huyết áp làm vỡ hoặc tắc mạch não. | Tình trạng thiếu máu lên não dẫn đến tổn thương thần kinh, thường do tăng huyết áp gây xơ vữa động mạch.","http://bvhoanghoa.ytethanhhoa.gov.vn/web/khoa-phong-chuc-nang/khoa-phong-chuc-nang/phong-cong-tac-xa-hoi/dieu-can-luu-y-khi-dieu-tri-tang-huyet-ap.html | https://web.archive.org/web/http://bvhoanghoa.ytethanhhoa.gov.vn/web/khoa-phong-chuc-nang/khoa-phong-chuc-nang/phong-cong-tac-xa-hoi/dieu-can-luu-y-khi-dieu-tri-tang-huyet-ap.html | http://bvhoanghoa.ytethanhhoa.gov.vn/web/khoa-phong-chuc-nang/khoa-phong-chuc-nang/phong-cong-tac-xa-hoi/dieu-can-luu-y-khi-dieu-tri-tang-huyet-ap.html | https://web.archive.org/web/http://bvhoanghoa.ytethanhhoa.gov.vn/web/khoa-phong-chuc-nang/khoa-phong-chuc-nang/phong-cong-tac-xa-hoi/dieu-can-luu-y-khi-dieu-tri-tang-huyet-ap.html | https://web.archive.org/web/http://bvhoanghoa.ytethanhhoa.gov.vn/web/khoa-phong-chuc-nang/khoa-phong-chuc-nang/phong-cong-tac-xa-hoi/dieu-can-luu-y-khi-dieu-tri-tang-huyet-ap.html | https://web.archive.org/web/http://bvhoanghoa.ytethanhhoa.gov.vn/web/khoa-phong-chuc-nang/khoa-phong-chuc-nang/phong-cong-tac-xa-hoi/dieu-can-luu-y-khi-dieu-tri-tang-huyet-ap.html | http://bvhoanghoa.ytethanhhoa.gov.vn/web/khoa-phong-chuc-nang/khoa-phong-chuc-nang/phong-cong-tac-xa-hoi/dieu-can-luu-y-khi-dieu-tri-tang-huyet-ap.html | https://web.archive.org/web/http://bvhoanghoa.ytethanhhoa.gov.vn/web/khoa-phong-chuc-nang/khoa-phong-chuc-nang/phong-cong-tac-xa-hoi/dieu-can-luu-y-khi-dieu-tri-tang-huyet-ap.html"
"499","SYMP_fd4dc76a08","Symptom","Tăng đường huyết","Mức glucose máu cao kéo dài gây tổn thương đa cơ quan nếu không được kiểm soát. | Nồng độ đường máu tăng cao (>40 mmol/l), là nguyên nhân chính gây ra tình trạng mất nước và tăng áp lực thẩm thấu. | Mức glucose máu cao kéo dài gây tổn thương đa cơ quan nếu không được kiểm soát. | Mức glucose mạn tính gây rối loạn chuyển hóa. | Do không kiểm soát tốt, dùng corticoid, rượu hoặc nhiễm trùng.","https://web.archive.org/web/https://benhviennhitrunguong.gov.vn/hoi-thao-xu-huong-dieu-tri-dai-thao-duong-tip-1-chung-ta-khong-the-dung-ngoai.html | https://web.archive.org/web/https://benhviendakhoasongma.gov.vn/bai-viet/hon-me-tang-ap-luc-tham-thau-do-dai-thao-duong-210 | https://web.archive.org/web/https://benhviennhitrunguong.gov.vn/hoi-thao-xu-huong-dieu-tri-dai-thao-duong-tip-1-chung-ta-khong-the-dung-ngoai.html | https://bachmai.gov.vn/bai-viet/kiem-soat-huyet-ap-va-can-nang-o-benh-nhan-dai-thao-duong-tip-2-viet-nam?id=d4b1411f-1da7-74f4-b337-1b88457dd69b | https://bachmai.gov.vn/bai-viet/bien-chung-cua-benh-dai-thao-duong?id=f17ffc43-5abb-5dcb-54d1-d3887440a421"
"500","SYMP_fe07561cd0","Symptom","Tăng tiết dịch nhầy","Dịch nhầy bít kín các lỗ khí quản, làm cản trở luồng không khí và gây khó thở.","https://web.archive.org/web/https://benhviennhitrunguong.gov.vn/tag/hen-phe-quan"
"501","SYMP_fe4ca9a02b","Symptom","Thở khò khè","Hiện tượng thở khò khè thành tiếng, đặc biệt khi tiếp xúc với không khí lạnh hoặc nóng. | Cảm giác tức ngực và thở khò khè do hẹp đường thở. | Triệu chứng thường gặp ở giai đoạn trung bình và nặng, gây khó chịu trong sinh hoạt hàng ngày. | Triệu chứng thường gặp ở giai đoạn trung bình và nặng, gây khó chịu trong sinh hoạt hàng ngày.","https://web.archive.org/web/http://phacdo.soytequangninh.gov.vn/news/chuyen-khoa-sau/phong-benh-hen-phe-quan-khi-thoi-tiet-thay-doi.html | http://phacdo.soytequangninh.gov.vn/news/chuyen-khoa-sau/phong-benh-hen-phe-quan-khi-thoi-tiet-thay-doi.html | https://tamanhhospital.vn/giai-doan-benh-phoi-tac-nghen-man-tinh/ | https://medlatec.vn/tin-tuc/benh-nhan-phoi-tac-nghen-phoi-man-tinh-song-duoc-bao-lau-cai-thien-tuoi-tho-bang-cach-nao | https://tamanhhospital.vn/giai-doan-benh-phoi-tac-nghen-man-tinh/"
"502","SYMP_fe6949d30c","Symptom","Nghe thấy tiếng thổi vùng bụng","Do dòng máu chảy xoáy trong động mạch bị hẹp.","https://web.archive.org/web/https://medlatec.vn/tin-tuc/hep-dong-mach-than-la-gi-muc-do-nguy-hiem-va-phuong-phap-dieu-tri"
"503","SYMP_fe91e141fd","Symptom","Mất nước","Do tăng bài niệu do thẩm thấu, dẫn đến mất nước nhiều hơn mất muối, gây ra TALTT máu. | Dấu hiệu lâm sàng của nhiễm toan ceton, thường kèm theo hạ huyết áp, da khô nóng, thở kiểu Kusmaul. | Dấu hiệu lâm sàng của nhiễm toan ceton, thường kèm theo hạ huyết áp, da khô nóng, thở kiểu Kusmaul.","https://web.archive.org/web/https://benhviendakhoasongma.gov.vn/bai-viet/hon-me-tang-ap-luc-tham-thau-do-dai-thao-duong-210 | https://web.archive.org/web/https://vncdc.gov.vn/huong-dan-chan-doan-va-dieu-tri-benh-dai-thao-duong-tuyp-2-nd14582.html | https://web.archive.org/web/https://vncdc.gov.vn/huong-dan-chan-doan-va-dieu-tri-benh-dai-thao-duong-tuyp-2-nd14582.html"
"504","SYMP_fe92bbbeef","Symptom","Tử vong do tim mạch","Nguyên nhân tử vong chính ở người ĐTĐ, tăng tỷ lệ tử vong từ 2 đến 4 lần so với người bình thường.","https://web.archive.org/web/https://bachmai.gov.vn/bai-viet/dai-thao-duong-bien-chung-tim-mach-va-than-kinh-ngoai-bien-sat-thu-tham-lang?id=994f4df4-95c1-4760-8aee-8d07a69f9fe1 | https://bachmai.gov.vn/bai-viet/dai-thao-duong-bien-chung-tim-mach-va-than-kinh-ngoai-bien-sat-thu-tham-lang?id=994f4df4-95c1-4760-8aee-8d07a69f9fe1 | https://bachmai.gov.vn/bai-viet/dai-thao-duong-bien-chung-tim-mach-va-than-kinh-ngoai-bien-sat-thu-tham-lang?id=994f4df4-95c1-4760-8aee-8d07a69f9fe1 | https://web.archive.org/web/https://bachmai.gov.vn/bai-viet/dai-thao-duong-bien-chung-tim-mach-va-than-kinh-ngoai-bien-sat-thu-tham-lang?id=994f4df4-95c1-4760-8aee-8d07a69f9fe1 | https://web.archive.org/web/https://bachmai.gov.vn/bai-viet/dai-thao-duong-bien-chung-tim-mach-va-than-kinh-ngoai-bien-sat-thu-tham-lang?id=994f4df4-95c1-4760-8aee-8d07a69f9fe1"
"505","SYMP_fecc383ded","Symptom","Ngứa da","Do tích tụ chất thải trong máu khi thận suy.","https://web.archive.org/web/http://soyte.hatinh.gov.vn/tin-tuc-su-kien/pho-bien-kien-thuc/dau-hieu-benh-than-va-suy-than-.html | http://soyte.hatinh.gov.vn/tin-tuc-su-kien/pho-bien-kien-thuc/dau-hieu-benh-than-va-suy-than-.html"
"506","SYMP_ff59164939","Symptom","Phù mặt và chân","Do tích tụ dịch trong mô do suy chức năng thận. | Do tích tụ dịch do suy chức năng lọc của thận. | Do tích tụ dịch trong mô do suy chức năng thận.","https://web.archive.org/web/https://benhvientinh.caobang.gov.vn/index.php/vi/news/tin-tuc-su-kien/bien-chung-than-do-dai-thao-duong-6-dieu-nguoi-benh-phai-chu-y-710.html | https://benhvientinh.caobang.gov.vn/index.php/vi/news/tin-tuc-su-kien/bien-chung-than-do-dai-thao-duong-6-dieu-nguoi-benh-phai-chu-y-710.html | https://benhvientinh.caobang.gov.vn/index.php/vi/news/tin-tuc-su-kien/bien-chung-than-do-dai-thao-duong-6-dieu-nguoi-benh-phai-chu-y-710.html | https://benhvientinh.caobang.gov.vn/index.php/vi/news/tin-tuc-su-kien/bien-chung-than-do-dai-thao-duong-6-dieu-nguoi-benh-phai-chu-y-710.html | https://web.archive.org/web/https://benhvientinh.caobang.gov.vn/index.php/vi/news/tin-tuc-su-kien/bien-chung-than-do-dai-thao-duong-6-dieu-nguoi-benh-phai-chu-y-710.html | https://benhvientinh.caobang.gov.vn/index.php/vi/news/tin-tuc-su-kien/bien-chung-than-do-dai-thao-duong-6-dieu-nguoi-benh-phai-chu-y-710.html | https://web.archive.org/web/https://benhvientinh.caobang.gov.vn/index.php/vi/news/tin-tuc-su-kien/bien-chung-than-do-dai-thao-duong-6-dieu-nguoi-benh-phai-chu-y-710.html"
